beta_hat,se_classic,se_robust,p_value,ci_low,ci_high,reject,n,scenario
0.061199134825523555,0.08287615035317808,0.08954584839579491,0.46639152966390107,-0.10856496344242286,0.23096323309346997,0,30,non_normal
-0.10382663467891129,0.06488268865167056,0.06978950607870317,0.12077379005715631,-0.23673279749187048,0.029079528134047905,0,30,non_normal
-0.05197652556344075,0.06482555079903103,0.04356138728260547,0.42942650938646687,-0.18476564679098628,0.0808125956641048,0,30,non_normal
0.013818605571773283,0.061930982596011167,0.04579965541546004,0.8250548497614179,-0.11304126147629295,0.1406784726198395,0,30,non_normal
0.07078719279824547,0.06351892525112064,0.058635738916003266,0.2745708913898237,-0.05932542732530832,0.20089981292179926,0,30,non_normal
-0.00887834103867289,0.06510468432139431,0.03832027614402483,0.8925043851146345,-0.14223924136694185,0.12448255928959609,0,30,non_normal
0.013480604259645184,0.06496125010861942,0.07024049060410015,0.837107557699023,-0.11958648440279791,0.14654769292208827,0,30,non_normal
-0.05956512509177296,0.05940398286386161,0.05783770398274569,0.324586789108801,-0.18124866784118937,0.06211841765764345,0,30,non_normal
-0.0014191657564446196,0.06819666891870245,0.05912736764806648,0.9835448913971971,-0.14111370941616047,0.1382753779032712,0,30,non_normal
-0.04261013523810903,0.06108845193923086,0.05059275166570286,0.4912321256534363,-0.16774415647164506,0.08252388599542701,0,30,non_normal
0.04286560568433364,0.06735829414348238,0.05218004473878351,0.5296958469019728,-0.09511160509832042,0.18084281646698772,0,30,non_normal
0.017788890755954814,0.0641755226556171,0.05873929577926544,0.7836695122075814,-0.11366870818025375,0.14924648969216336,0,30,non_normal
-0.0761289063117974,0.05561548032855646,0.058276907670637396,0.18193038694933045,-0.19005205341118536,0.037794240787590555,0,30,non_normal
-0.013281973333673727,0.06435785748472483,0.06846716333234301,0.8379898849711149,-0.14511306823602457,0.11854912156867711,0,30,non_normal
-0.08099808784690672,0.06637624454972368,0.06202685822444366,0.23253408497067202,-0.21696366122810834,0.05496748553429491,0,30,non_normal
0.00043201436617420694,0.05422329173889826,0.05332204854424809,0.99369956106413,-0.11063936368343205,0.11150339241578047,0,30,non_normal
0.14021753918387897,0.05866799154302316,0.09498252324988447,0.023818706561416863,0.020041606312367358,0.2603934720553906,1,30,non_normal
0.008778912111407165,0.057467624301494304,0.0557002855351484,0.8796809237930522,-0.1089381799297797,0.12649600415259402,0,30,non_normal
-0.004628294692273209,0.06148094151595016,0.04910501164927983,0.9405271031886894,-0.13056629437784126,0.12130970499329483,0,30,non_normal
-0.003158494318926932,0.06558282498486351,0.04456616849978806,0.9619303059883276,-0.1374988213970289,0.13118183275917505,0,30,non_normal
-0.006101181693266082,0.06283315172639689,0.04103013531938938,0.9233376625287912,-0.13480905843112165,0.12260669504458947,0,30,non_normal
0.013986699260766997,0.06506054732560707,0.0720666542238334,0.8313412806299129,-0.119283790530114,0.14725718905164797,0,30,non_normal
-0.005859707696203113,0.066830265161363,0.06096385783774337,0.9307547421414549,-0.14275530014080898,0.13103588474840275,0,30,non_normal
0.07857862265452785,0.07007656160688501,0.07231847518835285,0.2716744720762775,-0.0649667066134698,0.2221239519225255,0,30,non_normal
0.020727421845050567,0.05744441048427532,0.04302909950391627,0.720937834742049,-0.0969421188471566,0.13839696253725775,0,30,non_normal
-0.05064283911266872,0.07486432586609605,0.0902367956593553,0.5042977870602661,-0.20399545888246629,0.10270978065712887,0,30,non_normal
0.018594560069028515,0.061127823373755226,0.06485253925112676,0.7632313301839444,-0.10662010989216994,0.14380923003022697,0,30,non_normal
0.010032872161306279,0.0665673898142966,0.06005037641188726,0.8812791103155879,-0.12632424454496685,0.1463899888675794,0,30,non_normal
-0.025446618739403647,0.06120930408090889,0.07308199141163753,0.6807757066308081,-0.1508281943630542,0.09993495688424689,0,30,non_normal
0.037841312660796426,0.06691040358544632,0.03963180246361172,0.5762027677549734,-0.09921843590403392,0.1749010612256268,0,30,non_normal
-0.07900571286705729,0.07578389527150496,0.0776590283203283,0.3060918677081491,-0.2342419851742709,0.0762305594401563,0,30,non_normal
0.013299699743743268,0.06713218487430131,0.06113437062159644,0.844388695044243,-0.12421434719709419,0.15081374668458072,0,30,non_normal
-0.08488503797446331,0.0673816938968335,0.06689299226858009,0.2181540649178404,-0.22291018097899806,0.05314010503007144,0,30,non_normal
-0.09662084688274983,0.079375852873629,0.05555758413522628,0.2336664186220731,-0.25921491079518,0.06597321702968037,0,30,non_normal
-0.0074748590320190544,0.06445609688491866,0.04472367087824274,0.9085054702964704,-0.1395071882233326,0.1245574701592945,0,30,non_normal
-0.10453154125210247,0.055355872717312786,0.05801303982580405,0.06937972878495875,-0.21792290626655447,0.008859823762349547,0,30,non_normal
0.012472735055697376,0.06581577319897582,0.060375939072256586,0.8510603664970268,-0.12234476480786069,0.14729023491925544,0,30,non_normal
-0.007665396444518887,0.06983214682425365,0.059020686569181594,0.9133756375588336,-0.15071006472621412,0.13537927183717635,0,30,non_normal
-0.0032978923269412416,0.07224676208715874,0.06897939145131587,0.9639151291386719,-0.1512886757578591,0.1446928911039766,0,30,non_normal
-0.009731619320226353,0.06417727462537343,0.04693790550890873,0.8805609119748163,-0.14119280700379597,0.12172956836334327,0,30,non_normal
-0.04244176820032888,0.06654084944542568,0.07376242156766422,0.5287662782759188,-0.17874451942546096,0.0938609830248032,0,30,non_normal
0.004227689746878011,0.0671113323328773,0.061292741038137,0.950217913289159,-0.13324364269918193,0.14169902219293795,0,30,non_normal
0.05157577945141771,0.06130799964699444,0.06197376310382232,0.407331495211384,-0.074007964874666,0.17715952377750144,0,30,non_normal
0.05914036476134759,0.0700490936531962,0.05396512875871196,0.4056743452433196,-0.0843486989541434,0.2026294284768386,0,30,non_normal
-0.023047379685077692,0.07656193173178835,0.049877248104923624,0.7656163422539647,-0.17987738743411288,0.1337826280639575,0,30,non_normal
-0.07798045395430013,0.0702040360541321,0.07287025541504916,0.2761157299410435,-0.22178690279043511,0.06582599488183487,0,30,non_normal
-0.016169592702255625,0.061600445027121316,0.058955449129559634,0.7948642434112935,-0.14235238423357627,0.11001319882906502,0,30,non_normal
-0.06572402422551891,0.0653917351924881,0.07119580248140435,0.32346495581467416,-0.19967292160819494,0.0682248731571571,0,30,non_normal
-0.03370564682833957,0.059566069352942036,0.04813309591764136,0.5760008142629729,-0.15572120869957684,0.08830991504289772,0,30,non_normal
0.05145493523955606,0.0681314048824043,0.043796317522223516,0.4564167989287864,-0.08810592110210426,0.1910157915812164,0,30,non_normal
0.0104341665219848,0.0762923851775306,0.08631111019591202,0.8921948114488456,-0.1458437001402625,0.1667120331842321,0,30,non_normal
0.029091246529832644,0.0564255461500717,0.05744365485970487,0.6102027997082373,-0.08649124518367135,0.14467373824333665,0,30,non_normal
-0.021357690931524828,0.05981181049317145,0.05429322072529603,0.7237080594890315,-0.14387663070944096,0.10116124884639129,0,30,non_normal
-0.008317727125267274,0.06289013238976623,0.053175817935328794,0.8957260329108454,-0.13714232346091282,0.12050686921037827,0,30,non_normal
0.007891108835321462,0.08445663770187427,0.06897412357181511,0.9262242728595051,-0.16511047100521126,0.18089268867585417,0,30,non_normal
-0.05496913419434552,0.05564054609658829,0.05583861235127076,0.3316462837402917,-0.16894362619198447,0.05900535780329343,0,30,non_normal
0.003340264267769257,0.06818352623623399,0.02717797700486702,0.9612755961070465,-0.13632735782731584,0.14300788636285436,0,30,non_normal
0.1565744240802958,0.06267953158458268,0.06467585064823157,0.018635626405835402,0.028181223938056055,0.2849676242225355,1,30,non_normal
0.07697503103257497,0.06770233755360629,0.06266629489641627,0.2651907873350663,-0.06170692072846451,0.21565698279361445,0,30,non_normal
0.043446525352561736,0.06267372361780578,0.07215844187813203,0.49388363369967514,-0.08493477770905289,0.17182782841417638,0,30,non_normal
-0.024621869058396452,0.06792259371873392,0.05510149449757851,0.719701130285392,-0.1637549951211078,0.11451125700431491,0,30,non_normal
0.004068923506544982,0.06639733587324909,0.06262156562898093,0.9515704228684896,-0.131939853492396,0.14007770050548596,0,30,non_normal
0.0011952614128656405,0.06117178982594903,0.05798414551510009,0.984549364543762,-0.12410946974300602,0.12649999256873729,0,30,non_normal
0.04167742278023061,0.07024898027173794,0.049337179515577735,0.5577551305951498,-0.10222109011223059,0.18557593567269182,0,30,non_normal
-0.0070599239888069695,0.06799826131321243,0.04415013129882612,0.918048285511494,-0.14634804809245058,0.13222820011483663,0,30,non_normal
0.00011826491681748638,0.061158413978306014,0.056715537934850346,0.9984708056270457,-0.12515906705721463,0.12539559689084961,0,30,non_normal
-0.16007552146919263,0.06710843048038444,0.057610659467268135,0.02407124061622981,-0.2975409097398818,-0.022610133198503496,1,30,non_normal
0.06533814490090052,0.07062724110188184,0.07487025127758468,0.3628123892596762,-0.07933520017748884,0.21001148997928987,0,30,non_normal
0.03445996353571902,0.05929180996760193,0.04989236106860377,0.565760194947575,-0.0869938034518832,0.15591373052332125,0,30,non_normal
0.05439781543111495,0.06485851988622146,0.06829414086729776,0.4087327010028906,-0.07845883991008994,0.18725447077231983,0,30,non_normal
0.032831268463904634,0.06708176516094067,0.045732951136528914,0.6283555879849442,-0.10457949837599761,0.17024203530380688,0,30,non_normal
-0.07951181090908838,0.0646857026786504,0.07100506725517365,0.22922616286156247,-0.2120144662480796,0.052990844429902845,0,30,non_normal
0.10046866322233963,0.07074823353462653,0.06268653996721306,0.16662181148008295,-0.044452523619387146,0.2453898500640664,0,30,non_normal
0.129365601428778,0.06314777877576412,0.05856330057176459,0.04997811274536898,1.3240395996649834e-05,0.25871796246155937,1,30,non_normal
0.060598627830895355,0.07009286062179748,0.04473301757723034,0.3946335865900926,-0.08298008845565323,0.20417734411744393,0,30,non_normal
-0.04896380650326915,0.06538739649556764,0.06203716733380546,0.4602066147052025,-0.1829038164681872,0.08497620346164891,0,30,non_normal
-0.0420033227211518,0.06800191508326059,0.07295762286148219,0.5417787855860527,-0.18129893123345653,0.09729228579115291,0,30,non_normal
0.011037723461006066,0.0623878680116448,0.06594555995405729,0.8608440094389872,-0.1167580309354262,0.13883347785743833,0,30,non_normal
-0.008021022463231916,0.06741706867814588,0.05658364580377844,0.9061437645730313,-0.14611862742244638,0.13007658249598256,0,30,non_normal
-0.018704975857000365,0.06376738849539891,0.04731507866964877,0.7714320271445508,-0.1493265498646074,0.11191659815060664,0,30,non_normal
0.04127321369402917,0.06557386231454583,0.06914825089001418,0.5341793797753198,-0.09304875418618452,0.17559518157424286,0,30,non_normal
0.09756497067523547,0.06062670855318792,0.06992023253406138,0.11877492106575564,-0.026623212108653482,0.2217531534591244,0,30,non_normal
-0.06705315648272923,0.060234967393448115,0.07680178936059436,0.27509116613435414,-0.19043889387727203,0.05633258091181355,0,30,non_normal
-0.0017082882050443553,0.08306952598002294,0.0371217346318651,0.9837388609871562,-0.17186849848806893,0.16845192207798024,0,30,non_normal
-0.02710256801148626,0.06366169825950302,0.0533712640619937,0.6735606996695319,-0.1575076453850661,0.10330250936209358,0,30,non_normal
-0.018313720632244526,0.05957100935784658,0.061511914503208795,0.7607936322267044,-0.1403394016448088,0.10371196038031973,0,30,non_normal
0.029775834975646016,0.06213384576749507,0.06338744586754409,0.6355031979243115,-0.09749957844169507,0.1570512483929871,0,30,non_normal
-0.05560891655975266,0.05712923335625913,0.0565162868620531,0.3386951442668916,-0.17263284617200095,0.061415013052495616,0,30,non_normal
0.0489678311566575,0.06940481007748579,0.06781021660616993,0.4863034017300403,-0.0932014774810069,0.19113713979432193,0,30,non_normal
-0.058408167975016544,0.05601264515514246,0.05377527136965759,0.3059761050764733,-0.17314487034165313,0.05632853439162005,0,30,non_normal
-0.03043786666419829,0.05781119691305399,0.05788249294066872,0.6026838525520861,-0.14885873529662924,0.08798300196823267,0,30,non_normal
0.005775137826193818,0.06461268782522762,0.06256280204856408,0.9294155115440534,-0.12657795336558905,0.1381282290179767,0,30,non_normal
0.053370212363928006,0.06890626278215961,0.07264415519080523,0.44510692515290917,-0.08777786843346758,0.19451829316132357,0,30,non_normal
0.06838535205776411,0.06878800652652872,0.05879266915066717,0.3286657910199363,-0.07252049178103517,0.2092911958965634,0,30,non_normal
0.10857178846674367,0.06980540849915103,0.07510688725676695,0.1310947503014116,-0.03441810883885171,0.25156168577233906,0,30,non_normal
-0.08327067427423254,0.065760657473146,0.0715440252598786,0.21585061810453254,-0.2179752746913756,0.05143392614291051,0,30,non_normal
-0.035309375471575234,0.05723459221763089,0.04529082633462655,0.5422694632176432,-0.15254912292790884,0.08193037198475839,0,30,non_normal
0.07457603014042191,0.07481888341067722,0.07070577725166788,0.3274203911441521,-0.07868350497915502,0.22783556525999885,0,30,non_normal
-0.010167104714626368,0.058706476246209734,0.060059891497662485,0.8637516052149126,-0.13042186992699523,0.1100876604977425,0,30,non_normal
0.03312730989908968,0.06540238944385225,0.044028065951774796,0.6164604505919458,-0.10084341172817116,0.16709803152635053,0,30,non_normal
0.014090509474013385,0.06012317820761807,0.06052301063154815,0.8164102549318105,-0.10906623815389965,0.13724725710192642,0,30,non_normal
0.055134197672344204,0.06931197329948002,0.05264711233863161,0.4330437820332744,-0.08684494344623195,0.19711333879092036,0,30,non_normal
-0.07949887361814997,0.06158020071482442,0.059798571269069616,0.20726785284241286,-0.2056401965555809,0.046642449319280965,0,30,non_normal
-0.1662700075722257,0.05970402400973155,0.06500000171042125,0.009493836629624886,-0.28856815674767455,-0.04397185839677688,1,30,non_normal
-0.06123008637677892,0.06205508691682737,0.07290228589405998,0.3322373669259815,-0.18834416960193273,0.06588399684837488,0,30,non_normal
-0.03198215904936301,0.0702828518384749,0.05836988349715215,0.6525826397232504,-0.17595005470103198,0.11198573660230597,0,30,non_normal
-0.12725717771351025,0.0637898473614992,0.054460938120253315,0.05586462798662394,-0.25792475662283376,0.003410401195813234,0,30,non_normal
-0.12256728719118405,0.061456018148584875,0.05120286386205474,0.055928409346438314,-0.24845423367304342,0.0033196592906753336,0,30,non_normal
-0.04021534846248394,0.05790557959607482,0.05179327653565733,0.4930924123814733,-0.15882955125687656,0.07839885433190869,0,30,non_normal
0.059791242781319094,0.0730998563424542,0.06122770704702463,0.4202982735711255,-0.08994702501477045,0.20952951057740862,0,30,non_normal
0.04281019500958712,0.060640518741900754,0.05169814300398252,0.48604167369986995,-0.08140627666349073,0.16702666668266497,0,30,non_normal
0.02605642107857601,0.06296566632544807,0.08033952075288493,0.682158993833357,-0.10292289951036815,0.15503574166752015,0,30,non_normal
-0.012917934694057265,0.06794618182205175,0.06453649932801102,0.8505866751678073,-0.15209937879606628,0.12626350940795172,0,30,non_normal
-0.05694365067334023,0.057194052193073316,0.07103844640387665,0.3279607322122473,-0.17410035565384155,0.06021305430716109,0,30,non_normal
0.0029753341412094075,0.06664731616967452,0.052451174029963944,0.9647087574524599,-0.13354550428223755,0.13949617256465635,0,30,non_normal
0.022165395402147164,0.051487673209858864,0.04906205277922304,0.6701283477599125,-0.08330232211534738,0.12763311291964172,0,30,non_normal
-0.03354211614212865,0.07025531994585636,0.07317468409799793,0.6367605791612183,-0.17745361526833067,0.11036938298407337,0,30,non_normal
-0.015296256924456079,0.07002680712779365,0.07540601160026057,0.8286750118963417,-0.15873966876214668,0.12814715491323453,0,30,non_normal
-0.02447905659741561,0.056838780417888306,0.05555538579029156,0.6700017319144588,-0.1409080203363497,0.09194990714151846,0,30,non_normal
-0.015054640294117719,0.05841108116055048,0.05477514801864427,0.7984955004210699,-0.13470431610337094,0.1045950355151355,0,30,non_normal
-0.03580216049790227,0.07122900030570217,0.07052541653120875,0.6191518009544876,-0.18170815342703822,0.11010383243123367,0,30,non_normal
-0.057040746940694186,0.05642730652108848,0.06453853372957193,0.3207342664854004,-0.1726268446107612,0.058545350729372815,0,30,non_normal
-0.02254649659973624,0.057009862326739914,0.04818786401790038,0.6954828118751251,-0.1393259057425939,0.09423291254312144,0,30,non_normal
0.07678599820422816,0.06532898431843023,0.06947402821824201,0.24974330815757512,-0.057034359839873844,0.21060635624833016,0,30,non_normal
0.07162555218667559,0.07283953247836537,0.08224409888833284,0.3338644630257187,-0.07757946634703468,0.22083057072038587,0,30,non_normal
0.059537691781593,0.0721489011752073,0.06353343791614063,0.416230223801312,-0.08825263265838089,0.20732801622156688,0,30,non_normal
-0.09148270579631577,0.07022477677081054,0.08207525001086256,0.20328584210294579,-0.23533164006462087,0.05236622847198931,0,30,non_normal
-0.01647584547522197,0.0713627875535485,0.055125366460345604,0.819091029297327,-0.16265588915832746,0.12970419820788354,0,30,non_normal
-0.03241106160510027,0.05794954196769583,0.05370504577354549,0.5804049956805057,-0.15111531723549165,0.08629319402529109,0,30,non_normal
-0.029068986948019092,0.06678296283806404,0.06687111186530474,0.6666993974495626,-0.16586768497575585,0.10772971107971765,0,30,non_normal
-0.05718598338652539,0.06982243152733174,0.07135442955836481,0.4196915629950695,-0.20021075078462114,0.08583878401157036,0,30,non_normal
0.023702366826938933,0.06824748360974678,0.04353753668013068,0.7309628005804267,-0.11609626600882023,0.1635009996626981,0,30,non_normal
0.052931179968487764,0.07102390043708834,0.05613951026992628,0.4623258024121095,-0.09255468492499835,0.19841704486197387,0,30,non_normal
0.09436046744415753,0.0665275203122415,0.07288303153759754,0.1671185138086086,-0.04191498028936612,0.23063591517768117,0,30,non_normal
-0.12912957126693417,0.06512542978890153,0.08172756808808727,0.057280160076579587,-0.2625329667590048,0.004273824225136447,0,30,non_normal
-0.06921553585839248,0.07321868638636679,0.060476585587903066,0.3525792620764463,-0.2191972159650924,0.08076614424830746,0,30,non_normal
0.10321475907905256,0.062144465510912635,0.07859723168183919,0.10789552591139848,-0.024082407896549113,0.23051192605465423,0,30,non_normal
-0.0692473995404306,0.06021950265507688,0.06651764807817151,0.25990546694445704,-0.19260145885444774,0.05410665977358654,0,30,non_normal
-0.025138495184956082,0.06987703756783681,0.07797540825943054,0.7217308965048943,-0.16827511798640757,0.11799812761649539,0,30,non_normal
0.014935061040167662,0.06105779442756731,0.033003901539920624,0.808545737451536,-0.11013616112752707,0.1400062832078624,0,30,non_normal
0.03574344046519845,0.05901899520743406,0.052109914187881225,0.5496411872356914,-0.08515149081928876,0.15663837174968565,0,30,non_normal
0.03693354138462771,0.0715626091041811,0.05047426829382776,0.6098357486295277,-0.10965581818987821,0.18352290095913362,0,30,non_normal
-0.02555575291666063,0.05930943562345583,0.0613185470432613,0.669848516358245,-0.1470456244235928,0.09593411859027157,0,30,non_normal
-0.0005579388258123603,0.06160679838215395,0.0428332470616824,0.9928383177067506,-0.12675374461495623,0.12563786696333148,0,30,non_normal
0.0334989331397823,0.06875677479024356,0.06008833725128459,0.629902752034619,-0.10734293538735978,0.1743408016669244,0,30,non_normal
0.059095313420981344,0.061170768532694125,0.055803069408708564,0.34227921331756284,-0.06620732571049309,0.18439795255245578,0,30,non_normal
0.03236547118850832,0.07011814636912328,0.06875756361480445,0.6479451828669254,-0.11126504060344805,0.1759959829804647,0,30,non_normal
0.10050669729355885,0.0587238454110741,0.07063775390906155,0.09804365716602088,-0.019783647040165206,0.22079704162728292,0,30,non_normal
-0.048194716930787126,0.07038543071930396,0.04239456478589596,0.49914623113321,-0.19237273589454373,0.09598330203296947,0,30,non_normal
-0.13574198772062956,0.058481475272157954,0.06941426197793259,0.027782665169446726,-0.2555358593308399,-0.01594811611041924,1,30,non_normal
0.057339573226929196,0.0532211798250383,0.05614071048388186,0.2905044645700189,-0.051679071621448226,0.16635821807530662,0,30,non_normal
-0.10843682811671748,0.06013044435402021,0.09553502525070634,0.0821034049737444,-0.23160845977081398,0.014734803537379021,0,30,non_normal
0.10437846903181414,0.05455718819597837,0.053458456169656915,0.06599933341014187,-0.0073768649050951485,0.21613380296872342,0,30,non_normal
-0.05891218161182144,0.059449808865314355,0.05224633114065609,0.33019361784615764,-0.1806895946698936,0.0628652314462507,0,30,non_normal
0.035322346923556736,0.06833865669681545,0.07097087994017219,0.6093043480766125,-0.10466304551489342,0.1753077393620069,0,30,non_normal
0.08370636435320596,0.06687781826321543,0.0666126996640074,0.22106017853367702,-0.05328663620484893,0.22069936491126085,0,30,non_normal
0.08076250165990594,0.0569066597205485,0.061195533262225876,0.16687501497041662,-0.035805506527377365,0.19733050984718925,0,30,non_normal
0.09133264796701354,0.07031743699033258,0.07325400598546869,0.2045863296469158,-0.052706092156720785,0.23537138809074787,0,30,non_normal
-0.054346996215723566,0.08136325597764002,0.07022025808302344,0.5096311507147964,-0.22101207084003596,0.11231807840858885,0,30,non_normal
0.1262435314735016,0.059510848723166074,0.07902405724331713,0.04287819182949601,0.004341083934671822,0.24814597901233137,1,30,non_normal
0.02446598428649542,0.06625376717471444,0.08383026818029823,0.714699374548773,-0.11124870556502896,0.16018067413801979,0,30,non_normal
-0.030057954328428643,0.06389614417852338,0.05585782834325763,0.6416995926318141,-0.16094327239689454,0.10082736374003726,0,30,non_normal
0.021592290352398232,0.08660309264133335,0.07404772278724402,0.804929588767686,-0.15580610311566415,0.19899068382046062,0,30,non_normal
-0.04178606493198517,0.05993699613751676,0.03466615825493885,0.49144707670567056,-0.16456143587782845,0.08098930601385812,0,30,non_normal
-0.08565318540251843,0.05246541737986633,0.0371421255937136,0.11375769493783047,-0.19312372106070497,0.021817350255668097,0,30,non_normal
0.015126511256663214,0.06651094339680118,0.06905215478023553,0.8217427262170378,-0.12111498020488355,0.15136800271821,0,30,non_normal
-0.020979783812249415,0.0633636094070918,0.06321302689428798,0.7430330797827994,-0.15077425385166057,0.10881468622716176,0,30,non_normal
0.029523206066197093,0.0621783826163803,0.0601964038836111,0.6386017639450001,-0.09784343695047357,0.15688984908286777,0,30,non_normal
0.010886407453441743,0.07342099638010484,0.06610603477915467,0.883189392074446,-0.13950968588928778,0.16128250079617126,0,30,non_normal
0.009787440291341293,0.06492062191958849,0.046895617239484745,0.8812458249528973,-0.12319642529853264,0.14277130588121523,0,30,non_normal
-0.12240655514583829,0.06316461359695676,0.09731986134813198,0.06278009384933364,-0.2517934007465815,0.006980290454904919,0,30,non_normal
-0.12973898729736494,0.06509683056557,0.06591114014697216,0.05608704422499475,-0.26308379993611347,0.003605825341383595,0,30,non_normal
0.05311053074375008,0.06533738881158448,0.05095172051957097,0.4231530993117526,-0.08072704312415224,0.1869481046116524,0,30,non_normal
-0.016646043821982936,0.06546708958482517,0.09060007404993549,0.8011482473740487,-0.15074929768008782,0.11745721003612196,0,30,non_normal
0.09293544527703992,0.05397052508773412,0.05262901008247254,0.09610693872469556,-0.017618163759114028,0.20348905431319386,0,30,non_normal
-0.07769180216550756,0.06530871361628919,0.06707123230250014,0.24419032761172754,-0.21147063755857465,0.056087033227559535,0,30,non_normal
-0.02174464048948032,0.06814241068299658,0.0518535566778894,0.7520147759367168,-0.16132804119167504,0.11783876021271439,0,30,non_normal
0.01503121239289798,0.08691057634145434,0.05793988889720714,0.8639346435625679,-0.16299703288247785,0.19305945766827382,0,30,non_normal
-0.05242919854618526,0.06783771900809016,0.03756537613218158,0.4460795834388033,-0.1913884666454561,0.0865300695530856,0,30,non_normal
-0.07555814777994754,0.07339291977205052,0.08798547066677682,0.31205545334257434,-0.2258967287982212,0.07478043323832612,0,30,non_normal
-0.01064187720858056,0.06475708448039981,0.06568122947457122,0.8706477505477508,-0.14329075154006948,0.12200699712290836,0,30,non_normal
-0.02697322988874067,0.070105727002246,0.07892416801715911,0.7033290885137503,-0.1705783017608891,0.11663184198340774,0,30,non_normal
-0.0638172623817666,0.06495488717363787,0.05721048145888299,0.3342743117716148,-0.19687131716275072,0.06923679239921751,0,30,non_normal
0.00991116904791689,0.0569356009196324,0.05547184332201693,0.863057582456065,-0.10671612249826198,0.12653846059409576,0,30,non_normal
-0.01508475690201332,0.07063459153975897,0.04270102205671092,0.8324372748046698,-0.15977315866984554,0.12960364486581888,0,30,non_normal
0.09544155196540755,0.0704812321817066,0.07069342453511697,0.18652006869707743,-0.04893270739812905,0.23981581132894414,0,30,non_normal
0.01391381825924224,0.06295840074010116,0.06531529070681404,0.8266959850128701,-0.11505061945278797,0.14287825597127243,0,30,non_normal
-0.06259320539732617,0.06303234392119329,0.05542175679392132,0.3291984867865927,-0.19170910884959252,0.0665226980549402,0,30,non_normal
-0.03213949006397862,0.07790715616472547,0.0458818642210655,0.6830885075162241,-0.19172506514875967,0.12744608502080243,0,30,non_normal
0.05514442175286638,0.06222548184791724,0.058647414716256556,0.38305633132909767,-0.07231869966605761,0.18260754317179037,0,30,non_normal
0.03858014092308953,0.07160256100575328,0.07390294501396724,0.5942767294805575,-0.10809105641192515,0.18525133825810422,0,30,non_normal
-0.08036853639945772,0.06591070072942935,0.06915088120194532,0.23288210265630171,-0.21538048649434982,0.054643413695434365,0,30,non_normal
-0.041035064392428926,0.060577604949029064,0.06257164015059075,0.5037134371688137,-0.16512266300287098,0.08305253421801312,0,30,non_normal
0.051486423507922714,0.06559572328062316,0.08963785463240469,0.4391001558316351,-0.08288032453133032,0.18585317154717573,0,30,non_normal
-0.06980256052498396,0.0718452580072773,0.07213440466284013,0.3395842593564877,-0.21697090013121273,0.07736577908124481,0,30,non_normal
0.0025867191796047784,0.06812841202707454,0.05580222181814284,0.9699823829939966,-0.1369680065758237,0.14214144493503328,0,30,non_normal
-0.08663191007841173,0.05425313293434929,0.059972955170383695,0.12153422505978623,-0.1977644150458996,0.02450059488907612,0,30,non_normal
-0.1101008318716789,0.06199327217663587,0.07009757724630701,0.08660072008627255,-0.2370882933415562,0.016886629598198394,0,30,non_normal
-0.05575031422929637,0.06224793057790396,0.0633854072129377,0.3780926034260421,-0.1832594197870494,0.07175879132845665,0,30,non_normal
-0.06530178878618352,0.05612225032531913,0.055964542534984965,0.2544210123805767,-0.1802630071661877,0.04965942959382065,0,30,non_normal
0.005295908321677534,0.05339823270603717,0.04980835827575449,0.9217039210591664,-0.10408541291261339,0.11467722955596846,0,30,non_normal
0.0031243961301899645,0.06492596114719094,0.05104479458902589,0.9619602736958952,-0.1298704063716365,0.13611919863201644,0,30,non_normal
0.19929166582479865,0.07410119048438066,0.08099563895821443,0.011923052882471039,0.04750225802106353,0.3510810736285338,1,30,non_normal
-0.03921732433500025,0.061157884275297426,0.047426937570578864,0.5265765936309408,-0.16449357126160655,0.08605892259160605,0,30,non_normal
-0.026920293574041,0.08308095126365804,0.0742440418398707,0.748327299169038,-0.19710390748966072,0.14326332034157874,0,30,non_normal
0.06939004053664488,0.061771243392800435,0.04851938456507268,0.2708332200043889,-0.0571426155867398,0.19592269666002957,0,30,non_normal
0.09982737610811201,0.06828681429744472,0.07829831704416144,0.15490673041235953,-0.04005182198921933,0.23970657420544336,0,30,non_normal
-0.09615588238779052,0.06641428355438007,0.08457889871650845,0.1587730063417615,-0.2321993751377971,0.03988761036221605,0,30,non_normal
-0.0972133870073534,0.060139851382465775,0.0631001291925975,0.11720872906243243,-0.22040428808570087,0.02597751407099408,0,30,non_normal
0.12891035962350836,0.05214432949415341,0.05514004284622125,0.019771019728321883,0.022097542683560123,0.2357231765634566,1,30,non_normal
0.004097783094249583,0.055885770272908294,0.054624746270240866,0.9420693909580482,-0.11037902785750411,0.11857459404600329,0,30,non_normal
0.02367641969514549,0.06513652402575917,0.0189060775073362,0.7189696205896773,-0.1097497013109371,0.1571025407012281,0,30,non_normal
0.10553122505242425,0.06792563408782125,0.08798229080909198,0.13150439540951628,-0.03360812892403926,0.24467057902888778,0,30,non_normal
0.007195209708517014,0.0641315731650973,0.06585052672426167,0.9114696658344181,-0.1241723627774325,0.13856278219446652,0,30,non_normal
0.015136216403052932,0.07461354156089525,0.06987959781892858,0.8407102210236916,-0.13770269500492116,0.16797512781102703,0,30,non_normal
-0.03697142656807071,0.0672068436294712,0.05529292825019415,0.586603224154205,-0.1746384050361957,0.1006955519000543,0,30,non_normal
-0.003573027666719333,0.0588962354034974,0.05851028063596954,0.9520557789257657,-0.12421649689209731,0.11707044155865863,0,30,non_normal
-0.08422181639673663,0.06880607814044473,0.05835287142117868,0.2311350119677166,-0.22516467825854525,0.05672104546507199,0,30,non_normal
0.12993438567332138,0.05893437957734126,0.06398720465067051,0.03585662497575215,0.009212781649823767,0.250655989696819,1,30,non_normal
-0.041057429920424146,0.0666176296594187,0.06568095367013346,0.542665443377004,-0.1775174582842481,0.09540259844339978,0,30,non_normal
-0.06362348741482587,0.05675469176082546,0.05721490093091269,0.27179966707583203,-0.17988020334808846,0.0526332285184367,0,30,non_normal
-0.0627367539706674,0.06477743778481229,0.06600786820504606,0.34108812937886646,-0.195427320156274,0.0699538122149392,0,30,non_normal
-0.10697662691963943,0.07061919943855115,0.06610357099633686,0.141021817918037,-0.2516334993974303,0.03768024555815143,0,30,non_normal
-0.0606507099330797,0.0643660863836717,0.05376088491032837,0.3541102158004499,-0.1924986609708024,0.07119724110464301,0,30,non_normal
-0.023513089677217536,0.06428203065869588,0.06231447064333615,0.717278193983075,-0.15518886036759102,0.10816268101315595,0,30,non_normal
0.08570112760943613,0.06511867276901459,0.062886724764893,0.19882178517518584,-0.047688426754840835,0.2190906819737131,0,30,non_normal
0.08496629475051057,0.06255799072041039,0.06345649725221636,0.18524399633311878,-0.04317794021753868,0.21311052971855982,0,30,non_normal
0.08623605967465123,0.0749688565682699,0.08029641397773696,0.2597534993391405,-0.06733068153201613,0.23980280088131858,0,30,non_normal
0.06633153814357778,0.056200366962096446,0.04846281053149267,0.24782345429707836,-0.04878969491309407,0.18145277120024964,0,30,non_normal
-0.07095230186331764,0.0631734173909467,0.05166314369043157,0.2709181509983324,-0.20035718121854473,0.05845257749190946,0,30,non_normal
-0.08847300521147791,0.07074995564201704,0.0589167549558384,0.2214657548890458,-0.23339771963028233,0.056451709207326506,0,30,non_normal
-0.0733972225895348,0.06410267431600018,0.0654380608521309,0.26190449708169283,-0.20470559846660413,0.057911153287534545,0,30,non_normal
-0.05863358089396125,0.07419400670607364,0.07817909208573777,0.4360102664721539,-0.21061311410908673,0.09334595232116422,0,30,non_normal
0.02727294612568166,0.06830547569717188,0.0918162759982003,0.6927168248627382,-0.11264447811612671,0.16719037036749002,0,30,non_normal
-0.08270445050675873,0.06800414120237686,0.06079637744892723,0.23407462651723188,-0.2220046190173597,0.05659571800384225,0,30,non_normal
0.019413986648895397,0.06730500656133373,0.043952114821715564,0.7751285353065339,-0.11845406946991638,0.1572820427677072,0,30,non_normal
-0.11344289936825842,0.06815682118807495,0.06406472320848411,0.1071777108754397,-0.2530558186519726,0.026170019915455714,0,30,non_normal
-0.06941090543281211,0.06641570653847417,0.06396771175854106,0.304916825084814,-0.2054573130335997,0.06663550216797548,0,30,non_normal
0.04132887940928977,0.06870569448528192,0.05191662142782919,0.5523233933463377,-0.09940835585636383,0.18206611467494338,0,30,non_normal
0.05133978227867247,0.05504855908068916,0.06279316377782723,0.3589854073685649,-0.06142207928774864,0.16410164384509357,0,30,non_normal
0.099014133406987,0.07272472373504722,0.06920250153965628,0.18421424008705634,-0.049955710076969834,0.24798397689094384,0,30,non_normal
0.11104351473829324,0.055960284665607846,0.0535913867234249,0.0570986544661695,-0.003585932027632757,0.22567296150421923,0,30,non_normal
-0.05392484056656082,0.0666186416059301,0.05962841129868159,0.42507867946668376,-0.19038694180884583,0.08253726067572417,0,30,non_normal
0.00652746891843926,0.059369393696509745,0.053782223988724724,0.9132358933921202,-0.11508522113354484,0.12814015897042336,0,30,non_normal
-0.0324251235182227,0.06571204382899783,0.07172245238581494,0.6255481390940608,-0.16703014339950395,0.10217989636305853,0,30,non_normal
0.06233148679124523,0.06017803822065367,0.056592889300371846,0.30916582063047215,-0.060937636479168916,0.18560061006165937,0,30,non_normal
0.0043426036535348725,0.06691373673965194,0.06903100976492878,0.9487159255808444,-0.13272397256817497,0.1414091798752447,0,30,non_normal
0.10334159980919445,0.059373799714340356,0.06878945496740757,0.09274775548053821,-0.018280115561180754,0.22496331517956966,0,30,non_normal
0.0019493093458448768,0.06871215992011137,0.06108404002747948,0.9775689249267935,-0.1388011697626882,0.14269978845437792,0,30,non_normal
0.04777604710061579,0.06004223993325481,0.061022039265485696,0.4328965595721367,-0.07521490598804698,0.17076700018927854,0,30,non_normal
-0.001353995364031791,0.06679675081144804,0.08610151867804855,0.9839714479175601,-0.13818093677491922,0.1354729460468556,0,30,non_normal
-0.01778403507998024,0.06098690031598305,0.05069624130363325,0.7727387896497917,-0.14271003724319456,0.10714196708323406,0,30,non_normal
0.016911481578830233,0.06304300205196496,0.052582416477661244,0.7904709609904828,-0.11222625406462702,0.1460492172222875,0,30,non_normal
0.02051675171094197,0.0712904373447366,0.0543992543173432,0.7756261101297195,-0.12551508928772284,0.16654859270960679,0,30,non_normal
-0.075181937609595,0.0730230462619285,0.07549310731592158,0.3120265438064949,-0.22476286708817383,0.07439899186898384,0,30,non_normal
0.046242995728072195,0.059372060716588404,0.06271268970386554,0.44259064926751035,-0.07537515746688835,0.16786114892303272,0,30,non_normal
0.051368143791449446,0.0670696862387383,0.06608953097959042,0.4501491705742571,-0.08601788049794828,0.18875416808084716,0,30,non_normal
-0.027612898816656864,0.0645407372567963,0.04295144046707506,0.6720427641970821,-0.1598186059502088,0.10459280831689506,0,30,non_normal
-0.008834082376575656,0.07177295057939181,0.06432845204650949,0.9029200502760896,-0.15585430693111896,0.13818614217796765,0,30,non_normal
0.0042730698918922215,0.07513096189607824,0.07772311306434415,0.9550487406738226,-0.14962572902598079,0.15817186880976522,0,30,non_normal
0.01743211982711381,0.061125338260232795,0.08482237483216971,0.7776002238772648,-0.10777745960979712,0.14264169926402476,0,30,non_normal
-0.06318249140091522,0.06740574893940886,0.06049065228380411,0.35659611251571266,-0.20125690892645753,0.07489192612462708,0,30,non_normal
0.055172807660634766,0.05616932078279862,0.06786152007788979,0.3343842142789355,-0.059884830180637956,0.1702304455019075,0,30,non_normal
0.05665640085627093,0.06506927530680967,0.08171350717286587,0.39131723920321326,-0.07663196739363892,0.1899447691061808,0,30,non_normal
-0.10437380687329743,0.061164491383008085,0.0827715847577487,0.09899480523831611,-0.22966358784652485,0.02091597409993,0,30,non_normal
-0.007221137636347196,0.061914073931101384,0.05447675485816609,0.9079845351342629,-0.134046368854454,0.11960409358175962,0,30,non_normal
-0.034643189436079996,0.07667804575619382,0.05525802328820987,0.6548930668070696,-0.19171104598196992,0.12242466710980993,0,30,non_normal
-0.07647964824623993,0.05609499279952741,0.03639840187768467,0.18362086010221407,-0.19138503211574467,0.03842573562326482,0,30,non_normal
0.0006106263896060102,0.06696007866397896,0.0684143552741457,0.992788648991336,-0.13655087696085982,0.13777212974007186,0,30,non_normal
-0.0027587286027028445,0.058417089937798504,0.05558579719779251,0.9626693842312415,-0.12242071283418439,0.1169032556287787,0,30,non_normal
-0.022941110511743645,0.06842641010506378,0.06373932314553239,0.7399227516085962,-0.16310625765836656,0.11722403663487928,0,30,non_normal
0.1035256606763808,0.05716132953836789,0.057550521627253236,0.08086518070453869,-0.01356401498452342,0.22061533633728503,0,30,non_normal
-0.02294784085290834,0.07114410099969627,0.03526181244351519,0.749428996453676,-0.16867992543728832,0.12278424373147166,0,30,non_normal
0.008172837946280362,0.06114763807216106,0.058765675098243986,0.8946294808579053,-0.11708242058464512,0.13342809647720583,0,30,non_normal
-0.015231714643088333,0.06619986102179211,0.0799403960547147,0.819697019721864,-0.1508359827459799,0.12037255345980322,0,30,non_normal
-0.05920525960445326,0.05772683944696268,0.0624721981099795,0.31385453794701235,-0.17745332980087902,0.0590428105919725,0,30,non_normal
-0.03265574318578471,0.06247442247619396,0.054320174392731124,0.605290766828442,-0.16062879636555374,0.09531730999398433,0,30,non_normal
0.00024045523953743209,0.06212502324102702,0.06018675744532785,0.9969392362244878,-0.12701688605157785,0.12749779653065269,0,30,non_normal
-0.09130250150973325,0.06621054012737457,0.050703432344506104,0.1788202729304838,-0.2269286447687679,0.04432364174930141,0,30,non_normal
-0.07676958206243772,0.0710873337039828,0.07258249748263453,0.2893867115711135,-0.22238538411285785,0.0688462199879824,0,30,non_normal
-0.053011246438913966,0.08123727427773504,0.06369674735612062,0.5193694737029754,-0.2194182592494055,0.11339576637157756,0,30,non_normal
0.02634037462702693,0.06228899603003538,0.06058274815922594,0.6756175986099032,-0.10125284969615314,0.153933598950207,0,30,non_normal
0.1052897087411149,0.059508758625656286,0.06782292021397515,0.08773368360716466,-0.016608457427048764,0.22718787490927855,0,30,non_normal
0.11474078735145551,0.06669759828905622,0.07478860416244132,0.09641106340356508,-0.021883049324437492,0.2513646240273485,0,30,non_normal
-0.04503501428128886,0.06691737499009678,0.04179195581827022,0.5064678921545205,-0.18210904312119358,0.09203901455861585,0,30,non_normal
-0.100870982710318,0.0641588287133841,0.06224768914834905,0.12713555965696738,-0.23229438565603178,0.030552420235395783,0,30,non_normal
-0.08842722788728874,0.05345603891942175,0.0551360989685017,0.10925499387480155,-0.19792695978191677,0.0210725040073393,0,30,non_normal
-0.024143296386080728,0.05499431346376777,0.06187888350387026,0.6640203658671968,-0.13679404084338898,0.08850744807122751,0,30,non_normal
-0.08089032032046031,0.06208258787214558,0.06956416694371109,0.20320691047287176,-0.20806073669889413,0.04628009605797351,0,30,non_normal
-0.07483466457618673,0.06913277231096861,0.07459017229346432,0.2882749281937404,-0.21644672911007934,0.06677739995770587,0,30,non_normal
0.15596330093216285,0.0628067447409347,0.1004329783947994,0.0192781199659686,0.027309516451921312,0.2846170854124044,1,30,non_normal
-0.10486538565646264,0.0588694107446303,0.045914299595533885,0.08571149318496385,-0.225453907059041,0.015723135746115738,0,30,non_normal
0.03417985224327151,0.055914424162630406,0.04788119579412706,0.5459398322726419,-0.08035565354082917,0.14871535802737218,0,30,non_normal
-0.0044776487620968725,0.06414063352344336,0.057645009241873775,0.944841197683409,-0.13586378055078968,0.12690848302659596,0,30,non_normal
0.009325003238981975,0.062396828257723816,0.05287660444776032,0.882272380568349,-0.1184891053895108,0.13713911186747474,0,30,non_normal
-0.08698709777039841,0.059416799932286206,0.03991615420474712,0.15432739627882314,-0.20869689509431266,0.034722699553515826,0,30,non_normal
-0.04117443837136684,0.06158991841227468,0.04640321385556964,0.5092724359582235,-0.1673356671096567,0.08498679036692303,0,30,non_normal
-0.043929048080323586,0.0707442424470755,0.056042126532318305,0.5396511371611163,-0.1888420595498073,0.10098396338916013,0,30,non_normal
0.08458802428196625,0.059096150689927546,0.056595398365874135,0.16339425425446077,-0.03646495284388927,0.20564100140782177,0,30,non_normal
-0.10066059332131883,0.06341796457140685,0.04947505043189809,0.12368451544388365,-0.23056640486750637,0.029245218224868724,0,30,non_normal
0.10418219267399748,0.06622995825900162,0.08566048670786171,0.12694321258166028,-0.03148372682454234,0.2398481121725373,0,30,non_normal
0.025691902812727353,0.06907950408434799,0.0575299832340499,0.7127539293451153,-0.1158110467053248,0.1671948523307795,0,30,non_normal
-0.04920084293408364,0.07157493816588567,0.06658783204094477,0.4974835487286584,-0.19581545744663684,0.09741377157846956,0,30,non_normal
-0.12285211578415012,0.0739052556621172,0.07619079153863005,0.1076108006392879,-0.2742401692986344,0.028535937730334138,0,30,non_normal
0.05427264711384955,0.06932888800750643,0.06349461057316207,0.44029878467764283,-0.08774114221344928,0.19628643644114838,0,30,non_normal
-0.10230811863227218,0.06694006045948256,0.07960318947212683,0.13764402341168688,-0.23942861654968167,0.03481237928513731,0,30,non_normal
0.08897111642143568,0.06704217923541661,0.05794893948034821,0.1951991417203459,-0.048358562325908516,0.22630079516877988,0,30,non_normal
0.05050359102839137,0.06159694809309095,0.06201932917614879,0.41919586427629707,-0.07567203735828708,0.1766792194150698,0,30,non_normal
0.03047171765111545,0.06471498323253581,0.06429618757857038,0.6413882154303845,-0.10209091618357038,0.16303435148580128,0,30,non_normal
-0.017820191789240623,0.06036170129720268,0.07054257575598041,0.7700012804444342,-0.14146553181734184,0.1058251482388606,0,30,non_normal
-0.02579349850228712,0.07389378415587795,0.09079436591710284,0.7296543396549056,-0.17715805370146379,0.12557105669688953,0,30,non_normal
0.01916081516174856,0.07426491041771033,0.0870385696991973,0.7982889963527233,-0.1329639577226733,0.17128558804617042,0,30,non_normal
0.029519964681720495,0.05688759886082153,0.07767705288141218,0.6078957784768069,-0.08700899910436932,0.1460489284678103,0,30,non_normal
0.05705710097342817,0.06399853148191972,0.05162672608998421,0.3802384656752894,-0.07403794797854396,0.1881521499254003,0,30,non_normal
-0.032678425432416495,0.06900665734377288,0.06973670570028959,0.639489024731301,-0.1740321551668181,0.1086753043019851,0,30,non_normal
0.023477651395472053,0.059002956775509256,0.06729718998381459,0.6937168482253626,-0.09738442665051719,0.1443397294414613,0,30,non_normal
0.011345449887083081,0.06464924592812478,0.07061229382119673,0.8619557384493711,-0.12108252718376483,0.143773426957931,0,30,non_normal
-0.12423599942990463,0.06019021811355031,0.05561663006394897,0.04838951328206866,-0.24753007207991456,-0.0009419267798947001,1,30,non_normal
-0.03948166189563169,0.06626177948764554,0.04450954779040318,0.5560660163656348,-0.17521276422618642,0.09624944043492306,0,30,non_normal
0.06685619612994427,0.06619668183980673,0.06243292094257856,0.3211616418693133,-0.06874155971386338,0.20245395197375193,0,30,non_normal
-0.05805085158636942,0.06892094620620788,0.07576332427081169,0.40676745230742173,-0.19922901001445148,0.08312730684171266,0,30,non_normal
-0.0750350675442798,0.0642266096465142,0.06287415598078759,0.2525427971086635,-0.2065973134374948,0.0565271783489352,0,30,non_normal
-0.15238101529797815,0.05493628547027993,0.06024233417809738,0.00975099827392435,-0.2649128947990018,-0.039849135796954455,1,30,non_normal
-0.03492524131863505,0.06461296616562119,0.06878628209087115,0.5931057985488979,-0.16727890266486797,0.09742842002759786,0,30,non_normal
-0.014597453725273185,0.07280727945467894,0.04763718682213538,0.842543115368875,-0.16373640493491967,0.1345414974843733,0,30,non_normal
0.09241746491036482,0.06516483504496987,0.06266847297023118,0.16716384138985385,-0.04106664858966047,0.2259015784103901,0,30,non_normal
0.06976337448711542,0.053783593002124666,0.07172030347444086,0.20517927797187202,-0.040407321529845455,0.17993407050407628,0,30,non_normal
0.19211520037048468,0.06537444485387002,0.0566456778234327,0.006533682494770983,0.058201720640918,0.32602868010005137,1,30,non_normal
-0.004698929753757228,0.06951212815355556,0.08014401099901987,0.946585498764366,-0.14708806950488668,0.13769020999737225,0,30,non_normal
0.09995907115888839,0.05919422754019307,0.05032039450094248,0.1023924645122912,-0.02129480728749583,0.2212129496052726,0,30,non_normal
0.11211600793352199,0.05715367868899891,0.04217284327268522,0.05981370617272578,-0.004957995672894025,0.229190011539938,0,30,non_normal
0.03695075075342124,0.0645595063258312,0.057942502974301785,0.5716510522678615,-0.0952934030751866,0.1691949045820291,0,30,non_normal
-0.049152113453049574,0.05817190816890729,0.0473169599465315,0.40530336836252856,-0.16831186559809638,0.07000763869199722,0,30,non_normal
0.05161845832063519,0.07004828411131463,0.05810349694374507,0.46731432794056527,-0.09186894712348401,0.1951058637647544,0,30,non_normal
0.04153610494098927,0.0557942077922734,0.05971030634402676,0.46280582770959133,-0.07275314877151143,0.15582535865348995,0,30,non_normal
-0.07510246401135542,0.06083349952015112,0.06495185569797421,0.22725605514898484,-0.19971423888883055,0.04950931086611969,0,30,non_normal
0.0640404743934268,0.06655626773848497,0.06892832499521666,0.34418546267582617,-0.0722938597733222,0.2003748085601758,0,30,non_normal
0.0029617721680903104,0.06602105288717232,0.04826970691571575,0.9645364989435897,-0.13227622407483497,0.1381997684110156,0,30,non_normal
-0.128824802175353,0.06229466623350323,0.0580011167996048,0.04799189107763465,-0.2564296413838121,-0.001219962966893945,1,30,non_normal
-0.025312147373095416,0.07030322683697338,0.03597670289890477,0.7215170291915947,-0.16932177931720274,0.1186974845710119,0,30,non_normal
0.029425771198785602,0.061701372615995675,0.06033485393384999,0.637130043518,-0.09696376112638945,0.15581530352396067,0,30,non_normal
-0.018234784909378608,0.06531430707624424,0.051082398619108134,0.7821545722499581,-0.15202507798576495,0.11555550816700774,0,30,non_normal
-0.07088597839281627,0.057945307086158235,0.053177974779992976,0.23140271684351826,-0.18958155926162135,0.047809602475988824,0,30,non_normal
-0.06365282618828938,0.07015129156798244,0.05997087625228241,0.37195712907300615,-0.2073512328423051,0.08004558046572635,0,30,non_normal
-0.08578208293167086,0.0589791699777761,0.029817687687552687,0.1569415377846914,-0.20659543593130308,0.03503127006796135,0,30,non_normal
0.04481012555081478,0.05967737576674738,0.04927822270207001,0.45899355275421094,-0.07743343717338899,0.16705368827501854,0,30,non_normal
0.014965243183539362,0.06793573324931013,0.06958844217447853,0.827247252247131,-0.12419479798744412,0.15412528435452286,0,30,non_normal
0.03263912350009762,0.06765139334880599,0.07271339369063937,0.6332292990588728,-0.10593847378799584,0.17121672078819108,0,30,non_normal
0.14406683309117393,0.05375990558669737,0.07296737984521501,0.012198148401362087,0.033944658545145,0.25418900763720287,1,30,non_normal
0.058986827262588144,0.06920865652625569,0.06521419966754206,0.40127691830083734,-0.08278067903984804,0.2007543335650243,0,30,non_normal
-0.024247548845150648,0.057235705503397905,0.05938199756492578,0.6750623959156701,-0.14148957676400026,0.09299447907369897,0,30,non_normal
0.05964826591577005,0.06377131245567338,0.05924858387085657,0.35760721908669924,-0.07098134596008732,0.19027787779162741,0,30,non_normal
0.053424892739759616,0.06006271733986548,0.03606584995007993,0.3813211098703939,-0.06960800641484988,0.1764577918943691,0,30,non_normal
0.05035929745034069,0.06707047771480136,0.05456802903067107,0.4590121693160313,-0.08702834810427719,0.1877469430049586,0,30,non_normal
-0.05077941380797504,0.08423061231485957,0.08414357163780233,0.5514527964897739,-0.22331800163151982,0.12175917401556974,0,30,non_normal
0.03886602305324066,0.06656969057145923,0.06688048851617152,0.5640024409530244,-0.09749580654043594,0.17522785264691726,0,30,non_normal
0.039538717499158146,0.06361731549315704,0.06344006447971023,0.5392926020655384,-0.09077544589886595,0.16985288089718226,0,30,non_normal
0.05630623510066474,0.06632893675841335,0.04420754989884563,0.4031398148936727,-0.07956243266295426,0.19217490286428374,0,30,non_normal
-0.05735257062457909,0.056022183838438426,0.066934717108496,0.31471847841039946,-0.17210881209820245,0.05740367084904428,0,30,non_normal
-0.05239840084600422,0.06801002103841947,0.04955266027150101,0.4474847320280677,-0.19171061365474745,0.08691381196273901,0,30,non_normal
0.08595022288245005,0.06156518590615253,0.055047656333702254,0.17366051632308668,-0.04016034361366469,0.2120607893785648,0,30,non_normal
-0.0775475706846991,0.07660112347048825,0.07566138633892903,0.3200368352152172,-0.23445785907118655,0.07936271770178834,0,30,non_normal
-0.04380458337906636,0.06245470784124993,0.06467920385012095,0.48885380065908113,-0.17173725295981815,0.08412808620168541,0,30,non_normal
-0.05778099974728703,0.07377936495109873,0.07641868821011266,0.44010781338024074,-0.20891117783023538,0.09334917833566131,0,30,non_normal
0.08847170729463416,0.05683982942612615,0.054388716856648006,0.13081917764474887,-0.02795940524026612,0.20490281982953445,0,30,non_normal
-0.003456070582701998,0.06255145080606918,0.029939883247174472,0.956330354072653,-0.13158690914350799,0.12467476797810398,0,30,non_normal
-0.003650538146857049,0.0652395637577795,0.054277466658971124,0.9557743292227272,-0.13728772647589876,0.12998665018218464,0,30,non_normal
0.13158196066091882,0.060007006390191915,0.0664896636220903,0.036795383901181505,0.008663180213496852,0.25450074110834076,1,30,non_normal
-0.07312691806596758,0.060849206318844454,0.05092095763582023,0.23951780731583197,-0.19777086686206086,0.0515170307301257,0,30,non_normal
0.09930779977382803,0.06928165288678247,0.047750900824011185,0.16281854193673817,-0.04260923279483625,0.2412248323424923,0,30,non_normal
0.0056627953749858635,0.06661172157026499,0.04092694943357101,0.9328568078263286,-0.13078513081682125,0.142110721566793,0,30,non_normal
-0.02243356912145464,0.058182987357908,0.04803395781302471,0.7027295741884627,-0.1416160159563758,0.0967488777134665,0,30,non_normal
-0.11833381280984377,0.0708699327929771,0.08272936521867669,0.10611645878436184,-0.263504289281527,0.026836663661839497,0,30,non_normal
-0.17502089334021287,0.07071961997179574,0.10117090080824555,0.01965066335786801,-0.31988346795548483,-0.030158318724940902,1,30,non_normal
-0.02384451166433523,0.06471693233619473,0.0809035062955202,0.7153139168965292,-0.1564111380568761,0.10872211472820562,0,30,non_normal
0.0020294564876596373,0.06590745153425472,0.04929759510544186,0.9756534514212883,-0.13297583793263162,0.13703475090795092,0,30,non_normal
-0.056735339811441514,0.06922391239656989,0.062494721163596514,0.41937106241449484,-0.1985340963475836,0.08506341672470055,0,30,non_normal
0.1441371484434894,0.0713917442506965,0.06963996085167028,0.053159141910946596,-0.0021022103448568585,0.29037650723183567,0,30,non_normal
-0.023960360350378733,0.06549345732871638,0.04521781956744108,0.7172313775921388,-0.15811762608338345,0.11019690538262597,0,30,non_normal
-0.05200730749649246,0.062301128649561686,0.06403469575923536,0.4109116297441171,-0.1796253843641589,0.07561076937117397,0,30,non_normal
0.08447930223825713,0.05803543496778689,0.05446248683662367,0.15661085540449723,-0.03440089722695097,0.20335950170346523,0,30,non_normal
0.04389148820578796,0.07211093581563957,0.07746169274769057,0.5476523777674521,-0.1038210677205066,0.19160404413208254,0,30,non_normal
0.09318303725903082,0.06049422541981671,0.058781043405651996,0.13469852736104643,-0.030733766128293122,0.21709984064635476,0,30,non_normal
0.03505922807010321,0.06147848652058634,0.05012449712951164,0.5730438595856855,-0.0908737427854285,0.16099219892563493,0,30,non_normal
-0.05186349248401985,0.06070365528416581,0.05934015925064472,0.4001500820502739,-0.1762092935011817,0.07248230853314201,0,30,non_normal
0.15259014092363038,0.055229958612841384,0.05523794328823512,0.01001073501092223,0.03945669926003034,0.2657235825872304,1,30,non_normal
-0.09071857359392455,0.06144727290600545,0.07523367912476803,0.15100506882570977,-0.21658760625842752,0.03515045907057843,0,30,non_normal
-0.11120317503052755,0.064283494389412,0.06850701212787169,0.09466098774740794,-0.24288194403735358,0.020475593976298487,0,30,non_normal
0.04795614548977495,0.06550464317068165,0.07345049514522342,0.4701897152979776,-0.0862240334017984,0.1821363243813483,0,30,non_normal
0.03341578976878848,0.06836739047601507,0.040727997316709834,0.6288125378376533,-0.10662846114818494,0.1734600406857619,0,30,non_normal
0.0626079862627125,0.07375152448020911,0.05854135681822253,0.4031341690294403,-0.08846516320083461,0.2136811357262596,0,30,non_normal
0.0017798009927373955,0.06421868686431355,0.07258887936956251,0.9780863006125866,-0.12976621581683492,0.1333258178023097,0,30,non_normal
0.05243558475113126,0.066094700250364,0.04394970628394423,0.4342513513101315,-0.08295327127653025,0.1878244407787928,0,30,non_normal
-0.06133340128578694,0.07080677151410074,0.07498983285917363,0.3937381214939307,-0.20637449774273492,0.08370769517116106,0,30,non_normal
-0.04470314283624109,0.06974916811652761,0.07587081440746399,0.5267906193061738,-0.18757783694041336,0.09817155126793119,0,30,non_normal
-0.050362128660304324,0.06374688584563687,0.06783491732813739,0.4361487174080839,-0.18094170489371303,0.0802174475731044,0,30,non_normal
-0.04216738664477501,0.07119405373441666,0.05703368030413414,0.5584108081965766,-0.18800179476770845,0.10366702147815843,0,30,non_normal
0.020846256783337555,0.07117001577508507,0.04419978713837653,0.771752390872237,-0.12493891181202689,0.166631425378702,0,30,non_normal
-0.03137293444225625,0.06348062855153545,0.06562406331132337,0.625011106069308,-0.16140710733287256,0.09866123844836006,0,30,non_normal
0.012236032965003099,0.0739931140343655,0.09020691720887339,0.8698431681577834,-0.1393319902666611,0.16380405619666727,0,30,non_normal
-0.0882282610427235,0.05347740825839531,0.051110618211312055,0.11015450012120218,-0.1977717660439204,0.021315243958473423,0,30,non_normal
-0.1153446809798449,0.0629293196251692,0.09467796240575033,0.07746753910040197,-0.2442495487283571,0.013560186768667298,0,30,non_normal
0.014634001503989639,0.0830642577159306,0.06953385096763108,0.8614230337974633,-0.1555154172292433,0.18478342023722258,0,30,non_normal
0.0810136606403197,0.06868851871255431,0.04931153565312955,0.2481496180927818,-0.05968839164981282,0.22171571293045222,0,30,non_normal
0.0964023895266477,0.06386711039120892,0.06684912287157674,0.14239406502407306,-0.03442345552452988,0.2272282345778253,0,30,non_normal
-0.025985317917366954,0.0633987891816173,0.06709610536200392,0.6850197212737503,-0.1558518504581629,0.10388121462342899,0,30,non_normal
-0.13283602601964456,0.05740137682173689,0.056151606396841636,0.028214084755427884,-0.2504174162501704,-0.015254635789118717,1,30,non_normal
0.08665800790134295,0.06516503369671527,0.04564599193318176,0.19430860020393068,-0.04682651251833633,0.22014252832102224,0,30,non_normal
0.05580428823191188,0.07199034717735751,0.05843794291834537,0.4447406941946608,-0.09166125306650633,0.2032698295303301,0,30,non_normal
-0.06888611356684739,0.07499817504626946,0.0711475463733344,0.3662001459370835,-0.2225129109532356,0.08474068381954085,0,30,non_normal
0.034371760354840755,0.06681507279878969,0.05863535390758959,0.6109873842498745,-0.10249271194576919,0.17123623265545068,0,30,non_normal
-0.07667166160726092,0.05467497473627965,0.05320776586246786,0.17181070744024524,-0.1886682703345307,0.035324947120008846,0,30,non_normal
0.05522334376309695,0.07726982821087221,0.056652362286793184,0.48072225501543286,-0.1030567241893453,0.21350341171553922,0,30,non_normal
-0.09525307411350989,0.06194827530496171,0.04800510000674508,0.13536600810684524,-0.22214836367009141,0.031642215443071636,0,30,non_normal
-0.08641571251842944,0.06253090912169268,0.05844639869716461,0.1779084452259116,-0.2145044733462541,0.04167304830939522,0,30,non_normal
0.10813139300247687,0.06492788307174284,0.05884628929354446,0.10698291314440708,-0.024867346383327688,0.24113013238828143,0,30,non_normal
0.05050069122459648,0.06911531767736619,0.04969968487396482,0.47104922191829113,-0.09107561911316749,0.19207700156236046,0,30,non_normal
-0.01821675761908728,0.06955666606100669,0.07106601458611574,0.7953171135333604,-0.16069712913792025,0.12426361389974569,0,30,non_normal
0.04015943008766344,0.06308546121539287,0.05893806089583216,0.5295637491583487,-0.08906527920939418,0.16938413938472108,0,30,non_normal
-0.1312647922604048,0.07261469948236118,0.0821853713647035,0.08141008402255455,-0.28000926127938885,0.017479676758579255,0,30,non_normal
-0.03359454050321471,0.06111969780263576,0.04801215927303633,0.5869161511040453,-0.15879256598650088,0.09160348498007147,0,30,non_normal
-0.009186869685020723,0.07538827016851737,0.05348945709164577,0.9038797082592749,-0.16361274070580106,0.14523900133575962,0,30,non_normal
0.1043321738373164,0.057153654152249316,0.06170637466582143,0.07861501113689454,-0.01274177950784651,0.22140612718247932,0,30,non_normal
0.04438353186531076,0.06206126979720703,0.055851687332693245,0.48043339247317607,-0.0827432164161696,0.1715102801467911,0,30,non_normal
0.021601636537351466,0.06146037525798596,0.05299918187752266,0.7278650316516857,-0.10429423507852269,0.14749750815322563,0,30,non_normal
-0.020963714948925134,0.0746423595601498,0.07546899502272976,0.7808861864621373,-0.1738616573523845,0.13193422745453426,0,30,non_normal
-0.043915822611487146,0.06373267677281963,0.05957887072414193,0.49645447045538127,-0.17446629287865872,0.08663464765568445,0,30,non_normal
0.08161167717595719,0.057613812298741865,0.04927948479344323,0.16765056070927126,-0.03640486740283631,0.1996282217547507,0,30,non_normal
-0.0004930601519372319,0.06353947370051209,0.042059896379269705,0.9938635806179721,-0.13064777186597729,0.12966165156210283,0,30,non_normal
0.09392458505635506,0.06260305490342144,0.052801411450987726,0.14472445543988322,-0.034311959706013195,0.22216112981872332,0,30,non_normal
-0.0463247332523906,0.06693539590134498,0.05403673867303409,0.49458600556450005,-0.18343567625559776,0.09078620975081657,0,30,non_normal
0.04222806692486484,0.05876136426370065,0.061231524024052436,0.47831944971608187,-0.0781391312945314,0.1625952651442611,0,30,non_normal
-0.10497047986310891,0.06814646614208707,0.0639703930804424,0.13469775017949345,-0.24456218779666783,0.034621228070450025,0,30,non_normal
-0.055649739912541636,0.061037735824696404,0.050742534214178944,0.36969576815288663,-0.18067987389486118,0.06938039406977792,0,30,non_normal
-0.04244323324545374,0.0684195809382787,0.07665603697650326,0.5400521970602177,-0.18259439147806156,0.09770792498715408,0,30,non_normal
-0.03253807993566272,0.06139077492185946,0.06192377815705887,0.6002791857105978,-0.158291381725944,0.09321522185461859,0,30,non_normal
-0.03951902786539221,0.06320875694942761,0.054520100811997346,0.5368929825239199,-0.1689962970245995,0.08995824129381508,0,30,non_normal
0.0949535257394459,0.06316882830945938,0.05515251842300199,0.14399119722048195,-0.03444195330848829,0.2243490047873801,0,30,non_normal
0.007607844433758169,0.07158705171051245,0.06455121000036493,0.9161226948376457,-0.139031583550121,0.15424727241763733,0,30,non_normal
0.09244085886452533,0.0676227874287259,0.06187718528927931,0.18249875493990297,-0.04607814185257847,0.23095985958162912,0,30,non_normal
0.05129910906496593,0.061691657578868526,0.07058934295050696,0.4127039322737479,-0.07507052290877506,0.17766874103870692,0,30,non_normal
-0.08474504555987973,0.055391056249284844,0.0678679869402257,0.1372518216007167,-0.1982084807724969,0.02871838965273743,0,30,non_normal
0.0035128210253680056,0.07564185502924084,0.06995200489419887,0.9632890643040833,-0.15143249503516942,0.15845813708590545,0,30,non_normal
0.040410685473948285,0.06336173493094975,0.034694198126870066,0.528800169958817,-0.08937994487514637,0.17020131582304293,0,30,non_normal
-0.003980022742994852,0.06208019648587184,0.035911686017151605,0.9493373742899525,-0.13114554058870675,0.12318549510271705,0,30,non_normal
-0.05493369891607294,0.07143863131502795,0.08433293334232862,0.4483531390088705,-0.20126910150185356,0.09140170366970768,0,30,non_normal
-0.027689270381955088,0.06927574963319005,0.08067847711291519,0.69241287449481,-0.16959421068380087,0.11421566991989068,0,30,non_normal
0.05248927557365253,0.06403893575861612,0.04714379964236655,0.4193404219272563,-0.07868853778726358,0.18366708893456862,0,30,non_normal
0.05603272388268249,0.06534443497984561,0.03654947570077085,0.39845015577397236,-0.07781928340660824,0.18988473117197321,0,30,non_normal
0.05191189353605403,0.06460755400836016,0.03453102878106652,0.42845702991583123,-0.08043068150859287,0.1842544685807009,0,30,non_normal
0.05978749827419494,0.061714937381583186,0.06338540605628237,0.34095491058341454,-0.06662982021368635,0.18620481676207623,0,30,non_normal
0.08857796082730351,0.06881053078167768,0.06310371039040279,0.20853869275766349,-0.05237402185660653,0.22952994351121356,0,30,non_normal
0.08432569010493374,0.06234262013861417,0.045461074224259844,0.18700103645436125,-0.04337737822523155,0.21202875843509902,0,30,non_normal
-0.06353671141198239,0.06889681632242067,0.06096517148478384,0.36430235890413587,-0.20466544201378403,0.07759201918981926,0,30,non_normal
0.06110933783374362,0.0629043511378718,0.0524098752483873,0.3396349636769749,-0.06774438428706875,0.18996305995455598,0,30,non_normal
-0.028267199924916865,0.06708157322605314,0.054794257697630855,0.6766910163325601,-0.16567757360402474,0.10914317375419103,0,30,non_normal
0.025932071943464086,0.07069782728641716,0.04851851397338887,0.7165245614721636,-0.11888586237943952,0.1707500062663677,0,30,non_normal
-0.03306585625496143,0.07585157453209242,0.06013115224415176,0.6662312408500395,-0.1884407632429138,0.12230905073299093,0,30,non_normal
0.005249935285701595,0.06352586040745747,0.05910889891791088,0.9347237921618035,-0.12487689086162203,0.1353767614330252,0,30,non_normal
-0.0009517570838523024,0.06288184107719134,0.051280722273987174,0.988031300844836,-0.1297593694356046,0.12785585526789997,0,30,non_normal
-0.007130068252185928,0.07026857225008032,0.06098419927726891,0.9199014623764968,-0.15106871349300555,0.1368085769886337,0,30,non_normal
0.013826565124366544,0.07063382088559043,0.06088142640127783,0.8462195907673944,-0.13086025802996298,0.15851338827869604,0,30,non_normal
0.009932924366861499,0.06428848531833035,0.04760747268472139,0.8783195035744498,-0.12175606809440509,0.14162191682812808,0,30,non_normal
-0.07146970031876662,0.06777345912462028,0.06998934916019887,0.3006516168796619,-0.21029733801380684,0.0673579373762736,0,30,non_normal
-0.011351281965469105,0.06866283248719307,0.0794865152686057,0.8698806102885162,-0.1520007184081259,0.12929815447718768,0,30,non_normal
0.038173952059230465,0.09084080502187389,0.08223123091143,0.6775255589292037,-0.14790500171400528,0.2242529058324662,0,30,non_normal
0.06326902078396701,0.07413636191643293,0.07936281223045921,0.4006717465188272,-0.08859243243237114,0.21513047400030516,0,30,non_normal
-0.034859570783985896,0.07141291362112955,0.08043735302596161,0.6292509394071191,-0.18114229306191454,0.11142315149394273,0,30,non_normal
0.011373814332855434,0.07487357863435003,0.07783367872329237,0.8803496288181956,-0.14199775887351496,0.16474538753922585,0,30,non_normal
-0.05538270093415637,0.06428652328705417,0.0609460004935832,0.3962818858062299,-0.1870676743565444,0.07630227248823165,0,30,non_normal
-0.07703075721738922,0.05470312257940392,0.052927848589147224,0.17009067195758956,-0.1890850241875409,0.035023509752762444,0,30,non_normal
-0.0603523631161155,0.06266810009214514,0.058978559233242814,0.3437676680100875,-0.1887221469076048,0.06801742067537381,0,30,non_normal
-0.0526151655304402,0.06970540452012342,0.04018733106138547,0.45665821248643146,-0.1954002139711875,0.0901698829103071,0,30,non_normal
-0.019020842673586308,0.06539342525408091,0.03130384161792924,0.7732961165111409,-0.15297320199049913,0.11493151664332651,0,30,non_normal
0.0894981729876728,0.06011020131287663,0.0554546666322552,0.1476912563108298,-0.03363199267637354,0.21262833865171915,0,30,non_normal
0.11407911767073962,0.05190361905730664,0.05561680021614955,0.03639011201897095,0.007759373708732975,0.22039886163274627,1,30,non_normal
-0.033374271496027716,0.08677827248709748,0.0637211911675521,0.703445022319422,-0.2111315046112519,0.1443829616191965,0,30,non_normal
-0.04714652757563467,0.05134070382366354,0.05619771353567851,0.3663013826223648,-0.15231319195282145,0.058020136801552116,0,30,non_normal
0.006466837615724513,0.06157066441911951,0.06438422739364642,0.9170998930207579,-0.1196549511054782,0.13258862633692722,0,30,non_normal
-0.06269170819585895,0.061332050966189676,0.05424019474669735,0.315451825511594,-0.18832471941595177,0.06294130302423387,0,30,non_normal
0.022149165086643545,0.056347384436924754,0.05864185933390786,0.6972355759382196,-0.0932732196154353,0.1375715497887224,0,30,non_normal
-0.04099534368944503,0.05911157700227015,0.04306271445268277,0.49369382291488884,-0.1620799201836747,0.08008923280478464,0,30,non_normal
0.0689540319771139,0.07855224267271874,0.08083330228634923,0.387516587159632,-0.09195294291771629,0.2298610068719441,0,30,non_normal
0.1459891202370574,0.06448511514248846,0.07374086124561353,0.0315180963772719,0.0138973498396954,0.27808089063441943,1,30,non_normal
-0.00977333102302275,0.06298678633605707,0.04550364868861573,0.8778045742916014,-0.13879591399253316,0.11924925194648767,0,30,non_normal
0.008138469006152001,0.06039585918859158,0.048195387866828664,0.8937718776246464,-0.1155768402906189,0.1318537783029229,0,30,non_normal
-0.011497987129415813,0.06250818099015971,0.04876383614164896,0.8553832832100623,-0.13954019149028868,0.11654421723145707,0,30,non_normal
-0.016905356955002334,0.07063893099732538,0.06518744433870455,0.8126001169980811,-0.16160264769870508,0.1277919337887004,0,30,non_normal
0.017085823325040377,0.06904879443775752,0.06258415280774934,0.8063688636541305,-0.12435422033361385,0.1585258669836946,0,30,non_normal
0.009946766366426829,0.060042123621860614,0.041258400139290975,0.8696124286274749,-0.11304394846914538,0.13293748120199905,0,30,non_normal
0.036377673964538865,0.06299528747392286,0.06513185694233328,0.5682392026979637,-0.0926623227964892,0.16541767072556693,0,30,non_normal
0.03347424996799113,0.06394007255406084,0.06891027523455513,0.6047279068590932,-0.09750105129865318,0.16444955123463545,0,30,non_normal
-0.021754809425027274,0.05862192955563083,0.0317476293179258,0.7133535408780766,-0.14183638859259917,0.09832676974254462,0,30,non_normal
0.1036141813452312,0.0582180650750183,0.06764222670314406,0.08597231254595666,-0.01564011893593656,0.22286848162639897,0,30,non_normal
0.021182743635859758,0.06405942691723408,0.07279212413020068,0.7433530229270235,-0.11003704396071304,0.15240253123243255,0,30,non_normal
-0.10711214982685684,0.05390082895677678,0.06886463550716818,0.05676148894588022,-0.21752299281060228,0.0032986931568886185,0,30,non_normal
0.02660462383335107,0.06489351356269532,0.05850312346426602,0.6849452854764371,-0.10632371280466055,0.1595329604713627,0,30,non_normal
0.09702882790879938,0.06572952536308588,0.05308701789822677,0.15105340275871135,-0.03761200127175737,0.23166965708935613,0,30,non_normal
0.07360849489900619,0.0735476061667858,0.08247195754847206,0.32548127247706704,-0.07704694683498177,0.22426393663299415,0,30,non_normal
0.1464755631252447,0.0644909483181137,0.07311803152328553,0.031014648528406866,0.014371844009272633,0.27857928224121675,1,30,non_normal
0.07876070273438811,0.05955984565832621,0.07984424873271688,0.19674260447822173,-0.043242110476349765,0.20076351594512598,0,30,non_normal
0.03509284036193253,0.0668173613452489,0.06741679966261473,0.6035748547604074,-0.10177631981358881,0.17196200053745386,0,30,non_normal
-0.005917137356034684,0.06741093370390261,0.04618340085534403,0.9306786028747143,-0.14400217539019453,0.13216790067812514,0,30,non_normal
-0.034654957298925454,0.07786322695406303,0.07627285632254681,0.6596875905131971,-0.1941505474748521,0.1248406328770012,0,30,non_normal
-0.001687629547896037,0.06699842342494125,0.06523330026609475,0.9800828025439154,-0.13892767858056745,0.1355524194847754,0,30,non_normal
-0.02094416074195391,0.062327336915813276,0.04755804394672205,0.7393497717936677,-0.14861592280938418,0.10672760132547637,0,30,non_normal
-0.00542553874110148,0.07031754008645094,0.05555663492416816,0.9390468208830876,-0.14946449004766096,0.13861341256545798,0,30,non_normal
0.027527283167709967,0.06431888015070916,0.05861986697183481,0.6719387004255828,-0.10422397028527505,0.159278536620695,0,30,non_normal
-0.07589184441313618,0.0664885050718175,0.08342371115181121,0.2633601104490876,-0.21208737304953645,0.0603036842232641,0,30,non_normal
-0.05149801196901514,0.06732427661893563,0.06320732700479269,0.45071568396646866,-0.18940554101144147,0.08640951707341117,0,30,non_normal
0.020305247171239705,0.06556575083450328,0.0764092133354902,0.7590876357944055,-0.11400010509532431,0.15461059943780373,0,30,non_normal
0.0016910593434507591,0.0630347840782842,0.06167013836407666,0.9787876940537801,-0.12742984254402773,0.13081196123092925,0,30,non_normal
-0.011582128863378352,0.058947344750134696,0.05021808130718131,0.8456515968381194,-0.13233029083942066,0.10916603311266394,0,30,non_normal
0.14627308867735936,0.05619447745001386,0.05134313368944416,0.014613903168982237,0.031163919739299176,0.26138225761541956,1,30,non_normal
0.012901024066172537,0.06434046054156962,0.05259520668200524,0.842529629013751,-0.11889443481357377,0.14469648294591886,0,30,non_normal
0.024080539360034958,0.08046110864839548,0.05781647113853192,0.7669353675135135,-0.14073657023210143,0.18889764895217134,0,30,non_normal
0.03553826316059397,0.0716960323760637,0.060578878120093126,0.6239887281396878,-0.11132440159691795,0.1824009279181059,0,30,non_normal
-0.007167558151845343,0.06414618490050485,0.0627357204745275,0.9118284278752532,-0.1385650614209577,0.12422994511726702,0,30,non_normal
-0.07456345211727639,0.060507371569290626,0.06757612787904467,0.22808370701717115,-0.19850718417106983,0.049380279936517044,0,30,non_normal
0.038968897592487825,0.06183533508256084,0.06826674658503813,0.5336707433752986,-0.0876950444059318,0.16563283959090747,0,30,non_normal
0.10076720689286024,0.05678753887464393,0.04838269222750167,0.08686224912722913,-0.01555679330293544,0.21709120708865592,0,30,non_normal
-0.09517778725331597,0.0730367724574852,0.07384026890473748,0.20313892220940238,-0.24478683356890282,0.05443125906227089,0,30,non_normal
-0.0607281810980694,0.05897143511334224,0.07429779617850531,0.3119226241974401,-0.18152568994615448,0.06006932775001567,0,30,non_normal
-0.025036499146764736,0.0596547198139723,0.05223884890873855,0.6779146759234508,-0.14723365325549986,0.09716065496197038,0,30,non_normal
0.011061037977041367,0.06587673675030589,0.059572366244431414,0.8678648647904912,-0.12388134006045046,0.14600341601453318,0,30,non_normal
-0.020873097795528157,0.06376993370442355,0.06864318941520128,0.7458614333439021,-0.15149988542747858,0.10975368983642228,0,30,non_normal
-0.021776536744686575,0.05884482877278721,0.05060936652870862,0.7141170465510502,-0.14231470426058218,0.09876163077120902,0,30,non_normal
-0.08669931172135617,0.06108755232478904,0.06096260163789312,0.16685967150727016,-0.2118314901782447,0.03843286673553237,0,30,non_normal
-0.125578317670883,0.06626680937639051,0.07248698522263416,0.06845537887318097,-0.26131972326146535,0.01016308791969936,0,30,non_normal
0.014589686814057394,0.06245099012596706,0.031749665931914216,0.816981025894461,-0.1133353673721578,0.1425147410002726,0,30,non_normal
-0.06983234737597087,0.064047892024998,0.06919328179026332,0.2848691262287047,-0.20102850681690743,0.0613638120649657,0,30,non_normal
-0.015523899706963381,0.06760753765389653,0.07352409592758313,0.8200578427919709,-0.1540116626763959,0.12296386326246914,0,30,non_normal
0.00206085820949764,0.059049852031166986,0.05770417875724756,0.972406852005691,-0.11889728041309722,0.1230189968320925,0,30,non_normal
-0.08951448407393175,0.06608895772984641,0.05197325259629943,0.18642139553339848,-0.22489157708155313,0.045862608933689625,0,30,non_normal
-0.01081593712257859,0.061360477801213655,0.06704810654382118,0.8613515090482514,-0.13650717807455318,0.11487530382939601,0,30,non_normal
0.026125130583444966,0.06496912318808631,0.058953818644170715,0.6906518153233159,-0.10695808535120603,0.15920834651809596,0,30,non_normal
0.041916312659363034,0.06641160339895803,0.05547899245683498,0.5330551527374534,-0.0941216900411359,0.17795431535986195,0,30,non_normal
0.06090585709140882,0.07286259357843021,0.05393520122819404,0.4102878796373557,-0.08834639996437192,0.21015811414718955,0,30,non_normal
0.03230082087677755,0.0694530087450129,0.06378986143021693,0.6454748865633261,-0.1099672182556744,0.1745688600092295,0,30,non_normal
0.03828573159116648,0.07141352133929206,0.07463784616463237,0.5961141110303634,-0.10799823554098643,0.1845696987233194,0,30,non_normal
-0.05446038191888922,0.07324422997817837,0.05678266247274614,0.46334577084325035,-0.2044943857014831,0.09557362186370466,0,30,non_normal
-0.15816800154424798,0.06619316717558772,0.07789333654369504,0.023846919847587866,-0.2937585579247684,-0.02257744516372756,1,30,non_normal
-0.029774613453504094,0.06744000091182067,0.05399013322844385,0.662243440642081,-0.16791919296395535,0.10836996605694715,0,30,non_normal
0.00738990426252494,0.06024494964307149,0.05402483364494083,0.9032491534851466,-0.11601628084343754,0.1307960893684874,0,30,non_normal
-0.1407727392497639,0.0676104736827714,0.08282339621875506,0.046588330693749735,-0.27926651640171224,-0.0022789620978155845,1,30,non_normal
0.0015542281968110444,0.06292009214651269,0.05474398095311167,0.9804681694330855,-0.12733173791852037,0.1304401943121425,0,30,non_normal
-0.03742845915314232,0.07163194632672376,0.0785097980447783,0.6054247892343133,-0.18415984958949688,0.10930293128321222,0,30,non_normal
0.06224044049643625,0.06151624012051485,0.048782731279956214,0.3203106759271379,-0.0637698651028175,0.18825074609568998,0,30,non_normal
0.05522435168710688,0.06609068434980453,0.04698168219224353,0.41046253569682256,-0.08015627814116788,0.19060498151538163,0,30,non_normal
0.027041976285161473,0.0640423066343782,0.0542274821302459,0.6760660805544872,-0.10414274200173976,0.1582266945720627,0,30,non_normal
-0.011705812210148,0.06397026825851454,0.05328821558048517,0.8561257537690254,-0.1427429665734468,0.1193313421531508,0,30,non_normal
0.016385212381202836,0.0585331719782143,0.05366092716846804,0.7815886042752787,-0.1035145551309006,0.13628497989330626,0,30,non_normal
0.1053835965324811,0.06243918771272656,0.06167719042045335,0.10256364947408848,-0.02251728150616185,0.23328447457112406,0,30,non_normal
-0.09864270691899316,0.06674522080999236,0.07246100773268808,0.15059624440848698,-0.23536409390688204,0.038078680068895726,0,30,non_normal
0.07020784670490238,0.06838110568536765,0.06457040880230423,0.3133436149212595,-0.06986449854486007,0.21028019195466482,0,30,non_normal
-0.10637139264506502,0.06909086103322122,0.058130717250418594,0.13488718339135586,-0.24789760581829812,0.035154820528168054,0,30,non_normal
0.01019795008953546,0.06339732557634814,0.05213662903540673,0.8733604386430489,-0.11966558439177437,0.14006148457084527,0,30,non_normal
-0.06645275590623984,0.060633693079416566,0.06189511324982734,0.2824289631281767,-0.1906552458435376,0.05774973403105792,0,30,non_normal
0.02488043547915646,0.06373014655591369,0.06026573315838848,0.6991930379637169,-0.10566485187363474,0.15542572283194767,0,30,non_normal
-0.056415096310788296,0.061981057598796865,0.06755071836829458,0.3704868275251676,-0.1833775373521862,0.0705473447306096,0,30,non_normal
0.03743459842040425,0.059925813349757696,0.059119918496063795,0.5372371850201425,-0.0853178656231282,0.1601870624639367,0,30,non_normal
0.03142174382655073,0.06606805854691881,0.06778621655214331,0.6380513810139714,-0.1039125391455041,0.16675602679860557,0,30,non_normal
0.028530915748671677,0.06781707107249084,0.05237609752326653,0.6771827578384323,-0.11038605697185422,0.16744788846919756,0,30,non_normal
0.06425268232037402,0.06602277847944758,0.05146589196253315,0.3387920375985436,-0.07098884863809175,0.19949421327883982,0,30,non_normal
-0.0007068354970715968,0.0611285743001536,0.06084751758379051,0.9908561874054608,-0.12592304366126744,0.12450937266712425,0,30,non_normal
-0.051727969858997885,0.07053784057917098,0.07918525129388758,0.4694491124144038,-0.1962181862681861,0.09276224655019033,0,30,non_normal
-0.013452993473236228,0.06426085823378926,0.07043513638480985,0.8356909448294779,-0.14508539441722185,0.1181794074707494,0,30,non_normal
-0.05574681975653054,0.07497580059353394,0.07697855474087469,0.4633542137467075,-0.20932778515414155,0.09783414564108048,0,30,non_normal
0.030213170382702253,0.05919451582618571,0.05619393417015822,0.6137683513782661,-0.09104129859076816,0.15146763935617266,0,30,non_normal
0.01933884244813059,0.061389004259938144,0.05943251439259325,0.7550812463949983,-0.10641083230562537,0.14508851720188654,0,30,non_normal
-0.04447513683556253,0.06266124442496217,0.056132728261456134,0.483715563509609,-0.17283087742943246,0.08388060375830739,0,30,non_normal
-0.04027202451741454,0.07641515785846219,0.06958615903451963,0.6023332650673752,-0.19680137961609945,0.11625733058127036,0,30,non_normal
0.11326055458885952,0.05383051655959365,0.059827498733347466,0.04448326489196583,0.0029937400216607235,0.2235273691560583,1,30,non_normal
0.08189759346005679,0.06279446084270213,0.06923649647539427,0.20277955796216005,-0.046731028595316054,0.21052621551542963,0,30,non_normal
0.04880293790758573,0.07427407290591338,0.07383563049990759,0.5165037188359385,-0.10334060348310788,0.20094647929827936,0,30,non_normal
0.016390963677359812,0.0645187619701468,0.05641312948056659,0.801313644766388,-0.11576972912207628,0.1485516564767959,0,30,non_normal
-0.03146343060161538,0.06109710976534559,0.050480742298784194,0.6106128646999338,-0.15661518658799722,0.09368832538476646,0,30,non_normal
0.13317606209115151,0.06734839165044318,0.07851163084885199,0.057914260111541084,-0.004780864354039488,0.2711329885363425,0,30,non_normal
-0.03766735864211192,0.06034301940564649,0.0833752278666311,0.5375359572318862,-0.1612744305501272,0.08593971326590337,0,30,non_normal
-0.0444555154878274,0.05610411891186864,0.0510943337258614,0.4348044017058442,-0.15937959335102872,0.07046856237537394,0,30,non_normal
-0.01131756529465508,0.054692652276600515,0.053917086798265776,0.8375618263896303,-0.1233503848217675,0.10071525423245734,0,30,non_normal
-0.026795519170947624,0.06000507325720686,0.052701689593671594,0.6586316820062368,-0.14971033977495696,0.09611930143306172,0,30,non_normal
-0.0014093765030079516,0.0640930772349927,0.07749258630163926,0.9826122691016839,-0.13269809365080118,0.12987934064478526,0,30,non_normal
0.16436113023665097,0.06776028995544792,0.06892992976823824,0.021979433540406223,0.02556046836179493,0.303161792111507,1,30,non_normal
0.1855821027817248,0.05683539064831639,0.058638719382808464,0.0028852168500245667,0.06916008267099087,0.3020041228924587,1,30,non_normal
0.04424308624939165,0.05939142668038189,0.046947039656110405,0.4625150217869204,-0.07741473632411122,0.16590090882289452,0,30,non_normal
-0.07514123402610695,0.05861453093244058,0.06090375319285597,0.2103716915071538,-0.1952076578010965,0.044925189748882585,0,30,non_normal
-0.022165406039630357,0.06207950271104796,0.0485372524609834,0.7237323393988714,-0.1493295027520382,0.1049986906727775,0,30,non_normal
-0.03890349526218257,0.06690878130069386,0.05656053998460718,0.565595284529602,-0.17595992072733996,0.09815293020297483,0,30,non_normal
-0.007855585119189943,0.06163015587570657,0.051811996433037924,0.8994847134226103,-0.13409923656494138,0.1183880663265615,0,30,non_normal
0.010829394041938839,0.06282162193911733,0.05186786639445086,0.864376232220716,-0.1178548649973099,0.13951365308118757,0,30,non_normal
-0.10124250200328065,0.0743138614302756,0.07812172668786982,0.18394231763146313,-0.2534675464914393,0.05098254248487803,0,30,non_normal
-0.15342829784958703,0.06752432107731801,0.06739106136162822,0.030950996802841583,-0.2917455993892404,-0.015110996309933677,1,30,non_normal
0.17944299845737027,0.06472190786343825,0.1051754063137778,0.009780382830283724,0.04686618015928959,0.312019816755451,1,30,non_normal
0.014703444400481689,0.06723526759066573,0.08227761252579531,0.8284804571129434,-0.1230217579127523,0.15242864671371567,0,30,non_normal
-0.030633829263734237,0.06688927954491078,0.0748712630993162,0.6505025976659029,-0.167650307193068,0.10638264866559954,0,30,non_normal
-0.03825390051822308,0.058537869390686656,0.055854961736572964,0.5187714845743785,-0.15816329024358283,0.08165548920713668,0,30,non_normal
-0.0009588859833185026,0.06600545994309905,0.07114335816146095,0.9885122614560533,-0.1361649415282425,0.13424716956160548,0,30,non_normal
0.03286448011521609,0.063172622847816,0.03783183750353818,0.6069905687275257,-0.09653877169218761,0.16226773192261978,0,30,non_normal
-0.06408336981712713,0.06345990475427382,0.0882144745647478,0.32122679019983874,-0.1940750919334276,0.06590835229917334,0,30,non_normal
0.0890778652227912,0.06196332167059537,0.06496247152772969,0.16163305159255095,-0.03784824541661237,0.21600397586219477,0,30,non_normal
-0.015024185894194013,0.06614649679729558,0.06596800607838291,0.8219690020601708,-0.15051914233851052,0.12047077055012248,0,30,non_normal
-0.0067828920144552855,0.0722237458980134,0.060479245023472794,0.9258455191824686,-0.1547265289191509,0.14116074489024033,0,30,non_normal
0.04237677849217463,0.056905291166857684,0.05179493959012641,0.46266437984779507,-0.07418842633995446,0.15894198332430373,0,30,non_normal
0.028362926102502736,0.06153652726089865,0.058706379711082494,0.6484219037505475,-0.0976889358199998,0.15441478802500527,0,30,non_normal
0.043503801051640235,0.06543016443078244,0.054019898516823005,0.511561032408276,-0.09052381505721166,0.17753141716049212,0,30,non_normal
-0.02142230626320086,0.07236932115125752,0.06811430378483604,0.7694040351424253,-0.16966414055631038,0.12681952802990867,0,30,non_normal
-0.03338673149002768,0.06301500172823304,0.06427406411258024,0.6004118171753752,-0.1624671110703799,0.09569364809032452,0,30,non_normal
-0.07327670569054556,0.06838407512970315,0.07705152531081412,0.29307346300875226,-0.21335513357129204,0.06680172219020092,0,30,non_normal
0.03763609716027844,0.07184926074005507,0.08138841183292178,0.604525453321086,-0.10954044167235902,0.1848126359929159,0,30,non_normal
-0.049156847717787444,0.060130979210261976,0.05706028331240136,0.4205471037289922,-0.17232957497522944,0.07401587953965454,0,30,non_normal
-0.04240587594271106,0.057486913604907854,0.06013643996185578,0.46685768483262746,-0.1601624803307705,0.07535072844534837,0,30,non_normal
0.14329172320300307,0.06446225565037614,0.06581708134650076,0.03447246722348121,0.011246778352541759,0.27533666805346435,1,30,non_normal
-0.025790893921288575,0.061166098167594087,0.049792753405108435,0.6764976965789467,-0.1510839662435373,0.09950217840096012,0,30,non_normal
0.07996108548553804,0.06010144566891168,0.09523072754627199,0.19410968063114417,-0.04315114505487948,0.20307331602595557,0,30,non_normal
0.04787790191900797,0.06351685640103981,0.06261598787482081,0.4572721394123308,-0.08223048035726495,0.1779862841952809,0,30,non_normal
0.060828251905784954,0.06010473952776834,0.0571396324509924,0.320186178042257,-0.062290725798638626,0.18394722961020854,0,30,non_normal
-0.033296586308278545,0.07007647033524006,0.08223903983392374,0.63836818889572,-0.17684172861478686,0.11024855599822976,0,30,non_normal
-0.03210384056417877,0.0648381535230922,0.07175011383076854,0.6243660633122562,-0.1649187773016973,0.10071109617333977,0,30,non_normal
0.0029147467819262557,0.06648174191998968,0.06850988479768688,0.9653408732120712,-0.13326692816596886,0.1390964217298214,0,30,non_normal
-0.023684006804660436,0.06227615255682874,0.06265479336586172,0.7065879468671883,-0.15125092246559857,0.10388290885627771,0,30,non_normal
0.10901712517761109,0.06075970803064643,0.05885259043057098,0.08358149280943715,-0.01544349468575891,0.23347774504098107,0,30,non_normal
-0.051934139926263855,0.06765089681565734,0.0548453386762074,0.4491040233585393,-0.1905107201123095,0.08664244025978177,0,30,non_normal
0.012117181433423531,0.07120762949837108,0.07365754797597279,0.8661024821544971,-0.1337450353813495,0.15797939824819654,0,30,non_normal
0.011955491354174196,0.06982535925451765,0.053889688587926164,0.8652822346811525,-0.13107527322119839,0.1549862559295468,0,30,non_normal
-0.04252709386460296,0.06123006110056595,0.05235377694921366,0.4930632014386517,-0.1679511883155614,0.08289700058635549,0,30,non_normal
-0.01740314839606384,0.06492613561384293,0.059073110842234614,0.7906292653489384,-0.15039830827662626,0.11559201148449856,0,30,non_normal
-0.023013733062060976,0.07359761793469238,0.0657088204518704,0.7568282313076906,-0.1737716192586026,0.12774415313448065,0,30,non_normal
-0.07777017744466123,0.06168788927635728,0.06290903339955453,0.2178200303391644,-0.20413209040062574,0.04859173551130326,0,30,non_normal
0.09050634789447815,0.05465221594606295,0.04287870896880485,0.1088796891029908,-0.021443641564373117,0.2024563373533294,0,30,non_normal
0.07816078760089143,0.06261912832303335,0.052367978405039935,0.22229733956101855,-0.05010868206900293,0.2064302572707858,0,30,non_normal
-0.050480150229788565,0.0663326030234549,0.08009451852481167,0.4530095598984418,-0.18635632799690238,0.08539602753732524,0,30,non_normal
-0.03232870123265037,0.06475963182903892,0.05127695510657917,0.6215308465894703,-0.16498279357128431,0.10032539110598356,0,30,non_normal
0.03179612379734516,0.062102043480247664,0.0618158694501757,0.6126672788877889,-0.09541414558767293,0.15900639318236326,0,30,non_normal
-0.021985621187407635,0.06817634524581928,0.08357024673674981,0.749483484861214,-0.16163853369044207,0.11766729131562681,0,30,non_normal
-0.049829501420107836,0.06305313545391097,0.06061670408951661,0.4360079039656105,-0.178987994396482,0.07932899155626633,0,30,non_normal
0.08560206675779052,0.07749238668783186,0.09341049868464328,0.27871321390430626,-0.07313389156832296,0.244338025083904,0,30,non_normal
-0.08307666068616955,0.0626199978788384,0.07672373727159149,0.1953337950336727,-0.21134791156038518,0.04519459018804607,0,30,non_normal
-0.01703755052945468,0.06741338427619567,0.06204661699954502,0.8023211812415139,-0.1551276083334011,0.12105250727449174,0,30,non_normal
0.04501289229880539,0.07253339514668615,0.06729665329536597,0.5398938359637686,-0.10356503233832301,0.1935908169359338,0,30,non_normal
0.08445428269753472,0.06112984520605961,0.057631331693178696,0.17803372881914623,-0.040764528799395544,0.20967309419446498,0,30,non_normal
-0.001510293128956652,0.05984482348564592,0.05374171457005841,0.9800450718991986,-0.1240968569564295,0.1210762706985162,0,30,non_normal
0.03965015471442946,0.06792522827201072,0.0407978756763733,0.5640736071625163,-0.09948836798602953,0.17878867741488844,0,30,non_normal
-0.10239991405872496,0.06143395502270235,0.06314971407605335,0.10669743627666087,-0.22824166627595627,0.023441838158506353,0,30,non_normal
0.05362224568798793,0.06689905607627923,0.08132623510022703,0.42956939089454105,-0.08341425855802298,0.19065874993399884,0,30,non_normal
0.08138312363032217,0.06312636362754252,0.055718507990783324,0.2078742367518038,-0.04792537045989946,0.2106916177205438,0,30,non_normal
-0.07944352885042943,0.07107631509495363,0.06763671508222932,0.2731847931505087,-0.22503676030342157,0.0661497026025627,0,30,non_normal
-0.10928179396018438,0.06238462731638351,0.06187519189921621,0.09076599428569548,-0.237070910093299,0.01850732217293026,0,30,non_normal
-0.04578512989144656,0.06722133259738565,0.05772702483941431,0.5013964353538626,-0.18348178766492476,0.09191152788203164,0,30,non_normal
0.13475871516116406,0.06037748569109686,0.051260930519527806,0.03379972199599813,0.011081042267881092,0.258436388054447,1,30,non_normal
0.020484964526461702,0.07261211901136821,0.07918565377310445,0.7799301799561252,-0.12825421863731118,0.16922414769023458,0,30,non_normal
0.09558550212590362,0.06164708060012259,0.0725641708925715,0.1322454791868155,-0.03069281804621453,0.22186382229802176,0,30,non_normal
0.09851964767298549,0.06427955761818765,0.055471025727653465,0.13657828803978606,-0.033151057223548996,0.23019035256951997,0,30,non_normal
0.03105726250653004,0.06566742710429979,0.04951184338545742,0.6399166110977028,-0.10345636415723625,0.16557088917029633,0,30,non_normal
-0.08331048119585124,0.06565498228470634,0.06273113417654823,0.21491948111698014,-0.21779861580228393,0.05117765341058145,0,30,non_normal
0.012242599589286973,0.06393299256141702,0.06036740939782321,0.8495227245717332,-0.11871819896986185,0.1432033981484358,0,30,non_normal
0.021958836050253214,0.06488414230058752,0.06820132717265451,0.7375627578082093,-0.11095030442752916,0.15486797652803558,0,30,non_normal
-0.13874471821772238,0.05484994823034056,0.05267100685568717,0.017331829466166564,-0.2510997438998514,-0.026389692535593368,1,30,non_normal
0.04996769622285821,0.0649431251292421,0.05255129227989362,0.44809413153192645,-0.08306226510238349,0.1829976575480999,0,30,non_normal
0.014117236132047437,0.06375429897106805,0.06176893071646411,0.8263631167499458,-0.11647752520043753,0.1447119974645324,0,30,non_normal
0.0299177498037612,0.07831618584114043,0.10956567546496074,0.7053362771123053,-0.13050568459139444,0.19034118419891682,0,30,non_normal
-0.061520818722654635,0.05945275603167356,0.0598274435160464,0.3096243387477261,-0.18330426877734501,0.06026263133203576,0,30,non_normal
-0.03420690412145396,0.07439306635666992,0.08249444691547582,0.6492009501946496,-0.18659419254650414,0.1181803843035962,0,30,non_normal
-0.030569223172940214,0.07017283046240876,0.05403641942773969,0.6664468959579686,-0.17431175025212517,0.11317330390624473,0,30,non_normal
-0.05735056620084149,0.06822632734332365,0.08752249906851511,0.40769724619556613,-0.19710586238936578,0.08240472998768282,0,30,non_normal
-0.05848477831231795,0.05985877899879931,0.05968959476105408,0.3369129771303897,-0.1810999287126016,0.06413037208796572,0,30,non_normal
0.07946877650727516,0.06393811536526409,0.0469691696522405,0.22421202529719012,-0.051502515639860025,0.21044006865441034,0,30,non_normal
0.06614439529005833,0.06286569134690706,0.05689040647900984,0.3017247722030965,-0.06263013583884156,0.19491892641895822,0,30,non_normal
-0.03167664772000451,0.0655414593346875,0.0583467559600037,0.6326357044353582,-0.16593224110486093,0.10257894566485193,0,30,non_normal
-0.04818142205078025,0.07080536287493917,0.058145639954848304,0.5017910321742668,-0.19321963304120948,0.096856788939649,0,30,non_normal
-0.005247558342003439,0.06358740477255023,0.06708240162625757,0.9348162788232648,-0.13550045240632033,0.12500533572231345,0,30,non_normal
0.03336054862707249,0.059468740534361665,0.0561017715209247,0.5792758664468579,-0.08845564419708227,0.15517674145122723,0,30,non_normal
-0.008922572161300102,0.06492458383874372,0.046514848490934055,0.8916745820982642,-0.14191455337466682,0.12406940905206662,0,30,non_normal
0.01794417688188477,0.08778331190730548,0.0913899161266831,0.8395082497039933,-0.16187178615947928,0.1977601399232488,0,30,non_normal
-0.05552044564683656,0.06937746066668449,0.060369148544660876,0.4302944360883255,-0.1976337315560917,0.08659284026241859,0,30,non_normal
0.0377235996481381,0.05923183579257682,0.04337953682055839,0.5293758029704874,-0.0836073158110194,0.15905451510729562,0,30,non_normal
0.06200595221913873,0.057193988736403696,0.06180192772569461,0.2875525838831951,-0.055150622776267345,0.17916252721454481,0,30,non_normal
0.08129910673133757,0.06264110962322447,0.05255243290281336,0.20492732254356813,-0.04701538959085423,0.20961360305352938,0,30,non_normal
0.06017911005290179,0.0604557857775771,0.046381316962221975,0.3280554758733647,-0.06365895329673048,0.18401717340253404,0,30,non_normal
0.08881634139534213,0.05963214639016736,0.0488645139490838,0.14755975319395223,-0.03333457315085618,0.21096725594154042,0,30,non_normal
0.05447680194417315,0.0627044406767459,0.0641872644728087,0.3923498530235022,-0.07396742216034935,0.18292102604869565,0,30,non_normal
0.06324877702203265,0.0615793720658726,0.06514910826941621,0.3131605506862658,-0.06289084850496733,0.1893884025490326,0,30,non_normal
-0.025010063275262742,0.07067397754154578,0.06828767176603713,0.7260802223577921,-0.16977914361044183,0.11975901705991633,0,30,non_normal
-0.053767447238777806,0.06425066256995124,0.06370196075457915,0.40976890034748825,-0.1853789633121423,0.0778440688345867,0,30,non_normal
0.044771947819903186,0.06316855178629811,0.048133559997223345,0.484327297946482,-0.08462296479601261,0.17416686043581897,0,30,non_normal
0.06731070997103428,0.07049050936212513,0.054210946207508014,0.34780508246120023,-0.07708255283512735,0.2117039727771959,0,30,non_normal
0.06386577396809254,0.0664510490858087,0.06539787061463591,0.34473120144452085,-0.07225302955906435,0.19998457749524942,0,30,non_normal
0.011791511708081626,0.05903637803890098,0.05865388331678676,0.8431329125474618,-0.10913902669252705,0.13272205010869031,0,30,non_normal
-0.054572283844539875,0.05815507631736177,0.056470445004292456,0.3560675385675891,-0.1736975575046712,0.06455298981559143,0,30,non_normal
0.019368636551491958,0.06512359964719903,0.06226683934009938,0.7683463099226524,-0.11403101006524477,0.15276828316822869,0,30,non_normal
0.0499389477497027,0.05914522471491823,0.07230206265762311,0.4056335335697524,-0.07121455295942039,0.1710924484588258,0,30,non_normal
0.06272724780615387,0.0591763123977298,0.06687014594919997,0.2982004847326021,-0.05848993313446231,0.18394442874677003,0,30,non_normal
-0.03207151545064557,0.07096491606612403,0.0781943977899048,0.6547975730281435,-0.17743655633739408,0.11329352543610294,0,30,non_normal
0.06526366785600882,0.06693470986287418,0.06573335304180837,0.33789208753051136,-0.07184586986109523,0.20237320557311286,0,30,non_normal
0.029374543696142244,0.08317315335226591,0.04204703144801713,0.7266036073641056,-0.14099793763627028,0.1997470250285548,0,30,non_normal
0.012683591562768395,0.055159978474125335,0.0547661820804662,0.819808498903417,-0.10030650228490187,0.12567368541043866,0,30,non_normal
-0.08674092032455587,0.06545173222321689,0.0857652104856083,0.1957961595666668,-0.22081271605346325,0.047330875404351505,0,30,non_normal
-0.01123206929553361,0.06724820512480302,0.05492930120544937,0.8685515084538863,-0.14898377294609164,0.12651963435502442,0,30,non_normal
0.0660118016809702,0.07012323165784709,0.04936150240457064,0.35456750116597346,-0.07762912685272613,0.20965273021466654,0,30,non_normal
0.03349829005507044,0.061751263284005216,0.06345939709595781,0.5917857871353556,-0.09299343867076429,0.15999001878090516,0,30,non_normal
0.03190435409220189,0.06308462606552505,0.05754442324318756,0.6169984085402513,-0.09731864447790203,0.1611273526623058,0,30,non_normal
0.10976093918032342,0.07219838548340007,0.10338416436949063,0.13965663208549287,-0.03813074926995935,0.2576526276306062,0,30,non_normal
0.06752582158104409,0.06893842790160856,0.06743785844517802,0.3357164531926745,-0.0736881464767474,0.20873978963883558,0,30,non_normal
0.010204213049327095,0.06402459377914795,0.07447189644370797,0.8745139408876258,-0.12094422209841893,0.1413526481970731,0,30,non_normal
0.02987276645188191,0.07226131749511609,0.07476375397355185,0.6824633179685252,-0.1181478323806475,0.17789336528441133,0,30,non_normal
-0.0121097208931733,0.06852443919557194,0.06471433901353518,0.8609994697712946,-0.15247567152889682,0.12825622974255022,0,30,non_normal
-0.07208119769084113,0.06337885926837,0.060899727235757935,0.2650494434787363,-0.20190690565500596,0.05774451027332368,0,30,non_normal
-0.002156818540418194,0.06436403983100049,0.06444291538388291,0.9735058863407038,-0.13400057740503316,0.12968694032419678,0,30,non_normal
-0.10434126684721363,0.06950519896858173,0.04543313724535184,0.1444974564043456,-0.24671621280635586,0.038033679111928606,0,30,non_normal
-0.021380831767261126,0.06832818379636635,0.06005025515311116,0.7566650248919587,-0.16134477144163603,0.11858310790711377,0,30,non_normal
0.01881791738828202,0.06221546321172501,0.052206507349295446,0.76453416047633,-0.10862468178471475,0.1462605165612788,0,30,non_normal
0.1046304636910812,0.06823596268909869,0.07688211385249671,0.13640924375727412,-0.03514456960854237,0.24440549699070477,0,30,non_normal
0.04540707463268418,0.06179572127283176,0.07513523440211844,0.4685753285113362,-0.08117572215497271,0.17198987142034106,0,30,non_normal
0.03808701128798672,0.0654983211793929,0.05638126856429896,0.5655586098473919,-0.09608021759148039,0.17225424016745383,0,30,non_normal
-0.01583299958043373,0.07740881907206805,0.05418189805204571,0.8394130879395811,-0.1743977774055938,0.14273177824472638,0,30,non_normal
0.0010053932160395927,0.061344970081914175,0.08152458906666793,0.9870401459543615,-0.12465408161296898,0.12666486804504817,0,30,non_normal
-0.10013067646748217,0.058812877642819006,0.10022423741900871,0.09973453938769536,-0.22060339506056245,0.02034204212559812,0,30,non_normal
-0.08529176576216634,0.056822063559625526,0.06999906777041998,0.14454079669534434,-0.20168648656924654,0.03110295504491388,0,30,non_normal
0.03237488438954341,0.06601927558534432,0.07682813994130412,0.6276822277848091,-0.10285947121562428,0.1676092399947111,0,30,non_normal
0.06376377091722762,0.07418381433960455,0.0785647373476301,0.39734362697611214,-0.0881948841816308,0.21572242601608604,0,30,non_normal
0.022688559782870567,0.06077375505851704,0.05742194630707518,0.7117158117193828,-0.10180083411271057,0.1471779536784517,0,30,non_normal
0.025644116420906183,0.062388857337561957,0.04374107524321166,0.6841745316505956,-0.10215366451780035,0.15344189735961272,0,30,non_normal
0.05096125488025712,0.061661625303963685,0.06253400630941303,0.41552705937130896,-0.07534685876708441,0.17726936852759867,0,30,non_normal
0.06485517480600211,0.06405712295619131,0.04506005085019108,0.3199885139492985,-0.06635989334031625,0.19607024295232048,0,30,non_normal
-0.04758889374267895,0.0652055335695629,0.060278663133476094,0.47155682766803964,-0.18115637439114113,0.08597858690578324,0,30,non_normal
-0.08955401597296266,0.05418350761159455,0.0667331802103743,0.10954452441005097,-0.2005438999320699,0.021435867986144594,0,30,non_normal
-0.04976522651316811,0.06330525240475747,0.06960246182504405,0.43840253491982384,-0.17944015765222388,0.07990970462588765,0,30,non_normal
0.0796201431954098,0.06351521231598439,0.05045288716627791,0.2203682543850147,-0.05048487132529386,0.20972515771611347,0,30,non_normal
-0.0017241822224127717,0.06323038550444669,0.0672830887264437,0.9784392010870189,-0.13124575546818787,0.12779739102336232,0,30,non_normal
-0.011891317728202372,0.06607559864671633,0.03499394796934116,0.8584759067760425,-0.14724104589453227,0.12345841043812752,0,30,non_normal
0.07301883571508316,0.06180416305767383,0.04758598845843515,0.24735982795999606,-0.05358125328493371,0.19961892471510004,0,30,non_normal
0.026897838794096886,0.06358499364848563,0.07107435151474789,0.6755107672127698,-0.10335011630646632,0.15714579389466007,0,30,non_normal
-0.04840873249331706,0.06279648500402994,0.0657573546046571,0.44723295008980657,-0.17704150085520995,0.08022403586857582,0,30,non_normal
-0.017137022253535545,0.06559541333084284,0.06636058151647051,0.7958092288041692,-0.151503135389445,0.11722909088237389,0,30,non_normal
-0.10417207833687625,0.07067599180967632,0.06750350747350238,0.15165311670216575,-0.2489452847132794,0.040601128039526896,0,30,non_normal
0.011758993160802901,0.07342146040063968,0.06327117016336872,0.8739068901198551,-0.13863805068490415,0.16215603700650993,0,30,non_normal
0.07201720106714588,0.05840924642091563,0.07416716223258998,0.22783656731353635,-0.047628716448335995,0.19166311858262775,0,30,non_normal
-0.012891318742691232,0.06271317310797746,0.06578772604746654,0.8386218500585363,-0.1413534304217137,0.11557079293633124,0,30,non_normal
0.03017613662146343,0.06734984687754118,0.04581054506049621,0.657564464714889,-0.10778377072130804,0.1681360439642349,0,30,non_normal
-0.10883911580300255,0.055534832331031146,0.05503948436800908,0.06003693869998352,-0.22259706296828818,0.004918831362283063,0,30,non_normal
-0.015508166460784734,0.07971337563985394,0.06312848849399308,0.847150654131056,-0.17879361441806857,0.1477772814964991,0,30,non_normal
-0.07567245419002207,0.06640798131422193,0.08593770860514478,0.26414597225512115,-0.21170303738627938,0.06035812900623526,0,30,non_normal
-0.09082085228145437,0.08614893994892016,0.060119429682277715,0.3007899001194632,-0.267288956130912,0.08564725156800329,0,30,non_normal
0.02215935845695167,0.06519971393067628,0.054434145456338665,0.7364916136346576,-0.11139620120165249,0.15571491811555582,0,30,non_normal
-0.0831895742718821,0.05752234291075884,0.07945349873193856,0.1592193708649609,-0.20101875230307553,0.03463960375931134,0,30,non_normal
-0.004122210527513947,0.05845327141477265,0.05935763612853184,0.9442798964344381,-0.12385830915483004,0.11561388809980214,0,30,non_normal
0.07753340521006886,0.06763065313301267,0.07894107036522638,0.26132281694904974,-0.0610017076718712,0.21606851809200894,0,30,non_normal
0.11037282532262524,0.059631752690103165,0.05761257396677103,0.07475913167577451,-0.011777282765549846,0.23252293341080033,0,30,non_normal
0.0837125550384329,0.06716776752731969,0.06697592925598622,0.22297363522018793,-0.05387437966297144,0.22129948973983726,0,30,non_normal
0.031834068026625605,0.06296424601002217,0.07256531497978952,0.6171019443498142,-0.0971423431780565,0.16081047923130773,0,30,non_normal
-0.11744645901995646,0.057526173797599306,0.07091361907403712,0.05071331667776459,-0.23528348426711332,0.00039056622720040624,0,30,non_normal
-0.0674712962888776,0.06098469384758754,0.041683635849714684,0.2779840642504899,-0.19239277870647242,0.057450186128717204,0,30,non_normal
-0.08682463513634514,0.06260853255795627,0.07777609706220223,0.17644957065945255,-0.21507240036538283,0.04142313009269255,0,30,non_normal
-0.005856011884676832,0.06451598929723135,0.05376158377653572,0.928322871323392,-0.13801102512111105,0.1262990013517574,0,30,non_normal
-0.06833861511197531,0.05243154973121383,0.0542575907121526,0.20305865514559515,-0.17573977603678625,0.03906254581283562,0,30,non_normal
0.020369313465108094,0.07859293925691846,0.10774088298422475,0.7973963314510377,-0.14062102460344347,0.18135965153365965,0,30,non_normal
-0.023866483230757175,0.06173811238428262,0.04792601499532782,0.7019922834770277,-0.1503312735596791,0.10259830709816474,0,30,non_normal
-0.05278600864552147,0.0625670603643427,0.06259997380967823,0.4060036026940812,-0.1809488219369752,0.07537680464593227,0,30,non_normal
-0.00916750701130938,0.07025658754653871,0.056166007480866004,0.8971148386193664,-0.1530816026998021,0.1347465886771833,0,30,non_normal
0.05890154789026282,0.06629773037095112,0.0434682202442181,0.38187319376536455,-0.0769031964864089,0.19470629226693453,0,30,non_normal
0.020935492423032505,0.05923916203980367,0.0616196281408422,0.7264309277561497,-0.10041043017326706,0.14228141501933206,0,30,non_normal
-0.02301002943473632,0.06307916417294226,0.036344460779635365,0.7180162701608146,-0.15222183982506593,0.1062017809555933,0,30,non_normal
0.03615580769113941,0.06342665491168065,0.06550036678560923,0.5731957157227674,-0.09376780521012962,0.16607942059240843,0,30,non_normal
0.13953471370981307,0.06053151304707747,0.05045853492989692,0.02878198051167122,0.015541530080507585,0.2635278973391186,1,30,non_normal
0.04711734758786471,0.07114772071197396,0.0813447530677564,0.5132274639476769,-0.09862215164099616,0.19285684681672557,0,30,non_normal
-0.059166718568091456,0.05919294402843267,0.08161475004262962,0.32608539162944505,-0.1804179678598191,0.06208453072363618,0,30,non_normal
-0.07364167146791807,0.0701012373438791,0.0590827737181137,0.3024688494893355,-0.2172375466918035,0.06995420375596735,0,30,non_normal
0.08402508991928802,0.06992177741561341,0.07484232194272572,0.23954506254940006,-0.05920317830587189,0.22725335814444791,0,30,non_normal
0.017074206311743445,0.06540388315917102,0.04722656174836725,0.795958372111167,-0.11689957505264417,0.15104798767613106,0,30,non_normal
-0.0040911153670819475,0.06555663878743051,0.07603394365412015,0.9506830245225955,-0.13837780245134573,0.13019557171718182,0,30,non_normal
0.014916140061136927,0.058895478991041694,0.033398162529814,0.8019140721657432,-0.10572577972356464,0.1355580598458385,0,30,non_normal
0.03898026826041205,0.06863764535455365,0.07968458497375644,0.5746197430123579,-0.1016175746798648,0.1795781112006889,0,30,non_normal
-0.19057028936874054,0.06667049306360222,0.07599294740111691,0.007949160019423975,-0.3271386035072336,-0.05400197523024747,1,30,non_normal
-0.04430500989427662,0.061575770804681386,0.06306050770227041,0.477783552954138,-0.17043725857213304,0.08182723878357982,0,30,non_normal
-0.062268975756442316,0.08379637923332008,0.0988646539261806,0.4636116613208193,-0.23391807743455784,0.10938012592167322,0,30,non_normal
0.09567881102093523,0.06650083283364429,0.05978791176554653,0.16130361177860625,-0.04054196989083339,0.23189959193270385,0,30,non_normal
-0.03324821972549987,0.0661297411143122,0.06992216256509338,0.6190560284244926,-0.16870885370912758,0.10221241425812783,0,30,non_normal
-0.023841656572756706,0.07206497836141418,0.059716104389823256,0.7432317899268954,-0.17146007292159726,0.12377675977608384,0,30,non_normal
0.05490343479767583,0.0689855024310933,0.06613651956516826,0.43280399014656123,-0.08640696106250888,0.19621383065786052,0,30,non_normal
-0.005293209295883324,0.06009975259010225,0.045972608575552416,0.9304449806568164,-0.128401971721576,0.11781555312980935,0,30,non_normal
0.05707509022606168,0.060320087102607216,0.06750025349400847,0.35213937780648374,-0.06648500698863014,0.1806351874407535,0,30,non_normal
-0.06992066333451841,0.0735764451646877,0.06535652390526968,0.35008446144219396,-0.22063517907777083,0.08079385240873402,0,30,non_normal
0.09277226531382174,0.058486442412439936,0.04320350973579626,0.12392014940762457,-0.02703178102201649,0.21257631164965995,0,30,non_normal
-0.031065362754093814,0.06384059835842772,0.0416547421311057,0.630323279934682,-0.16183690036797888,0.09970617485979126,0,30,non_normal
0.02747021807645349,0.06970652750095103,0.051266939341029216,0.6965045076254344,-0.1153171306862412,0.1702575668391482,0,30,non_normal
0.05879695666600922,0.06267881828396553,0.05389324231209761,0.3562316192610274,-0.06959478234615209,0.18718869567817054,0,30,non_normal
-0.07098236889287236,0.06899963940340006,0.07423479652407768,0.3124092726255202,-0.2123217230280936,0.07035698524234886,0,30,non_normal
-0.09879094663878385,0.05645218066164945,0.053516523504192046,0.09107259706770852,-0.21442799667602194,0.016846103398454243,0,30,non_normal
-0.05706099060125372,0.07405604463363266,0.07487457330886649,0.44744988403202623,-0.20875792132189422,0.09463594011938678,0,30,non_normal
-0.07219203899255902,0.07173319731938754,0.08436670309797396,0.3228433615590637,-0.21913083268539993,0.07474675470028189,0,30,non_normal
0.0014068172646332956,0.05635645320123349,0.046683049711245234,0.980261662138737,-0.11403414395902284,0.11684777848828942,0,30,non_normal
0.07207592166605262,0.061246823998262395,0.054200474744261706,0.24917867727889811,-0.05338251002426442,0.19753435335636965,0,30,non_normal
-0.11727280810391569,0.05932181860716638,0.06041592044263268,0.05797707606627358,-0.2387880450031173,0.004242428795285913,0,30,non_normal
-0.006228217982855831,0.06746740495387435,0.04895599776340898,0.9271055241764361,-0.14442893212876387,0.1319724961630522,0,30,non_normal
-0.03908215336711507,0.06567395074423553,0.054614410440558286,0.5565601792044842,-0.1736091431015162,0.09544483636728607,0,30,non_normal
0.007341418467404777,0.057888787249216124,0.06463783773582939,0.899989726312877,-0.111238386763755,0.12592122369856454,0,30,non_normal
-0.01788930514165664,0.06402284720417403,0.0917684970312407,0.7819757123322877,-0.14903416259275243,0.11325555230943914,0,30,non_normal
0.04683766112585552,0.06510059535200151,0.061282672243566476,0.47781644077368235,-0.08651486332830663,0.18019018558001768,0,30,non_normal
0.0009038669020740644,0.06697519997729177,0.07464872377520497,0.9893281413028813,-0.13628861105457507,0.13809634485872319,0,30,non_normal
-0.07266360807192644,0.06102327789810427,0.04817438634258337,0.24374812773924415,-0.19766412633415908,0.052336910190306216,0,30,non_normal
-0.011850290713570653,0.059763227420976006,0.055325366318029014,0.8442529325794836,-0.13426971257943127,0.11056913115228997,0,30,non_normal
-0.053108663662019044,0.062036777396393135,0.05260259001812338,0.39921873984989265,-0.18018524153475252,0.07396791421071441,0,30,non_normal
0.060051188650550355,0.06301608481739282,0.06603911646149209,0.3487700584770277,-0.06903140953737195,0.18913378683847265,0,30,non_normal
0.03764211412970001,0.06508127350333519,0.06694407631392064,0.5676268243193143,-0.09567083131166138,0.17095505957106139,0,30,non_normal
-0.09196831590093846,0.0621119438232207,0.056323751169901924,0.14985599500108115,-0.21919886521920875,0.03526223341733184,0,30,non_normal
-0.016786097356887478,0.06121806595129989,0.06420632306160923,0.7859424767417457,-0.14218562085842246,0.10861342614464749,0,30,non_normal
-0.005153410085590364,0.0626352433816903,0.056742859832507445,0.9350121789453419,-0.13345588995672808,0.12314906978554735,0,30,non_normal
0.0017555118681606193,0.059366167346322905,0.04423256896750608,0.9766190333079908,-0.11985056930505884,0.12336159304138007,0,30,non_normal
0.10061987284960572,0.06195859520419685,0.06908095022732974,0.11558489240962364,-0.026296556062271687,0.22753630176148312,0,30,non_normal
0.018476983154789888,0.06367276358058961,0.04296984241364285,0.7738118064231767,-0.11195076050152998,0.14890472681110975,0,30,non_normal
-0.0009653293998196401,0.07385097910022038,0.07180538970915833,0.9896635901268982,-0.15224220241728237,0.1503115436176431,0,30,non_normal
0.00918454798045526,0.05948796168983484,0.05902388998160749,0.8784070701935062,-0.1126710175958443,0.13104011355675482,0,30,non_normal
-0.047997826155008305,0.07179484972252181,0.06764966380513508,0.5092625451652408,-0.19506290907073828,0.09906725676072167,0,30,non_normal
0.05831346394098378,0.07213669044340772,0.053008549600374585,0.425690313145454,-0.08945184794876532,0.20607877583073286,0,30,non_normal
-0.013791277950780507,0.05681083613734459,0.05515786614138543,0.8099624848554581,-0.1301630004258765,0.1025804445243155,0,30,non_normal
-0.06326379148006206,0.061558799976001666,0.05596350045579861,0.31288904421160113,-0.18936127699124877,0.06283369403112465,0,30,non_normal
0.07436558742991466,0.06979902113494875,0.06568172325594371,0.29578539923030545,-0.06861122595323153,0.21734240081306083,0,30,non_normal
-0.1308316439593294,0.0731394271591625,0.08741431388153142,0.08447269802883406,-0.2806509688989709,0.018987680980312116,0,30,non_normal
-0.00817454732291169,0.06617516121369899,0.036990559255748984,0.9025707427401812,-0.14372822016250433,0.12737912551668093,0,30,non_normal
0.08941423804264027,0.06393972681005154,0.04298842981706885,0.1729672517791003,-0.04156035499950615,0.22038883108478668,0,30,non_normal
0.10006548442000843,0.06675715471729086,0.07502880445336572,0.14507833646228957,-0.03668034806882026,0.2368113169088371,0,30,non_normal
-0.0488949628335407,0.05799758479960641,0.057662291064724314,0.40634395576600235,-0.16769762974392977,0.06990770407684835,0,30,non_normal
0.047170536566050705,0.05868030236623162,0.05622237806492634,0.4282521197954319,-0.0730306138836425,0.1673716870157439,0,30,non_normal
0.04917621455501758,0.07293268435565935,0.08706273796509581,0.5056697791397508,-0.10021961694941328,0.19857204605944845,0,30,non_normal
-0.004707234881582999,0.05325702828287565,0.05812380771577257,0.9301981564928482,-0.11379931196701679,0.1043848422038508,0,30,non_normal
-0.06033222169167256,0.0673034030486737,0.0557163845633442,0.3776704031975958,-0.1981969931636996,0.07753254978035447,0,30,non_normal
-0.02060035780476087,0.062175365309731376,0.05105407961527453,0.742864791955709,-0.1479608201489429,0.10676010453942116,0,30,non_normal
-0.06521301842050542,0.061060814714999745,0.04681337283535988,0.29464182372881853,-0.19029042736654703,0.05986439052553619,0,30,non_normal
-0.1501023330017072,0.06840671512998531,0.07079959087331966,0.03667744981188819,-0.2902271368207219,-0.009977529182692513,1,30,non_normal
-0.01781164788152482,0.06913121708114892,0.08434241073479662,0.7985613497334215,-0.15942052667154763,0.12379723090849801,0,30,non_normal
0.03597413511093479,0.06728894229388213,0.050807691626429605,0.5971315911124144,-0.10186101484770142,0.173809285069571,0,30,non_normal
-0.07931543131983251,0.062187792755309494,0.05886139105536408,0.21264208602581972,-0.20670135013229102,0.04807048749262599,0,30,non_normal
-0.016592807419887282,0.06875714937927645,0.04000256175000811,0.8110618993645645,-0.1574354432578796,0.12424982841810503,0,30,non_normal
-0.0048252705152945965,0.08255842015875263,0.05914917872910949,0.9538079191576359,-0.17393852798381593,0.16428798695322672,0,30,non_normal
-0.06790842504088478,0.054142035075635,0.04972334525215201,0.22011608953857154,-0.17881335636114412,0.04299650627937457,0,30,non_normal
-0.007468816868172589,0.06685107948802306,0.06640052548082459,0.9118399510442271,-0.14440704552816055,0.1294694117918154,0,30,non_normal
0.0730918009273232,0.07121694227374031,0.050186947387965135,0.3135232400615844,-0.07278949224302608,0.2189730940976725,0,30,non_normal
-0.1072702669684194,0.06542552761308276,0.05785971218621191,0.1122817798271435,-0.24128838498678007,0.026747851049941263,0,30,non_normal
0.11162055316832628,0.061703835037956525,0.04592148531922662,0.08120545927828744,-0.014774023199579489,0.23801512953623205,0,30,non_normal
0.042983191905390176,0.057255046751889985,0.05744821239888705,0.45907706146992666,-0.07429845476500185,0.16026483857578222,0,30,non_normal
0.013645613559578051,0.05938782067829549,0.05376465788591753,0.8199398302989472,-0.10800482245349771,0.13529604957265381,0,30,non_normal
-0.029197361028046466,0.05869006055055314,0.06781924281610947,0.6227322637823067,-0.14941850021219483,0.09102377815610191,0,30,non_normal
0.09343462783476711,0.06844798280437456,0.06878793995288683,0.18310749205785987,-0.046774708983191804,0.23364396465272602,0,30,non_normal
0.03770058802158297,0.0563451033961263,0.046887136950260075,0.5089105932465778,-0.0777171241802336,0.15311830022339953,0,30,non_normal
-0.005005871842067328,0.06795230102586128,0.05498133823960446,0.9417987717222023,-0.14419985056486187,0.13418810688072721,0,30,non_normal
-0.04547165075414242,0.06170008627286085,0.06947085485117195,0.46726616494053974,-0.1718585481248533,0.08091524661656846,0,30,non_normal
-0.09675076827891765,0.06654000075234011,0.060060051435640686,0.1570579057356774,-0.23305178103507204,0.039550244477236735,0,30,non_normal
-0.02026772567105948,0.06321387726673058,0.04872164651571534,0.750877964839636,-0.14975548332479843,0.10922003198267949,0,30,non_normal
0.08732973584130063,0.06141161308437022,0.061201617671998734,0.16605940939989647,-0.038466250989889594,0.21312572267249086,0,30,non_normal
0.021315459823009694,0.05563992032496663,0.06843394256153876,0.7045413374809166,-0.09265775033957031,0.1352886699855897,0,30,non_normal
-0.05567104286307005,0.0688567539338437,0.041082371343814324,0.4256163749121473,-0.19671770938199323,0.08537562365585315,0,30,non_normal
0.0417941008951507,0.06538408712532172,0.06615222836565636,0.5278821258483776,-0.09213913013212077,0.17572733192242218,0,30,non_normal
-0.03183289881048065,0.07168158281461079,0.07526074702305999,0.6603925690329131,-0.17866596498311663,0.11500016736215532,0,30,non_normal
-0.1224482763190006,0.05425215924929337,0.05405337174819483,0.0319981068011784,-0.23357878678306604,-0.011317765854935144,1,30,non_normal
-0.007353263576045484,0.07065663481387463,0.06375397292760544,0.9178553669519691,-0.15208681894400475,0.13738029179191377,0,30,non_normal
-0.036899456706672926,0.05994894456312099,0.06282882643161178,0.5431859820429819,-0.15969930289285714,0.08590038947951129,0,30,non_normal
0.06802287832327682,0.07728495010126679,0.06838378734399982,0.3862665198873737,-0.09028816541744715,0.22633392206400077,0,30,non_normal
-0.0005081960887835246,0.06765126005924903,0.06675025208323089,0.9940596169116016,-0.13908552034559657,0.13806912816802952,0,30,non_normal
0.05889898398037277,0.06478227186525073,0.04620004702760928,0.37101314534681473,-0.07380148437012793,0.19159945233087347,0,30,non_normal
0.04559098159646321,0.05885108195692151,0.01903294807280875,0.4450195386850183,-0.07495999498647204,0.16614195817939845,0,30,non_normal
0.043064883158896686,0.06465663312944968,0.06530745977992937,0.5108265673682602,-0.08937822590790302,0.1755079922256964,0,30,non_normal
-0.14426235950818453,0.060905389953101643,0.048556180317817894,0.024989997183098578,-0.26902139526194224,-0.019503323754426816,1,30,non_normal
0.0317942601032566,0.06366765829426264,0.06305655789718853,0.6214141524842776,-0.0986230258480902,0.16221154605460342,0,30,non_normal
0.08389574385446294,0.07176357408960964,0.08236201104129785,0.25223708230352915,-0.06310527383144557,0.23089676154037145,0,30,non_normal
-0.019238743419172793,0.06279885183452528,0.0576845043688982,0.7616008580230438,-0.14787636001355575,0.10939887317521017,0,30,non_normal
0.02220664915820917,0.058365779627402706,0.05292407687599282,0.7064649630878244,-0.0973502306670099,0.14176352898342823,0,30,non_normal
0.03843398223845861,0.06277509805812992,0.062357336050188804,0.5453134781599356,-0.09015497695071145,0.1670229414276287,0,30,non_normal
-0.015799817912278996,0.06474819177295041,0.07230708358607382,0.8089949518469051,-0.14843047635831869,0.1168308405337607,0,30,non_normal
-0.016415409711461607,0.06168081701276458,0.06630811006098719,0.7920854114608159,-0.14276283579217416,0.10993201636925096,0,30,non_normal
0.034851008252438184,0.07139307296929162,0.06559412000585983,0.6292399435275766,-0.11139107229256777,0.18109308879744412,0,30,non_normal
0.1069105221923232,0.06914767954475373,0.054420407543656055,0.13330492268147826,-0.03473207842571925,0.24855312281036568,0,30,non_normal
-0.08306235460456314,0.059909303279748076,0.05434607222482108,0.17654544822586007,-0.20578099930277632,0.03965629009365006,0,30,non_normal
0.03173421367502015,0.06597802112526617,0.057596534200142116,0.6342668817957005,-0.10341563599949256,0.16688406334953287,0,30,non_normal
-0.039929338597944695,0.06633020916847061,0.0690825522685274,0.5520325002821438,-0.17580061277541228,0.09594193557952288,0,30,non_normal
0.07946755815346983,0.07076206919264641,0.07758289993196096,0.2709643256395688,-0.0654819697489563,0.22441708605589594,0,30,non_normal
-0.032504033133088577,0.0617016820403152,0.06638073633550776,0.6024860170783537,-0.1588941992852496,0.09388613301907242,0,30,non_normal
-0.022531551907027627,0.07240555446044032,0.08559357621002107,0.7579647286986626,-0.17084760676943808,0.12578450295538282,0,30,non_normal
-0.08845617574154888,0.05608563812059034,0.05997226151145913,0.12599060948046054,-0.20334239741990973,0.026430045936811974,0,30,non_normal
-0.02288030531541623,0.0612040448941153,0.05814591668786382,0.7113418565591227,-0.14825110798327876,0.10249049735244628,0,30,non_normal
0.0687290497916983,0.07265522302969431,0.06582451731649112,0.35226070374192797,-0.08009842795105382,0.21755652753445043,0,30,non_normal
-0.04850579097569233,0.07496398559884103,0.07221944903486803,0.522866311584133,-0.20206255445379412,0.10505097250240947,0,30,non_normal
0.17558759663815984,0.05978138647250381,0.0521340242373863,0.006558234046928083,0.053130977641461435,0.2980442156348583,1,30,non_normal
-0.08512222309372061,0.06738934906374316,0.08255115340749321,0.21695607415650603,-0.22316304699682477,0.05291860080938354,0,30,non_normal
-0.009902258516977333,0.06906278930546773,0.0625082364367102,0.8870165725872848,-0.15137096936259764,0.131566452328643,0,30,non_normal
-0.020369569603741124,0.06635570178434175,0.05558787971082428,0.7611335290081591,-0.15629306303762217,0.11555392383013993,0,30,non_normal
0.009181679376205603,0.06210048705974445,0.06269959416246589,0.8835191795651622,-0.11802540182593806,0.13638876057834926,0,30,non_normal
0.02864591033567184,0.06946935719623473,0.07362126190968367,0.6832207713949441,-0.1136556170810202,0.1709474377523639,0,30,non_normal
-0.018117366481282683,0.08470571141420455,0.07338017398273011,0.8321858580737159,-0.1916291506929862,0.15539441773042084,0,30,non_normal
-0.047407432756938844,0.06498200244733492,0.057238027770837495,0.47172649834255465,-0.18051703065821573,0.08570216514433804,0,30,non_normal
0.05285749379135739,0.07039094984723725,0.08088788957601571,0.4589696946430023,-0.09133183059347423,0.19704681817618902,0,30,non_normal
-0.00063663591122721,0.06396612165138366,0.06114674892290733,0.9921295975176329,-0.13166529633486487,0.13039202451241047,0,30,non_normal
0.04919449964203562,0.06521079368165975,0.05839601546152167,0.4569121143888848,-0.08438375585761237,0.18277275514168362,0,30,non_normal
-0.07367223341330727,0.06045205569902139,0.058499056449122365,0.233131029567749,-0.19750265604338657,0.05015818921677202,0,30,non_normal
-0.08827834250570055,0.07479604754556696,0.0719018096533243,0.2478291893695443,-0.24149110047609654,0.06493441546469544,0,30,non_normal
-0.058641472041777984,0.06604504725691238,0.06583075037993713,0.38215796362770904,-0.19392861852304166,0.07664567443948571,0,30,non_normal
0.07118048364161265,0.07044342775329081,0.07098131250315431,0.3209262900377514,-0.07311633686076553,0.21547730414399086,0,30,non_normal
0.053991696032070734,0.06722381106815675,0.06454960692054271,0.42864596160473634,-0.08371003865863572,0.1916934307227772,0,30,non_normal
-0.07191016151698086,0.06387194846352984,0.0660873026348652,0.26978721611614936,-0.20274591691005317,0.058925593876091434,0,30,non_normal
-0.008558795722944672,0.07198063565385435,0.07485279935600839,0.9062002830553965,-0.1560044438672613,0.13888685242137194,0,30,non_normal
-0.05021784235426907,0.06689040285825598,0.07388759278069011,0.45906748950264464,-0.18723662128668164,0.0868009365781435,0,30,non_normal
0.01696997716184282,0.0649339831238917,0.07457871235608393,0.7957415647451279,-0.1160412576143488,0.14998121193803443,0,30,non_normal
-0.09098352942401909,0.058932866118269825,0.05361801293455743,0.1338526821558233,-0.21170203326714598,0.029734974419107787,0,30,non_normal
-0.03081630799327169,0.06954187069665327,0.042488060853331844,0.6610744261490843,-0.17326637258209765,0.11163375659555426,0,30,non_normal
-0.035123471744092305,0.0687789856496682,0.06205203692744305,0.6135839844238964,-0.17601083715430524,0.10576389366612063,0,30,non_normal
0.030536002320310673,0.0654613268624572,0.08719699937658303,0.6444853739233105,-0.10355544713613951,0.16462745177676086,0,30,non_normal
0.011937385919752744,0.06685794983846763,0.06938571333598106,0.8595778658226161,-0.12501491601515252,0.148889687854658,0,30,non_normal
-0.036493534255155974,0.061921771691426694,0.08051395240733462,0.5603528035002698,-0.163334533620489,0.09034746511017705,0,30,non_normal
-0.016066989498606465,0.06335710250581465,0.050109292646335186,0.8016619961935814,-0.14584813075497055,0.11371415175775762,0,30,non_normal
-0.07515180452207093,0.0661337585966327,0.08714876265495634,0.2654382851389172,-0.21062066794517598,0.060317058901034115,0,30,non_normal
-0.037849495083886825,0.07203868608642365,0.05202918708888928,0.6034378610658053,-0.18541405414886272,0.10971506398108907,0,30,non_normal
0.11010697982038853,0.06328058912793223,0.07904944808356758,0.09284496229689547,-0.01951743088627833,0.2397313905270554,0,30,non_normal
-0.025098197749819647,0.06052091536905222,0.06219842040263475,0.6815196606766203,-0.14906967301977175,0.09887327752013247,0,30,non_normal
0.055987911232108514,0.06278936030141563,0.06232795632817754,0.38016434609775196,-0.07263026283806605,0.18460608530228306,0,30,non_normal
-0.11050088047900464,0.06767630442116085,0.054694729511818585,0.11371099901246307,-0.24912950578561957,0.028127744827610296,0,30,non_normal
0.041124165789862575,0.0777714034778905,0.07073317907380773,0.6011232392683181,-0.11818333252168778,0.20043166410141294,0,30,non_normal
0.009372334054397836,0.06235612492326692,0.050908170680627446,0.8816028233181813,-0.11835839757309854,0.1371030656818942,0,30,non_normal
0.00039722009418172513,0.057881066204221905,0.053455419495842565,0.9945730675970363,-0.11816676929326977,0.11896120948163322,0,30,non_normal
0.09704074438350951,0.060783914220397535,0.06237627570941787,0.12160622404132417,-0.02746945961182229,0.22155094837884132,0,30,non_normal
0.10954287045172537,0.06063346091996878,0.05499152516821719,0.08157752795413922,-0.014659143928501511,0.23374488483195224,0,30,non_normal
0.020622978346067418,0.0646155806531006,0.061888209833029145,0.7519710046518385,-0.11173603853499045,0.15298199522712527,0,30,non_normal
0.017251611672057618,0.061787002487687794,0.04479669918579679,0.7821349299645943,-0.10931332549384258,0.1438165488379578,0,30,non_normal
0.12604885921501652,0.06805450626277111,0.06698731044607652,0.07457125235821545,-0.01335447744499299,0.265452195875026,0,30,non_normal
0.011926649794183716,0.06903827950323782,0.08045445264587378,0.8640873910296933,-0.12949185499750487,0.15334515458587228,0,30,non_normal
0.12276838599683237,0.06200425278855752,0.0745798866633098,0.057608497546225344,-0.004241568236926535,0.24977834023059128,0,30,non_normal
-0.0362126236657032,0.06526061391734297,0.048692017956344424,0.583374217704255,-0.16989293129193067,0.09746768396052426,0,30,non_normal
0.03272681225617174,0.059553390948608044,0.060918052899044194,0.5869934949993536,-0.08926277908108121,0.1547164035934247,0,30,non_normal
0.09371981413314646,0.06311679845103363,0.05780933858279775,0.14875221842486547,-0.03556908658120182,0.22300871484749474,0,30,non_normal
-0.0333272140503214,0.058449929468718506,0.04624107905699838,0.5731002105655024,-0.15305646701147269,0.08640203891082987,0,30,non_normal
-0.06290469587754723,0.06878648065365625,0.07972678824751547,0.36826676958453064,-0.20380741410745706,0.07799802235236263,0,30,non_normal
-0.07953497209800231,0.07098146460574974,0.08161959118049866,0.272018403394446,-0.2249339111315064,0.06586396693550178,0,30,non_normal
-0.021363144185117755,0.06579389979475993,0.08854358499370257,0.747823198917827,-0.15613583841126463,0.11340955004102912,0,30,non_normal
-0.06444327837015723,0.06287534027777404,0.03263180236641695,0.3141665937241182,-0.19323757443795575,0.06435101769764129,0,30,non_normal
-0.017715805261896762,0.05688597805490677,0.052554552275153786,0.7577833342238843,-0.1342414489775753,0.0988098384537818,0,30,non_normal
0.1589654163998705,0.0673506761104941,0.07683203056803117,0.025462286635473542,0.021003810450396065,0.2969270223493449,1,30,non_normal
0.040769653852063846,0.06305352472666512,0.07574361246621784,0.5231638752361106,-0.08838963651339998,0.1699289442175277,0,30,non_normal
0.026533329956433312,0.06254480995039034,0.08829434624959313,0.6746404983459378,-0.1015839054281725,0.15465056534103913,0,30,non_normal
-0.019562282483605586,0.06584766075581382,0.0876451033931095,0.7685952726460328,-0.15444510104632503,0.11532053607911386,0,30,non_normal
-0.06355120332652829,0.07407887969357979,0.06204048471052503,0.3982397307864245,-0.21529490954704783,0.08819250289399123,0,30,non_normal
-0.06715553421411691,0.050569697181367515,0.047959555650291176,0.19490931106262038,-0.17074286307885295,0.03643179465061913,0,30,non_normal
-0.020777665461064923,0.061434305514607594,0.05578634884212142,0.7377282161036809,-0.14662013562841808,0.10506480470628822,0,30,non_normal
0.03258090922634338,0.06320099342277909,0.06877071992522331,0.6102414881771897,-0.09688045706943155,0.1620422755221183,0,30,non_normal
-0.010856129776728965,0.06506187833043961,0.060708148513889136,0.8686805412065444,-0.14412934600741467,0.12241708645395676,0,30,non_normal
0.07718887924757459,0.060958071552852135,0.06277061923324985,0.2158531055331937,-0.04767806987135323,0.2020558283665024,0,30,non_normal
-0.032376748089558816,0.0827518319923507,0.053558319366401395,0.6985731579320126,-0.20188619173933015,0.13713269556021251,0,30,non_normal
-0.010932486578120668,0.06244161554826787,0.05756625242432585,0.8622740999664812,-0.13883833781242555,0.1169733646561842,0,30,non_normal
0.04227008629979893,0.06785610428078998,0.07477206514940911,0.5383669858677634,-0.09672684232337411,0.18126701492297195,0,30,non_normal
-0.04774404341215274,0.0669876708935298,0.059560140488798534,0.48191142138017284,-0.1849620668826886,0.08947398005838311,0,30,non_normal
0.008107084787541602,0.055685408261372284,0.0462802816596829,0.8852902691038542,-0.10595930318883727,0.12217347276392047,0,30,non_normal
-0.041357862435997546,0.06229577462098811,0.06252275331619825,0.5121875220346301,-0.1689649720732965,0.08624924720130142,0,30,non_normal
0.08531123249471022,0.06559955825789329,0.06861309511835069,0.20403746612060517,-0.04906337113937158,0.219685836128792,0,30,non_normal
0.07819436128066944,0.07390051921427111,0.04735761938401858,0.2990519736299956,-0.07318399006022018,0.22957271262155904,0,30,non_normal
-0.039618355612399764,0.06455422713572583,0.05988362199910759,0.54435321506731,-0.1718516955102929,0.09261498428549336,0,30,non_normal
-0.020838149694252704,0.08558988030299304,0.07066328160654081,0.8094200494237275,-0.19616107177230374,0.15448477238379832,0,30,non_normal
0.007362523885747423,0.059276917658404794,0.05565517218648881,0.902039891921692,-0.11406073758933757,0.12878578536083243,0,30,non_normal
0.010892299441544816,0.06164485706204372,0.06733860633124233,0.861020340735417,-0.11538146601929253,0.13716606490238217,0,30,non_normal
-0.1573646471241114,0.06556135106416348,0.07524548997882081,0.023275453656961886,-0.2916609868696891,-0.023068307378533714,1,30,non_normal
0.06670663450492395,0.06561238513920817,0.06029028387944128,0.31801187239680007,-0.06769424380445019,0.2011075128142981,0,30,non_normal
0.04435542033702634,0.06560698076495378,0.0708900095721139,0.5045377550953527,-0.0900343876135282,0.17874522828758085,0,30,non_normal
-0.059991697879960705,0.06255587837790193,0.07838589754078938,0.3457622393023497,-0.1881316059105297,0.06814821015060829,0,30,non_normal
-0.041217022741391746,0.06546827436783365,0.07522358631082103,0.5340782190464868,-0.1753227035174727,0.09288865803468921,0,30,non_normal
0.08152060404332022,0.05841853337572837,0.047049464344557236,0.17384745971475468,-0.0381443369367256,0.20118554502336605,0,30,non_normal
0.06457472416650321,0.06420986559144885,0.06218733846823345,0.32318087146235797,-0.06695322308473332,0.19610267141773974,0,30,non_normal
0.008903690969159226,0.05978754540623858,0.052857090580164745,0.8826824643370692,-0.11356554403138731,0.13137292596970576,0,30,non_normal
-0.0959748848560664,0.05833140098794966,0.07080855609090857,0.11108157519346597,-0.21546134323070465,0.023511573518571846,0,30,non_normal
0.07380218256082205,0.06398477174614821,0.05968390654083229,0.2584838203698532,-0.05726468085012648,0.20486904597177058,0,30,non_normal
0.03367893687457038,0.0640292237371067,0.05356309330707563,0.6030345396434171,-0.09747898231212457,0.16483685606126533,0,30,non_normal
-0.06288204493567455,0.07182158586752123,0.0699451293717772,0.3887340277390152,-0.21000189436176542,0.0842378044904163,0,30,non_normal
-0.06787588896531807,0.056224693617030926,0.05971820738085623,0.23744496659737346,-0.18304695291569367,0.047295174985057545,0,30,non_normal
-0.02326285625732572,0.06376090268684582,0.05608410756723223,0.717968311135468,-0.15387114468837226,0.10734543217372083,0,30,non_normal
0.004022333373236862,0.05834303368253117,0.052934706010047,0.9455251408358254,-0.11548795349606047,0.1235326202425342,0,30,non_normal
0.04648978623347885,0.0658415751427689,0.07535578184394584,0.48596897413504836,-0.08838056651601717,0.18136013898297487,0,30,non_normal
0.006211596571923968,0.0752650542735069,0.06121203792104537,0.9348127318737425,-0.1479618781295342,0.16038507127338214,0,30,non_normal
0.021642648250427145,0.08354571778641154,0.05632070288147215,0.7974905054022317,-0.1494929967296682,0.19277829323052248,0,30,non_normal
0.03882897189810455,0.06814742207499971,0.05138859244103156,0.5733711256616529,-0.10076469417525974,0.17842263797146884,0,30,non_normal
-0.0567134872673107,0.06315622860788965,0.05567465541855179,0.3768495272373389,-0.18608315699656497,0.07265618246194355,0,30,non_normal
0.07318074175271358,0.06277139579622205,0.06304507040977168,0.2535185393820073,-0.05540063369672363,0.2017621172021508,0,30,non_normal
-0.056289956000103336,0.0653795100177445,0.05579849925476875,0.3965662740604712,-0.19021381124752487,0.0776338992473182,0,30,non_normal
-0.109925217477825,0.06233841810666087,0.06559991396558137,0.08875102568764161,-0.23761967833572706,0.01776924338007707,0,30,non_normal
0.055819028341204585,0.055328691008598135,0.05671578587969236,0.3216800153161421,-0.05751665746699014,0.1691547141493993,0,30,non_normal
-2.962843519883256e-05,0.069404825439486,0.0715997978578759,0.9996624156613045,-0.1421989685404942,0.14213971167009656,0,30,non_normal
-0.013020067829662255,0.06790544815586776,0.055820225351491545,0.8493310101106043,-0.15211807279894846,0.12607793713962395,0,30,non_normal
-0.1295537399574606,0.06334344320317371,0.05028933980651149,0.05032965841643117,-0.2593069014007431,0.0001994214858218324,0,30,non_normal
0.11078432728041193,0.07060592409889598,0.07196948154970452,0.1278691863223389,-0.03384535189681953,0.2554140064576434,0,30,non_normal
-0.10047930519166,0.07940174710596863,0.06313655091452382,0.21613795713625433,-0.263126411034546,0.062167800651226,0,30,non_normal
0.02965101831138424,0.06377611573219118,0.06381320514785258,0.6455816308602951,-0.10098843263039618,0.16029046925316465,0,30,non_normal
0.08461088830638008,0.06177339712291361,0.0673162710817163,0.1816665241424849,-0.04192617953314995,0.21114795614591012,0,30,non_normal
0.00025693073119029824,0.06033710431900582,0.059390690954033445,0.9966326094799726,-0.12333802467110588,0.1238518861334865,0,30,non_normal
0.013717790352689647,0.0675724823945084,0.07552100970121307,0.8405964168154989,-0.12469816517305475,0.15213374587843403,0,30,non_normal
0.06554812328721642,0.06600276946647166,0.07184216163954238,0.32916086573253356,-0.06965242106616919,0.200748667640602,0,30,non_normal
0.06238678340395841,0.06784286094830214,0.04563658125110506,0.3656482496514941,-0.07658301748236536,0.2013565842902822,0,30,non_normal
-0.021740434302744534,0.062112300395284065,0.0469180507141,0.7289443243739031,-0.14897171402577597,0.10549084542028692,0,30,non_normal
-0.016102437099639173,0.0632139424571575,0.06339772998073483,0.800793888272356,-0.14559032828991422,0.11338545409063587,0,30,non_normal
-0.027109771426394397,0.07432949982835481,0.061894566380488014,0.7180575645591696,-0.17936684972086475,0.12514730686807596,0,30,non_normal
0.05225075871090261,0.05851508694509047,0.05223584377075806,0.3794972578870035,-0.06761196329019037,0.1721134807119956,0,30,non_normal
-0.09586063053304049,0.06510145771169565,0.059512797804194335,0.15204372053572768,-0.2292149214509589,0.03749366038487793,0,30,non_normal
-0.0015757870567000634,0.06396755360768357,0.07625101145362094,0.9805214981384387,-0.1326073807098492,0.1294558065964491,0,30,non_normal
-0.03207379637869075,0.05323959105729604,0.05433662026027142,0.5517277720028045,-0.14113015492671416,0.07698256216933266,0,30,non_normal
0.021263597055583155,0.06094019210978091,0.06313243292018526,0.7297554398053403,-0.10356672768446624,0.14609392179563255,0,30,non_normal
0.029134611003793588,0.0692093971783258,0.0559361802220098,0.6769957033561291,-0.1126344124556326,0.17090363446321977,0,30,non_normal
0.071164649684736,0.06401517595914294,0.0771285833232448,0.2757286262686751,-0.05996449393325161,0.20229379330272362,0,30,non_normal
