beta_hat,se_classic,se_robust,p_value,ci_low,ci_high,reject,n,scenario
0.007624640651338298,0.046439570782149726,0.04911353601889389,0.8699243438055995,-0.08453317616338255,0.09978245746605915,0,100,baseline
-0.030587169031411454,0.03476097645332024,0.034153102753375034,0.3810508001310885,-0.09956919548711805,0.038394857424295145,0,100,baseline
-0.011608620960572136,0.03626801645921017,0.034527247916091026,0.7495900645678379,-0.08358131926048631,0.06036407733934204,0,100,baseline
-0.04476173680305982,0.03936119949741133,0.03635157400396894,0.25822566389505697,-0.12287275617286887,0.033349282566749225,0,100,baseline
0.021404781287496483,0.03529276298294887,0.03212707287654945,0.5455904377486059,-0.04863255822896065,0.09144212080395361,0,100,baseline
0.013800632518282358,0.033387887193069586,0.032763804419029,0.6802587719810411,-0.052456542988433996,0.0800578080249987,0,100,baseline
-0.05275079927693662,0.03098361251779066,0.029258509995900357,0.09182439777004031,-0.11423676993905965,0.008735171385186404,0,100,baseline
0.011578472288476145,0.03491420190576884,0.03577251058100217,0.7408795058036362,-0.05770762509080451,0.08086456966775679,0,100,baseline
0.006317733933350712,0.03793957097889344,0.03550261359897038,0.8680900766760841,-0.06897210990917475,0.08160757777587617,0,100,baseline
0.0027423609503859393,0.028299418190683302,0.02792533471361926,0.9229995792687917,-0.05341691342823578,0.05890163532900765,0,100,baseline
-0.01883184432065486,0.03556885325083451,0.03409339740351198,0.5976923076815183,-0.089417075988215,0.051753387346905266,0,100,baseline
0.04150938583850277,0.0325712772347755,0.02706428280189169,0.2055293706039887,-0.023127253783018227,0.10614602546002377,0,100,baseline
0.02398651962617764,0.029856194844431798,0.030364297230172303,0.4236869027980751,-0.03526212735561926,0.08323516660797453,0,100,baseline
0.01440420866413103,0.033167795675538354,0.03215853501825511,0.6650376442375048,-0.05141620238904922,0.08022461971731128,0,100,baseline
-0.02418571550382189,0.03542101284185406,0.031073971670235928,0.4963397599189382,-0.09447756269131119,0.0461061316836674,0,100,baseline
0.018938720824235134,0.0356262211999945,0.03710727321400296,0.5962094823601058,-0.0517603556713602,0.08963779731983046,0,100,baseline
0.04101752026843974,0.03151985083454555,0.0312418478752559,0.19619885130149767,-0.021532597881099923,0.10356763841797939,0,100,baseline
0.0075237905206486655,0.036891087833605535,0.03915949243299775,0.8388186018230295,-0.06568537264353802,0.08073295368483535,0,100,baseline
0.007743182529006019,0.038418321996528476,0.034266152935039075,0.8406869157621311,-0.06849672712678984,0.08398309218480188,0,100,baseline
0.05262569887343397,0.03901537539145965,0.04256228326980433,0.18049532108656033,-0.024799043813157763,0.1300504415600257,0,100,baseline
-0.020833269371716312,0.034053078472551006,0.033655336117777816,0.5420946672458968,-0.088410495323532,0.046743956580099374,0,100,baseline
0.02922726312533674,0.03284866146399433,0.03504925444344212,0.3757763974465175,-0.03595983647144026,0.09441436272211375,0,100,baseline
0.00452724503788688,0.038013267353725254,0.037539865556759915,0.9054427403794532,-0.07090884686200155,0.0799633369377753,0,100,baseline
-0.058330003151145476,0.03454201586680747,0.03069759629982988,0.0944626794928235,-0.1268775094491153,0.010217503146824347,0,100,baseline
-0.002807818797973544,0.0322753444101318,0.03264604690246183,0.9308523740385586,-0.06685718936029256,0.061241551764345474,0,100,baseline
-0.05539289478307743,0.04111977540719087,0.04111913933637722,0.18105124168447068,-0.13699375081198278,0.026207961245827936,0,100,baseline
-0.03052299056983636,0.029363239783579433,0.02914350942802033,0.30113166668785685,-0.0887933842768768,0.027747403137204092,0,100,baseline
0.05736068895257798,0.0367590762518815,0.03588037680835609,0.12187728726826615,-0.01558650152406997,0.13030787942922595,0,100,baseline
-0.03685142451256715,0.02895392481199783,0.026895573192609965,0.2061141327412449,-0.09430954597989433,0.020606696954760022,0,100,baseline
0.027151428267848277,0.03709364011679807,0.03935856930910623,0.46593380041461374,-0.046459693310153816,0.10076254984585037,0,100,baseline
0.0305820531548184,0.03329365623431166,0.03024658565217963,0.36058366380458995,-0.035488124081043425,0.09665223039068022,0,100,baseline
-0.01813617232718438,0.03658411713474305,0.036779543669247385,0.6211884978094278,-0.09073616213001585,0.05446381747564709,0,100,baseline
0.04509265370415045,0.03671768753257816,0.036748832528136335,0.22235427158327448,-0.027772402206059622,0.11795770961436053,0,100,baseline
0.012055748033080009,0.033443695478164455,0.03346046428746991,0.7192648048846997,-0.05431217719909447,0.07842367326525448,0,100,baseline
-0.029304206428048207,0.03039300047406047,0.029102083216696037,0.33733081507123097,-0.08961812671119623,0.03100971385509982,0,100,baseline
-0.023568593776899873,0.036869885746743436,0.03735899764856601,0.5241601630163943,-0.0967356820897428,0.04959849453594305,0,100,baseline
-0.06911350826887254,0.03910515283580568,0.03632492930096836,0.08027804395225258,-0.14671641137191058,0.008489394834165498,0,100,baseline
-0.08448730579879113,0.035072781819777424,0.03548565811380231,0.017868395963157153,-0.15408809985634758,-0.014886511741234662,1,100,baseline
-0.018258370648792856,0.04093555169151852,0.04610127210936872,0.6565614822364696,-0.09949364070961286,0.06297689941202717,0,100,baseline
-0.01592984688977346,0.03950352228541831,0.034153938894317046,0.68764180505879,-0.09432330120040563,0.06246360742085871,0,100,baseline
-0.04790117403049482,0.030096115651557478,0.029735845976818106,0.11469382331159683,-0.10762593604567242,0.01182358798468277,0,100,baseline
0.02055352909563068,0.03501334682513391,0.03532750863467295,0.5585403372107163,-0.04892931814940171,0.09003637634066308,0,100,baseline
0.01727798833588321,0.03301078956425375,0.032559953913396965,0.6018744941924679,-0.048230849199306626,0.08278682587107306,0,100,baseline
-0.03284214796535378,0.03818025456584413,0.039083942549814656,0.3917856025692201,-0.10860962055299758,0.04292532462229002,0,100,baseline
-0.060932639855018,0.03984346357117976,0.03702419137096538,0.12941140059392517,-0.1400006965836597,0.01813541687362373,0,100,baseline
-0.003245027550380867,0.03751310379879926,0.04114602090334941,0.9312424004755891,-0.07768856115362831,0.07119850605286658,0,100,baseline
-0.013696364742552647,0.03273517625507908,0.03379553200742965,0.6765708928708567,-0.07865825663567852,0.051265527150573226,0,100,baseline
-0.08941173573331437,0.03604087687733872,0.03292276822895555,0.014810877615600048,-0.16093368292539256,-0.01788978854123617,1,100,baseline
0.06993270898323871,0.028064261477926622,0.02858304485238667,0.014385686495267903,0.014240095447772591,0.12562532251870484,1,100,baseline
-0.02240937372924833,0.03481872713075788,0.03366772909762075,0.5213373839554185,-0.09150600452480101,0.046687257066304354,0,100,baseline
0.01410603817450263,0.03694179051944233,0.03972803118779806,0.703403058767775,-0.05920374281957921,0.08741581916858447,0,100,baseline
0.034189260992102226,0.026982486197044065,0.024558955749287414,0.2081256947691987,-0.019356604705449164,0.08773512668965361,0,100,baseline
-0.004174438039387281,0.03370141940232603,0.03544906741028162,0.9016755883377152,-0.07105380801128755,0.06270493193251298,0,100,baseline
-0.011315950379903475,0.040785081140541725,0.03756344878900923,0.7820165951004711,-0.0922526165294604,0.06962071576965345,0,100,baseline
-0.05925886292182968,0.03322636539332953,0.030352411324600825,0.07760230688132007,-0.12519550367378146,0.006677777830122106,0,100,baseline
-0.004379181580918719,0.030815971319500327,0.03238771843602116,0.8872868127319862,-0.06553247374101348,0.05677411057917604,0,100,baseline
0.0617765100032733,0.03556413768263266,0.03690490892028196,0.085521150707421,-0.008799363772661127,0.13235238377920772,0,100,baseline
-0.06043055536700834,0.03426795248106482,0.029905410161571236,0.08093776105172035,-0.1284341917955219,0.007573081061505213,0,100,baseline
-0.001030192005485639,0.02980156530761119,0.029121756195425508,0.9724942231092321,-0.06017042844941163,0.05811004443844035,0,100,baseline
-0.015590316709323378,0.034291342107315714,0.029767486341282713,0.6503716164336448,-0.08364036908990302,0.05245973567125627,0,100,baseline
0.018203953407782223,0.0290742269599744,0.03114505422991176,0.5326918944710024,-0.03949290375690208,0.07590081057246652,0,100,baseline
-0.050407644345954045,0.03478033715922515,0.0333925988379144,0.15044232515856487,-0.11942809149242366,0.018612802800515568,0,100,baseline
0.006357302174422064,0.03849718231633412,0.03835745424787503,0.8691764590591691,-0.07003910321947378,0.08275370756831792,0,100,baseline
0.010173760176959385,0.03574836456084631,0.03553499347185369,0.7765559283273785,-0.06076770584302067,0.08111522619693944,0,100,baseline
-0.03728186812798311,0.0396707477813532,0.033870352729696476,0.3496398456243778,-0.11600717599284843,0.0414434397368822,0,100,baseline
0.003126782383666333,0.02895973209279235,0.027766538793491717,0.9142402329278114,-0.05434286344339628,0.06059642821072894,0,100,baseline
0.013324772150542459,0.03791223997665151,0.03727377223026932,0.7259951092168997,-0.061910834207537034,0.08856037850862195,0,100,baseline
-0.02423741811918661,0.03541313903324756,0.03238231880757077,0.4953261453126725,-0.09451363998975393,0.046038803751380704,0,100,baseline
-0.03055264023671496,0.030323637753919233,0.03205637733913679,0.3161508841909063,-0.09072891245919219,0.029623631985762275,0,100,baseline
-0.06664837856175171,0.03822980977833266,0.03489301126874799,0.08440669232311725,-0.14251419185577618,0.009217434732272767,0,100,baseline
-0.016518557181498694,0.030178715098273877,0.02705278156635129,0.5853772794371968,-0.07640723511043863,0.043370120747441246,0,100,baseline
0.010164642298166264,0.03944249503126444,0.04520406688548026,0.7971727305856482,-0.06810770541276454,0.08843699000909705,0,100,baseline
-0.0013113587822049973,0.03127158004611656,0.033084787990023644,0.9666362143152405,-0.06336879163222246,0.060746074067812475,0,100,baseline
0.02975913874068801,0.031826234667815,0.03254254184857195,0.35206059571230797,-0.033398988154537367,0.09291726563591338,0,100,baseline
-0.02540954995038694,0.03735223173097395,0.033238708647610436,0.4979383682729428,-0.09953383817070872,0.048714738269934846,0,100,baseline
-0.0055962261952255165,0.033171187448431054,0.032562069182484506,0.866374479697773,-0.07142336811132412,0.060230915720873086,0,100,baseline
0.017388733262758513,0.03493116077231138,0.03386843380452961,0.6197401929586632,-0.05193101843523977,0.0867084849607568,0,100,baseline
0.05328281322972041,0.03412732358821143,0.03331134318814387,0.12167783002675088,-0.01444174973777354,0.12100737619721436,0,100,baseline
-0.006658902712278286,0.03161128989966121,0.03082282414541272,0.8335981525128076,-0.06939047871060317,0.05607267328604659,0,100,baseline
-0.04393122315630856,0.035539930488285854,0.03394080542604268,0.219372683095502,-0.11445905854289878,0.026596612230281653,0,100,baseline
0.012908865660121784,0.03729343579354815,0.03538933217651246,0.7299772019926922,-0.061098743935926,0.08691647525616956,0,100,baseline
-0.010009361492673615,0.034813568071806376,0.0341737026982081,0.7743264685606676,-0.07909575430364157,0.05907703131829434,0,100,baseline
-0.005980410272237285,0.02733486973781013,0.026586323168155332,0.8272739213472386,-0.060225569637914575,0.04826474909344,0,100,baseline
-0.025345071895350974,0.039807349252422616,0.03388469349521883,0.525809079710797,-0.10434146093378036,0.053651317143078414,0,100,baseline
0.04268652143473158,0.03492088996906158,0.035923917563911154,0.22449658523894847,-0.026612848188486644,0.11198589105794982,0,100,baseline
-0.004158742861402272,0.034208743641888244,0.03598160353276657,0.9034888285828826,-0.07204488127555553,0.06372739555275098,0,100,baseline
-0.054777536947239164,0.03540441140128388,0.03547652917306754,0.1250395254971849,-0.12503643911622034,0.01548136522174201,0,100,baseline
0.0038267439309766227,0.03575961350524229,0.03289768946238961,0.9149974251535133,-0.0671370452530539,0.07479053311500715,0,100,baseline
0.02279274528851723,0.031393625039260846,0.031822436662791546,0.46955017934063503,-0.0395068818783708,0.08509237245540525,0,100,baseline
0.004311766304281955,0.03147495408533221,0.028585681545637495,0.8913194339630208,-0.058149255707634274,0.06677278831619818,0,100,baseline
0.01546136366170453,0.03143304788530862,0.029671988938729698,0.6239024691617239,-0.046916496860126174,0.07783922418353523,0,100,baseline
-0.026956719354281233,0.03012136904400958,0.030228403708518037,0.37301371090366686,-0.08673159590489388,0.03281815719633142,0,100,baseline
-0.053835103169526055,0.03250772688773165,0.028906015456579857,0.10090613963040959,-0.11834562919562101,0.010675422856568903,0,100,baseline
0.02328487460602251,0.03623733645752984,0.03612681181195994,0.5220063200581606,-0.048626940229055296,0.09519668944110031,0,100,baseline
0.04847119690318777,0.03874701407440005,0.03437229956933113,0.21392517325465182,-0.02842099148367211,0.12536338529004765,0,100,baseline
-0.03203854767387175,0.033527935764650435,0.03004873096056502,0.34163691237824223,-0.09857364501292924,0.03449654966518574,0,100,baseline
0.020460267934919393,0.030758290725630758,0.029642142745262088,0.5074881205685712,-0.040578558963889205,0.081499094833728,0,100,baseline
-0.02798238293186134,0.035873834332781455,0.031882221015708985,0.43725774042991394,-0.09917283963076103,0.04320807376703835,0,100,baseline
0.003848891231324515,0.03341864918479753,0.034941007151045055,0.9085444808326109,-0.062469330446809294,0.07016711290945832,0,100,baseline
-0.028831149359945095,0.03113951944076958,0.029750547794244443,0.35678793418576504,-0.09062651223663959,0.032964213516749406,0,100,baseline
-0.0023365798609430027,0.037332618146953926,0.03400368361495386,0.9502219349051367,-0.07642194556211239,0.07174878584022638,0,100,baseline
0.03113824256697753,0.03406061687957866,0.03429263150487725,0.3628551684414989,-0.03645394310824275,0.09873042824219781,0,100,baseline
0.0171802266168938,0.035036685934155085,0.03529493381601493,0.6249825728316496,-0.05234893633040643,0.08670938956419402,0,100,baseline
0.01108670930604423,0.03625368576284659,0.031305310353472546,0.7603986171807231,-0.06085755019333715,0.08303096880542561,0,100,baseline
-0.05217271907929853,0.03500538462888115,0.031224001135587584,0.13932553464837144,-0.12163976560500156,0.017294327446404495,0,100,baseline
-0.07142837572072691,0.0336529659071106,0.02942191894653214,0.03631626386404775,-0.13821159130831895,-0.004645160133134887,1,100,baseline
0.005070219890476646,0.03524624376537167,0.035862886706827926,0.8859132430471364,-0.06487480375269314,0.07501524353364644,0,100,baseline
0.01973568742182438,0.036958719478915644,0.039876452057288674,0.5945557975958295,-0.05360768854136955,0.09307906338501831,0,100,baseline
0.05179148691929395,0.029307680746413187,0.03048204924978301,0.08031369868683132,-0.0063686516866907975,0.1099516255252787,0,100,baseline
0.05316491660722204,0.038097776446100545,0.039237753957106616,0.16602336379027033,-0.02243888083608829,0.12876871405053236,0,100,baseline
0.013320152443807314,0.03782784242164071,0.04013295091075658,0.7255001434393948,-0.06174796971312006,0.08838827460073469,0,100,baseline
-0.03919414665933028,0.037789980965223985,0.036732974663624775,0.30221500766095577,-0.11418713398822147,0.03579884066956091,0,100,baseline
0.008088306250912287,0.036491095335335434,0.034389210213577596,0.8250463990550002,-0.06432708481844257,0.08050369732026713,0,100,baseline
0.022769934516352813,0.03562267703360499,0.038404284123471244,0.5241855707546339,-0.047922108696389465,0.09346197772909509,0,100,baseline
-0.03356579486550572,0.03686583770552281,0.04180067837926352,0.36480077013946777,-0.10672484997229213,0.039593260241280695,0,100,baseline
0.026172251396632835,0.02972409832014551,0.02989947795415336,0.3807394049724363,-0.03281425433187504,0.0851587571251407,0,100,baseline
-0.017467039487164035,0.036562882605116274,0.0338492774790331,0.6339090730128469,-0.0900248900570411,0.055090811082713034,0,100,baseline
0.004586480416086461,0.0347165324960504,0.033709406918981714,0.8951663450883702,-0.0643073484528722,0.07348030928504512,0,100,baseline
-0.03339997609794984,0.03195030422269277,0.030060052784376484,0.2984223975766636,-0.09680431498691536,0.030004362791015676,0,100,baseline
0.0606738087506737,0.031111425939031497,0.031428680702814675,0.05400827617914834,-0.0010658034861406943,0.12241342098748809,0,100,baseline
0.04486965476450372,0.0389833667041493,0.038587679186568934,0.25253492766530516,-0.032491567723861706,0.12223087725286914,0,100,baseline
-0.04916908045050884,0.03000858208453466,0.03010228990711328,0.1045240817667609,-0.10872013495075977,0.010381974049742088,0,100,baseline
0.03674685548773964,0.03481380239304992,0.032450309948224045,0.29378029315978116,-0.03234000232611,0.10583371330158928,0,100,baseline
-0.04363219864619436,0.040453934543464236,0.03861047270087784,0.2834292606651539,-0.12391171515120686,0.03664731785881814,0,100,baseline
-0.0646845717619377,0.03598456169087676,0.03538182660157346,0.0753257258696073,-0.13609476329929215,0.006725619775416761,0,100,baseline
0.0006774782249810013,0.036341696015606606,0.033266331628383196,0.9851646797510678,-0.0714414347566585,0.0727963912066205,0,100,baseline
-0.03911104727060606,0.03550099322484628,0.03792578106305121,0.2732953884846953,-0.109561612925136,0.031339518383923876,0,100,baseline
-0.024504805907650157,0.033837681195007324,0.031937534519699495,0.4706763045436826,-0.09165458297240829,0.04264497115710798,0,100,baseline
-0.05599542707799932,0.03814431845438292,0.037160688035485334,0.14530962656224122,-0.1316915856220097,0.01970073146601104,0,100,baseline
-0.04139330791653288,0.03361720232506488,0.035031164894916256,0.22115243558120576,-0.10810555183950145,0.025318936006435686,0,100,baseline
-0.02965332412965852,0.03533978135895913,0.033357121410753365,0.4034599088388946,-0.099783970083068,0.04047732182375097,0,100,baseline
-0.07890371340617616,0.03438900809771351,0.03639173627953607,0.023898742049880368,-0.1471475807661046,-0.010659846046247728,1,100,baseline
-0.012601245106636086,0.03176995948230285,0.03200542347967754,0.6924951525258765,-0.07564769572772077,0.0504452055144486,0,100,baseline
0.058027206583635874,0.03367908526720705,0.03346491680670954,0.08805256216820027,-0.008807842023998008,0.12486225519126976,0,100,baseline
-0.00364083059495943,0.03611673492469591,0.033281379612607895,0.9199093820622566,-0.07531331561317432,0.06803165442325547,0,100,baseline
0.036632249023857186,0.04313827146598593,0.040016374737731446,0.397849592688975,-0.04897424674061551,0.12223874478832988,0,100,baseline
-0.036170830048546466,0.03588014362379151,0.03407735301370032,0.3158883084506867,-0.10737380733011612,0.03503214723302318,0,100,baseline
0.05356611681703183,0.03386868222968025,0.027556414904756542,0.11696708321805648,-0.013645180792088277,0.12077741442615193,0,100,baseline
-0.002566479239598563,0.039552268198531096,0.03840385068809333,0.9483951209927459,-0.08105666822833937,0.07592370974914225,0,100,baseline
0.0005800049896032894,0.03368026868602697,0.03429131254677421,0.986295389890536,-0.06625739207416369,0.06741740205337025,0,100,baseline
0.0828997926466177,0.03256662933500762,0.03592399097096595,0.012469848873055024,0.018272376630917506,0.1475272086623179,1,100,baseline
-0.015626329681932033,0.03771148561227693,0.033798803458806925,0.6795121994958139,-0.09046354553757606,0.059210886173711993,0,100,baseline
-0.004952516608718488,0.03543762294295595,0.03386729326178967,0.8891419114523101,-0.07527732600125922,0.06537229278382226,0,100,baseline
0.0368317202202738,0.03114156087756313,0.030426401877466477,0.23978194231751482,-0.024967693821297765,0.09863113426184536,0,100,baseline
0.053259701904535384,0.03284602368202215,0.03402299126519095,0.10812438667697677,-0.011922163099765959,0.11844156690883673,0,100,baseline
-0.0017266597207193125,0.03810203112884423,0.039651893992184495,0.9639470607303234,-0.0773389004434634,0.07388558100202477,0,100,baseline
0.02663481841445102,0.03617842074402436,0.03407189016864308,0.4633631338260903,-0.04516008010462083,0.09842971693352287,0,100,baseline
-0.0415183287408575,0.028964346145348263,0.028691692246675643,0.15491807759472248,-0.09899713100505034,0.015960473523335336,0,100,baseline
-0.03054891849088546,0.039609486751385814,0.03504662217375799,0.44241285990371604,-0.10915265583555586,0.04805481885378494,0,100,baseline
0.0028885457215471234,0.03184242519305352,0.03317946298658476,0.9279052014732595,-0.060301710744084164,0.0660788021871784,0,100,baseline
0.03786608070994742,0.03359351118453104,0.03539729718757487,0.26241687583603207,-0.028799148915673506,0.10453131033556834,0,100,baseline
-0.015388600899951697,0.028293363292970622,0.0260797626315097,0.5877494201105683,-0.07153585953112271,0.04075865773121932,0,100,baseline
-0.0031033271238968124,0.03460770331937125,0.03583064230518929,0.9287312187200487,-0.07178118803364365,0.06557453378585003,0,100,baseline
0.04847568406498565,0.034876735585966254,0.0361375962249667,0.1677040207047915,-0.020736062622009624,0.11768743075198092,0,100,baseline
-0.0653672713455452,0.03513893470007715,0.03346922944748378,0.06584874123273847,-0.13509934364107307,0.004364800949982664,0,100,baseline
-0.07785612259647218,0.02902719337657806,0.031512118189387435,0.008585131808326811,-0.13545964314564138,-0.020252602047302976,1,100,baseline
0.027004950526077737,0.03539611327230118,0.036139109636779375,0.4473344884625461,-0.04323748427600464,0.09724738532816012,0,100,baseline
0.03664936240089352,0.034137384049271094,0.03239136033315388,0.2856454016451357,-0.031095165224149846,0.10439389002593688,0,100,baseline
0.06900661462301166,0.03529029450189496,0.033494842306113576,0.053384129175209245,-0.0010258262731321216,0.13903905551915546,0,100,baseline
0.03190147238730742,0.03136316336727405,0.029837973088344866,0.31158015321216403,-0.03033770458291539,0.09414064935753023,0,100,baseline
-0.006398216780331666,0.037481185385527555,0.03663056890100142,0.8648078634414968,-0.08077840933124447,0.06798197577058113,0,100,baseline
0.02514056236669895,0.03573536783069289,0.0325242193177469,0.4833995974439763,-0.04577511206527768,0.09605623679867559,0,100,baseline
-0.02729231038234356,0.04006242645849431,0.04591553605106821,0.49732339958959293,-0.10679489183458832,0.0522102710699012,0,100,baseline
0.015124182352266227,0.03653350854323401,0.035193970982459924,0.6797925767668497,-0.05737537634780118,0.08762374105233364,0,100,baseline
0.1064995077558566,0.03552277561418718,0.034091482363494706,0.0034432352865204946,0.0360057156586,0.1769932998531132,1,100,baseline
0.01473416165590799,0.03289310327848004,0.030413531486155783,0.6551846382630456,-0.050541131275331566,0.08000945458714755,0,100,baseline
-0.013474182860097689,0.028019162546843862,0.02563035948371646,0.6316653649407932,-0.06907729903460064,0.04212893331440526,0,100,baseline
-0.1033568746075531,0.035530152291825975,0.03786716435159176,0.004486498989727077,-0.1738653054815057,-0.03284844373360052,1,100,baseline
0.0021203288036135,0.037002967752170095,0.03222141902439836,0.9544216281587832,-0.07131085641776846,0.07555151402499546,0,100,baseline
-0.04218055860338646,0.04180248160491112,0.04107981824963492,0.31543827129329705,-0.12513622286260304,0.04077510565583012,0,100,baseline
0.014576857022004992,0.03182126354811504,0.032168296163222684,0.6479052039821196,-0.04857140484796375,0.07772511889197374,0,100,baseline
-0.018171438291513152,0.03933578601101186,0.034078867662858336,0.6451361045866872,-0.09623202542465895,0.059889148841632635,0,100,baseline
0.0047090459439910765,0.03507251302561798,0.031178687856188315,0.8934675972142315,-0.06489121470030404,0.07430930658828619,0,100,baseline
-0.01990248079074616,0.040602530278610306,0.03978731246536168,0.6251033417024359,-0.10047688069602265,0.06067191911453032,0,100,baseline
0.018328342215473012,0.03558076177570244,0.035425031639940124,0.6076295377173782,-0.05228052153211776,0.08893720596306379,0,100,baseline
0.006287742528024648,0.03345147897958095,0.03255063985865667,0.8512919172256898,-0.06009562880939236,0.07267111386544166,0,100,baseline
0.0011661748441220178,0.03411506058962947,0.03309081997561556,0.9728002900749296,-0.06653405260179235,0.06886640229003638,0,100,baseline
-0.0040351004470900835,0.04434426832341754,0.040925574723027866,0.9276824091980641,-0.0920348577252767,0.08396465683109652,0,100,baseline
0.006534175127406935,0.03669685412891857,0.03564555781415338,0.8590448302437277,-0.06628953757127574,0.07935788782608962,0,100,baseline
0.0029464845744107057,0.039615370607837666,0.03714053312906089,0.9408617745587602,-0.0756689290918949,0.0815618982407163,0,100,baseline
-0.04506253753255901,0.031618385030390925,0.030021979486628388,0.15727642445535447,-0.10780819358690191,0.01768311852178389,0,100,baseline
-0.002784548253303862,0.03727912071476532,0.03545664018060211,0.9406099799219376,-0.07676375004139957,0.07119465353479185,0,100,baseline
0.057641046469082906,0.04528932790722989,0.03916218181681932,0.20612538055072027,-0.03223415079567334,0.14751624373383915,0,100,baseline
-0.004342163357774802,0.032207448700641794,0.03344104698117931,0.893031804620031,-0.0682567970943157,0.05957247037876609,0,100,baseline
-0.013960869368468343,0.039913483146041526,0.046770047593121165,0.7272556689401335,-0.09316787766459604,0.06524613892765936,0,100,baseline
0.008621256495525212,0.032740568177129746,0.029583193339965123,0.7928565568344935,-0.05635133549142701,0.07359384848247744,0,100,baseline
0.032829454969228095,0.032316995564958054,0.03176768967496474,0.31219880932670147,-0.031302570954282904,0.0969614808927391,0,100,baseline
-0.001691465061934943,0.034194473005681354,0.033096673038087505,0.9606485793967516,-0.06954928386298166,0.06616635373911177,0,100,baseline
-0.09205778316503149,0.035898129991380374,0.034015405871762945,0.011852688967515049,-0.16329645380770458,-0.020819112522358393,1,100,baseline
-0.038906578006584834,0.03205914194487419,0.031171902606827246,0.22782202265948454,-0.10252690181303331,0.024713745799863636,0,100,baseline
-0.030336863524799813,0.03717898069747866,0.03346333876636608,0.41649725146875016,-0.1041173407077044,0.04344361365810478,0,100,baseline
0.010351184064284202,0.033042806505210895,0.02841457737668394,0.7547444113015289,-0.0552211900482254,0.0759235581767938,0,100,baseline
-0.007837983635253044,0.03231025846426553,0.03472580684891404,0.8088338879597816,-0.07195664000170254,0.05628067273119645,0,100,baseline
-0.010783426710257924,0.03408707439550591,0.03289422289005827,0.75241012540791,-0.0784281164647608,0.056861263044244964,0,100,baseline
0.009311233577179147,0.033212355080501965,0.030518588849384232,0.7797964939843651,-0.056597604164939995,0.07522007131929828,0,100,baseline
0.026527532104327574,0.03259147756810797,0.03350688414071548,0.4176522114736564,-0.03814919442126028,0.09120425862991544,0,100,baseline
-0.0026268028708291424,0.03492209820067932,0.03478326763650025,0.940193857132138,-0.07192857019037019,0.0666749644487119,0,100,baseline
0.0007502959326762815,0.03710480878476241,0.03692390882842709,0.9839081978788178,-0.07288298950341034,0.0743835813687629,0,100,baseline
0.0125909158632996,0.032031401115138476,0.03296720188556397,0.6951138842102141,-0.05097435716937956,0.07615618889597875,0,100,baseline
0.00956231092856663,0.029591939899360827,0.028931921770090904,0.7472784341900215,-0.04916193071506561,0.06828655257219887,0,100,baseline
0.013439100787520015,0.03216089928557881,0.02959751282865349,0.6769557534288171,-0.05038315714980578,0.07726135872484581,0,100,baseline
-0.0634675135486336,0.037389987007650616,0.03636790227140402,0.09278584882220238,-0.1376667258867531,0.010731698789485905,0,100,baseline
0.08597967867427297,0.03305296582895077,0.03416711130379796,0.010726285596067928,0.0203871437144426,0.15157221363410334,1,100,baseline
-0.05407766561009138,0.03179968103847861,0.030085201144059652,0.09219467153765178,-0.11718309769210178,0.009027766471919024,0,100,baseline
-0.005540947807265867,0.03735907257178609,0.03631824485331976,0.8823981484268176,-0.07967881145354026,0.06859691583900852,0,100,baseline
0.05618331891208407,0.036847278156543664,0.0372782260216023,0.13053930912445638,-0.016938905373784383,0.1293055431979525,0,100,baseline
-0.05736255858935661,0.033638904714236514,0.03177316324659856,0.09131679808734107,-0.1241178701973196,0.00939275301860637,0,100,baseline
0.03994190755465865,0.03881418905473289,0.03904791429764863,0.30598730245531014,-0.037083587394423495,0.1169674025037408,0,100,baseline
-0.03519834544328515,0.03529865215435127,0.03512509968087546,0.32114344124760236,-0.10524737182872387,0.03485068094215357,0,100,baseline
-0.022129855131702757,0.029255394336707968,0.030072595149295202,0.4512020088009493,-0.08018623305931868,0.035926522795913164,0,100,baseline
-0.04408953063046443,0.0358746207751449,0.03830843185845974,0.2220186351644151,-0.11528154799863916,0.02710248673771029,0,100,baseline
-0.0334417172913332,0.03241793068293195,0.03241660515096809,0.3048076518585963,-0.09777404567147213,0.030890611088805725,0,100,baseline
0.006485470006594413,0.035741718421915036,0.03577590822593759,0.8563861771722412,-0.06444280696697892,0.07741374698016774,0,100,baseline
0.060813715661486585,0.03291499366164031,0.03187750648610416,0.06767677609974385,-0.00450501802269946,0.12613244934567264,0,100,baseline
-0.001092396543051738,0.04271966462521439,0.038766374810978124,0.9796512911347685,-0.08586818065581295,0.08368338756970947,0,100,baseline
0.0118712329760647,0.03905299285616886,0.041741990754035466,0.7617894799004907,-0.06562816034496051,0.0893706262970899,0,100,baseline
0.010198732180005683,0.028881412646238027,0.028724222767551242,0.7247536035009825,-0.04711549125432117,0.06751295561433253,0,100,baseline
0.02571251554578419,0.039864533203737756,0.045946203259973055,0.5204360610281356,-0.053397353182945625,0.104822384274514,0,100,baseline
-0.05056842016695095,0.03594250841425541,0.03304285202329828,0.16261307073051887,-0.12189515834549836,0.02075831801159645,0,100,baseline
-0.05190119201364238,0.03675166105677868,0.03258178182264996,0.16105473594375141,-0.12483366727694055,0.021031283249655794,0,100,baseline
-0.006211609877817669,0.036412392649809285,0.035237241918573324,0.8648974357610208,-0.0784708180291699,0.06604759827353456,0,100,baseline
-0.048328093711883915,0.0298588915283047,0.030396107314743594,0.10875829711476408,-0.10758209217506146,0.010925904751293632,0,100,baseline
-0.0012393680745922016,0.0385099355978908,0.038276727314241185,0.974391510096198,-0.0776610819406744,0.07518234579149001,0,100,baseline
-0.006117360002035981,0.03676870242941445,0.037301390760822964,0.8682053298084118,-0.0790836533147086,0.06684893331063663,0,100,baseline
-0.040259777503695936,0.032307886576071504,0.028284442586752116,0.21568791012699878,-0.10437372693521885,0.023854171927826982,0,100,baseline
0.004935290337360315,0.03234231012915356,0.034412186159313615,0.8790310267320658,-0.05924697151491967,0.0691175521896403,0,100,baseline
-0.006362357721404626,0.037970767725326496,0.03930161378343181,0.8672752273774034,-0.08171411049191049,0.06898939504910123,0,100,baseline
-0.05772768682882223,0.03773977134074727,0.033374167323265334,0.1293312015771362,-0.1326210347920404,0.017165661134395924,0,100,baseline
-0.013385164579722369,0.03318651871778354,0.03500607756053662,0.6875830947135011,-0.07924273090088604,0.0524724017414413,0,100,baseline
0.04349406201532223,0.0270439305019848,0.02277079738110496,0.11099211704198554,-0.010173737905643923,0.09716186193628838,0,100,baseline
-0.007596565532699426,0.03792773733171523,0.03980132137687043,0.8416684477088612,-0.08286292588753257,0.06766979482213371,0,100,baseline
-0.004797554574830432,0.02871626685385976,0.030289206460150698,0.8676611927974055,-0.0617840515589471,0.052188942409286246,0,100,baseline
0.018658955242909867,0.0422605031764965,0.038118866732634905,0.6598075759600315,-0.06520563791854328,0.10252354840436301,0,100,baseline
-0.00807249419043406,0.036310785121528084,0.03701162021491782,0.824530008560088,-0.0801300655087875,0.06398507712791938,0,100,baseline
-0.005791102775838594,0.03919847951433679,0.03244405978919374,0.8828531237233764,-0.08357920963505136,0.07199700408337417,0,100,baseline
-0.018124669905200126,0.035485510933773404,0.03472317742630618,0.6106660174781813,-0.08854451145697598,0.05229517164657573,0,100,baseline
-0.005907867340522822,0.038552393203444085,0.03442967791851863,0.878522094891872,-0.0824138369430184,0.07059810226197277,0,100,baseline
-0.0724910244381765,0.031039397310135625,0.030743947902619778,0.021558511015367647,-0.13408769820516006,-0.010894350671192939,1,100,baseline
0.011050713382411948,0.03801446966398944,0.03263329115232687,0.7718969396380835,-0.06438776446306588,0.08648919122788978,0,100,baseline
0.03960891924513101,0.0325853918310074,0.030304995270323765,0.22707951555782505,-0.025055730333244562,0.10427356882350658,0,100,baseline
0.02708290295302945,0.03507072574504925,0.03650798536229286,0.441832566894365,-0.04251381089114509,0.096679616797204,0,100,baseline
-0.018144744242530986,0.03207390833385278,0.03056476913127813,0.5728794366573303,-0.08179437146732686,0.04550488298226489,0,100,baseline
0.015434460150865885,0.034497400057708016,0.028898467429992133,0.6555668673014141,-0.053024507525993164,0.08389342782772494,0,100,baseline
0.030193869073363556,0.03588598875568291,0.034602893933972714,0.40218168943938815,-0.04102070768221141,0.10140844582893851,0,100,baseline
0.0014877916345994238,0.03307761574238291,0.03125284893415342,0.9642157275456502,-0.06415366027619146,0.06712924354539032,0,100,baseline
-0.04590386300160538,0.028359110803178645,0.02943812709970226,0.1087336741156934,-0.10218159542699382,0.010373869423783051,0,100,baseline
-0.07019367499132823,0.041425546584650905,0.03651613973560184,0.0933548025637509,-0.15240132397040473,0.012013973987748297,0,100,baseline
0.03311527201938455,0.03330114400824339,0.03341799359289737,0.3224682080374478,-0.0329697644601509,0.09920030849892,0,100,baseline
-0.0027972556159022582,0.028790307942868,0.028121250248269024,0.922798057535664,-0.05993068473144609,0.05433617349964157,0,100,baseline
-0.03390705242443717,0.026993790486280134,0.026088187602709506,0.21206392881817848,-0.08747535111607296,0.019661246267198625,0,100,baseline
0.01070653854160442,0.031746263611153416,0.030417914240264368,0.736647054858607,-0.05229288839437992,0.07370596547758876,0,100,baseline
-0.03819062885303963,0.03313867279177688,0.029238097266448392,0.2519400887887329,-0.10395324649121618,0.02757198878513692,0,100,baseline
0.016988137674456432,0.03483888583805439,0.033038954123967526,0.6269081052306298,-0.052148497419649484,0.08612477276856235,0,100,baseline
-0.04048902441647373,0.03484660377110713,0.033251158588274966,0.24808927700566333,-0.10964097549753826,0.028662926664590804,0,100,baseline
-0.006221702298048559,0.031204967216771358,0.028401136613476173,0.8423772068393613,-0.06814694415618319,0.05570353956008607,0,100,baseline
-0.004081763540659989,0.03299888371555212,0.03419748644461528,0.901810913833678,-0.06956697430658412,0.06140344722526414,0,100,baseline
-0.03453690138835207,0.03973215803793453,0.0382070139385968,0.3868381585078775,-0.11338407590877103,0.044310273132066896,0,100,baseline
-0.024776074099662936,0.03734256172275861,0.036163727595305756,0.50858042168559,-0.09888117250339735,0.049329024304071475,0,100,baseline
0.020404694659211436,0.045661074084235496,0.040877120914865415,0.6559528795809904,-0.07020822079511997,0.11101761011354284,0,100,baseline
0.013011569050969613,0.03856774913325791,0.04018279700634843,0.7365601467554489,-0.06352487389447396,0.0895480119964132,0,100,baseline
0.010288548214709255,0.03840426942356651,0.03651353897030655,0.7893384621142775,-0.06592347456739263,0.08650057099681115,0,100,baseline
-0.019247991425952835,0.030363129548195113,0.029665977624561957,0.5276056960008733,-0.07950263382888748,0.0410066509769818,0,100,baseline
0.04833713949019299,0.03159111652417374,0.029751735974639534,0.12921695104022915,-0.014354403101031081,0.11102868208141706,0,100,baseline
-0.013343848221240896,0.035957649522576685,0.03238627527882446,0.7113648135545032,-0.0847006334364758,0.05801293699399401,0,100,baseline
0.019287617057525804,0.03943216576730294,0.04285547411754453,0.6258397166304439,-0.05896423256524521,0.09753946668029681,0,100,baseline
-0.01806594577178422,0.03642527948068095,0.03212445871038299,0.6210241479136165,-0.09035072741959196,0.054218835876023525,0,100,baseline
-0.004733706407511192,0.04121659789777231,0.034347145489481534,0.9087993858191259,-0.08652670351783195,0.07705929070280956,0,100,baseline
-0.01525954323398693,0.032955271515969636,0.03436739318349416,0.644363737270675,-0.08065820700922366,0.050139120541249804,0,100,baseline
0.0019479643330609711,0.03778113258480831,0.03649244448585843,0.9589848910327152,-0.07302746367287091,0.07692339233899287,0,100,baseline
-0.010102372662602766,0.031696566433099024,0.029377358108516785,0.7506161113645662,-0.07300317716616132,0.0527984318409558,0,100,baseline
0.0023808621942801034,0.03863159751024252,0.03634636294863521,0.950983068508133,-0.0742822857773074,0.07904401016586761,0,100,baseline
-0.04435095318375769,0.027828821661487396,0.024042194392447962,0.11422225443589835,-0.09957634406602398,0.010874437698508592,0,100,baseline
-0.005527647836400116,0.03664975232228349,0.0408709184566803,0.8804248782842221,-0.07825788853277078,0.06720259285997056,0,100,baseline
0.039568733677966296,0.036735265400960164,0.03501888729129377,0.28406562339489383,-0.03333120493996606,0.11246867229589866,0,100,baseline
-0.030144787441611153,0.03554721248666603,0.03359017929619409,0.39849267979903324,-0.10068707371699001,0.0403974988337677,0,100,baseline
-0.0032819065420438276,0.03850000559836591,0.0373690208424533,0.9322410707155477,-0.07968391464724642,0.07312010156315876,0,100,baseline
0.0704760581723682,0.0411662447710266,0.04188382466022487,0.09006199233729538,-0.01121701479669708,0.1521691311414335,0,100,baseline
0.006334950759448685,0.03416855214647122,0.03381990454366584,0.8532961713201799,-0.061471428940104746,0.07414133045900212,0,100,baseline
0.026483337153184117,0.03348186093887111,0.03397076351239045,0.43086829784886493,-0.03996032619364592,0.09292700050001415,0,100,baseline
-0.02561018640361639,0.038880278803938746,0.03407975403206538,0.5116372475497638,-0.10276683430906877,0.051546461501836,0,100,baseline
-0.0444526679373588,0.040964178415641136,0.04037904041666238,0.28051326527476533,-0.125744746800527,0.036839410925809404,0,100,baseline
0.029506150051926423,0.03470650790165995,0.035402325218103096,0.3973073879272312,-0.03936778533572057,0.09838008543957341,0,100,baseline
0.006101455801780042,0.028154810481584695,0.02735277662216324,0.8288841048713934,-0.04977084928447628,0.06197376088803637,0,100,baseline
0.01578715283643685,0.033436354029489974,0.028710563403402386,0.6378655998179006,-0.050566203529774784,0.08214050920264848,0,100,baseline
-0.0009653750603085577,0.03231445933607882,0.0272494274880433,0.9762279785923047,-0.06509236792015174,0.06316161779953464,0,100,baseline
-0.006280582995065766,0.03509759280738133,0.03674095211127498,0.8583493332173786,-0.07593061365003437,0.06336944765990285,0,100,baseline
-0.013748058003812617,0.032915955186332876,0.03283189893750283,0.6771009595095874,-0.0790686998024577,0.05157258379483246,0,100,baseline
0.0102621124345983,0.029454862022850966,0.029969048427716426,0.7282861518705439,-0.0481901026243782,0.0687143274935748,0,100,baseline
-0.03158505812882823,0.029140288834871443,0.031228784286781764,0.2810701290538827,-0.08941301293422413,0.026242896676567658,0,100,baseline
-0.03206858536082189,0.03434077876361376,0.03473875929048718,0.3526847431024839,-0.1002167431768807,0.036079572455236915,0,100,baseline
0.001416387795494311,0.03768794449149211,0.037699337761129506,0.9700974211169944,-0.07337411147211151,0.07620688706310014,0,100,baseline
0.03025071581179417,0.029741039282158904,0.030601051217296664,0.3115927358276488,-0.02876940870447596,0.0892708403280643,0,100,baseline
0.06573066685594241,0.038244287953267904,0.035063016331917926,0.08882554517399162,-0.010163877905040558,0.14162521161692537,0,100,baseline
0.007128515809214708,0.03281177078942199,0.034818014248016026,0.8284614258573513,-0.057985375444501636,0.07224240706293106,0,100,baseline
0.03241842434646547,0.03926171163682414,0.037147795813990254,0.41097944483396875,-0.04549516460189776,0.1103320132948287,0,100,baseline
-0.01842088418694971,0.035138667754363605,0.03501142514122051,0.6012995066429396,-0.08815242673739693,0.05131065836349751,0,100,baseline
0.002883515053055032,0.03477627297542192,0.03494058113846914,0.9340873301984457,-0.06612886685292826,0.07189589695903834,0,100,baseline
0.019867592565565324,0.03419230895577255,0.03090679613399296,0.5625377326999346,-0.047985931748867616,0.08772111687999826,0,100,baseline
0.06288507422407069,0.0324762793724157,0.03266016430977208,0.05570704276722964,-0.0015630452313571824,0.12733319367949858,0,100,baseline
-0.04983967194413831,0.04074364804161229,0.03723880113162019,0.22416851924152204,-0.13069411545733373,0.031014771569057104,0,100,baseline
0.03368226319794979,0.03804434466869423,0.0377481477356717,0.3781392910780229,-0.04181550062206555,0.10918002701796514,0,100,baseline
-0.03595698886576863,0.0350746095350179,0.033160210974413004,0.3078128426655033,-0.10556140996473579,0.03364743223319852,0,100,baseline
0.011159461367431404,0.03570481833784122,0.033371774544412806,0.7552883617953853,-0.05969558859023184,0.08201451132509464,0,100,baseline
-0.014402666862757069,0.03656037651622837,0.03408386577100781,0.6944797457470491,-0.08695554418079819,0.058150210455284054,0,100,baseline
0.0028804788794629544,0.0348140242520897,0.0371659302261567,0.9342278062479765,-0.06620681920643062,0.07196777696535653,0,100,baseline
0.037437713618215004,0.03584042212597205,0.03317668351922426,0.29879301744889686,-0.033686437643690836,0.10856186488012085,0,100,baseline
-0.05475044222788851,0.037142983403812994,0.03554354428783781,0.1436744844021198,-0.12845948395306617,0.018958599497289133,0,100,baseline
0.03839356962401706,0.037916358703743464,0.04103147414558448,0.31375153044521353,-0.036850210213930076,0.1136373494619642,0,100,baseline
-0.03033647912671901,0.030925166775258753,0.02797180104840647,0.3290259770684788,-0.09170646611493766,0.031033507861499644,0,100,baseline
-0.0026058287102320755,0.03023961886826468,0.03250114614196413,0.9315049723736261,-0.06261536818857065,0.057403710768106506,0,100,baseline
0.04653663806276092,0.03595387697709561,0.03264071768431327,0.19858877667737876,-0.024812660658746453,0.11788593678426829,0,100,baseline
0.039810729915520274,0.03540816060284161,0.03964630653199084,0.2636162207881445,-0.0304556124219323,0.11007707225297285,0,100,baseline
-0.026395751343983708,0.03321068792030591,0.03555275938221063,0.42865230535905585,-0.09230128066095247,0.03950977797298505,0,100,baseline
-0.07654151437206627,0.03197276929320822,0.03381404862364955,0.018570486362243333,-0.1399904344623311,-0.013092594281801456,1,100,baseline
0.03566590770107234,0.04014475400246621,0.04471537492906449,0.37648355167879877,-0.04400005008278753,0.11533186548493221,0,100,baseline
0.007419847838473798,0.03297506222884724,0.030762756730588123,0.8224369793324791,-0.058018089962368444,0.07285778563931604,0,100,baseline
0.0687500670066252,0.033252733450434835,0.03274106243754227,0.04132234744818356,0.0027610997035114743,0.13473903430973894,1,100,baseline
0.011697398631139649,0.03382518908221349,0.035219572121224466,0.7302198936536023,-0.05542758824234209,0.0788223855046214,0,100,baseline
-0.037958525034797234,0.03326196128200081,0.030094282814773683,0.2565680075698662,-0.10396580466932859,0.02804875459973411,0,100,baseline
-0.05973962011384549,0.036778672154138936,0.0312779430483443,0.10752383764443733,-0.13272569802076345,0.013246457793072465,0,100,baseline
-0.047815258027702395,0.03383561456785219,0.034141867246132086,0.16077599171069828,-0.11496093393813073,0.019330417882725937,0,100,baseline
0.06608371894059484,0.03499204449441819,0.03248756769587642,0.06191146602134446,-0.0033568545224287594,0.13552429240361843,0,100,baseline
0.002915602590308368,0.03316576782777832,0.029090736609546034,0.9301275979115265,-0.06290078426498955,0.0687319894456063,0,100,baseline
0.05265417240793577,0.03569480727683485,0.0344652218831063,0.1433854993305653,-0.01818101092497605,0.12348935574084759,0,100,baseline
-0.0377139404399173,0.03775207311207619,0.03645630528368409,0.32025987004462186,-0.1126317008679695,0.037203819988134906,0,100,baseline
-0.04082488501755771,0.03247613413187098,0.033398955228037305,0.21171479431538825,-0.10527271624785153,0.023622946212736112,0,100,baseline
-0.023903351406445297,0.03199888466065063,0.03204748274383592,0.45684858613040413,-0.08740409659345998,0.03959739378056938,0,100,baseline
0.05699328842577395,0.041428757236441766,0.03825119922479095,0.17205254534123732,-0.02522073198728904,0.13920730883883692,0,100,baseline
0.009546585062118189,0.040929751524900394,0.03802787056218741,0.8160590721898675,-0.07167717475681792,0.09077034488105429,0,100,baseline
-0.09281499312412302,0.03511904534119074,0.03486545165775508,0.009571638159918154,-0.16250759563425138,-0.023122390613994653,1,100,baseline
-0.02450450980925064,0.02780314711895273,0.029976780095939064,0.3802809135445746,-0.07967895039744957,0.0306699307789483,0,100,baseline
-0.06049377029848409,0.040308285086523184,0.04269586309222852,0.136628158596569,-0.14048425019644215,0.01949670959947397,0,100,baseline
-0.037814838750611285,0.03398525408020762,0.03276586362651495,0.2685662377382251,-0.10525746940320524,0.02962779190198267,0,100,baseline
0.01769618405947309,0.03212089986187103,0.03032855848747724,0.582939376508878,-0.04604669632330879,0.08143906444225496,0,100,baseline
-0.01763669498039301,0.03421742377741028,0.035718553276091546,0.6074131935294813,-0.08554005884098975,0.05026666888020373,0,100,baseline
-0.06960510959755145,0.03631649412767847,0.0366314412267515,0.058198880828731814,-0.14167401025280746,0.0024637910577045563,0,100,baseline
0.0002456193625874001,0.03959950213362836,0.04021215806837166,0.9950636920212758,-0.07833830383309842,0.07882954255827324,0,100,baseline
0.08324995974111063,0.04019622101327051,0.04103832677762895,0.040978538006933844,0.0034818673493329927,0.16301805213288828,1,100,baseline
0.026313916454801987,0.03536699710635139,0.038003173431154696,0.45864183336841846,-0.043870738263555344,0.09649857117315933,0,100,baseline
0.05993901892344481,0.04008258924935805,0.03583524808113172,0.13802659248868696,-0.019603574931059457,0.13948161277794907,0,100,baseline
0.027366257188917824,0.03321207821060123,0.03541673101000524,0.4119489048438928,-0.0385420311138942,0.09327454549172984,0,100,baseline
-0.02917133673277719,0.03223591425309791,0.03476022437238934,0.3677203200513609,-0.09314245943173952,0.03479978596618513,0,100,baseline
0.06852470980565724,0.03549204374324264,0.034581932545774165,0.056409617221625914,-0.0019080958938962889,0.13895751550521077,0,100,baseline
0.016742048297323384,0.037284149844380034,0.03303879366983845,0.6543947466274589,-0.0572471336348168,0.09073123022946357,0,100,baseline
0.056838460411081204,0.03389601453878654,0.0345148534203013,0.09675938470136967,-0.010427077275914659,0.12410399809807707,0,100,baseline
-0.06777689890891923,0.03414857609177156,0.032693803298970765,0.04996632535390136,-0.13554363677805334,-1.0161039785128168e-05,1,100,baseline
-0.005493070855149981,0.03627560333688332,0.033520994070961645,0.8799509315716214,-0.07748082506688725,0.06649468335658729,0,100,baseline
0.010359172423870341,0.03667822509523178,0.03458841173379621,0.7782065011106216,-0.06242757156375349,0.08314591641149417,0,100,baseline
0.0866347573852257,0.03545779054183327,0.033378090456250724,0.01634193736460485,0.016269926049078995,0.15699958872137243,1,100,baseline
-0.017912049758226016,0.035780884164255476,0.03399260537575082,0.6177723516328415,-0.08891804987280241,0.05309395035635039,0,100,baseline
-0.020729607006226346,0.029729841994911053,0.029677466600707,0.48728721604885816,-0.07972751087037525,0.03826829685792256,0,100,baseline
-0.06389447641789751,0.0316383380970111,0.030702907829762836,0.046162930585610905,-0.12667972868356417,-0.0011092241522308588,1,100,baseline
-0.023481463903674726,0.029535469890071414,0.033643769405410556,0.4285197031074326,-0.08209364265172095,0.035130714844371504,0,100,baseline
-0.07813812610476381,0.034679039297608044,0.03547360456093428,0.02647677457124818,-0.14695755094165125,-0.009318701267876359,1,100,baseline
-0.06287451459000583,0.041690903715258285,0.04030038059023171,0.134743221503693,-0.14560875615857277,0.0198597269785611,0,100,baseline
-0.0233570732219409,0.0348044324189601,0.033449032971847745,0.5037388480852814,-0.09242533662716049,0.04571119018327868,0,100,baseline
-0.025637990916311013,0.03494775373634876,0.03494576416124543,0.4649384039228053,-0.09499067081141395,0.043714688978791924,0,100,baseline
-0.038250193916012,0.03107490325731808,0.032784257092119885,0.22130516242318507,-0.09991732807961773,0.023416940247593734,0,100,baseline
0.012465644257146984,0.03169866591968244,0.03357399264279785,0.6949856943320536,-0.05043932660920737,0.07537061512350134,0,100,baseline
-0.050098976989977145,0.034904901441421124,0.03126615025940981,0.1543858294799683,-0.1193666179004487,0.019168663920494405,0,100,baseline
-0.05051233964212429,0.03569289376504145,0.03330046552439918,0.16018176125457217,-0.12134372567315845,0.02031904638890987,0,100,baseline
-0.01938062485117845,0.03958210189741147,0.03317410281449265,0.6254892541731074,-0.09793001784439252,0.05916876814203563,0,100,baseline
0.030061402438066216,0.031133522396086934,0.03120386367405977,0.3366392155031853,-0.031722059498632826,0.09184486437476526,0,100,baseline
-0.051367902961815856,0.034769011125793226,0.035536855339421504,0.1427737313480593,-0.12036587396355207,0.017630068039920357,0,100,baseline
0.001080723785268585,0.03360360675607377,0.029651255701515198,0.9744091107581389,-0.06560454017351272,0.06776598774404988,0,100,baseline
0.010282492915568233,0.03347318046688273,0.03258784122350403,0.7593536032575559,-0.05614394431711181,0.07670893014824828,0,100,baseline
-0.017098521222551587,0.04141851957210215,0.0471505949297782,0.6806380324769598,-0.09929222532392326,0.0650951828788201,0,100,baseline
-0.010144213622957886,0.032207905455033284,0.03000140089564467,0.7534613867417274,-0.07405975377372334,0.05377132652780758,0,100,baseline
0.018652182998556536,0.03630451787287249,0.03385184771031156,0.6085690745467194,-0.053392951168811084,0.09069731716592415,0,100,baseline
-0.03159903622235746,0.03368815454180313,0.03256961238336782,0.3505572902858113,-0.09845208251026252,0.0352540100655476,0,100,baseline
-0.02870650393443163,0.030191289026556174,0.03028970015387688,0.3440344667445464,-0.08862013441482208,0.03120712654595882,0,100,baseline
0.0043539949914359055,0.029754010370807518,0.03380461808478369,0.8839590718518998,-0.054691870228105885,0.0633998602109777,0,100,baseline
0.065608559799918,0.042477266916749114,0.043673929424836604,0.12567664136384998,-0.018686193949366256,0.14990331354920228,0,100,baseline
-0.0512143660677986,0.03592758869805458,0.03415638175238115,0.15719339803705878,-0.12251149655511617,0.020082764419518978,0,100,baseline
-0.010474817237033756,0.036659610486414744,0.03774270872439166,0.7756866063027484,-0.08322462113928328,0.06227498666521577,0,100,baseline
0.008686301964468783,0.03319195519788864,0.033547713064021954,0.7941027417578325,-0.05718205287453009,0.07455465680346765,0,100,baseline
0.0694695746561299,0.03238599493560081,0.034364783930272494,0.034420514802756604,0.005200621727202426,0.1337385275850574,1,100,baseline
0.03958645390542804,0.03113303074852726,0.026649717291421248,0.20655106873277557,-0.022196032372689786,0.10136894018354586,0,100,baseline
-0.00956795135838659,0.04015126644583512,0.04318172930344346,0.8121478242500129,-0.08924683287416085,0.07011093015738767,0,100,baseline
-0.01745867700246604,0.03473468701029677,0.03578959718333948,0.6163524620403029,-0.08638853291409757,0.05147117890916548,0,100,baseline
0.07665967843611332,0.030756980947896577,0.0299364337096019,0.014364629101812403,0.015623450748590735,0.1376959061236359,1,100,baseline
-0.013612378642324495,0.03619993448319848,0.036647061487364144,0.7077049889182807,-0.0854499704766104,0.05822521319196142,0,100,baseline
-0.005117642646448251,0.035087479507886946,0.03634465007764694,0.884336382374098,-0.07474760378771338,0.06451231849481688,0,100,baseline
0.023823392623835815,0.03700064532133506,0.04199838386814018,0.5211674837624714,-0.04960318380913886,0.09724996905681049,0,100,baseline
0.04060683549877986,0.0340163110476558,0.03475060207740224,0.23545902349732176,-0.026897426694948212,0.10811109769250793,0,100,baseline
-0.047396433175743546,0.033329775705002083,0.03333293285936578,0.15818818559592857,-0.11353828832566164,0.018745421974174545,0,100,baseline
0.04439023215073169,0.036448884512891806,0.03752334066692413,0.2261951443016128,-0.027941392915259183,0.11672185721672257,0,100,baseline
0.025994380987131655,0.03626597031670494,0.0369910209061549,0.4752204450609878,-0.045974256809573774,0.09796301878383708,0,100,baseline
-0.020893113250512813,0.03560247701633357,0.03746992455230186,0.5586577146169769,-0.0915450701864011,0.049758843685375476,0,100,baseline
-0.019836707599921757,0.033172369112964215,0.03096010617821298,0.5512268081516052,-0.08566619449082848,0.045992779290984956,0,100,baseline
0.030144391290380546,0.03665543322522181,0.033863134283805316,0.4128618287732463,-0.04259712297298296,0.10288590555374405,0,100,baseline
-0.013562355171094068,0.03235114975887605,0.032804933526713084,0.6759704527725404,-0.07776215898086751,0.050637448638679375,0,100,baseline
0.010877890228755734,0.03257738549298864,0.029603558533779235,0.7391614990972728,-0.053770871032392475,0.07552665148990395,0,100,baseline
-0.030486749415448162,0.03551246674185332,0.03131218168820879,0.39272222042655835,-0.1009600838910664,0.03998658506017006,0,100,baseline
0.01696218833986154,0.03411582823139855,0.032079509406852016,0.6201658320322059,-0.05073956246616021,0.0846639391458833,0,100,baseline
-0.033329846761584014,0.03508548995066992,0.031199427723224392,0.3444689535574649,-0.10295585969130323,0.036296166168135205,0,100,baseline
0.014446421018714201,0.03645820133105,0.03597129875769128,0.6927849080284122,-0.05790369296969043,0.08679653500711883,0,100,baseline
-0.006187147486018519,0.03478530114063003,0.03593845664445591,0.8591947862489939,-0.07521744549203051,0.06284315051999347,0,100,baseline
-0.005494217278965333,0.03739583308242096,0.038114767852536986,0.8834965365822514,-0.07970503096220273,0.06871659640427207,0,100,baseline
-0.004986829432460305,0.0363123402915695,0.031015446215348068,0.8910505023069075,-0.07704748693514704,0.06707382807022644,0,100,baseline
-0.037126363003063545,0.04166711233819518,0.03866994086618956,0.37509910002661295,-0.11981339135815275,0.04556066535202566,0,100,baseline
0.018469119013365943,0.03589101009789277,0.03788328292833727,0.6079988570230548,-0.05275542243240203,0.0896936604591339,0,100,baseline
0.005158756259706458,0.040535150575547,0.037766048120312645,0.8989904501221513,-0.07528193081775195,0.08559944333716488,0,100,baseline
0.03835155207412863,0.030788550965783104,0.027911566091392878,0.21586528959947926,-0.022747325286425438,0.0994504294346827,0,100,baseline
0.007201338959433536,0.03243057024706767,0.03093920055537482,0.8247339104488622,-0.05715607222437086,0.07155875014323793,0,100,baseline
-0.014355962454732541,0.03148814299729946,0.0309045333841062,0.6494587383376877,-0.07684315743320708,0.04813123252374199,0,100,baseline
-0.0001636187517055042,0.028723947278835777,0.027994405563181515,0.9954666550336062,-0.05716535728922324,0.05683811978581224,0,100,baseline
-0.03845968407083824,0.04011541342080734,0.03271511113843201,0.3400561917893944,-0.11806741642530214,0.041148048283625664,0,100,baseline
-0.043874902436392034,0.0363503563219462,0.03659805160525714,0.23033722684625596,-0.11601100151410781,0.028261196641323753,0,100,baseline
0.04807321847621251,0.03650447961803344,0.03455931499277083,0.19093900892761745,-0.024368733266557384,0.12051517021898239,0,100,baseline
-0.028076344800395763,0.033979338755678226,0.03400131016874931,0.41065414888707374,-0.09550723668397877,0.03935454708318724,0,100,baseline
0.08132819161564214,0.03127579629473679,0.03228727089939905,0.010753014525163654,0.01926239175745805,0.14339399147382623,1,100,baseline
0.027345116577463996,0.03397611742442234,0.0308463879210988,0.4228640706390754,-0.040079382679081774,0.09476961583400977,0,100,baseline
-0.020046449001413728,0.034152721721239156,0.032418461517155175,0.5585770830970627,-0.08782141373730439,0.04772851573447694,0,100,baseline
-0.08955674924393428,0.038711029500396545,0.03760456526452656,0.02278663269780857,-0.16637752741482278,-0.012735971073045776,1,100,baseline
0.01778887691643259,0.03586749514408617,0.03845962978975558,0.6210324389399031,-0.05338899986881383,0.08896675370167902,0,100,baseline
-0.011348284163980451,0.032688708975774854,0.03884667518977902,0.7292138882016839,-0.07621796325363134,0.05352139492567043,0,100,baseline
-0.09137165886631989,0.034217402537264824,0.03522394198751456,0.008872365872631838,-0.15927498057653924,-0.023468337156100527,1,100,baseline
-0.026651351338203975,0.0342278556706361,0.03486219889322141,0.43806487509196324,-0.0945754169513954,0.04127271427498746,0,100,baseline
0.041142999236666034,0.03875269273008421,0.034087132043340296,0.29098988467722975,-0.03576045825758395,0.11804645673091602,0,100,baseline
-0.0002481607943122105,0.03854538321978081,0.03775994970243283,0.9948762260830764,-0.07674021931237196,0.07624389772374754,0,100,baseline
0.016049572433030776,0.034664108445820956,0.030302075389653835,0.6443890248152557,-0.052740222614418325,0.08483936748047988,0,100,baseline
0.015995694310113582,0.03338177503128419,0.03253288081013206,0.6328820367908194,-0.05024935181046347,0.08224074043069063,0,100,baseline
-0.016332933442005648,0.032958560251501484,0.02847869124539251,0.6213145528267261,-0.08173812360587156,0.04907225672186026,0,100,baseline
-0.011430793285430976,0.03283721941205395,0.03224544547360136,0.7285081237312898,-0.07659518650252044,0.05373359993165848,0,100,baseline
0.010240728459344022,0.03649419845578556,0.03362315176224264,0.7795991648030445,-0.062180820651551255,0.0826622775702393,0,100,baseline
-0.032899189344295574,0.03315009494290257,0.034107972296742985,0.32343131428888583,-0.0986844738696406,0.03288609518104946,0,100,baseline
-0.009642613070606288,0.030354176304027796,0.031030963624899974,0.7514110946215389,-0.06987948805187935,0.05059426191066677,0,100,baseline
-0.03278269526649846,0.03960079695097067,0.03644737690444103,0.4097786449678551,-0.11136918798505954,0.04580379745206262,0,100,baseline
-0.022876802251082407,0.03723011956160299,0.0415104991673231,0.5403285941995928,-0.09675876284549809,0.05100515834333327,0,100,baseline
-0.033108242075336636,0.03365291197337203,0.03139615491873721,0.32762911829853225,-0.09989135063317978,0.033674866482506505,0,100,baseline
0.02294557953793587,0.036039181084859505,0.035555158778335046,0.5258149302145911,-0.048573002409157864,0.0944641614850296,0,100,baseline
-0.06947982947640506,0.03134967892953213,0.03228656157840082,0.028985115392281754,-0.1316922470187878,-0.007267411934022333,1,100,baseline
-0.026720604075327878,0.0320122663643173,0.03351477137711252,0.4059174286722357,-0.09024790481775385,0.0368066966670981,0,100,baseline
-0.0072276564631214985,0.036714971644349205,0.03804248121081226,0.8443459118457521,-0.08008732278153134,0.06563200985528835,0,100,baseline
-0.0032566228685524277,0.029228974570331034,0.02928359489282561,0.9115130649643244,-0.061260571629639764,0.054747325892534913,0,100,baseline
0.0019755654780220476,0.02647927583226406,0.02357767850286754,0.9406787008392377,-0.05057169562789324,0.05452282658393734,0,100,baseline
-0.0549783786734322,0.039787796974779625,0.04120810526619391,0.1701780603538154,-0.13393596685321915,0.023979209506354758,0,100,baseline
-0.001359775139885104,0.035051397915523856,0.03329411047348189,0.9691337472406341,-0.0709181335354018,0.06819858325563158,0,100,baseline
-0.008836016163415677,0.03953977122640323,0.04166605601023984,0.8236336530132912,-0.08730140531768986,0.06962937299085852,0,100,baseline
-0.03970242078691713,0.036997718871783755,0.035378608765098685,0.2858595266042663,-0.11312318977600022,0.03371834820216596,0,100,baseline
0.03977006168707152,0.0305402362351111,0.03129145650613391,0.19589395557021522,-0.020836043172009225,0.10037616654615227,0,100,baseline
-0.013897692631772707,0.04398855424196235,0.04439997061643307,0.7527208215673304,-0.1011915468922302,0.07339616162868479,0,100,baseline
0.0266087386358102,0.03950115170138756,0.039652728960452494,0.5021390196738458,-0.05178001132796496,0.10499748859958537,0,100,baseline
0.029310158950083515,0.03180608052879375,0.03329974398065128,0.35903846446152166,-0.033807972712182194,0.09242829061234922,0,100,baseline
-0.020722309207002524,0.04285746806407754,0.04232030728790856,0.6298073719998813,-0.10577155975929572,0.06432694134529068,0,100,baseline
-0.014371131051588042,0.035277868795643055,0.03212775809814787,0.6846250318052025,-0.08437891353807664,0.05563665143490056,0,100,baseline
-0.04322681453787579,0.028929275968793515,0.025888063935217562,0.1383300849103722,-0.10063602117807473,0.014182392102323152,0,100,baseline
0.00747087641776803,0.035709136388464346,0.03501280147010588,0.8347149117404876,-0.06339274257082338,0.07833449540635944,0,100,baseline
0.025651983347214333,0.04039052022427943,0.03786466982998219,0.5268438605021556,-0.05450168950523129,0.10580565619965995,0,100,baseline
-0.02951121911844557,0.03394008042580242,0.03302123582459014,0.386693226216434,-0.0968642041240749,0.03784176588718375,0,100,baseline
0.051281419214259306,0.034896134673815325,0.0356074321558307,0.14488824594671101,-0.017968824331218013,0.12053166275973662,0,100,baseline
-0.01923446028339444,0.03359980435569829,0.033313862115562275,0.5683230508031624,-0.0859121785023819,0.04744325793559302,0,100,baseline
0.0008993542035144555,0.030960643901912034,0.029633083954127757,0.9768851395930516,-0.06054103598792421,0.062339744394953114,0,100,baseline
0.0053235915478262435,0.03765644414102221,0.03932720604887925,0.8878657590640555,-0.06940439629946903,0.08005157939512152,0,100,baseline
-0.044897132260142955,0.03921904739757153,0.041882497004163924,0.2550890068092547,-0.12272605541424152,0.032931790893955606,0,100,baseline
0.026045597077285314,0.03444082926015034,0.027697315935295445,0.45131827661943535,-0.042301107692949556,0.09439230184752018,0,100,baseline
0.02132551840574074,0.04451742839891594,0.03632695507005432,0.6329791105564634,-0.0670178694066785,0.10966890621815997,0,100,baseline
-0.00998897612449269,0.03220186543246719,0.034420238185067016,0.7570685853422863,-0.07389253004705175,0.05391457779806637,0,100,baseline
-0.07002081515028177,0.03580587884689034,0.03564194880900867,0.053363986067517286,-0.1410764163990808,0.0010347860985172458,0,100,baseline
-0.0425471530869998,0.03449484339597405,0.036981479546365825,0.22036366215371486,-0.11100104715185581,0.02590674097785621,0,100,baseline
-0.02736264824564795,0.03397876834638192,0.030654281240497162,0.42260382329107893,-0.09479240817054674,0.04006711167925084,0,100,baseline
-0.040721193699215744,0.039374336940792315,0.03794465178600674,0.3035850313671817,-0.11885828389784873,0.03741589649941725,0,100,baseline
-0.014774695168953168,0.032404040157147124,0.032012524880466936,0.6494330824117887,-0.07907945825274723,0.04953006791484089,0,100,baseline
-0.04752151894302163,0.03753991734574981,0.03941798036114363,0.20855248640631807,-0.12201826315753017,0.026975225271486908,0,100,baseline
0.035907646858005536,0.04335007367163123,0.035539635341406105,0.40950316032030565,-0.05011916349034606,0.12193445720635712,0,100,baseline
-0.01716016579564055,0.033846046830148815,0.029751033966205667,0.613289212715161,-0.08432654419107258,0.05000621259979148,0,100,baseline
-0.03472264341143685,0.034041536415251206,0.02930828820444742,0.3102360788100526,-0.10227696452618396,0.032831677703310254,0,100,baseline
-0.008333723938799928,0.03375102971308883,0.030740706389513536,0.8054884941771849,-0.07531154395781298,0.05864409608021312,0,100,baseline
0.011691572012678134,0.031966250010957334,0.031110845663831235,0.7153418875234525,-0.05174441077413358,0.07512755479948985,0,100,baseline
0.03304979910121919,0.03393627406340423,0.03521996539106354,0.3325147419161768,-0.034295632302111176,0.10039523050454956,0,100,baseline
-0.018733547458442513,0.03495922007021896,0.03467454735027528,0.593263536347389,-0.08810898191993245,0.050641887003047434,0,100,baseline
0.018829228139811624,0.03781006134176801,0.03250135847946678,0.619603150589263,-0.05620360804280382,0.09386206432242707,0,100,baseline
-0.026161634670883158,0.03489263208567505,0.03516213819047894,0.4551862072402758,-0.09540492744418984,0.04308165810242352,0,100,baseline
9.420865952874946e-05,0.035717579540681506,0.03631739108563642,0.9979008644594689,-0.07078616548985038,0.07097458280890788,0,100,baseline
0.03475983319720942,0.031653378404051115,0.031850444431867395,0.2748341908779334,-0.028055266068282722,0.09757493246270156,0,100,baseline
-0.0026557357542602595,0.039409700634323974,0.0351881322045946,0.9464102210311112,-0.08086300405177514,0.07555153254325463,0,100,baseline
-0.024647010745648023,0.03330812951165496,0.034636057925210094,0.46108732475057335,-0.09074590972935652,0.041451888238060466,0,100,baseline
0.03006867368809362,0.031000345745263013,0.036325109805662885,0.33446103408846173,-0.031450503519355806,0.09158785089554305,0,100,baseline
0.013002595138220694,0.03184594390332901,0.028410394069347505,0.6839465684182879,-0.05019464409343387,0.07619983436987525,0,100,baseline
-0.04783809862355554,0.031147275582875732,0.03310930497503348,0.12779317775618754,-0.1096488533118316,0.01397265606472052,0,100,baseline
-0.014166130031792037,0.031041312437759233,0.030851533596841525,0.6491382263582799,-0.07576660430721571,0.047434344243631646,0,100,baseline
-0.002158856390750941,0.036136456759225624,0.03304671854430781,0.9524829507125467,-0.07387047874773164,0.06955276596622975,0,100,baseline
0.038680857678515354,0.04276032276362485,0.03903666083164273,0.36789740133485827,-0.04617561118667898,0.12353732654370969,0,100,baseline
-0.04099684809295329,0.031936166406637864,0.03185137619120651,0.202269631331376,-0.10437313094608117,0.022379434760174587,0,100,baseline
-0.030190785543466006,0.03984824334108524,0.03808675638212049,0.45048205023152044,-0.10926832756992481,0.0488867564829928,0,100,baseline
-0.017818669077758167,0.03192650334485002,0.028061643693944684,0.5780385121466147,-0.08117577589925795,0.04553843774374161,0,100,baseline
0.019384926201287626,0.03950715672181984,0.03399047134375853,0.6247576605540199,-0.05901574053009857,0.09778559293267382,0,100,baseline
-0.038478569400677544,0.03633114684997233,0.03089684122817792,0.29215455927089495,-0.11057654790644447,0.03361940910508938,0,100,baseline
-0.011094162937607094,0.028333515985539896,0.029335939214980646,0.6962362797736016,-0.06732110328038944,0.04513277740517525,0,100,baseline
-0.05144905257821106,0.031434320760287605,0.03545364702340199,0.1048973571388597,-0.11382943907901112,0.010931333922589007,0,100,baseline
-0.022274082115245505,0.032948337528231945,0.033306951538197356,0.5006135460021053,-0.0876589856174874,0.04311082138699639,0,100,baseline
-0.00232063428134905,0.035259423015391055,0.034920629753805686,0.947658394016778,-0.07229181171725604,0.06765054315455796,0,100,baseline
-0.06596709241438005,0.027713552475998403,0.027319275495196128,0.01923216528496092,-0.12096373534954515,-0.010970449479214953,1,100,baseline
-0.0015762086390059271,0.03472728474502768,0.031011885081377418,0.9638902527822331,-0.0704913749961219,0.06733895771811005,0,100,baseline
0.008277604381598622,0.03182278252323543,0.035526308983253166,0.795320273406166,-0.05487367184506062,0.07142888060825786,0,100,baseline
0.0056452961141758365,0.028483297396467742,0.026226748323391072,0.8433017139942551,-0.05087888056387093,0.0621694727922226,0,100,baseline
0.04704948985839005,0.03745132265441503,0.03384081370633408,0.21199962471028555,-0.02727144107452964,0.12137042079130975,0,100,baseline
0.021627469466944473,0.04014625883835288,0.04194802040607167,0.5913038195472775,-0.05804147461475675,0.10129641354864569,0,100,baseline
0.042855533397401536,0.03543114919948495,0.034121061548164154,0.2293636933650685,-0.027456429061912695,0.11316749585671576,0,100,baseline
-0.0033211297336668043,0.03218213460302168,0.034138247769375255,0.918016767303294,-0.0671855284673424,0.06054326900000879,0,100,baseline
0.01225254207302931,0.03029082083345527,0.028263451945891492,0.6867288579498767,-0.04785860603883268,0.0723636901848913,0,100,baseline
0.06373051145609736,0.030945530171337502,0.03216743747458657,0.04210369525785676,0.002320113971098832,0.1251409089410959,1,100,baseline
0.027766257675178697,0.03847556673276423,0.038596696642422344,0.4722221731075794,-0.048587252296614244,0.10411976764697163,0,100,baseline
-0.07220897768952657,0.034306918771783206,0.03369194214702765,0.03786732688828965,-0.14028994145379048,-0.004128013925262658,1,100,baseline
0.038464769541994064,0.039646464342478094,0.0385942276689961,0.33433815329412053,-0.04021234862874206,0.11714188771273018,0,100,baseline
-0.0037981427191163195,0.035575352357211196,0.03490816189710028,0.9151949993667575,-0.07439627165176385,0.0667999862135312,0,100,baseline
-0.02674878847215202,0.03641646263107601,0.0377825150924095,0.4643829984116664,-0.09901607336886818,0.04551849642456414,0,100,baseline
-0.005374412780805237,0.034048491160205245,0.030096907615125214,0.8749030575817586,-0.07294253536056747,0.062193709798957,0,100,baseline
-0.021215553465462007,0.033967613064573944,0.034443942504703076,0.5336969980545243,-0.08862317609666792,0.0461920691657439,0,100,baseline
0.04689428998882404,0.035769023209969844,0.03808082143527211,0.19291109789851427,-0.024088172447994077,0.11787675242564216,0,100,baseline
-0.03169107332701258,0.03233584205952568,0.03111050293086822,0.3294696603344346,-0.09586049950562306,0.03247835285159791,0,100,baseline
-0.033409552189648264,0.035194449016690804,0.03532469119156147,0.34481097061977084,-0.10325179083975065,0.036432686460454125,0,100,baseline
0.024596286396934865,0.03752676359487868,0.0357692614722673,0.5137245770465293,-0.049874354627066284,0.09906692742093602,0,100,baseline
-0.031217504461514528,0.03026304917604369,0.028335222499535864,0.3048273477706963,-0.09127354062308775,0.028838531700058692,0,100,baseline
-0.11575863303961587,0.036070631589087326,0.0373421326335847,0.001799425085704513,-0.18733962748877503,-0.044177638590456716,1,100,baseline
0.02515883276402382,0.033870928536472875,0.035312689671234715,0.459388406740996,-0.0420569225678189,0.09237458809586654,0,100,baseline
0.006921240377281271,0.03410168028412117,0.030030093925689366,0.839587931860639,-0.06075243428782158,0.07459491504238412,0,100,baseline
-0.009446953968143872,0.039170597398774286,0.03589215035432406,0.8099236557236292,-0.08717972967646229,0.06828582174017453,0,100,baseline
0.019023524253217253,0.03260881751550411,0.02957634734907042,0.5609737567412498,-0.045687612833639715,0.08373466134007422,0,100,baseline
-0.0346745137114106,0.031540408948510665,0.03098077450474891,0.2743010058585411,-0.09726542876903842,0.027916401346217215,0,100,baseline
-0.022009142232432513,0.03709914288483219,0.03360183819006474,0.5543791864872427,-0.09563118387450757,0.051612899409642546,0,100,baseline
-0.019644305485037736,0.032252575762380414,0.03437029142676463,0.5438827210757803,-0.08364849240691281,0.04435988143683735,0,100,baseline
0.018651720922014718,0.03277338537483627,0.03422504860638262,0.5705823251199021,-0.04638599572573159,0.08368943756976102,0,100,baseline
0.002053263777640799,0.03388256611289168,0.028879753854851253,0.9518016483644289,-0.06518558594585344,0.06929211350113504,0,100,baseline
0.03147408065835803,0.03215229983490229,0.030947368765364296,0.3300367910545282,-0.03233111194897426,0.09527927326569033,0,100,baseline
-0.03209477355801562,0.03157264661072535,0.03486425766086899,0.3118766804879317,-0.09474966320711528,0.030560116091084034,0,100,baseline
-0.032142491881711206,0.030549389557710208,0.027221719885759353,0.2953188830062486,-0.09276676121158975,0.028481777448167336,0,100,baseline
-0.00874587710268045,0.03183590241343684,0.032984922296780766,0.7841116484131239,-0.07192318932445003,0.05443143511908914,0,100,baseline
0.006417541566470265,0.038937723100666795,0.037532975357984645,0.869428663769844,-0.07085310267628137,0.08368818580922191,0,100,baseline
0.007828107716570866,0.03598951077875488,0.03529171671340091,0.8282625089092571,-0.06359190512460683,0.07924812055774857,0,100,baseline
-0.012369496790216854,0.028615315261139727,0.02897786095600741,0.6664960235750637,-0.06915565862410808,0.04441666504367438,0,100,baseline
-0.006458088475699807,0.034030011362648695,0.039476933533338227,0.8498769787847431,-0.07398953849864667,0.06107336154724705,0,100,baseline
0.021791769252991387,0.030234026655691623,0.0279503093355546,0.4727670953113432,-0.03820667266149772,0.0817902111674805,0,100,baseline
-0.030834584851013973,0.032548800624121445,0.03202550185762688,0.34579874304512725,-0.09542662037020619,0.033757450668178236,0,100,baseline
0.003364066062617691,0.028660557468171352,0.028041236455682298,0.9068022032312342,-0.053511877458694235,0.06024000958392961,0,100,baseline
0.01204391512232559,0.03594362508278358,0.036192123193115266,0.7382824850801504,-0.05928503904857333,0.08337286929322452,0,100,baseline
0.005827556003128969,0.03619057654259005,0.03418751807474528,0.8724058801364871,-0.06599146530257907,0.077646577308837,0,100,baseline
0.044299756196997386,0.03434798859562316,0.0303801586571323,0.20017853983238948,-0.023862709296035955,0.11246222169003073,0,100,baseline
-0.014781445711874678,0.04134497378504505,0.04349400206755993,0.7214751422633372,-0.09682920059242134,0.06726630916867199,0,100,baseline
-0.04157349445872833,0.04433992043391151,0.03704245319405394,0.3507505408533035,-0.12956462349169476,0.04641763457423811,0,100,baseline
-0.02723355515397742,0.0366788120815248,0.033674062128377695,0.4595680870712182,-0.10002146399679594,0.0455543536888411,0,100,baseline
0.0790564446580648,0.036390474674828054,0.03546314186799368,0.03223325691886942,0.006840732014729775,0.1512721573013998,1,100,baseline
0.04921823592646677,0.03151546826094973,0.034862119190688434,0.12157833629484094,-0.013323185148405352,0.11175965700133889,0,100,baseline
-0.03002555447799113,0.042551406855553,0.03879978323362373,0.48209215394919547,-0.11446743652290489,0.054416327566922634,0,100,baseline
-0.029631655414932512,0.037829024096996795,0.03564112352810677,0.4353370873263015,-0.10470212256814573,0.04543881173828071,0,100,baseline
0.018921106321814485,0.03639800449227523,0.0373691485300848,0.6043479701107146,-0.05330954899918225,0.09115176164281122,0,100,baseline
-0.0175315533629325,0.03579540767796708,0.03729938848385451,0.6253905288891541,-0.0885663749177935,0.05350326819192851,0,100,baseline
0.03623109425466145,0.03820177635390957,0.037628626679655136,0.3452517064199846,-0.03957908762095927,0.11204127613028217,0,100,baseline
-0.042331519110727064,0.028795649217586854,0.025134698013970894,0.14474704581490555,-0.09947554781211562,0.014812509590661486,0,100,baseline
0.06318525218171964,0.039027084228057805,0.03997953481894306,0.10865896401770568,-0.014262726310030338,0.1406332306734696,0,100,baseline
-0.053390347658057065,0.03071173574058941,0.0328498943585037,0.08527493325755947,-0.1143367877042098,0.00755609238809566,0,100,baseline
-0.041064333614872564,0.04082933476768479,0.0395793807825911,0.31701002171161463,-0.12208881964723524,0.03996015241749011,0,100,baseline
0.08892275437066957,0.03809223829877334,0.032455116971703474,0.0216155899194387,0.013329947200487899,0.16451556154085123,1,100,baseline
-0.014962367492626666,0.03827693168467548,0.042466428351404774,0.696721307898821,-0.09092169267617901,0.06099695769092568,0,100,baseline
0.012661235232364596,0.03676180753139463,0.03302707805892909,0.7312738778590345,-0.06029137537958611,0.08561384584431529,0,100,baseline
-0.01988614417411762,0.035179390001915195,0.036094593169831574,0.5731763783825782,-0.08969849869950208,0.04992621035126685,0,100,baseline
0.03581349809218034,0.036078118531636026,0.03495248616938978,0.32331774813438385,-0.035782353950799865,0.10740935013516054,0,100,baseline
0.04987936367632268,0.030719384592158304,0.026134344456107236,0.10765014908615621,-0.01108225526683225,0.11084098261947761,0,100,baseline
0.053701510626378235,0.031879255700930476,0.02989101902497199,0.09526195264193237,-0.009561834783464881,0.11696485603622135,0,100,baseline
-0.0334755301648157,0.04002551847335501,0.039028968725331244,0.404990091279432,-0.11290486892174306,0.04595380859211166,0,100,baseline
-0.03485835028083969,0.032845357088472416,0.0356068114896322,0.2911679691007666,-0.10003889245193626,0.030322191890256874,0,100,baseline
-0.028055217130069903,0.030339498372126766,0.031217947279943717,0.35738852336022975,-0.08826296423318708,0.03215252997304727,0,100,baseline
0.014933521800534505,0.03875343536533169,0.037734010814356206,0.7008154478869966,-0.061971409429194615,0.09183845303026363,0,100,baseline
0.019656502864759468,0.03771510355967347,0.04059887837811281,0.6034144593210897,-0.055187892689744805,0.09450089841926373,0,100,baseline
-0.014943105130352862,0.03729756989481122,0.03699666004504118,0.6895532206333963,-0.0889589187158105,0.059072708455104775,0,100,baseline
-0.0266687049215376,0.03864259543198217,0.0391344782715695,0.4917388831760878,-0.10335367791088376,0.05001626806780857,0,100,baseline
-0.03429768810100575,0.0370032239892336,0.03583758349660845,0.3562639609695506,-0.10772938181650085,0.03913400561448935,0,100,baseline
0.0322695037606979,0.031365049598981884,0.0296331497906846,0.3060891895742334,-0.02997341637496062,0.09451242389635642,0,100,baseline
0.015962384915469363,0.03856557107515006,0.040437772172250405,0.6798499806224141,-0.06056973574454534,0.09249450557548407,0,100,baseline
-0.028593584701580535,0.0338279492580619,0.03337511682759819,0.40002182786624874,-0.09572404905420194,0.03853687965104087,0,100,baseline
-0.033145432178680566,0.0409439337138082,0.0383847231271143,0.42017030782033205,-0.11439733608993674,0.048106471732575616,0,100,baseline
-0.01916999988100474,0.03330374557309587,0.02616516165355176,0.566197597565135,-0.08526019908132051,0.04692019931931104,0,100,baseline
0.04444185865808095,0.03704574671657558,0.03631358393541524,0.2331683485601654,-0.029074220025897782,0.11795793734205968,0,100,baseline
-0.019573708070790563,0.039421989362462995,0.041709591563207526,0.6206412418938649,-0.09780536294935363,0.058657946807772504,0,100,baseline
0.003774042177876004,0.034518937415425215,0.032310842875282596,0.9131623236894801,-0.06472766568442717,0.07227575004017917,0,100,baseline
0.0019062735899106993,0.03057029145312797,0.029994903891055177,0.9504054913069013,-0.058759474871160226,0.06257202205098163,0,100,baseline
0.0012985792740658406,0.033179975930761406,0.03641463498233011,0.9688604310321525,-0.06454600309919115,0.06714316164732284,0,100,baseline
0.04116247476478362,0.03819863191991297,0.0326234899273916,0.28386203518937914,-0.034641467083908244,0.11696641661347548,0,100,baseline
-0.044146162770448805,0.03411048574003359,0.03246677965019109,0.19863410217282165,-0.11183731157623125,0.023544986035333643,0,100,baseline
0.028198936865065107,0.029654540860893277,0.029412194058787186,0.34398704067081454,-0.030649534349344098,0.08704740807947431,0,100,baseline
0.022397684462469144,0.03503982032641736,0.03764296232519319,0.5241798285559319,-0.04713769858426496,0.09193306750920326,0,100,baseline
0.006844604729882901,0.03671374331637683,0.03787351024054217,0.8524916336741478,-0.0660126240116424,0.07970183347140819,0,100,baseline
0.06871827572203437,0.035742107760568353,0.03162958082668045,0.05743212806527196,-0.0022107738814252237,0.13964732532549395,0,100,baseline
0.004402205931706043,0.037962866978779645,0.036798359475682656,0.9079208680581359,-0.07093386806441193,0.07973827992782401,0,100,baseline
0.05418054413890777,0.03253797963713138,0.03430579952700081,0.09907719405305683,-0.010390017483777866,0.11875110576159341,0,100,baseline
-0.0075012650136787665,0.030867060307043843,0.03425265116096896,0.8084990371115429,-0.06875594160683325,0.05375341157947572,0,100,baseline
-0.05503973486019705,0.04087469861571158,0.04153212074031264,0.18123200081623828,-0.13615424397257644,0.026074774252182333,0,100,baseline
0.020732542038190235,0.035348551086951334,0.03872934692819192,0.558876442789447,-0.04941550715500395,0.09088059123138442,0,100,baseline
0.020937749144756976,0.031214241247437352,0.030560913047012757,0.5039413630300613,-0.04100589672540568,0.08288139501491963,0,100,baseline
0.027195626883645043,0.03509957739093649,0.033273464085732216,0.4403153300603675,-0.04245834211279936,0.09684959588008946,0,100,baseline
0.05921714857436314,0.03761081078556188,0.038110036511598,0.11860142442632574,-0.015420281364184815,0.1338545785129111,0,100,baseline
0.01107849201439656,0.03953089375318439,0.045652918320349824,0.7798772270831454,-0.06736928008319729,0.08952626411199041,0,100,baseline
0.01751375275346086,0.03628697767154114,0.03439559609471858,0.630423714115117,-0.054496573455220604,0.08952407896214232,0,100,baseline
-0.0064885415362053375,0.03396798506538591,0.0327625514403321,0.8489056352263405,-0.07389690239091562,0.06091981931850494,0,100,baseline
-0.017186949402040196,0.04271620756897484,0.04143591140243368,0.6883012842745706,-0.1019558730992059,0.0675819742951255,0,100,baseline
-0.0016235316267068608,0.029269289298812253,0.031173321787661624,0.9558779346374064,-0.05970748365439923,0.05646042040098551,0,100,baseline
-0.06772756742089779,0.03258999287559746,0.03272479110642559,0.04030719359713219,-0.1324013476225187,-0.003053787219276863,1,100,baseline
-0.08570911999803282,0.03324791111430231,0.03410187848697483,0.011429406639087302,-0.15168851753203724,-0.019729722464028404,1,100,baseline
-0.03179200094767117,0.03820956906137925,0.04275545101033912,0.40740764699299536,-0.10761764719764733,0.04403364530230499,0,100,baseline
-6.155138086202938e-05,0.03221085183643608,0.029338893153692553,0.9984792160868174,-0.06398293852962968,0.06385983576790562,0,100,baseline
0.003951927552221115,0.037076170360590924,0.03691766184740799,0.9153326033797214,-0.06962452586315113,0.07752838096759335,0,100,baseline
0.034932212527208295,0.041420990991196054,0.03805609088111333,0.4010889165407001,-0.047266396024921484,0.11713082107933807,0,100,baseline
0.036423130288002856,0.03365408027392144,0.034146040490525845,0.28178409376763774,-0.030362296724257568,0.10320855730026328,0,100,baseline
0.035192095138527994,0.036549138939663085,0.03707598966573126,0.33798229446953865,-0.0373384815745527,0.10772267185160869,0,100,baseline
0.04170496028802756,0.033546205729719024,0.034226048067039654,0.21675669372259176,-0.024866393202102058,0.10827631377815718,0,100,baseline
-0.013371875994412846,0.03506888853877726,0.03633735431217115,0.7038037759506481,-0.08296494396253355,0.056221191973707854,0,100,baseline
0.006175044651223097,0.03281721469804819,0.031166657457588443,0.8511365452821558,-0.05894964986198682,0.07129973916443301,0,100,baseline
0.011979840929309045,0.03997588315588528,0.04346209150048767,0.7650584489761207,-0.06735099815550949,0.0913106800141276,0,100,baseline
0.028183150712931267,0.041011141370430285,0.04243198249335743,0.4935752691677878,-0.05320212460557972,0.10956842603144226,0,100,baseline
-0.02891797468477042,0.03310099724771428,0.033334211616193724,0.3844563519743732,-0.09460582643192691,0.036769877062386075,0,100,baseline
-0.007232194583363988,0.03544323880211306,0.03727563065051709,0.8387375322408062,-0.07756814846563065,0.06310375929890266,0,100,baseline
-0.02602979337926108,0.03884778702512396,0.03428076148538872,0.5044044621571517,-0.1031219624071191,0.05106237564859695,0,100,baseline
-0.07603629380053463,0.029776926242244605,0.027566251911703435,0.012205242663251075,-0.13512763482113316,-0.016944952779936115,1,100,baseline
-0.0004109101371044376,0.03222360064774129,0.03127875875798875,0.9898517049496921,-0.0643575968869899,0.06353577661278102,0,100,baseline
0.010836006581950226,0.03505488395377019,0.03226550501626261,0.7578899283874911,-0.0587292697430112,0.08040128290691165,0,100,baseline
-0.023284434623255936,0.03287825016701019,0.029689249559975348,0.48050105249501696,-0.08853025203818661,0.04196138279167473,0,100,baseline
0.002828117956668985,0.04146458461474921,0.041302407656036724,0.945760916961176,-0.07945700072262256,0.08511323663596053,0,100,baseline
-0.01844774592896433,0.03659475868886948,0.032063691333719606,0.6153162758922214,-0.09106885354962421,0.05417336169169556,0,100,baseline
0.018222813529678375,0.03380990822791175,0.03317052710894659,0.591124011215816,-0.04887184898576573,0.08531747604512248,0,100,baseline
-0.027992916246133637,0.028569193469871475,0.03095389583571264,0.32958337243064173,-0.08468755088631316,0.028701718394045884,0,100,baseline
0.036385704295531146,0.031134804094621223,0.034096717945500774,0.24537943000455742,-0.025400301130195577,0.09817170972125787,0,100,baseline
0.023628032854533174,0.03768323908497878,0.03760280839558111,0.53210613310031,-0.0511531286869871,0.09840919439605345,0,100,baseline
-0.04024009126264698,0.040462550127239226,0.038449643800877495,0.32242770676723154,-0.12053670511326182,0.040056522587967866,0,100,baseline
0.030909038063287746,0.034868215881467844,0.031112663125160072,0.37754357431156893,-0.0382858015474091,0.1001038776739846,0,100,baseline
-0.044958794870416326,0.029474578107660302,0.027257962944181542,0.13039482764193852,-0.10345013585802568,0.013532546117193019,0,100,baseline
-0.024607037637568926,0.034084149753524084,0.03096351648824119,0.4720445954825062,-0.09224592353524302,0.04303184826010517,0,100,baseline
0.015900031818410987,0.03440296436652164,0.03550981001642869,0.6449835518221955,-0.052371531302752405,0.08417159493957438,0,100,baseline
-0.009780919519934312,0.031559017701471875,0.02846182462799542,0.7572762915576988,-0.07240876304218112,0.052846924002312494,0,100,baseline
0.02027359186671599,0.03260321501694272,0.028158588570581875,0.535498932029846,-0.04442642724408243,0.08497361097751441,0,100,baseline
-0.011842559196194449,0.038537113939141804,0.03713936496261471,0.7592650605477753,-0.08831820759595457,0.06463308920356567,0,100,baseline
-0.05188230168511421,0.03320562187245953,0.032049244689073185,0.12140435393037913,-0.11777777759500926,0.01401317422478085,0,100,baseline
0.06070335446882964,0.03305741741777608,0.03581109313946505,0.06934481367357304,-0.004898014524145053,0.12630472346180432,0,100,baseline
-0.005296210152862576,0.03176742250148424,0.029906046580619853,0.8679352259603179,-0.06833762621808022,0.05774520591235506,0,100,baseline
0.0665218599894184,0.03230952518118935,0.030886045096738625,0.04215732138615075,0.0024046587993684643,0.13063906117946833,1,100,baseline
-0.06225465557020504,0.03829588668751681,0.03574657749131432,0.10724169720741658,-0.13825159633999456,0.01374228519958448,0,100,baseline
-0.02830495060491433,0.03751447190331133,0.032707808833750775,0.4523538209486364,-0.10275119916704023,0.046141297957211565,0,100,baseline
-0.009031810878703049,0.04071079270923034,0.040028683433667,0.8248899847130431,-0.08982105405408211,0.071757432296676,0,100,baseline
-0.0026524968662437485,0.03712910153922982,0.03552856563375415,0.9431932980533273,-0.07633399048294932,0.07102899675046183,0,100,baseline
-0.033710863049038475,0.04626641831231915,0.04461221359174827,0.46796876195090475,-0.12552506442272696,0.058103338324650006,0,100,baseline
-0.02315038004284668,0.03557133829686529,0.035066140451052545,0.5166885982416232,-0.09374054320337764,0.04743978311768428,0,100,baseline
-0.01757348052175805,0.031058769352656574,0.03203363699464352,0.5728136456518788,-0.0792085974766502,0.0440616364331341,0,100,baseline
-0.02173600210558841,0.03635039022905981,0.03473334192013606,0.5512474077320406,-0.09387216847086763,0.0504001642596908,0,100,baseline
0.001430593459588056,0.03745358425859028,0.03407949812823679,0.9696087637818167,-0.07289482555321222,0.07575601247238833,0,100,baseline
-0.04893858025405107,0.034347323987410736,0.037069673848328044,0.15738759995368953,-0.1170997268537169,0.01922256634561477,0,100,baseline
-0.05954839769518312,0.02847834520404973,0.029060870757713245,0.03911446246488062,-0.11606274690854829,-0.003034048481817958,1,100,baseline
0.06218714037070999,0.04107981789713598,0.038650298368808865,0.13329194813628167,-0.019334421279931513,0.1437087020213515,0,100,baseline
-0.016564273325872847,0.03288279934984731,0.032606046813602886,0.6155769118252945,-0.08181911844608802,0.04869057179434233,0,100,baseline
-0.04906992189776471,0.036703799814985075,0.035000119247257065,0.18434505089320424,-0.12190741808439504,0.02376757428886561,0,100,baseline
-0.0017451331895969487,0.031577937021758325,0.030244331132728713,0.9560403995564959,-0.06441052148721209,0.0609202551080182,0,100,baseline
-0.03251620863753499,0.03042542741457829,0.02728489981199555,0.2878220656246857,-0.09289447912878726,0.027862061853717278,0,100,baseline
0.019041584994728133,0.03454941622064266,0.03575629098244149,0.5827916900449353,-0.04952060706457888,0.08760377705403515,0,100,baseline
0.033450022728036106,0.0410231510904837,0.040692790640358946,0.4168242504416477,-0.04795908548905765,0.11485913094512987,0,100,baseline
-0.006393020743273567,0.031164909835346234,0.03298513739591549,0.8378919576758094,-0.06823877003166048,0.05545272854511335,0,100,baseline
-0.03799100471072547,0.03412809091232918,0.035667863047654756,0.2683504167976447,-0.10571709040795808,0.029735080986507137,0,100,baseline
0.03984008713242941,0.03711577946541883,0.036879704879440936,0.2857275572531043,-0.03381496926237278,0.1134951435272316,0,100,baseline
0.05417182162233225,0.035566793741124855,0.03674413827833528,0.13095388992364096,-0.016409323015236996,0.1247529662599015,0,100,baseline
0.009104744894412348,0.032044645187492185,0.029232977231643892,0.7769126073993363,-0.05448681056881681,0.0726963003576415,0,100,baseline
0.014748438101364347,0.03193190796300963,0.03197867975623574,0.64519714605654,-0.04861939400897679,0.07811627021170549,0,100,baseline
-0.021123870566819154,0.04044201327273386,0.037809193786203114,0.6026228637787724,-0.10137972969805181,0.05913198856441351,0,100,baseline
-0.0017887269587750151,0.03738272195498756,0.04073808005706301,0.9619339395590171,-0.07597352203632998,0.07239606811877997,0,100,baseline
0.02359928000353126,0.03158581790157524,0.03061247511673574,0.4567631422926036,-0.039081747643592804,0.08628030765065532,0,100,baseline
-0.0481380002003747,0.03166399737798178,0.032298382417479225,0.1316616726631709,-0.11097417247403166,0.01469817207328225,0,100,baseline
-0.04508937362727862,0.03949960915958407,0.04150140565791432,0.2564375369596234,-0.12347506246704767,0.033296315212490435,0,100,baseline
0.014687666064614514,0.032246169691045476,0.030190546134863636,0.649767520236496,-0.04930380821718565,0.07867914034641467,0,100,baseline
0.031762450455151116,0.03516362465750337,0.03514492079751525,0.36859449886923545,-0.03801861825734026,0.10154351916764248,0,100,baseline
0.04264554708530016,0.035562523516904775,0.03220975556790382,0.23335290691545227,-0.02792712343128123,0.11321821760188155,0,100,baseline
0.086888124582788,0.03136755520340931,0.028167723702790557,0.006706350703298805,0.02464023215668959,0.1491360170088864,1,100,baseline
-0.0025415628623309972,0.03023276607342046,0.028282854360844798,0.9331750478002925,-0.06253750319232936,0.05745437746766736,0,100,baseline
0.07744614924383265,0.04228980219378362,0.04240444419517443,0.07009095843301885,-0.006476586863873465,0.16136888535153876,0,100,baseline
-0.020864954236897968,0.037191792058439414,0.0379247651191243,0.5760714771187332,-0.09467085514867608,0.052940946674880154,0,100,baseline
0.037405562720502626,0.037137543913067464,0.03615440508334539,0.31631100091823283,-0.03629268451232185,0.11110380995332711,0,100,baseline
-0.0012776535455298055,0.033094274365471084,0.0317180403008189,0.9692826705607912,-0.06695216395167473,0.06439685686061512,0,100,baseline
0.05845636357352291,0.0396171590659271,0.03795842127282916,0.14327548099271092,-0.0201625992296548,0.1370753263767006,0,100,baseline
0.03104996169659434,0.03633469654187443,0.03221296790273965,0.3948822996508681,-0.041055061057225534,0.10315498445041421,0,100,baseline
0.036203235439210404,0.03437443489663087,0.033981813719052296,0.29483812652955993,-0.03201171187746271,0.10441818275588352,0,100,baseline
0.029656786593859667,0.033671316574399576,0.037837455069746874,0.3805956410498843,-0.03716284529573435,0.09647641848345367,0,100,baseline
-0.017164613610760444,0.033095483414073396,0.03107728135223959,0.6051815284253477,-0.08284152333450748,0.048512296112986596,0,100,baseline
0.006842958808830853,0.03583396352552513,0.0348834926262232,0.8489496940185697,-0.06426837557068693,0.07795429318834862,0,100,baseline
0.03541307786592552,0.034759453596160284,0.03173780098635337,0.31080449053880604,-0.033565926529309405,0.10439208226116045,0,100,baseline
-0.011311539567230133,0.034438606117618134,0.03629733154057781,0.7432682952591154,-0.0796538325834633,0.05703075344900303,0,100,baseline
0.007956011246433706,0.038875953527541036,0.03332070555628039,0.8382690738390106,-0.06919205328877603,0.08510407578164345,0,100,baseline
0.06298820171018733,0.03327088030044187,0.030352957415910934,0.061282452183526834,-0.0030367774261657182,0.1290131808465404,0,100,baseline
-0.04201432099703448,0.039678418482136525,0.04272106928151427,0.2922615308258041,-0.12075485111795696,0.03672620912388801,0,100,baseline
-0.0424824284140259,0.03258710504751394,0.03185199788235135,0.1954045015347503,-0.1071504778148011,0.022185620986749297,0,100,baseline
-0.04406825647938384,0.034722818492881564,0.03477551192586968,0.20739564111197736,-0.11297455970447258,0.024838046745704903,0,100,baseline
0.0004665486354375678,0.035977190525559324,0.03770452907657304,0.9896797654495347,-0.07092901506424323,0.07186211233511838,0,100,baseline
-0.005667459088258067,0.035942351924308585,0.034522176085627874,0.8750318855628713,-0.07699388671759905,0.06565896854108291,0,100,baseline
0.03805727163824585,0.038495857145417395,0.03712898768795545,0.3252900993224531,-0.03833650399709419,0.11445104727358589,0,100,baseline
-0.01906378783276673,0.03529261101542256,0.03127838570242587,0.5903095698515166,-0.08910082577461377,0.05097325010908031,0,100,baseline
0.018614185206348256,0.033660389496257034,0.03368914770151763,0.5815229081857927,-0.0481837622522999,0.08541213266499642,0,100,baseline
-0.047346193082283994,0.03210656392171623,0.02724457086854023,0.14350995763911953,-0.11106062425840006,0.016368238093832074,0,100,baseline
-0.001432528999805914,0.03544676866572009,0.037640847360942434,0.9678456639180948,-0.07177548778151929,0.06891042978190745,0,100,baseline
-0.012382099540195576,0.03054939168809779,0.029910319746619823,0.6861301007065739,-0.07300637309775894,0.04824217401736779,0,100,baseline
0.05797971485909497,0.0340639893303849,0.030466906517837407,0.09191023290746672,-0.009619163334991958,0.1255785930531819,0,100,baseline
-0.011022677245366003,0.031381783016844134,0.02955563572309202,0.7261589764041404,-0.07329880430417347,0.05125344981344147,0,100,baseline
0.01852607844307414,0.043122911630097835,0.044653776799614374,0.6684217142149014,-0.0670499362269733,0.10410209311312157,0,100,baseline
0.013555614545876324,0.04115257809225666,0.037143512210989146,0.7425571666242039,-0.06811033734395991,0.09522156643571256,0,100,baseline
-0.008509824258424802,0.03503439327332099,0.03392685726989449,0.8085911924807434,-0.07803443749491573,0.06101478897806612,0,100,baseline
-0.002992457138423568,0.03748653851458073,0.03677859349721222,0.9365372282843378,-0.07738327279972174,0.0713983585228746,0,100,baseline
-0.07029845567515201,0.03288525091561624,0.029796384111403264,0.03502960001141933,-0.13555816584784802,-0.005038745502456005,1,100,baseline
-0.05326771823384022,0.039944911950946765,0.03494665539627741,0.18544938412504736,-0.1325370959704339,0.02600165950275346,0,100,baseline
0.042267133065901144,0.03789027314527031,0.03861022176811885,0.2673581260200506,-0.032924880830225475,0.11745914696202776,0,100,baseline
-0.004426307678164265,0.03301156731041292,0.032653950077490834,0.8936114950181759,-0.0699366886252948,0.06108407326896627,0,100,baseline
-0.026808748479717266,0.02747947688913063,0.028041963946024928,0.33166891899659057,-0.08134087603086744,0.027723379071432908,0,100,baseline
0.059198348922796296,0.036034655199241906,0.03559933148911234,0.10362570979491809,-0.012311251551586855,0.13070794939717945,0,100,baseline
0.07230479362172901,0.034909588574315656,0.03212255092702099,0.04096781440547269,0.0030278512485736875,0.14158173599488433,1,100,baseline
0.010171051798004567,0.03214054570084028,0.0351160121096191,0.7523298888171227,-0.05361081511282671,0.07395291870883584,0,100,baseline
0.04332264654450137,0.04062809130772181,0.04030304666806023,0.28889786332290995,-0.037302478391148544,0.12394777148015128,0,100,baseline
-0.006519708934565225,0.03781497494049875,0.033539979470087807,0.8634701653152415,-0.08156229599394593,0.06852287812481547,0,100,baseline
0.06948999288439342,0.03371593915299942,0.036363765953549634,0.0419474630787101,0.0025818089398354227,0.13639817682895142,1,100,baseline
-0.046431804133123554,0.03598351570295464,0.033008034660094505,0.1999608381348056,-0.11783991994148885,0.024976311675241746,0,100,baseline
-0.048785437385524225,0.03009552728469383,0.029874673848373372,0.1082267255465817,-0.10850903180580965,0.010938157034761198,0,100,baseline
0.07086112774905069,0.034999126555605664,0.033149374480099345,0.04562344429933858,0.0014065001660902854,0.1403157553320111,1,100,baseline
0.008906592608822504,0.0341475755425966,0.032500269404979,0.7947736092609177,-0.05885815970303734,0.07667134492068234,0,100,baseline
0.02899219866310086,0.03052509615414659,0.030343265828058106,0.34455925743691085,-0.03158386119804843,0.08956825852425015,0,100,baseline
-0.038937575937278535,0.035803957074248785,0.037090877823737184,0.2794738424123467,-0.10998936349081558,0.032114211616258506,0,100,baseline
0.04367471597149837,0.03563368965369425,0.03385872679875734,0.2232647305778984,-0.027039181427399,0.11438861337039574,0,100,baseline
0.023802118676198695,0.03387101654452358,0.03265929552589452,0.4838910925962101,-0.0434138113047564,0.09101804865715378,0,100,baseline
0.015366297892179588,0.038689465720895135,0.031409227422130793,0.6921057293915669,-0.06141168766009394,0.0921442834444531,0,100,baseline
-0.07239323957399488,0.0337980038430884,0.03289946963858302,0.03467687240321531,-0.13946427822519208,-0.005322200922797685,1,100,baseline
-0.01944300301390313,0.035258412639279785,0.0362699926826113,0.5825852402220435,-0.08941217539130059,0.05052616936349433,0,100,baseline
-0.020275288488345686,0.03663362137739525,0.037651327621552856,0.5812081455695517,-0.09297351784957648,0.05242294087288511,0,100,baseline
0.02142698672417266,0.03382886703960504,0.03417119928308457,0.5279520965692996,-0.04570529893605138,0.0885592723843967,0,100,baseline
0.013214859180143253,0.02753109892364221,0.027911618853447007,0.632298774797307,-0.04141971061842645,0.06784942897871296,0,100,baseline
-0.0055287932660674135,0.02957485965773255,0.027782118254672264,0.8520923174456199,-0.0642191397260746,0.05316155319393977,0,100,baseline
-0.05040323106075231,0.03890091089128235,0.038409888432334935,0.198128398736013,-0.12760082267205497,0.02679436055055036,0,100,baseline
-0.005646651121269133,0.03927438129474686,0.03954153507916914,0.8859738403295059,-0.08358538259343873,0.07229208035090046,0,100,baseline
0.01146529156156903,0.039022630100985244,0.03761817845988606,0.7695234158541474,-0.06597384785996757,0.08890443098310563,0,100,baseline
-0.03236617312453671,0.03476281716530286,0.03403143900290195,0.3541119156674758,-0.1013518524132658,0.03661950616419238,0,100,baseline
0.03143179839120477,0.036107354711201925,0.03401847571860951,0.3861493384044741,-0.04022207189861574,0.10308566868102528,0,100,baseline
-0.027654885911396553,0.03870224723119055,0.03813755390256535,0.47658268676119675,-0.10445823595486975,0.04914846413207665,0,100,baseline
-0.01856300927431469,0.03398894400508181,0.029368437949454936,0.5862050892295732,-0.08601296246273075,0.04888694391410138,0,100,baseline
-0.021278429308513827,0.030277856198709176,0.030572315963688763,0.48386392144378954,-0.08136384952466366,0.03880699090763601,0,100,baseline
-0.031367967476356895,0.04087014793174246,0.038220840904354556,0.4446276677952167,-0.1124734459045042,0.04973751095179041,0,100,baseline
0.05066405111458082,0.039597619812056305,0.03784332784073476,0.2037517987571592,-0.02791613667520651,0.12924423890436815,0,100,baseline
0.010942823664611741,0.037591567748220374,0.03611271209004607,0.7715917062093847,-0.06365641909260768,0.08554206642183117,0,100,baseline
-0.010977270347923956,0.03136499313236146,0.029460713944564936,0.727101168476384,-0.07322007842741199,0.05126553773156407,0,100,baseline
0.05507567318171257,0.03653046198700505,0.03884102453768037,0.13485747679496735,-0.01741783972667038,0.12756918609009552,0,100,baseline
0.027083421003002428,0.039173279208373706,0.04145031257245946,0.4909645763567043,-0.050654676669184995,0.10482151867518985,0,100,baseline
-0.008366122079876602,0.03680566468857613,0.03663184085811966,0.8206598862337882,-0.08140576579289766,0.06467352163314447,0,100,baseline
-0.013711830753302533,0.03178151682051668,0.03241932835406089,0.667095798225241,-0.07678121653593237,0.049357555029327295,0,100,baseline
-0.004418871098279015,0.04023605149461347,0.03423545551183914,0.9127737939663483,-0.0842660057839759,0.07542826358741787,0,100,baseline
-0.010909600345243693,0.034212363727409094,0.03713439952025961,0.7504970138113181,-0.0788029227012953,0.05698372201080792,0,100,baseline
-0.00163925793539653,0.03090201881015778,0.03302733618636289,0.9578024818615534,-0.0629633085402361,0.059684792669443036,0,100,baseline
-0.0429703169086242,0.03421975038699091,0.03492020087006024,0.21220430851607666,-0.11087829785021286,0.024937664032964463,0,100,baseline
-0.014421373095893857,0.04020788118540057,0.03765321519987308,0.7206132706268138,-0.0942126047197766,0.0653698585279889,0,100,baseline
-0.009954129485153866,0.030376679438105396,0.02785440378318087,0.7438451954745398,-0.07023566120362652,0.05032740223331879,0,100,baseline
-0.05129305909025055,0.03771245836532011,0.03909122186924285,0.17691598449207102,-0.12613220534264996,0.023546087162148864,0,100,baseline
0.04789251436182651,0.03612966251416115,0.03436892730145786,0.18806291192143423,-0.023805625036946346,0.11959065376059937,0,100,baseline
0.01277570534730485,0.037663638130183225,0.03780090243081728,0.735180882472798,-0.06196655873734795,0.08751796943195765,0,100,baseline
0.03879211889903228,0.03363164310360737,0.03507324421562932,0.25153479977719434,-0.02794878227897045,0.10553302007703501,0,100,baseline
-0.0039313808135846146,0.03046381777791476,0.02931644713886486,0.8975819193413961,-0.06438583573144173,0.0565230741042725,0,100,baseline
-0.00992407099269925,0.04034892494965869,0.03984124791595344,0.8062304819516073,-0.08999519937640207,0.07014705739100358,0,100,baseline
0.06308312038324457,0.03530503857522898,0.03723115351825322,0.07706139302670041,-0.0069785796465762495,0.13314482041306538,0,100,baseline
-0.0247623314082446,0.03806261413708132,0.038095617476968435,0.5168475372502123,-0.10029635039368379,0.05077168757719458,0,100,baseline
-0.008328808224076546,0.038495739391354124,0.04208098969014209,0.829159499422637,-0.0847223501803104,0.06806473373215731,0,100,baseline
0.02618811650089441,0.03851131733195183,0.037086797750369646,0.4981007919328857,-0.05023633937146259,0.1026125723732514,0,100,baseline
-0.01659244466929576,0.03439289719333049,0.03473008744141231,0.6305705875068092,-0.08484402981290323,0.05165914047431172,0,100,baseline
-0.011625489388976555,0.033151712830288754,0.03152866735229212,0.7265845756453988,-0.07741398455918438,0.05416300578123128,0,100,baseline
-0.005863431400072305,0.03635553811497014,0.035683939753783964,0.8722046761317811,-0.07800981357739968,0.06628295077725506,0,100,baseline
-0.030632586177844156,0.03319985232002987,0.031265221584817586,0.35844403767536026,-0.09651661259871594,0.03525144024302762,0,100,baseline
0.027382648883620585,0.03569475700170904,0.03100688559658081,0.4448462898417693,-0.0434524346799403,0.09821773244718147,0,100,baseline
0.009150479885209036,0.0318141681107764,0.032251473066319584,0.774242840332561,-0.05398370132028625,0.07228466109070432,0,100,baseline
0.011825220946109018,0.03903903300641045,0.03860269034748753,0.7626022984568219,-0.06564646950740194,0.08929691139961998,0,100,baseline
-0.052654329799324336,0.03373555455634158,0.03778548587600437,0.1217954441698032,-0.11960143987342031,0.014292780274771634,0,100,baseline
0.008989212259653372,0.036494852771570774,0.03467821956708161,0.8059539537847923,-0.0634336353196226,0.08141205983892932,0,100,baseline
-0.02935946094341739,0.03628438813044967,0.034603926460311095,0.4203898470870392,-0.10136464829208093,0.04264572640524615,0,100,baseline
0.0009520495729296048,0.030396115152316106,0.0295302152437101,0.9750769069454253,-0.05936805168784774,0.06127215083370695,0,100,baseline
0.004941015954796839,0.031144838546636095,0.030046323759549496,0.874273953807076,-0.056864902514376404,0.06674693442397009,0,100,baseline
-0.04549785901286193,0.0304407693479662,0.032578813161466484,0.13822266327764568,-0.1059065750716105,0.014910857045886634,0,100,baseline
0.019826619242896946,0.03362618444456443,0.0349387178443663,0.5568033990550083,-0.04690344940389027,0.08655668788968415,0,100,baseline
-0.04548529835599052,0.035382973479548024,0.03283077887106747,0.20164232930308618,-0.11570165766699635,0.024731060955015302,0,100,baseline
-0.004167543280465006,0.03495397608019966,0.030901889143688115,0.9053376466660592,-0.0735325712144303,0.06519748465350028,0,100,baseline
0.008057536467061168,0.033444036494360806,0.032549461441572135,0.8101158337604882,-0.0583110655006564,0.07442613843477874,0,100,baseline
0.002773877398924901,0.04091712280321998,0.03629840837341299,0.9460888721261376,-0.0784248211328454,0.0839725759306952,0,100,baseline
0.03388137194695969,0.03386025082510007,0.03482188696500941,0.3194730450270039,-0.03331319381417595,0.10107593770809534,0,100,baseline
0.024280813549030732,0.03771974369992014,0.03562103346592836,0.5212630344805005,-0.05057279021277704,0.09913441731083851,0,100,baseline
0.056474160589365774,0.04037258712515511,0.03696605325039017,0.1650225216660649,-0.02364392461151063,0.13659224579024218,0,100,baseline
-0.019807666131282695,0.0291997725083321,0.02748102593143214,0.49914846623950315,-0.077753664350731,0.03813833208816561,0,100,baseline
-0.020243473822052237,0.027962037902925993,0.028897494717909398,0.4708132972793416,-0.07573322799985446,0.03524628035574999,0,100,baseline
-0.03912735931291037,0.034854502936128136,0.029007724899969004,0.26435393420469233,-0.10829498602987625,0.0300402674040555,0,100,baseline
-0.008810797746209322,0.03373929904267888,0.032040624493829446,0.7945298736485814,-0.07576533863157521,0.05814374313915656,0,100,baseline
0.020096593939898127,0.04567923334407613,0.046945780876750186,0.6609418321224694,-0.0705523579745835,0.11074554585437975,0,100,baseline
-0.07240585972381162,0.035002100678193426,0.036015207389795266,0.04121538762707477,-0.14186638935625293,-0.002945330091370324,1,100,baseline
-0.013267288978593668,0.03691944891184613,0.036411787703358366,0.7201006520443072,-0.08653273377952125,0.05999815582233392,0,100,baseline
-0.021808483076606197,0.03611534960150153,0.037684121375494664,0.5473344316052794,-0.09347821896602798,0.04986125281281559,0,100,baseline
0.04669419489582292,0.03594496386796154,0.03803834012329835,0.19697587160601915,-0.024637416050690135,0.11802580584233596,0,100,baseline
-0.009238205666863456,0.037426331790692484,0.03457333064469329,0.8055506659275407,-0.08350954304406774,0.06503313171034084,0,100,baseline
-0.010002413072284144,0.03281850179259323,0.03019484964225806,0.7611802590258065,-0.07512966178272945,0.05512483563816117,0,100,baseline
0.05844249550058468,0.03269596007936273,0.03290690978761859,0.07695548625557665,-0.006441573168145018,0.12332656416931438,0,100,baseline
0.0001841828157736411,0.040418295943901277,0.0346022721750749,0.9963733822994818,-0.08002461004828482,0.08039297567983211,0,100,baseline
-0.008728435407202553,0.04012792243010208,0.040403407786659906,0.8282590540331478,-0.08836099148349899,0.07090412066909388,0,100,baseline
-0.020874501547733237,0.034111637282266336,0.03408050839795568,0.541990223098604,-0.08856793555159896,0.04681893245613249,0,100,baseline
0.002406723192025742,0.037862517660334355,0.03329141134738709,0.9494462378809595,-0.07273021084756365,0.07754365723161513,0,100,baseline
0.015492987951283461,0.03067737835033469,0.030851535314318265,0.6146718049833142,-0.045385270972089733,0.07637124687465666,0,100,baseline
-0.0010922572443238,0.03401036340693069,0.02994375767551992,0.9744453206245494,-0.06858471653860226,0.06640020204995467,0,100,baseline
0.0007577787771687466,0.039005084389356535,0.040192779623123835,0.9845394191920183,-0.07664654175067592,0.07816209930501342,0,100,baseline
0.01863076037248572,0.03969273859767326,0.038463215878020644,0.6398445846713972,-0.060138187551663044,0.09739970829663448,0,100,baseline
0.0015029234088945222,0.030541241225404515,0.032729205631809866,0.960852384556876,-0.05910517582071552,0.06211102263850457,0,100,baseline
0.04409153182753367,0.03461586467959111,0.03328148229246231,0.20576906340124942,-0.024602525035953338,0.11278558869102068,0,100,baseline
-0.008924036716484908,0.037192901906502214,0.035579351441936045,0.8108785202030447,-0.08273214008562302,0.0648840666526532,0,100,baseline
0.0203385020886068,0.032239807992963256,0.03198895241603948,0.5296067186905813,-0.043640347610394314,0.08431735178760791,0,100,baseline
0.015081367702959009,0.031158117670613265,0.03096907221269639,0.629446661367314,-0.04675090275557023,0.07691363816148825,0,100,baseline
-0.04588349288847801,0.03758387349916251,0.03275928219380321,0.22507985095709424,-0.12046746665885584,0.028700480881899817,0,100,baseline
-0.00023555650592398114,0.02861046471033418,0.028534686425748343,0.9934476449584848,-0.05701209257960555,0.05654097956775759,0,100,baseline
-0.03983070261664374,0.0334445591446975,0.03380737804457423,0.236550931819026,-0.10620034176694454,0.026538936533657055,0,100,baseline
0.020403159511496776,0.03334419939887545,0.030861600843368336,0.542024035858496,-0.04576731898948562,0.08657363801247918,0,100,baseline
0.08242604979194504,0.03089375551185975,0.023622327592094674,0.00892857016757374,0.02111839743364413,0.14373370215024595,1,100,baseline
-0.013476366488754934,0.03129975169094288,0.026045558771003976,0.6677350442279273,-0.07558970505106789,0.04863697207355803,0,100,baseline
-0.04382548429842535,0.03686037791610764,0.03257467058901196,0.23732870502159564,-0.11697370463080933,0.02932273603395863,0,100,baseline
-0.01618022565489009,0.030438379854990892,0.029192093661105263,0.596224552834531,-0.07658419984259657,0.044223748532816395,0,100,baseline
0.013686636930316227,0.04100184889710948,0.04228738878686079,0.7392396534500346,-0.06768019777731848,0.09505347163795094,0,100,baseline
-0.028838042563770934,0.03363837910293592,0.028481151988784273,0.393373056576912,-0.0955923111132142,0.03791622598567234,0,100,baseline
-0.005630376596643007,0.03403772024752195,0.03195600147298851,0.8689574753654442,-0.07317712465073076,0.06191637145744475,0,100,baseline
-0.0021082529034858605,0.030153584359869274,0.03255174031092164,0.9444020693906203,-0.061947059699956154,0.05773055389298443,0,100,baseline
0.04303149611898234,0.037220212166112626,0.03815285914786694,0.25043767992877836,-0.03083080357152458,0.11689379580948926,0,100,baseline
-0.08336577131614988,0.0416154717083229,0.0402235197120019,0.047912980005326615,-0.16595032052193143,-0.0007812221103683098,1,100,baseline
0.0020695471805579476,0.03692568903352063,0.03629769647901257,0.9554190545513745,-0.07120828093874434,0.07534737529986024,0,100,baseline
0.04977270867013504,0.03256270845366657,0.03393656113481742,0.12960518966866602,-0.014846926484151195,0.11439234382442126,0,100,baseline
-0.023700443398056666,0.035535463315844285,0.03599995867086976,0.506370192581673,-0.09421941382632326,0.04681852703020994,0,100,baseline
0.02478358290775427,0.032614479860582676,0.03240249199275917,0.4491414961203558,-0.03993879091862684,0.08950595673413539,0,100,baseline
-0.02144603918027968,0.03574670438068627,0.03328745339312596,0.5499279367523388,-0.09238421062676365,0.04949213226620429,0,100,baseline
-0.014651486847915438,0.03104472809767459,0.03069126526931309,0.6380132995817083,-0.07625873938927653,0.04695576569344566,0,100,baseline
-0.007839369935136882,0.03209948349743252,0.03302478325484284,0.8075701909984043,-0.0715397502396984,0.05586101036942463,0,100,baseline
0.034592662666544816,0.032981170935251936,0.032023630219312336,0.2968219028616989,-0.030857397663346192,0.10004272299643582,0,100,baseline
0.007296687470693426,0.03245585860801656,0.035286180876175716,0.8225883383804976,-0.05711090764238984,0.07170428258377669,0,100,baseline
-0.016563215702895647,0.035432465879965354,0.03682673965513377,0.6412094902190131,-0.08687779107177111,0.05375135966597981,0,100,baseline
-0.010139660642452013,0.032481442087253364,0.02866259061136512,0.7555762199806517,-0.07459802533745172,0.054318704052547684,0,100,baseline
0.05540474156718519,0.03668074301984555,0.03766801281957235,0.1341441890495875,-0.01738699915988736,0.12819648229425773,0,100,baseline
-0.06170272571231087,0.037620043319630855,0.03707521996657067,0.10417889531525072,-0.13635847731424058,0.01295302588961885,0,100,baseline
0.03251657476469025,0.0342442004007531,0.032143753749535174,0.34467686184250323,-0.03543992643346976,0.10047307596285025,0,100,baseline
-0.004690979053739074,0.03451867902244219,0.03284321940048537,0.892181602563065,-0.07319217414357698,0.06381021603609882,0,100,baseline
-0.03536638242005323,0.041583564760903906,0.03418208619434899,0.3971262192311865,-0.1178876133271117,0.04715484848700524,0,100,baseline
-0.05684977926356233,0.033778019601808255,0.03184389281619649,0.09555053099445472,-0.12388115983833767,0.010181601311213012,0,100,baseline
0.029160853853798328,0.0347241484843272,0.03320527996818496,0.403072440762258,-0.039748088696028944,0.09806979640362559,0,100,baseline
0.0535434841188024,0.03220366485332057,0.03138801459250733,0.09957740856520281,-0.010363640695877002,0.1174506089334818,0,100,baseline
0.0005544798979114085,0.03375958986327113,0.03568270521603587,0.9869292320086781,-0.0664403274605434,0.06754928725636622,0,100,baseline
0.005303099528460635,0.03979050591499184,0.04281678573134276,0.8942487948788551,-0.07365986445501346,0.08426606351193472,0,100,baseline
-0.007490060618251006,0.03174189389732236,0.0332126619374577,0.8139502125179775,-0.07048081599935246,0.05550069476285046,0,100,baseline
-0.028578662802333482,0.02806502131438914,0.026711570725852667,0.3110418902541435,-0.08427278420853015,0.027115458603863184,0,100,baseline
-0.024817488490620473,0.02861911045758189,0.026186544036639395,0.38796999333649795,-0.08161118176833432,0.03197620478709338,0,100,baseline
0.0004569431338531569,0.03642973558193496,0.035222828209057734,0.9900177873012306,-0.07183668150186681,0.07275056776957312,0,100,baseline
-0.019849395969705103,0.03574956255541307,0.036893460163668804,0.5799993752041215,-0.09079323937091346,0.051094447431503265,0,100,baseline
-0.014689796072850283,0.03600819387935141,0.03624331736866958,0.6841951257571206,-0.08614688491910957,0.056767292773409,0,100,baseline
0.031201657346658723,0.03309862035763329,0.03644080577431809,0.34815888227145064,-0.03448147753948931,0.09688479223280676,0,100,baseline
0.021347606163991326,0.037552143006331626,0.03932087201236378,0.5710101153444297,-0.05317339947605071,0.09586861180403336,0,100,baseline
-0.002059605943219682,0.03683761591895336,0.0385006269928009,0.9555270146433066,-0.07516265583305326,0.07104344394661388,0,100,baseline
-0.02572957262024507,0.032002032077634246,0.029722832838460868,0.4233440676656376,-0.08923656375382924,0.0377774185133391,0,100,baseline
-0.01976178201653002,0.030495141351988615,0.029315790364537457,0.5184806284304677,-0.08027839754769302,0.04075483351463298,0,100,baseline
0.001922971306809761,0.033169352091683604,0.029256380274593246,0.9538871144940985,-0.06390052840355627,0.0677464710171758,0,100,baseline
-0.02605178596211629,0.04126826314016866,0.03971029597738978,0.5293278140995845,-0.10794731106449768,0.0558437391402651,0,100,baseline
0.09893247906665459,0.038763716314315966,0.035369219089664096,0.012249211416339953,0.022007145628265556,0.17585781250504362,1,100,baseline
0.00221987505977235,0.029993028871808845,0.02853616576480878,0.9411508769212945,-0.057300314596012425,0.061740064715557125,0,100,baseline
-0.025077611089702564,0.035856658707486895,0.030935133022543266,0.4859681347762116,-0.09623398331919576,0.04607876113979063,0,100,baseline
-0.013528299615914896,0.02852902975345096,0.028282229866290285,0.6364163042492559,-0.07014323066800908,0.04308663143617929,0,100,baseline
0.019214683130568386,0.03703697523642565,0.03474760357390556,0.605071635945159,-0.05428398883652566,0.09271335509766243,0,100,baseline
0.04264830922312843,0.03127136574647623,0.031474945819041776,0.17575068227361035,-0.019408698356227307,0.10470531680248416,0,100,baseline
-0.005552005930973047,0.037400562485278864,0.040688462946581926,0.882294938815396,-0.07977220496026083,0.06866819309831473,0,100,baseline
0.019633076490227608,0.03212941723607039,0.032083343414417355,0.5425730798312773,-0.04412670634445008,0.0833928593249053,0,100,baseline
-0.009041468995135846,0.03538921420373998,0.03090821429408944,0.7988827661407787,-0.07927021282019266,0.061187274829920965,0,100,baseline
0.04536027184940508,0.03511486245844665,0.03329065145445126,0.19947552561778853,-0.024324029866051963,0.11504457356486213,0,100,baseline
0.004016948854081506,0.03620107482758083,0.03752000303121626,0.9118733027701479,-0.06782290595651802,0.07585680366468103,0,100,baseline
-0.02911315934910541,0.03053154639070285,0.027810881633226876,0.34266080917194286,-0.08970201949477397,0.03147570079656314,0,100,baseline
0.013836582570314605,0.034175625398844736,0.031487022382320914,0.6864576607460907,-0.053983833768371015,0.08165699890900022,0,100,baseline
-0.011384519873930393,0.03086388387896263,0.03122648414774687,0.7130261455104314,-0.07263289294893638,0.0498638532010756,0,100,baseline
0.03581035621291322,0.036050382618545276,0.038032154401261196,0.32298971215223704,-0.03573045481321959,0.10735116723904603,0,100,baseline
-0.0016330619529280714,0.03352914063292567,0.03078567435426856,0.9612529188243524,-0.06817055031386464,0.06490442640800849,0,100,baseline
0.011853673869879216,0.030319604004370396,0.02698991415442768,0.696677371208921,-0.048314593507899045,0.07202194124765747,0,100,baseline
0.024040345066784,0.03153627003463993,0.03149649541072213,0.447707185068388,-0.03854235645097066,0.08662304658453866,0,100,baseline
-0.006103132072995111,0.039086203229873585,0.03471510786074452,0.8762395914679237,-0.08366843029978668,0.07146216615379647,0,100,baseline
-0.019636643243243667,0.03790583232987809,0.038764259140455753,0.605599659456365,-0.09485953383484184,0.0555862473483545,0,100,baseline
-0.040327122288447426,0.031854015257011856,0.03422898022549025,0.208515021999416,-0.10354037885879876,0.022886134281903905,0,100,baseline
-0.017870915501422748,0.036417443204065675,0.03609689111508722,0.6247186606658923,-0.0901401463133236,0.05439831531047809,0,100,baseline
0.01847475504993643,0.03564033792275957,0.03312857603374827,0.6053710470310325,-0.052252335622549356,0.08920184572242221,0,100,baseline
-0.05586630655838298,0.037143427641277,0.03599313985921182,0.13577942534489112,-0.12957622985835,0.017843616741584023,0,100,baseline
-0.006783782573455369,0.034392128972350514,0.03255920516650957,0.8440419051634038,-0.07503384320753027,0.061466278060619536,0,100,baseline
-0.01557234626699337,0.03676432577575406,0.031817886257335504,0.6728060296611182,-0.08852995425291765,0.05738526171893091,0,100,baseline
-0.014875146558229455,0.032857945120514605,0.03101311969735026,0.6517576360667824,-0.08008066926922902,0.05033037615277011,0,100,baseline
0.025412061452336186,0.036205415995309305,0.0339360528335654,0.4844141044076268,-0.04643640826433472,0.09726053116900708,0,100,baseline
0.08544715860262542,0.035001726039666954,0.032449131194394444,0.01643139295781958,0.015987372428147073,0.15490694477710376,1,100,baseline
-0.022572857067591125,0.03725997130748581,0.03857083392195442,0.5460344926339578,-0.09651405748016909,0.05136834334498683,0,100,baseline
-0.008037181998916468,0.036854910339893944,0.0374974486753342,0.8278231265272146,-0.08117455210424977,0.06510018810641684,0,100,baseline
-0.010171968537596766,0.033091426560375475,0.032601783467684345,0.759198935268716,-0.0758408275672129,0.05549689049201938,0,100,baseline
-0.028891852698450064,0.035544877001252057,0.03830774030906777,0.41828724576247767,-0.0994295042790346,0.04164579888213448,0,100,baseline
-0.022833381282427366,0.03496093522740485,0.03733516820168981,0.5152138635167498,-0.09221221941753194,0.0465454568526772,0,100,baseline
-0.046946243677810175,0.03906873821449873,0.036134227549040214,0.2324019969524644,-0.1244768831499993,0.030584395794378945,0,100,baseline
-0.008075734609747184,0.03632231266228468,0.0328929832437243,0.8245155266172316,-0.08015618195756166,0.0640047127380673,0,100,baseline
-0.007205023673009719,0.030242848508143346,0.03001574706399512,0.8121932201966606,-0.06722097226657703,0.052810924920557584,0,100,baseline
0.056572125657047306,0.0372500779798774,0.037147143222710205,0.13205471777250075,-0.017349441768875776,0.13049369308297037,0,100,baseline
-0.025424670425131256,0.03527728946028087,0.032157172138117265,0.4728040779895488,-0.09543130323944841,0.044581962389185895,0,100,baseline
-0.0028423537690150727,0.03393977821990785,0.029976369958929952,0.9334284402961166,-0.07019473905688209,0.06451003151885196,0,100,baseline
-0.02201992922820705,0.03208326993032053,0.027343798181926296,0.4941214266127827,-0.08568813423651467,0.04164827578010056,0,100,baseline
0.01113542306106692,0.03556014449235667,0.03501707679165622,0.7548372138592645,-0.05943252635872548,0.08170337248085932,0,100,baseline
-0.03726917780126372,0.032425630830833684,0.033785330337313756,0.2531991480863251,-0.1016167868743079,0.02707843127178046,0,100,baseline
0.00907086889652585,0.03357528108617208,0.03429457267485815,0.7876013628994055,-0.05755818369221072,0.07569992148526242,0,100,baseline
0.0147957573313914,0.03646347340742076,0.037957275197250895,0.6857967072671116,-0.057564818920988255,0.08715633358377106,0,100,baseline
0.03947028097682756,0.030508690735856887,0.028665237444291163,0.19879649262082782,-0.02107322286564956,0.10001378481930467,0,100,baseline
0.023329318634490382,0.034508456097985474,0.032941306706857396,0.5006034941383534,-0.04515158939447411,0.09181022666345487,0,100,baseline
0.0011123855585951593,0.03386822055564249,0.03085962242893688,0.9738653748640438,-0.06609799587342245,0.06832276699061278,0,100,baseline
-0.0357216701234038,0.03518268576692003,0.03644035171323941,0.31245365907887046,-0.1055405649871778,0.034097224740370205,0,100,baseline
0.005244411915118064,0.03481880480562287,0.03209997836999811,0.8805849908041186,-0.06385237302367622,0.07434119685391236,0,100,baseline
0.019708456716845554,0.04072591083859645,0.04398059461870564,0.6295157761474087,-0.06111078789423238,0.10052770132792349,0,100,baseline
-0.011256061021562645,0.03411568088864269,0.03655847273517524,0.7421510058829703,-0.07895751943068074,0.05644539738755546,0,100,baseline
-0.009452522974017866,0.032427580549649046,0.03336275171633837,0.7712878036871194,-0.07380400120059642,0.05489895525256069,0,100,baseline
-0.024632643357919717,0.03199235123643532,0.03299706712347429,0.4431791250679873,-0.08812042317721315,0.038855136461373715,0,100,baseline
0.04668019885926626,0.03642512461299226,0.03567309821860124,0.20302849086077404,-0.025604275458653528,0.11896467317718605,0,100,baseline
-0.021995357703257407,0.03815911636098953,0.035996667557207235,0.5656585423584031,-0.09772088221132223,0.053730166804807425,0,100,baseline
0.04164877773147312,0.0348468678698195,0.0366207248631135,0.23489543029644067,-0.02750369744489086,0.1108012529078371,0,100,baseline
-0.011661848232099294,0.03504824854273814,0.03652825760581687,0.7400435659299348,-0.08121395679982088,0.057890260335622286,0,100,baseline
-0.023469298851713064,0.03689625250771671,0.037652983276443806,0.5262012228469146,-0.0966887111435861,0.049750113440159976,0,100,baseline
0.05999055556132224,0.032663602799927846,0.03280398100825705,0.06929751126087155,-0.00482930113945515,0.12481041226209963,0,100,baseline
-0.039179630461858066,0.037221124771393076,0.043612064240866034,0.29510455810297076,-0.11304374118784277,0.034684480264126634,0,100,baseline
-0.023893086516897876,0.04144925814629076,0.03925181122871264,0.565638197051749,-0.10614779031834233,0.05836161728454657,0,100,baseline
-0.03407558477439165,0.0367555273369572,0.03654872185888722,0.3561587915865836,-0.10701573254487379,0.0388645629960905,0,100,baseline
0.03154816541867349,0.039979632690574224,0.03876579130430119,0.4319550393465815,-0.0477901144957045,0.11088644533305148,0,100,baseline
-0.004956408388676364,0.0347732535027375,0.03397670456246565,0.8869500116290481,-0.07396279824938791,0.06404998147203518,0,100,baseline
0.013211558370108522,0.028899986106795113,0.02712115931966519,0.648576756623408,-0.04413952349220994,0.07056264023242699,0,100,baseline
0.014438837164803238,0.03425000127007011,0.03275922096749405,0.6742608098639782,-0.05352917566972376,0.08240684999933023,0,100,baseline
-0.03340117542084678,0.03716556248938277,0.038552379881000305,0.37100837469671866,-0.10715502460648836,0.0403526737647948,0,100,baseline
-0.029011948747756172,0.03238330084072356,0.028627066729722837,0.3725056464195484,-0.0932755553330806,0.03525165783756826,0,100,baseline
-0.05023576129879047,0.03839049351573361,0.035192962385862656,0.19374841356789724,-0.12642044624014276,0.025948923642561836,0,100,baseline
0.030783277170619367,0.03411408678730577,0.03354097233959377,0.36907679409474825,-0.03691501779627657,0.0984815721375153,0,100,baseline
0.02776505717988171,0.032230468571520766,0.03544697269701175,0.3910911046445237,-0.03619525874122361,0.09172537310098702,0,100,baseline
0.06204398894518078,0.03867076429267546,0.0386805267866081,0.11184041155883004,-0.014696884231439493,0.13878486212180105,0,100,baseline
-0.005345271596658605,0.03134998153436738,0.03032315084964215,0.8649659495426909,-0.06755828964848845,0.05686774645517124,0,100,baseline
-0.003848097657397456,0.037283708326838985,0.03360630964670744,0.9180062351686649,-0.07783640341234688,0.07014020809755198,0,100,baseline
0.032671680833380685,0.029149650839707577,0.030156786841787877,0.26510112134393693,-0.025174852565920697,0.09051821423268207,0,100,baseline
0.015179665210009673,0.031405812148118474,0.02735985416001353,0.6299329366988704,-0.047144146877769876,0.07750347729778923,0,100,baseline
-0.10117570369052942,0.0360839871018488,0.033509298170173424,0.006087718349937715,-0.1727832017201009,-0.02956820566095794,1,100,baseline
-0.022778221183745676,0.03442569147095125,0.03125958520106334,0.5097397274382657,-0.09109488550398298,0.045538443136491635,0,100,baseline
-0.011636103081813592,0.03025302351095225,0.028122329381384474,0.7013478421689214,-0.07167224363730387,0.04840003747367668,0,100,baseline
0.03332386851713112,0.04067175913662797,0.03490335446516623,0.4145824218299441,-0.04738791380378854,0.11403565083805078,0,100,baseline
0.015678052366459316,0.040040447500214245,0.03873369955629339,0.6962368649728587,-0.06378091255839645,0.09513701729131509,0,100,baseline
-0.0670195888847176,0.03686763440610725,0.03755636734088614,0.07214333814589574,-0.14018220948533916,0.006143031715903982,0,100,baseline
0.040576778534679545,0.03704731177986291,0.03095469895601355,0.27608320358450805,-0.032942405966457006,0.1140959630358161,0,100,baseline
-0.005036399167214765,0.03062646005444198,0.030819186372494502,0.8697187505893906,-0.06581361238955401,0.055740814055124474,0,100,baseline
-0.06964826476335442,0.037153650971541205,0.03614014755666323,0.0638258383260929,-0.1433784759295066,0.004081946402797743,0,100,baseline
0.020591550861738056,0.03174418256442931,0.03024688271997531,0.5180678074735707,-0.04240374630475116,0.08358684802822727,0,100,baseline
0.014231869355744975,0.03374094499961647,0.031083619627183996,0.6740961570222713,-0.052725937877594935,0.08118967658908488,0,100,baseline
0.035543188819325125,0.02656682157675183,0.023277499177762846,0.1840322504659493,-0.017177803967299697,0.08826418160594995,0,100,baseline
-0.007417459117417372,0.03391487707076072,0.03062070318631493,0.8273322447866337,-0.07472042888522408,0.05988551065038934,0,100,baseline
0.03166815772317462,0.03195454921078623,0.033859360753128655,0.3241078985057032,-0.03174460520650679,0.09508092065285603,0,100,baseline
0.027740117355102695,0.03990783168469042,0.03706365880209854,0.4886346365282539,-0.05145567579990379,0.10693591051010917,0,100,baseline
0.03567588975715072,0.03410375241863832,0.035607186222849675,0.2980888319707023,-0.03200189699146261,0.10335367650576405,0,100,baseline
0.039487013348039904,0.03322643961119831,0.03200570638466854,0.23753939747590103,-0.02644977468685701,0.10542380138293682,0,100,baseline
0.011213494170631343,0.036104238919209254,0.03692967976079814,0.7567744863300399,-0.06043419293138494,0.08286118127264763,0,100,baseline
0.005175100594797538,0.032120411474730985,0.03170115840491178,0.8723339989916079,-0.05856681059959976,0.06891701178919483,0,100,baseline
0.013153167545879432,0.03494025142539742,0.03374809951100884,0.7073980917133869,-0.05618462425730758,0.08249095934906645,0,100,baseline
0.012117289863540968,0.02937973653330797,0.02677566966400664,0.6809200160069467,-0.046185841106439585,0.07042042083352153,0,100,baseline
0.04100048510959948,0.03546073870763256,0.035155251550524375,0.2504012583725098,-0.02937019676562618,0.11137116698482513,0,100,baseline
-0.04296863690501943,0.038240135782201284,0.04444470461463354,0.26390533873034533,-0.11885494181765546,0.032917668007616606,0,100,baseline
0.013701507012494332,0.040993444391872434,0.040279299964047666,0.7389152911847251,-0.06764864922802692,0.09505166325301558,0,100,baseline
0.008426142518127474,0.03392350943210217,0.030763637372754074,0.8043551151028296,-0.0588939578898162,0.07574624292607114,0,100,baseline
-0.03627825627693384,0.03258901439896222,0.02973045718748642,0.26834341393880645,-0.10095009472351721,0.028393582169649524,0,100,baseline
-0.015684506737966536,0.03620552755437664,0.034024036802717914,0.6658160230293642,-0.0875331978399758,0.05616418436404273,0,100,baseline
-0.04661569664287522,0.033565428926312035,0.02873649760803545,0.16804153521744708,-0.11322519794101372,0.019993804655263278,0,100,baseline
0.015594891818845527,0.04000824288586449,0.040081990141232454,0.697536224361718,-0.06380016409695079,0.09498994773464185,0,100,baseline
0.024556019263804695,0.034457591996267266,0.03654271887328161,0.4777590309522708,-0.043823950610701365,0.09293598913831076,0,100,baseline
-0.04302971340340686,0.03474543415774084,0.02877246981340292,0.21851580675119303,-0.11198089667936906,0.025921469872555336,0,100,baseline
-0.027933108274809937,0.032024988990224566,0.0326487504895956,0.3852157170530742,-0.09148565665428372,0.03561944010466385,0,100,baseline
-0.03456293256373477,0.03397469798821239,0.03576447618062825,0.3115090966060572,-0.10198461499531827,0.03285874986784873,0,100,baseline
-0.01187992296848891,0.03358556039877912,0.030832184473759766,0.7243077179701214,-0.07852937451854804,0.054769528581570213,0,100,baseline
0.037145951410689354,0.02962751057849011,0.029715411293444814,0.2129098860540362,-0.021648879088006806,0.09594078190938551,0,100,baseline
0.002318706958154942,0.039481455556200945,0.04050112541897896,0.9532875381331065,-0.07603095664651972,0.08066837056282962,0,100,baseline
-0.06692029500480787,0.04139833579065021,0.03791503485710081,0.10920155455998845,-0.1490739450487809,0.015233355039165175,0,100,baseline
-0.07163967341721807,0.03317684247436683,0.032656689734299305,0.033265160276156815,-0.13747803754824017,-0.005801309286195974,1,100,baseline
0.06002145478400735,0.029417538217926635,0.030294483911708605,0.044007477653411245,0.001643307601178548,0.11839960196683615,1,100,baseline
-0.010210587357881891,0.031987112707846106,0.030551893988085645,0.7502471400524178,-0.07368797148768094,0.05326679677191717,0,100,baseline
0.03365521482220373,0.03211666820399258,0.03148323622142723,0.29725997422587236,-0.0300792679732401,0.09738969761764757,0,100,baseline
-0.0254204473597043,0.035372470839140045,0.03163787431129538,0.47406621607316557,-0.09561596452263493,0.04477506980322634,0,100,baseline
0.022883284932003888,0.039248380687232735,0.04169646622180103,0.5612072070138743,-0.0550038491807586,0.10077041904476639,0,100,baseline
-0.02258138369366867,0.04812264059064907,0.0420695532771469,0.6399357136807733,-0.11807919776688465,0.0729164303795473,0,100,baseline
0.0029401476207786548,0.033044335601155606,0.03290755740969997,0.9292826880787975,-0.06263526093286792,0.06851555617442523,0,100,baseline
-0.02009651238759911,0.02901632427298275,0.02867098588876517,0.49020275334129526,-0.07767846355442462,0.0374854387792264,0,100,baseline
-0.058081634842064064,0.03508812555926563,0.034416472617443974,0.10106123100728524,-0.12771287805126408,0.01154960836713595,0,100,baseline
-0.006808788072834759,0.036671336910749586,0.031717917112766086,0.8530868641738698,-0.07958186268253359,0.06596428653686406,0,100,baseline
-0.007773832118842257,0.03697161322388609,0.03047825546914982,0.8338974835220292,-0.08114279529929572,0.06559513106161119,0,100,baseline
0.0196040853713288,0.029037478786018187,0.029293579709005393,0.5011827125616612,-0.03801984623812978,0.07722801698078738,0,100,baseline
0.012328340391721721,0.03569282419473316,0.03566750422402976,0.7305331497513863,-0.05850290757929984,0.08315958836274327,0,100,baseline
-0.010209195493058001,0.035333239345651225,0.03774379615131253,0.7732374135646003,-0.08032685903397152,0.05990846804785552,0,100,baseline
0.034021544141563484,0.034006932403406784,0.030210463466305265,0.31956645351740504,-0.03346410643788576,0.10150719472101273,0,100,baseline
-0.018886062941702263,0.03485708146376041,0.0334926163188673,0.5891762609794926,-0.08805880666283472,0.05028668077943019,0,100,baseline
0.047459452864913404,0.03659013035305183,0.03948904216403498,0.19765724931938772,-0.025152469973948197,0.120071375703775,0,100,baseline
-0.05055928824781583,0.027809770307277847,0.028121257681304038,0.07211297947626716,-0.1057468723376905,0.004628295842058844,0,100,baseline
0.03201869226964607,0.0338533887959248,0.03348586715077062,0.3465744201815607,-0.03516225601791992,0.09919964055721206,0,100,baseline
-0.00883490216340308,0.03066346890824197,0.029759637325072242,0.7738597802313506,-0.06968555825163404,0.05201575392482788,0,100,baseline
-0.05351005929849334,0.03370300625173548,0.03662822955188856,0.11557688943754646,-0.12039257832140174,0.013372459724415059,0,100,baseline
-0.03963480158007264,0.0320515074372037,0.035043451299723076,0.21919206995702212,-0.10323997495451845,0.02397037179437317,0,100,baseline
-0.08197276585324656,0.038050062633833946,0.03911377016591211,0.03366488583495274,-0.1574818767889872,-0.006463654917505918,1,100,baseline
0.0012431054899631928,0.036016327551076796,0.033353604435702615,0.9725366417126633,-0.07023012436312011,0.07271633534304649,0,100,baseline
-0.007740303390611703,0.03109441288712445,0.030703437823523385,0.8039365971086114,-0.06944615377961609,0.05396554699839268,0,100,baseline
0.03247510069102553,0.03873795080011125,0.038088551258309,0.40388671349456984,-0.044399101922977684,0.10934930330502873,0,100,baseline
-0.0005034498628266049,0.03217134281484985,0.03187195823680202,0.9875462162991104,-0.06434643264410014,0.06333953291844693,0,100,baseline
-0.027697667950797783,0.04163104192998714,0.03659038107482237,0.5074132068765433,-0.11031311575473025,0.05491777985313469,0,100,baseline
-0.03963353808209702,0.037766702369885295,0.03679413486567166,0.2965610336571347,-0.1145803297961538,0.035313253631959765,0,100,baseline
-0.0014838927542649687,0.03071712105420072,0.032451900247210126,0.9615688325508177,-0.06244101978001122,0.05947323427148128,0,100,baseline
-0.0382417292025682,0.027844503651977204,0.02476992768592098,0.17276096669372434,-0.09349824048458213,0.017014782079445734,0,100,baseline
-0.0004477544068763953,0.03266243471851619,0.030105273136861687,0.9890903765796693,-0.06526529308810822,0.06436978427435544,0,100,baseline
0.027581177642928674,0.037669922770792966,0.035956028127569616,0.4658059367478874,-0.04717355810647692,0.10233591339233428,0,100,baseline
