beta_hat,se_classic,se_robust,p_value,ci_low,ci_high,reject,n,scenario
-0.02848564844405347,0.08659543436212096,0.09157790198595299,0.7428947191143953,-0.20033146963762533,0.1433601727495184,0,100,heteroskedastic
-0.03260796135030598,0.06753641364517814,0.06309872909896028,0.6303000485111669,-0.16663177621786074,0.10141585351724879,0,100,heteroskedastic
-0.024487458033607266,0.06741457008863501,0.061357849813273024,0.7172102791268533,-0.1582694783286706,0.10929456226145606,0,100,heteroskedastic
-0.09422618615742497,0.06872149018765185,0.06232482651797257,0.17346573372287682,-0.23060174685452334,0.04214937453967339,0,100,heteroskedastic
0.013955035227230609,0.06424129225467333,0.06303466578946591,0.8284819424354216,-0.11352971848248213,0.14143978893694334,0,100,heteroskedastic
0.02138731221869176,0.06559495329029151,0.06497635263798181,0.7450808502161541,-0.10878373776053078,0.1515583621979143,0,100,heteroskedastic
-0.14417256751981194,0.055169606198156806,0.057676889751100205,0.010381177198019922,-0.25365485549359124,-0.034690279546032654,1,100,heteroskedastic
0.03166348984619137,0.06696423463959772,0.06910800913925685,0.6373774647247183,-0.10122485440668284,0.1645518340990656,0,100,heteroskedastic
0.015694887928106593,0.07375490226181808,0.06875124214368002,0.8319266264882078,-0.130669315214893,0.16205909107110616,0,100,heteroskedastic
-0.013937386777423382,0.049939951940968924,0.04961475246535543,0.7807693055737499,-0.11304159607990932,0.08516682252506255,0,100,heteroskedastic
-0.04462739707708644,0.06587132749378889,0.06420582530199556,0.4996891981065512,-0.17534690266839265,0.08609210851421978,0,100,heteroskedastic
0.050958065978609364,0.06214461249371595,0.05210229627864079,0.41421077218134694,-0.07236589498312834,0.17428202694034706,0,100,heteroskedastic
0.04983471799525381,0.0578469010656181,0.05522668049032473,0.3910694207971068,-0.06496057450890604,0.16463001049941367,0,100,heteroskedastic
0.04626387578020236,0.06403606077061534,0.06625502430113078,0.47172857909600585,-0.08081360272877364,0.17334135428917835,0,100,heteroskedastic
-0.027185390833209144,0.06902004471738103,0.058853431063840736,0.6945277444557759,-0.16415342327792673,0.10978264161150844,0,100,heteroskedastic
0.022717452836288475,0.06850137228956078,0.06905144165119154,0.7408730544208091,-0.11322129105591133,0.1586561967284883,0,100,heteroskedastic
0.07614415922436821,0.058690546253777134,0.05596041777194455,0.19754500694132185,-0.040325319698776924,0.19261363814751334,0,100,heteroskedastic
0.016776402799189377,0.07020544609419956,0.07623035077129908,0.8116344074555275,-0.12254402009825716,0.1560968256966359,0,100,heteroskedastic
0.032008951523618316,0.0712041959169546,0.06610196597970783,0.6540366921255858,-0.10929345789220002,0.17331136093943666,0,100,heteroskedastic
0.10455728075175334,0.07597566778521883,0.08365257083894855,0.1718980878750333,-0.0462139592963479,0.2553285207998546,0,100,heteroskedastic
-0.04773561654257835,0.06134427215571574,0.0659954860861529,0.43834981616412916,-0.16947132815108978,0.07400009506593307,0,100,heteroskedastic
0.04895143259355026,0.05990414444432238,0.06549409743421465,0.41581762252142074,-0.06992639244148302,0.16782925762858356,0,100,heteroskedastic
0.012259859903920828,0.07017083178393915,0.06911935952680444,0.8616644403875292,-0.1269918720213565,0.15151159182919818,0,100,heteroskedastic
-0.08614647002563881,0.06565083594484919,0.05629144698275455,0.19252073458674737,-0.21642841731409806,0.044135477262820424,0,100,heteroskedastic
-0.010623714484413748,0.05356458064701387,0.058611290338405786,0.8431940686362301,-0.11692088148842661,0.0956734525195991,0,100,heteroskedastic
-0.08083456515558034,0.0760370565809614,0.07448723075782723,0.29035177505898757,-0.23172762927089913,0.07005849895973847,0,100,heteroskedastic
-0.08211700421687852,0.054998005579032734,0.05306771426340614,0.1386260606316875,-0.19125875634684664,0.027024747913089578,0,100,heteroskedastic
0.06460290479456159,0.06760477086508596,0.07191063723311422,0.34162729110849566,-0.06955656275117535,0.19876237234029853,0,100,heteroskedastic
-0.051882285083830436,0.05498564409887874,0.04652754920135893,0.34771464888101955,-0.16099950625874437,0.05723493609108351,0,100,heteroskedastic
0.0012784956475750085,0.07007729986401834,0.07624193229926343,0.9854812327460722,-0.13778762522666943,0.14034461652181945,0,100,heteroskedastic
0.06153151515670166,0.06608818672857426,0.062007107266272496,0.35411480136008666,-0.06961834052822799,0.1926813708416313,0,100,heteroskedastic
-0.02408402194941489,0.06617197081610215,0.06409297990145099,0.716671128601214,-0.1554001444292425,0.10723210053041271,0,100,heteroskedastic
0.05071929465596989,0.06832104749654563,0.07205092938216394,0.4596406358520738,-0.08486160055326514,0.1863001898652049,0,100,heteroskedastic
0.021443820529457744,0.05965794051618623,0.06138611337057905,0.7200346733473622,-0.09694542082303736,0.13983306188195285,0,100,heteroskedastic
-0.0728088532135226,0.05883482814507486,0.0591297910046687,0.2188536288664569,-0.1895646548542112,0.04394694842716601,0,100,heteroskedastic
-0.05595401041072827,0.06733021618366218,0.06410079292551124,0.40797198485606434,-0.18956863312671923,0.07766061230526268,0,100,heteroskedastic
-0.14713484406887806,0.07192623773504438,0.0691125575923991,0.043471668172629783,-0.28987012197343065,-0.0043995661643254635,1,100,heteroskedastic
-0.1378104482061645,0.06879035617286348,0.07027927177280589,0.04790208625572369,-0.2743226712096324,-0.0012982252026966234,1,100,heteroskedastic
-0.03243081563161487,0.0757101197913208,0.08637707805750497,0.669332608378297,-0.1826750843282372,0.11781345306500746,0,100,heteroskedastic
-0.04223553963537609,0.07484309989064286,0.06225477246330347,0.5738249475939576,-0.19075923555676277,0.10628815628601058,0,100,heteroskedastic
-0.06906759560041587,0.05562244993239162,0.052467204945575205,0.21730296507246785,-0.17944853722672519,0.041313346025893455,0,100,heteroskedastic
0.05343505519334453,0.06489895053693617,0.06333171099212034,0.4123037257739366,-0.075354799973653,0.18222491036034205,0,100,heteroskedastic
0.013612783450595071,0.06088814517896464,0.06281465527277469,0.8235570311107383,-0.10721775901746775,0.1344433259186579,0,100,heteroskedastic
-0.08703999740874277,0.06939936205934688,0.07058223536761803,0.2127561943487166,-0.2247607727734912,0.050680777956005674,0,100,heteroskedastic
-0.11487059462365504,0.07804578010031211,0.07405546935516179,0.14426926259307488,-0.2697499051880668,0.04000871594075672,0,100,heteroskedastic
-0.0009620032413085941,0.06972400300535904,0.07588574107869824,0.9890197433970556,-0.13932701799779248,0.13740301151517528,0,100,heteroskedastic
-0.05174797204492691,0.05881869975531374,0.0634231965921802,0.38112660035070534,-0.16847176742104225,0.06497582333118844,0,100,heteroskedastic
-0.1629241176130845,0.06933334163740323,0.06649764849903318,0.02078533281178842,-0.30051387759915826,-0.025334357627010723,1,100,heteroskedastic
0.13242530880094602,0.05226382842529456,0.052765358419240016,0.012868838335984992,0.02870944224720834,0.2361411753546837,1,100,heteroskedastic
-0.04477283972540691,0.06490324233459566,0.06438968816500461,0.49192528721090323,-0.17357121182518068,0.08402553237436686,0,100,heteroskedastic
0.025215462179757023,0.07317525365536158,0.08060931140988993,0.7311410006409512,-0.11999844716872586,0.1704293715282399,0,100,heteroskedastic
0.04905741398586395,0.047597094291443695,0.042811945876937624,0.3052275126637139,-0.04539747056078456,0.14351229853251246,0,100,heteroskedastic
-0.0133542019046698,0.06118876743078082,0.06149700333040816,0.8276912907817935,-0.1347813194475383,0.10807291563819868,0,100,heteroskedastic
-0.019297136666489818,0.07559801384105047,0.06834550371463503,0.7990573679600643,-0.16931893475335308,0.13072466142037342,0,100,heteroskedastic
-0.09738383238464321,0.06371798124255336,0.057218967940217046,0.1296452464001119,-0.2238300924222608,0.02906242765297437,0,100,heteroskedastic
-0.005544457878686803,0.05944720980909617,0.06559920327793593,0.9258819252211301,-0.12351551100131336,0.11242659524393975,0,100,heteroskedastic
0.1283954728866028,0.06882505862687605,0.06927198595226773,0.06509795137242448,-0.008185616007441748,0.2649765617806473,0,100,heteroskedastic
-0.12248990414131042,0.06004322653981333,0.052050599089359904,0.044037966285103536,-0.24164373306833897,-0.003336075214281864,1,100,heteroskedastic
0.01121896823420232,0.0565521932160346,0.05417338184308628,0.8431567292241515,-0.1010070186794683,0.12344495514787295,0,100,heteroskedastic
-0.029107759936537626,0.06689985859836993,0.0572393822509391,0.6644505270700811,-0.16186835203075045,0.10365283215767519,0,100,heteroskedastic
0.029765633427920858,0.05562702749634767,0.059402121893528254,0.5937976626110028,-0.0806243922250798,0.1401556590809215,0,100,heteroskedastic
-0.08211994622582525,0.06570036212877775,0.05882454228457549,0.21430681075268082,-0.21250017661443268,0.04826028416278219,0,100,heteroskedastic
-0.005656171074441128,0.07152551768565572,0.07443465909146944,0.9371309855267713,-0.1475962330826457,0.13628389093376342,0,100,heteroskedastic
0.04036225151887561,0.06405488266665853,0.057773124007486645,0.5300827000600319,-0.08675257843022867,0.1674770814679799,0,100,heteroskedastic
-0.09798788410054005,0.06939129627257352,0.05570322968304836,0.16108622261493205,-0.23569265317394242,0.039716884972862326,0,100,heteroskedastic
0.035754576876628814,0.05360413753453587,0.04905224279424831,0.506332253302278,-0.07062108948326987,0.1421302432365275,0,100,heteroskedastic
-0.010949944336683217,0.07103905082056053,0.07209490831569286,0.877816499303042,-0.1519246286834494,0.13002474001008293,0,100,heteroskedastic
-0.016646950525633558,0.06649991033116524,0.06229869714857037,0.802855878516521,-0.14861385830012433,0.11531995724885721,0,100,heteroskedastic
-0.06906755027630115,0.05371967674921391,0.05626700233289939,0.20157650317720244,-0.17567250044743843,0.03753739989483612,0,100,heteroskedastic
-0.09888145933849343,0.0734918911598945,0.06634296482718932,0.18157696974981427,-0.2447237255095728,0.04696080683258594,0,100,heteroskedastic
-0.03779344023119126,0.05488544749923123,0.050202820382807,0.49270970297438377,-0.1467118245150605,0.071124944052678,0,100,heteroskedastic
-0.0009320395452755408,0.07670801179418675,0.09083227131221955,0.9903302553776054,-0.153156592444618,0.1512925133540669,0,100,heteroskedastic
0.010214985419798973,0.05841721294629795,0.06132382916342889,0.861548362572565,-0.10571207245044292,0.12614204329004086,0,100,heteroskedastic
0.04054660443963588,0.05905175034708509,0.05948147118623211,0.49393846486722126,-0.07663967225108459,0.15773288113035636,0,100,heteroskedastic
-0.03170800104455826,0.0717283701368121,0.06476991625863743,0.659422230410103,-0.17405061714013334,0.11063461505101682,0,100,heteroskedastic
-0.004060352108156867,0.06061274408378771,0.05892196774696224,0.9467273974454795,-0.12434437006592759,0.11622366584961387,0,100,heteroskedastic
0.024564706512826974,0.06535386785154988,0.06572908370981989,0.7078242778346422,-0.10512791725947665,0.15425733028513058,0,100,heteroskedastic
0.11080375236769925,0.06848954142171912,0.06936910858840974,0.10891568246279208,-0.025111513552311157,0.24671901828770965,0,100,heteroskedastic
-0.005513979370593475,0.061943776452834186,0.0611596911049838,0.92925095700586,-0.12843938774552538,0.11741142900433844,0,100,heteroskedastic
-0.10146360595260576,0.06777648225915221,0.06754251337380757,0.13759865742266322,-0.2359638291714214,0.03303661726620988,0,100,heteroskedastic
0.029766701461432146,0.06844300884368755,0.06262083400636535,0.6645823714836789,-0.10605622207190404,0.16558962499476834,0,100,heteroskedastic
0.017427863128845453,0.06601716715743078,0.05903088271009468,0.7923420665545997,-0.11358105652852263,0.14843678278621353,0,100,heteroskedastic
-0.03710361189283323,0.054089846285422225,0.05117257606125777,0.4943563440299885,-0.14444315146119613,0.07023592767552968,0,100,heteroskedastic
-0.03944519365033165,0.07139708270339495,0.06063640786844202,0.5818799973269433,-0.18113038061622982,0.10223999331556653,0,100,heteroskedastic
0.07659446041458773,0.06537704737112869,0.06593552795813215,0.24420614577878236,-0.053144162359929276,0.20633308318910473,0,100,heteroskedastic
-0.019046016595213405,0.06475929118487098,0.06862657428468366,0.7692998626105978,-0.14755872232333123,0.10946668913290442,0,100,heteroskedastic
-0.1007860778197546,0.06772754169978774,0.06508875432587183,0.13993252206832418,-0.23518918009131,0.033617024451800814,0,100,heteroskedastic
-0.017376956879564226,0.0651204611347434,0.06234531113531695,0.7901505346874208,-0.1466063926187208,0.11185247885959235,0,100,heteroskedastic
0.06218979111908097,0.060154509725754805,0.057458361472643785,0.30375816280610407,-0.057184875668673356,0.18156445790683529,0,100,heteroskedastic
0.020528690861946315,0.05894492090487456,0.05181316555858167,0.7283851649913142,-0.0964455862775328,0.13750296800142545,0,100,heteroskedastic
0.03258552579839702,0.0579905240324945,0.0565196987928855,0.5754594246795979,-0.08249478180923725,0.1476658334060313,0,100,heteroskedastic
-0.07825490176088214,0.05733484221649964,0.0624884917859264,0.17541776524594316,-0.19203403014421522,0.035524226622450944,0,100,heteroskedastic
-0.115870370715142,0.05780097522557014,0.05167847346686718,0.04775991996657683,-0.2305745248844095,-0.0011662165458745238,1,100,heteroskedastic
0.05317261470601151,0.0678911456670691,0.06582432249624581,0.43539599713774857,-0.08155515431402885,0.18790038372605186,0,100,heteroskedastic
0.08464323391143294,0.0715928708775325,0.059490676331763255,0.23995298501873571,-0.057430488314002826,0.2267169561368687,0,100,heteroskedastic
-0.06932468627039827,0.063522784144549,0.06114469227453039,0.27780103474128015,-0.19538358401982764,0.05673421147903111,0,100,heteroskedastic
0.055098771936726534,0.05917165830120039,0.05842174452280992,0.3540547742341519,-0.06232545818646265,0.17252300205991572,0,100,heteroskedastic
-0.0585767603697802,0.0685248859053189,0.05969485877959985,0.3947331923090417,-0.19456216626718792,0.07740864552762751,0,100,heteroskedastic
0.01577694515023955,0.06624252920265368,0.06987226874298887,0.8122469677693857,-0.1156791981513364,0.1472330884518155,0,100,heteroskedastic
-0.06142510117660056,0.05685025567688705,0.05388105186884582,0.28258394933337944,-0.1742425833432192,0.05139238099001808,0,100,heteroskedastic
-0.03166059396290383,0.06889894366085651,0.06141212133197932,0.6468769662120297,-0.16838830530225182,0.10506711737644417,0,100,heteroskedastic
0.0549856197896635,0.065044369865384,0.07229745893045948,0.3999715765642574,-0.07409281530188334,0.18406405488121036,0,100,heteroskedastic
0.05805793882127826,0.06784962042865017,0.06698455257474097,0.3942590297779299,-0.07658742471458242,0.19270330235713895,0,100,heteroskedastic
0.011085101727934275,0.06859756784495136,0.05986124697506153,0.8719565913025094,-0.12504453911319863,0.1472147425690672,0,100,heteroskedastic
-0.08467751094038968,0.06516877756442545,0.058060677251899,0.1968698836394464,-0.21400282906176438,0.044647807180985,0,100,heteroskedastic
-0.13962618699440876,0.060884307221180746,0.05300119964113381,0.023967023877303005,-0.26044911316015795,-0.018803260828659546,1,100,heteroskedastic
0.012112533088749777,0.06869819413417567,0.0710828433625288,0.8604101964715478,-0.12421679734840853,0.14844186352590807,0,100,heteroskedastic
0.03626491151463167,0.06590933334506802,0.0646220847437839,0.5834175467835034,-0.09453001545161575,0.16705983848087907,0,100,heteroskedastic
0.062469972918026376,0.051474975914567345,0.05148033835218722,0.22781774444640807,-0.039680441501830366,0.16462038733788312,0,100,heteroskedastic
0.11605664143122557,0.06929089444991154,0.07129002466548649,0.09713842388201872,-0.02144888349273899,0.25356216635519013,0,100,heteroskedastic
0.03653001232020541,0.07233297491983547,0.07795230512917682,0.614674611596268,-0.10701242229007021,0.18007244693048105,0,100,heteroskedastic
-0.0612326810594014,0.07444103507950314,0.06796180860939487,0.41275169969495173,-0.20895849244851106,0.08649313032970828,0,100,heteroskedastic
0.018971925915741823,0.07076583195964337,0.07008622506331799,0.7891901178842673,-0.12146056449359871,0.15940441632508234,0,100,heteroskedastic
0.016454582087975074,0.05972547382363581,0.05958809338892372,0.7835094400447533,-0.10206867691524352,0.13497784109119365,0,100,heteroskedastic
-0.07415374321840962,0.06864004541055575,0.08582160365197032,0.28264778774882965,-0.21036767940602774,0.062060192969208505,0,100,heteroskedastic
0.05205111602835051,0.05184144968838684,0.046511146362711586,0.3178299273752706,-0.050826553668551946,0.15492878572525298,0,100,heteroskedastic
-0.028827984542143997,0.07257864955753544,0.06599319911791386,0.6920863168970366,-0.17285795247531333,0.11520198339102533,0,100,heteroskedastic
0.04433213360663916,0.06645711849850074,0.06498454540385004,0.5062894716488693,-0.08754985516861363,0.17621412238189194,0,100,heteroskedastic
-0.05806951542531964,0.06085538678879006,0.05680271572053587,0.34231936667565654,-0.1788350499342216,0.06269601908358231,0,100,heteroskedastic
0.10762910711809212,0.057190371843159844,0.057399994856980656,0.06281085015465963,-0.0058633245112192645,0.2211215387474035,0,100,heteroskedastic
0.06975599578716715,0.07404218453529228,0.0730348365485791,0.34845219249926274,-0.0771783096777757,0.21669030125211,0,100,heteroskedastic
-0.10803619044962666,0.05354639946873197,0.056908901783695974,0.04636515690055855,-0.21429727749705596,-0.001775103402197345,1,100,heteroskedastic
0.027267146305749293,0.06353274919385238,0.062318907654277986,0.6687324342817443,-0.09881152675970441,0.153345819371203,0,100,heteroskedastic
-0.048806529424153096,0.07821252661110589,0.07164001814073073,0.5340614494301669,-0.2040167430123743,0.10640368416406812,0,100,heteroskedastic
-0.1401050193063359,0.06182906539357886,0.05740521545601659,0.02565053720269829,-0.26280278731751283,-0.01740725129515898,1,100,heteroskedastic
0.01034692325869565,0.0706163990366456,0.06714230410777725,0.8838095631036776,-0.12978902237833595,0.15048286889572726,0,100,heteroskedastic
-0.08867575755693512,0.06517789742867491,0.07458010729884262,0.1767868118625906,-0.21801917375210167,0.04066765863823142,0,100,heteroskedastic
-0.06372870064136651,0.0678348808220037,0.06568585383252493,0.3498003200474118,-0.19834481390754624,0.07088741262481321,0,100,heteroskedastic
-0.12429914484365323,0.06852099955115105,0.06353276750800285,0.07273311538075532,-0.26027683839769844,0.011678548710392006,0,100,heteroskedastic
-0.05193026740998549,0.06340782952003227,0.06153964547347997,0.4147802939786872,-0.17776104144832558,0.0739005066283546,0,100,heteroskedastic
-0.0531790304811175,0.06799038837332477,0.06550930952007783,0.43600917083926916,-0.18810374342181146,0.08174568245957647,0,100,heteroskedastic
-0.13772523787078708,0.06399372997990123,0.06939076448440071,0.03384026274517555,-0.26471871230327076,-0.010731763438303399,1,100,heteroskedastic
-0.04440576153313412,0.05866910526488283,0.06284641716840683,0.45093466838677154,-0.16083269151162777,0.07202116844535954,0,100,heteroskedastic
0.10274587246377487,0.06431501445516193,0.06516008476631535,0.11336471102315333,-0.024885180553476216,0.23037692548102595,0,100,heteroskedastic
0.0011534057741470899,0.06720596763126928,0.06355050447910003,0.9863420684259158,-0.1322146497333605,0.1345214612816547,0,100,heteroskedastic
0.06903262704203036,0.08001808396267165,0.0744399312071175,0.39040169249480683,-0.08976065634747396,0.2278259104315347,0,100,heteroskedastic
-0.07881270217137212,0.0667122685936109,0.05987325830679507,0.24030981659321915,-0.2112010280063649,0.05357562366362065,0,100,heteroskedastic
0.08264728563029353,0.05976043086239843,0.04770779935897461,0.16981495382477,-0.03594534447865261,0.20123991573923966,0,100,heteroskedastic
0.0060957766883855315,0.06773173783159094,0.06701501340713067,0.9284718340184864,-0.12831565267016778,0.14050720604693887,0,100,heteroskedastic
-0.003377296494817405,0.06511701928708721,0.06469173851423322,0.9587418066938382,-0.13259990199931718,0.12584530900968235,0,100,heteroskedastic
0.12988794893501762,0.05674623873856665,0.06392766540094078,0.02423025146130708,0.017276884997204922,0.24249901287283032,1,100,heteroskedastic
-0.037932336796883334,0.06893512812802809,0.06282771130884904,0.5833921798129102,-0.1747318550336891,0.09886718143992242,0,100,heteroskedastic
0.008649234758280964,0.06612907129036011,0.05726210977274781,0.896206995878164,-0.1225817550089012,0.13988022452546314,0,100,heteroskedastic
0.0571081653873559,0.060754520900354575,0.05481285683680355,0.34953785804987636,-0.063457204048684,0.17767353482339582,0,100,heteroskedastic
0.0882688897056874,0.06054157294460217,0.06141021580238566,0.14804114619839634,-0.03187389144267516,0.20841167085404996,0,100,heteroskedastic
0.01259529599981148,0.06826296888382376,0.06898847311980201,0.8539935686437693,-0.12287034409267873,0.1480609360923017,0,100,heteroskedastic
0.044918651995691616,0.065661769146509,0.05890043154819282,0.4955319428200212,-0.0853849918756342,0.17522229586701743,0,100,heteroskedastic
-0.09338194232124065,0.05180771664298341,0.053293506898821036,0.07454516103863677,-0.1961926698874013,0.00942878524492001,0,100,heteroskedastic
-0.044070066772063876,0.07427849909469318,0.06630352835039297,0.5543415431129894,-0.191473330789145,0.10333319724501724,0,100,heteroskedastic
0.002230751041112658,0.06089052139164107,0.06508633759549191,0.9708502074984344,-0.11860450694367133,0.12306600902589665,0,100,heteroskedastic
0.07372649555226998,0.059633149968545025,0.05895853002798966,0.21928935839308503,-0.04461354976525374,0.1920665408697937,0,100,heteroskedastic
-0.05649726566101866,0.054979269320478454,0.05649483370666928,0.30666285012003247,-0.16560183629566805,0.05260730497363074,0,100,heteroskedastic
0.028111629637317455,0.06463224899672841,0.0650276145440236,0.6645569171396946,-0.10014896500309231,0.1563722242777272,0,100,heteroskedastic
0.07120533608672788,0.06497881477448755,0.06609199803890181,0.27584154591652305,-0.05774300706046295,0.20015367923391872,0,100,heteroskedastic
-0.0884382768830212,0.06449637014184914,0.056708836457073114,0.17344027561067263,-0.21642922435817827,0.03955267059213588,0,100,heteroskedastic
-0.10445690825242124,0.05399355347144839,0.05411427108528932,0.05592086290787497,-0.2116053578653579,0.0026915413605154287,0,100,heteroskedastic
0.061637857703122814,0.06544735735205519,0.0640514902857882,0.34861449850466675,-0.0682402929402642,0.19151600834650984,0,100,heteroskedastic
0.07165173841789153,0.06438415141552234,0.06224531851111484,0.26848296998854104,-0.05611651464709279,0.19941999148287587,0,100,heteroskedastic
0.10659384547166534,0.06506638914932832,0.06863750393296109,0.10458018091864886,-0.02252828617223876,0.23571597711556944,0,100,heteroskedastic
0.05645787765324172,0.058938619147203115,0.05451217979933732,0.3404655111467382,-0.06050389385323273,0.17341964915971617,0,100,heteroskedastic
-0.044601798093764286,0.0696819522146174,0.06642453248611183,0.5236163645853088,-0.18288336442458847,0.09367976823705991,0,100,heteroskedastic
0.032627461062436205,0.06467758255960956,0.06038506125202332,0.6150682905908504,-0.09572309655810439,0.1609780186829768,0,100,heteroskedastic
-0.014057719099910736,0.06877551558173162,0.07737092100469115,0.8384647850304643,-0.15054049143327297,0.12242505323345149,0,100,heteroskedastic
0.01608761556276604,0.06692653939186936,0.0642624343838843,0.8105399593588046,-0.11672592369780467,0.14890115482333677,0,100,heteroskedastic
0.20024140296467524,0.06931585401109105,0.06437876095295827,0.004759911250409606,0.06268634660387318,0.3377964593254773,1,100,heteroskedastic
0.04003534251155395,0.062036465640888785,0.05616116133974737,0.5202073379499492,-0.08307400454044955,0.16314468956355746,0,100,heteroskedastic
-0.005938133904970541,0.04788099494451479,0.0404881313010788,0.901554565913878,-0.10095641005792912,0.08908014224798803,0,100,heteroskedastic
-0.18140325890667686,0.0638545196353497,0.0700747908111032,0.005472504202017759,-0.3081204749410785,-0.054686042872275215,1,100,heteroskedastic
0.006262263953938563,0.07114023836698063,0.06585932680729323,0.9300348206499478,-0.1349132237854916,0.1474377516933687,0,100,heteroskedastic
-0.11480360557199226,0.07569875303936373,0.07804443608432024,0.13259061619953896,-0.26502531731929324,0.03541810617530869,0,100,heteroskedastic
0.015957980178985514,0.06024401150093307,0.05895479780814011,0.7916512605980743,-0.10359429996872349,0.13551026032669453,0,100,heteroskedastic
-0.04659551611943456,0.07144316105073101,0.06036384502788313,0.515796412780074,-0.1883721440659749,0.0951811118271058,0,100,heteroskedastic
-0.029713840508965084,0.0647039062573058,0.05906877462570145,0.6470875098078077,-0.15811663665086403,0.09868895563293387,0,100,heteroskedastic
-0.04124326864468461,0.07975758094995308,0.07962828444065032,0.6062460444503003,-0.19951959228366883,0.11703305499429961,0,100,heteroskedastic
0.03630804352384791,0.06768301394361706,0.06556882113736402,0.5928684411465976,-0.09800669486476814,0.17062278191246394,0,100,heteroskedastic
0.015212379207748788,0.06046470079815226,0.05857301778347444,0.8018839873717212,-0.104777851667832,0.13520261008332957,0,100,heteroskedastic
0.007225561672957714,0.06079950482309658,0.059780177481505686,0.9056434492710448,-0.11342907689373614,0.12788020023965158,0,100,heteroskedastic
-0.007973207579877382,0.083209739064581,0.07778745729445795,0.9238587215959961,-0.1731002266448757,0.15715381148512095,0,100,heteroskedastic
-0.00047696646319783653,0.07226926724011305,0.06952986129358867,0.9947475346750256,-0.14389297525646733,0.14293904233007165,0,100,heteroskedastic
-0.02120451486170599,0.07281622987254681,0.06823628582007993,0.7715093085149907,-0.1657059531978278,0.12329692347441581,0,100,heteroskedastic
-0.06733546165904003,0.05968814247983188,0.05782554894501549,0.26202299335307183,-0.1857846378254497,0.05111371450736965,0,100,heteroskedastic
-0.026787571850514363,0.07006330195489673,0.06988080965708734,0.7030416484932983,-0.16582591432967694,0.11225077062864822,0,100,heteroskedastic
0.13680344379226259,0.08752640280895115,0.07642745247978586,0.1212770495819984,-0.03688985398514197,0.3104967415696671,0,100,heteroskedastic
-0.011679062676583057,0.05973969590999644,0.06083181073884506,0.8454069388230989,-0.13023054494731837,0.10687241959415225,0,100,heteroskedastic
-0.029127315864127527,0.07716659739353131,0.08696372442682834,0.7066478864245339,-0.18226191696043803,0.12400728523218296,0,100,heteroskedastic
-0.013345895366305188,0.05875024551204575,0.05477534470152047,0.8207700329875597,-0.1299338455245378,0.10324205479192743,0,100,heteroskedastic
0.07998407087216333,0.06306204455400254,0.06422481600068287,0.20768153740654913,-0.045160504154860726,0.2051286458991874,0,100,heteroskedastic
-0.02237030811316041,0.0668585916052574,0.06389518015065448,0.7386483957819603,-0.15504900720259934,0.11030839097627854,0,100,heteroskedastic
-0.19622417334564984,0.06799586773207199,0.0667399905526674,0.0048018781512141374,-0.33115975989544877,-0.06128858679585089,1,100,heteroskedastic
-0.05455126033367566,0.05863465243152379,0.057835838446302794,0.35447153044818125,-0.17090981978565553,0.06180729911830421,0,100,heteroskedastic
-0.05014070665986585,0.07340609870367357,0.0666541983226697,0.4961811219997817,-0.19581272049373943,0.09553130717400772,0,100,heteroskedastic
0.010458594789102792,0.05992992883451307,0.05076557878500556,0.86182176920171,-0.10847039852909618,0.12938758810730175,0,100,heteroskedastic
0.010012113339978403,0.0605485707432385,0.06358844248061826,0.869003842633928,-0.11014455471203058,0.1301687813919874,0,100,heteroskedastic
-0.031047717423147325,0.06276617405075638,0.05764282681429256,0.6219494954015539,-0.1556051470657545,0.09350971221945988,0,100,heteroskedastic
0.027168790176858075,0.06277841471350801,0.060336903101751334,0.666130765419269,-0.09741293066260034,0.1517505110163165,0,100,heteroskedastic
0.034829601744963586,0.05787637323580405,0.055064019998682164,0.5487015808607809,-0.08002417732174161,0.1496833808116688,0,100,heteroskedastic
0.0030331354068656516,0.06204946538380055,0.0627233448075458,0.9611123904165784,-0.12010200921186218,0.12616828002559347,0,100,heteroskedastic
0.010674530722606865,0.06541419017557207,0.06213740542640011,0.8707098254323535,-0.11913780073849416,0.14048686218370787,0,100,heteroskedastic
0.016281769105509027,0.05863085316530107,0.05998274807786719,0.7818279020807027,-0.10006925082630114,0.1326327890373192,0,100,heteroskedastic
0.034316840208983956,0.05644006903173274,0.05746755929111716,0.5445789900795698,-0.07768663991008548,0.1463203203280534,0,100,heteroskedastic
0.039507832887031295,0.05953784850501464,0.05423433085969936,0.5085203398582507,-0.07864308977775714,0.15765875555181974,0,100,heteroskedastic
-0.11129428237316599,0.06839540380710184,0.07141862383793322,0.10690179843398018,-0.24702273526073107,0.024434170514399084,0,100,heteroskedastic
0.17659502786623707,0.0650479131086197,0.06735939062563354,0.007836595285277784,0.047509561323805904,0.30568049440866824,1,100,heteroskedastic
-0.08539771705954555,0.06115834870289002,0.056552617043445205,0.16576756115818558,-0.2067644696269097,0.03596903550781859,0,100,heteroskedastic
-0.012404954715249512,0.06627643159937255,0.06664606144703045,0.8519143607486789,-0.14392837621974114,0.11911846678924211,0,100,heteroskedastic
0.12234210867519311,0.06951316396489816,0.07121887330084217,0.0815306453663472,-0.015604502867373596,0.26028872021775984,0,100,heteroskedastic
-0.11783642702144426,0.06749101058979536,0.06625393086186106,0.08395215593397977,-0.25177014100326034,0.016097286960371854,0,100,heteroskedastic
0.032523811202585975,0.06842141550834602,0.06552016635739025,0.6355985207927278,-0.10325626105953244,0.16830388346470437,0,100,heteroskedastic
-0.08183791430779039,0.06769047590158568,0.06968171792290132,0.22957093734816267,-0.21616746070914147,0.0524916320935607,0,100,heteroskedastic
-0.041879483856081416,0.05219064550360231,0.05091808756771971,0.4242443476354668,-0.145450121283501,0.06169115357133815,0,100,heteroskedastic
-0.10306657825981508,0.06876947074724574,0.07934136724901064,0.13715921534434936,-0.23953735481587268,0.03340419829624253,0,100,heteroskedastic
-0.056033323029019325,0.06019646360682126,0.05855945994654542,0.35422333605728884,-0.17549124592833693,0.06342459987029826,0,100,heteroskedastic
0.021851348687159114,0.06549369080839315,0.06540127723953464,0.7393636737592275,-0.1081187491923817,0.15182144656669994,0,100,heteroskedastic
0.09213922165533944,0.06155128540108479,0.06048201828680055,0.13762002797369394,-0.030007301001242104,0.214285744311921,0,100,heteroskedastic
0.005025492880520663,0.07842627432181495,0.07252206352542886,0.9490376899221113,-0.15060889608306088,0.16065988184410224,0,100,heteroskedastic
0.014983726222531041,0.07234243695373126,0.0746696259449446,0.8363441714972737,-0.1285774854860635,0.1585449379311256,0,100,heteroskedastic
0.0020767190327720293,0.05197172767950385,0.05179628199269313,0.9682074006587347,-0.10105948309753023,0.10521292116307428,0,100,heteroskedastic
0.046710913406632984,0.07219100226732336,0.0802961372466701,0.5191147638482689,-0.09654978109531377,0.18997160790857975,0,100,heteroskedastic
-0.06331821955637831,0.06771200114399795,0.0598635448220177,0.3520297430880569,-0.1976904821007452,0.07105404298798856,0,100,heteroskedastic
-0.09861069496701687,0.0670139813622155,0.059842826944145326,0.14436143175851773,-0.23159775997189042,0.03437637003785669,0,100,heteroskedastic
0.005810850263682027,0.06859311277726388,0.06398936286102873,0.9326609686791586,-0.13030994964061782,0.14193165016798187,0,100,heteroskedastic
-0.07313785178493916,0.05399226666356227,0.054451454247477035,0.17866027021843017,-0.18028374776950573,0.03400804419962741,0,100,heteroskedastic
-0.023535754534790412,0.06860578274884431,0.0673625972469017,0.7322897197874606,-0.15968169758534012,0.11261018851575931,0,100,heteroskedastic
-0.001922749233756564,0.0737012136433066,0.08101341546938884,0.9792398527377293,-0.148180409060647,0.14433491059313386,0,100,heteroskedastic
-0.07566414230483644,0.060197365723613415,0.05329661410515233,0.21176490580470514,-0.19512385542556815,0.043795570815895274,0,100,heteroskedastic
0.006692617410920608,0.058205752944191086,0.06474274059584992,0.9086946028898752,-0.1088148049672272,0.12220003978906843,0,100,heteroskedastic
-0.008773963679238286,0.07061914637505295,0.07118393041522515,0.9013770351705783,-0.14891536131992555,0.131367433961449,0,100,heteroskedastic
-0.1120644348624662,0.0698534579601147,0.06473914962797472,0.11187060570499653,-0.25068634876347695,0.02655747903854458,0,100,heteroskedastic
-0.03365013019990784,0.05448794730165255,0.05826158612806722,0.5382911190723892,-0.14177968827855403,0.07447942787873835,0,100,heteroskedastic
0.08726140567537302,0.05091647686634032,0.04181802329901655,0.0897241884366516,-0.013780685559948908,0.18830349691069495,0,100,heteroskedastic
-0.029676858147648064,0.07177792892121246,0.07661326733824227,0.6801775007768229,-0.1721178220379466,0.11276410574265047,0,100,heteroskedastic
0.002508295331521488,0.05099425112184852,0.055545436077096326,0.9608697379463725,-0.09868813638264874,0.10370472704569171,0,100,heteroskedastic
0.05321465126367745,0.07800116017043883,0.06553284355863286,0.49670353871065986,-0.10157611250208198,0.20800541502943687,0,100,heteroskedastic
-0.06123728951362478,0.06909929072804959,0.07438311174616093,0.3776676224109511,-0.19836258308740726,0.0758880040601577,0,100,heteroskedastic
-0.02781227885913902,0.07112742032734799,0.058481744008386155,0.6966308958796287,-0.16896232961608865,0.1133377718978106,0,100,heteroskedastic
-0.04494788709512891,0.06589651302247969,0.0631481867163816,0.4967859145203314,-0.17571737254844455,0.08582159835818672,0,100,heteroskedastic
0.027294272354229248,0.07320499055471924,0.0633296590222254,0.7100674008846792,-0.11797864890322447,0.17256719361168296,0,100,heteroskedastic
-0.11700767342986067,0.05791898698060435,0.05790215058511531,0.04609228420480929,-0.2319460180862333,-0.002069328773488033,1,100,heteroskedastic
0.016955988175352342,0.06745892556400424,0.055497546733844445,0.8020676799726584,-0.11691405411700684,0.15082603046771154,0,100,heteroskedastic
0.08237728317738374,0.061099904981783235,0.05792378796906374,0.18068942117605982,-0.038873489727528396,0.2036280560822959,0,100,heteroskedastic
0.07492779449447852,0.06383436843892296,0.06440856105768472,0.2433260626956485,-0.05174943214644649,0.20160502113540352,0,100,heteroskedastic
-0.009656038823041148,0.061884532523149086,0.05759727446802164,0.8763278546525454,-0.13246387954764063,0.11315180190155835,0,100,heteroskedastic
0.00899455897746642,0.0657983069432333,0.05415709081704538,0.8915492012939717,-0.12158003970775788,0.13956915766269073,0,100,heteroskedastic
0.0609705996764834,0.06379811828838343,0.06221464015051526,0.34158536031107967,-0.06563468972047785,0.18757588907344463,0,100,heteroskedastic
-0.034088571842647554,0.0591238844939717,0.059387589654918395,0.5655574719466496,-0.15141799640021733,0.08324085271492224,0,100,heteroskedastic
-0.07540249043414014,0.05689815510847206,0.06036824999805084,0.1881800687544525,-0.18831502746382478,0.03751004659554448,0,100,heteroskedastic
-0.11886010677502555,0.07712683563042028,0.06734886395181418,0.1265155507214086,-0.27191580194651155,0.03419558839646046,0,100,heteroskedastic
0.06053287486643101,0.06502522937139815,0.06653256774979438,0.35418581660360027,-0.06850757653773924,0.18957332627060125,0,100,heteroskedastic
-0.011674724906994245,0.05448465897155573,0.052033451566367336,0.8307774779083374,-0.11979775740158387,0.09644830758759539,0,100,heteroskedastic
-0.0975502153988434,0.04971150051163692,0.0491455011447863,0.05256045405201145,-0.19620107027490272,0.00110063947721592,0,100,heteroskedastic
0.01827536908578144,0.05903928080919454,0.055573561123604585,0.7575634943912026,-0.0988861622128235,0.13543690038438638,0,100,heteroskedastic
-0.07140605652650464,0.06423722330142816,0.0587869913003292,0.26903008923807636,-0.19888273553092875,0.05607062247791947,0,100,heteroskedastic
0.047003102442523266,0.06678094600524576,0.06267222004975274,0.4832014263712199,-0.08552151148071316,0.17952771636575968,0,100,heteroskedastic
-0.07029953527137704,0.0627475599778926,0.0561714641004161,0.2653006797429619,-0.19482002589219174,0.05422095534943766,0,100,heteroskedastic
-0.006049667735901737,0.05778035267051523,0.0506985681379572,0.9168269623371927,-0.1207128971158356,0.10861356164403213,0,100,heteroskedastic
0.013658860322414354,0.0626441247804176,0.061356797227166644,0.8278521220962919,-0.11065636651536902,0.1379740871601977,0,100,heteroskedastic
-0.020294213874347915,0.07357607103382373,0.07214419215580062,0.7832622898429545,-0.16630353226555755,0.12571510451686174,0,100,heteroskedastic
-0.016221314463817485,0.06988014774989693,0.06483992244513746,0.816920702280157,-0.15489619338401656,0.1224535644563816,0,100,heteroskedastic
0.04010792476196595,0.08682896739873013,0.0760733757112354,0.6451634041801437,-0.13220133514229024,0.21241718466622214,0,100,heteroskedastic
0.02539727828942255,0.07459925832454094,0.08209280226517243,0.734246770962222,-0.1226425219799984,0.1734370785588435,0,100,heteroskedastic
0.049235068201960816,0.07617420571548146,0.07135130318979958,0.5195646245560912,-0.10193016390721586,0.20040030031113748,0,100,heteroskedastic
-0.02910239763501101,0.05312673699271627,0.04671621100073372,0.5850803131778249,-0.13453067815694303,0.07632588288692102,0,100,heteroskedastic
0.0732795336585651,0.059169556698020924,0.05841699646021576,0.21850142309363232,-0.04414052590151231,0.1906995932186425,0,100,heteroskedastic
-0.02744243289129167,0.06980567357293928,0.06630566140129043,0.6950802331141439,-0.16596952023112307,0.11108465444853974,0,100,heteroskedastic
0.03322673644048672,0.07362512363642916,0.08521527252089309,0.6527731902790785,-0.11287992524414832,0.17933339812512178,0,100,heteroskedastic
-0.015351848354643483,0.06433942299431812,0.056100552281896254,0.8119084348240898,-0.14303133932346013,0.11232764261417316,0,100,heteroskedastic
-0.013187093611576606,0.07810931915130156,0.06713140222350074,0.8662793668649158,-0.16819249535476208,0.14181830813160887,0,100,heteroskedastic
-0.05557471107969274,0.0639646670439304,0.06745993635426183,0.387060486692517,-0.1825105110616122,0.07136108890222674,0,100,heteroskedastic
0.0018119492528666098,0.07288319779569676,0.07554336567478445,0.9802163871028117,-0.1428223847472368,0.14644628325297004,0,100,heteroskedastic
-0.023773554144335407,0.0589096981992591,0.05562748635500776,0.6874160434660297,-0.14067793297086378,0.09313082468219298,0,100,heteroskedastic
-0.007962619879855921,0.06660365485505722,0.06589105235663732,0.905082550574291,-0.1401354052855853,0.12421016552587347,0,100,heteroskedastic
-0.056472351591340085,0.05282211847724725,0.04408331569194616,0.28764897647611,-0.16129612658330808,0.0483514234006279,0,100,heteroskedastic
-0.020396058075167506,0.06860176272491875,0.08109663485078626,0.7668583895769652,-0.15653402351907095,0.11574190736873594,0,100,heteroskedastic
0.10611715862926711,0.06784950451423873,0.06021963032188149,0.12103927643397779,-0.028527974878216553,0.24076229213675077,0,100,heteroskedastic
-0.05884297196924002,0.06694218366006902,0.06268070309751138,0.38154507761229073,-0.19168755677090127,0.07400161283242124,0,100,heteroskedastic
-0.01798776968419206,0.07133046489755158,0.07091948227848861,0.8014338182462603,-0.15954075578250876,0.12356521641412464,0,100,heteroskedastic
0.12701376948394189,0.07992555331965984,0.0820312582332758,0.11524741241432093,-0.03159588985596831,0.28562342882385205,0,100,heteroskedastic
0.046340027508518566,0.06587420604624675,0.06631517231959785,0.48343560232053107,-0.08438519047645612,0.17706524549349326,0,100,heteroskedastic
0.023292175810794707,0.057399202801908654,0.060496850200259605,0.6857795756307556,-0.0906146740596304,0.13719902568121983,0,100,heteroskedastic
-0.04551382317396661,0.07466154973792474,0.06458267224695458,0.5435363562391404,-0.19367723872593798,0.10264959237800478,0,100,heteroskedastic
-0.07453431624928322,0.07531941510841175,0.0769754897032994,0.3248182263038133,-0.22400324421838042,0.07493461171981397,0,100,heteroskedastic
0.06483299414558162,0.06695758274747275,0.07200934443644971,0.33529330695332116,-0.06804214964386023,0.19770813793502345,0,100,heteroskedastic
0.009464648533509564,0.05136368196820483,0.050252341427117785,0.8541845059710366,-0.09246490667191606,0.11139420373893519,0,100,heteroskedastic
0.030542039505827765,0.06563565463511224,0.057232151220297504,0.6427297246774355,-0.09970978096754293,0.16079385997919846,0,100,heteroskedastic
0.031782394535946584,0.06377492051993172,0.05333513367147902,0.6193521997908901,-0.09477685964450694,0.1583416487164001,0,100,heteroskedastic
-0.01634319671651949,0.06498134761538782,0.0665605319105569,0.8019495919425376,-0.14529656620404416,0.11261017277100518,0,100,heteroskedastic
-0.07111701425870916,0.059764675492749816,0.0651546532147977,0.2369405737534784,-0.18971806769844368,0.04748403918102538,0,100,heteroskedastic
0.03503020578798107,0.05349653575557913,0.05148800420866282,0.5141224036798484,-0.07113192834353957,0.1411923399195017,0,100,heteroskedastic
-0.07391791337355347,0.05502018924780359,0.057328060057350694,0.18222284472475647,-0.18310368827221712,0.035267861525110175,0,100,heteroskedastic
-0.07503082293547685,0.06601968388366494,0.06497199006640339,0.2585222818460077,-0.20604473695414832,0.05598309108319462,0,100,heteroskedastic
0.013231889660658611,0.07060890463998279,0.07071134545125518,0.8517368956415765,-0.1268891835901051,0.1533529629114223,0,100,heteroskedastic
0.038259147220359384,0.0530171644589994,0.05681417614891129,0.47223594185405016,-0.06695169017451244,0.14346998461523122,0,100,heteroskedastic
0.10039591433686615,0.07110709166544885,0.06944805658512421,0.1611475750652789,-0.04071379485215257,0.24150562352588487,0,100,heteroskedastic
0.02250393687796677,0.06094678935601022,0.0662511459071483,0.7127461208179516,-0.09844298305083464,0.14345085680676817,0,100,heteroskedastic
0.041687728551606636,0.07111831723947527,0.06712558440360374,0.5591060858166583,-0.09944425742372479,0.18281971452693804,0,100,heteroskedastic
-0.02481096075990214,0.06450082812337887,0.06555077406406114,0.7013219926729439,-0.1528107549543174,0.10318883343451313,0,100,heteroskedastic
0.048559245401739976,0.06399336570145538,0.06435924387604774,0.44978332416708544,-0.07843350613202354,0.1755519969355035,0,100,heteroskedastic
0.01428951043144526,0.062129904151430916,0.056858093149745416,0.8185757543304234,-0.10900526230371922,0.13758428316660976,0,100,heteroskedastic
0.11109946645072376,0.057711983896883326,0.05720886590878333,0.05712046365579192,-0.0034280873230385367,0.22562702022448605,0,100,heteroskedastic
-0.09993199847211127,0.07560140768072733,0.06618335076147007,0.18930295294389549,-0.2499605315233588,0.05009653457913625,0,100,heteroskedastic
0.03987250834900488,0.07602834669261802,0.07252782319228043,0.6011549442789262,-0.1110032712763648,0.19074828797437457,0,100,heteroskedastic
-0.11445928809717476,0.06601579660469635,0.06526690672686973,0.08609541148005288,-0.2454654879372468,0.01654691174289727,0,100,heteroskedastic
0.02223949499862149,0.0715913024839911,0.073501320817788,0.7567300896616881,-0.11983111480087566,0.16431010479811864,0,100,heteroskedastic
-0.04919676545230176,0.07121064193984171,0.06769676535347774,0.4912850977168475,-0.19051196679075005,0.09211843588614654,0,100,heteroskedastic
-0.006540056264819714,0.06357515900909891,0.07057453358336438,0.9182753649641991,-0.1327028902283784,0.11962277769873897,0,100,heteroskedastic
0.06525819959490319,0.06776305247046946,0.06426936135037671,0.3379001967544206,-0.0692153726453517,0.19973177183515806,0,100,heteroskedastic
-0.11229994595776308,0.06751608883427883,0.06528223601154778,0.09944602629131684,-0.24628342689957078,0.021683534984044628,0,100,heteroskedastic
0.07075499433181881,0.071466167912574,0.07098914437538671,0.3245884566221281,-0.07106728998327747,0.21257727864691509,0,100,heteroskedastic
-0.04205457570639221,0.05787178925890567,0.05186568975005427,0.4691510207824068,-0.15689925802013072,0.0727901066073463,0,100,heteroskedastic
-0.019146506844522126,0.059260200737763405,0.06425092535104625,0.7473138176055171,-0.13674644655140625,0.098453432862362,0,100,heteroskedastic
0.09630781867457487,0.06606633765621099,0.05736017587049778,0.14810825125290547,-0.034798678237340466,0.22741431558649022,0,100,heteroskedastic
0.04944731524535528,0.06227590371481278,0.06875481471923439,0.4291115724291348,-0.07413718887170101,0.17303181936241158,0,100,heteroskedastic
-0.08835829268271622,0.06317278629703604,0.07030291144939671,0.16506676428554767,-0.21372263109463674,0.037006045729204295,0,100,heteroskedastic
-0.16134308907484582,0.061689770940579806,0.0673913170157263,0.010320828812684703,-0.28376443177746397,-0.038921746372227686,1,100,heteroskedastic
0.09454717451303887,0.07822487759350769,0.08907580036861024,0.22970224001753603,-0.060687549197788904,0.24978189822386665,0,100,heteroskedastic
-0.011325828118537957,0.06143312500295882,0.05845249011540523,0.8541117899189736,-0.13323786531063642,0.1105862090735605,0,100,heteroskedastic
0.09770196485783808,0.0614722800153302,0.05952520680463103,0.11519879937871055,-0.024287774181989047,0.2196917038976652,0,100,heteroskedastic
0.027917596698736488,0.06521620496656226,0.074906492990854,0.6695339332254249,-0.10150183955862672,0.1573370329560997,0,100,heteroskedastic
-0.08634423079519625,0.061680818534566174,0.05499262420445756,0.16471434497469986,-0.20874780773944152,0.036059346149049015,0,100,heteroskedastic
-0.09993394973081789,0.06689927306073672,0.05474140716459146,0.13844144601827763,-0.23269337984465427,0.03282548038301848,0,100,heteroskedastic
-0.10742518801304292,0.06484020777213408,0.06740517478710745,0.10076471014635367,-0.23609847007510765,0.021248094049021796,0,100,heteroskedastic
0.12108496830094369,0.06402747199258416,0.056850735343745816,0.061558947149281604,-0.005975466057556125,0.24814540265944351,0,100,heteroskedastic
0.020330275030061015,0.06157322237203501,0.05632564913819238,0.7419684004339351,-0.10185978083141994,0.14252033089154198,0,100,heteroskedastic
0.09071262532758459,0.06679734110153077,0.0686762280878348,0.17757338805822376,-0.04184452413064163,0.2232697747858108,0,100,heteroskedastic
-0.04024472315915911,0.07151447811584158,0.06640689454967974,0.5748907408014506,-0.18216287750035662,0.10167343118203839,0,100,heteroskedastic
-0.07781206955505798,0.062026347448420005,0.06456321240101881,0.21264400857027727,-0.2009013373834096,0.045277198273293615,0,100,heteroskedastic
-0.044283967234004414,0.060387718618600594,0.05810300639386652,0.46510940545102997,-0.1641214294796941,0.07555349501168526,0,100,heteroskedastic
0.07504360564706823,0.07399899042753771,0.06658772440006354,0.3130243485905438,-0.07180498251681268,0.22189219381094916,0,100,heteroskedastic
0.004165900724267011,0.07371512011039483,0.06579646890928412,0.9550477902402783,-0.14211935603396608,0.1504511574825001,0,100,heteroskedastic
-0.18058312915861965,0.06254560540270637,0.06503776232847892,0.0047822780100135074,-0.3047028474977047,-0.056463410819534585,1,100,heteroskedastic
-0.04936017287680102,0.05032096298404064,0.05632747967166546,0.32905412217868646,-0.14922048619403994,0.0505001404404379,0,100,heteroskedastic
-0.09698861427211505,0.07459430090492604,0.07398650838996314,0.1965769640486561,-0.24501857670365232,0.05104134815942221,0,100,heteroskedastic
-0.08153131373741661,0.060537756752795206,0.06102154732644256,0.18115598275161665,-0.2016665217773384,0.03860389430250519,0,100,heteroskedastic
0.04245776635631568,0.05974374597996456,0.0568001960538659,0.4789799814118133,-0.0761017531464595,0.16101728585909086,0,100,heteroskedastic
-0.03707517317034936,0.06258928905864898,0.06449192027884575,0.5549761669635409,-0.16128158030294293,0.08713123396224419,0,100,heteroskedastic
-0.1347840412977238,0.06596451475046276,0.0628893016493244,0.043708691533931754,-0.26568847396706663,-0.0038796086283809927,1,100,heteroskedastic
0.04442716356170873,0.0735476671712473,0.07458664641663028,0.5471999426506786,-0.10152578828863801,0.19038011541205546,0,100,heteroskedastic
0.1536237527024767,0.07411238393752569,0.07383045906854228,0.04081084892063299,0.006550138808481432,0.30069736659647195,1,100,heteroskedastic
0.048214248496073,0.06709811480148942,0.07459660001649666,0.47411972647878164,-0.08493977658086865,0.18136827357301466,0,100,heteroskedastic
0.11161697897196643,0.07378272444214169,0.06121683992358896,0.13355402075595435,-0.03480243638239658,0.2580363943263294,0,100,heteroskedastic
0.07355834310763563,0.06117612426618085,0.06445789005594553,0.2321047099864927,-0.04784368448656326,0.19496037070183453,0,100,heteroskedastic
-0.0752644588191533,0.06273141230672603,0.06904553324665202,0.23311384726387202,-0.19975290491207315,0.049223987273766576,0,100,heteroskedastic
0.11823795711947166,0.0661017619269684,0.0628516738950945,0.07674868786946071,-0.012938838104858547,0.24941475234380187,0,100,heteroskedastic
0.006782032270523825,0.06808183266398724,0.05744077580729765,0.9208527729263885,-0.12832414888888294,0.14188821342993058,0,100,heteroskedastic
0.1177826414685297,0.06564692046137642,0.06539327828686986,0.07586741895440152,-0.01249153567040949,0.24805681860746887,0,100,heteroskedastic
-0.15432354817125468,0.0628057810778619,0.06396457841317421,0.015761722056660845,-0.2789595766701194,-0.029687519672389973,1,100,heteroskedastic
-0.014040289460434105,0.06742415507807346,0.06162028068762626,0.8354750982266113,-0.14784133085508905,0.11976075193422085,0,100,heteroskedastic
0.008585924818135901,0.0648916709295399,0.06358203450066988,0.8950090649417741,-0.12018948420490273,0.13736133384117455,0,100,heteroskedastic
0.1630033785652574,0.06704089769337349,0.06135492087035157,0.016857010381090384,0.02996289897720822,0.2960438581533066,1,100,heteroskedastic
-0.026650722913285907,0.0652963474040717,0.06439110773370055,0.6840537232962071,-0.15622919922960501,0.1029277534030332,0,100,heteroskedastic
-0.00986377979660514,0.05924850704234637,0.058037513528834385,0.8681210545098581,-0.12744051374551219,0.10771295415230189,0,100,heteroskedastic
-0.09838681994928805,0.0626721145068439,0.06324571668278897,0.1196695723976608,-0.22275759148822272,0.02598395158964663,0,100,heteroskedastic
-0.06944892342244993,0.055955721957248745,0.06084600698184956,0.21751650221735375,-0.1804912325355591,0.04159338569065925,0,100,heteroskedastic
-0.14536851556368735,0.06401599174476762,0.06667659484389529,0.02534656796124789,-0.2724061677440265,-0.018330863383348217,1,100,heteroskedastic
-0.07217265663735326,0.07688481554674796,0.071029881958983,0.35018676572101404,-0.22474807082947393,0.08040275755476742,0,100,heteroskedastic
-0.053726544764220195,0.06423492058189785,0.06417405108881115,0.40496075061557346,-0.18119865409667976,0.07374556456823936,0,100,heteroskedastic
-0.026251513322719702,0.06430131244731194,0.06620186757575432,0.6839750488818598,-0.15385537515133219,0.1013523485058928,0,100,heteroskedastic
-0.06284398312497341,0.05921005515002258,0.06404170252646814,0.29112887018262246,-0.18034441054500278,0.05465644429505595,0,100,heteroskedastic
0.043178187781044555,0.05818866889515988,0.06279803580204368,0.4598392236927359,-0.07229533185781101,0.15865170741990012,0,100,heteroskedastic
-0.03547540283249856,0.06805191827430777,0.05615674056792734,0.6033344930898761,-0.17052221985916738,0.09957141419417026,0,100,heteroskedastic
-0.10992549929981171,0.06475719092071777,0.06252447688240297,0.09277526904981508,-0.2384340371220718,0.018583038522448386,0,100,heteroskedastic
-0.038302358724249495,0.07271376804620275,0.05599648636677113,0.5995538561980143,-0.18260046490067042,0.10599574745217141,0,100,heteroskedastic
0.07512122876240598,0.06196560512609418,0.06537958439130771,0.2283101231490958,-0.0478474979041837,0.19808995542899566,0,100,heteroskedastic
-0.08324063670122633,0.06418566336899816,0.06600223699870886,0.19772010719557823,-0.21061499669779069,0.04413372329533802,0,100,heteroskedastic
0.023438296392355354,0.06370634787841968,0.05691130673964615,0.7137326824420396,-0.10298487761275345,0.14986147039746417,0,100,heteroskedastic
0.03804589956945971,0.06122346747179669,0.059926716121337154,0.5357617520559619,-0.08345007907547204,0.15954187821439147,0,100,heteroskedastic
-0.0615965101470803,0.07941361779046568,0.08609479247715104,0.4398283531493544,-0.21919025009054,0.09599722979637941,0,100,heteroskedastic
0.010970215797760474,0.0629453870597212,0.059006209425150905,0.8620037728795698,-0.1139428562285473,0.13588328782406825,0,100,heteroskedastic
0.05010911325341072,0.06635199248834624,0.05900240283807674,0.4519393897858369,-0.08156425637607673,0.18178248288289817,0,100,heteroskedastic
-0.06920983979861134,0.0627985830255848,0.06210898394601755,0.27312079191207783,-0.1938315839969969,0.05541190439977421,0,100,heteroskedastic
-0.04374594801662156,0.06019368267102719,0.06108911644982347,0.469109610741248,-0.16319835223936296,0.07570645620611985,0,100,heteroskedastic
0.03065149903006248,0.05756702891582031,0.06437379209865644,0.5956203368904064,-0.08358839630142322,0.1448913943615482,0,100,heteroskedastic
0.14264216578884065,0.08008415073771823,0.08288039267334044,0.07798553326778701,-0.01628222496556253,0.3015665565432438,0,100,heteroskedastic
-0.07113634532205464,0.07053089977519442,0.06340456432680447,0.315657920537013,-0.21110262045735884,0.06882992981324958,0,100,heteroskedastic
-0.02468238850943287,0.06542313115028615,0.07167791538301445,0.7067864188395476,-0.15451246304386484,0.10514768602499912,0,100,heteroskedastic
0.0037613019217234266,0.06186056547705052,0.06385135788999992,0.9516400058831026,-0.11899897697991473,0.12652158082336157,0,100,heteroskedastic
0.12686627976767884,0.05936727405793464,0.06054016694920816,0.035089362605007855,0.009053856541677494,0.24467870299368016,1,100,heteroskedastic
0.09261394361226272,0.05835060249305845,0.04602524566770608,0.1156892749950735,-0.02318092798140077,0.2084088152059262,0,100,heteroskedastic
0.011674062071635995,0.07403483195150051,0.07764502710669617,0.8750307436907774,-0.13524565243006617,0.15859377657333815,0,100,heteroskedastic
-0.013769213960656106,0.06628399809089573,0.07013417137767117,0.8358704072983965,-0.14530765092131967,0.11776922300000744,0,100,heteroskedastic
0.12391120448618369,0.05746328221611904,0.05298393771422927,0.03350293450194108,0.009877191103759342,0.23794521786860803,1,100,heteroskedastic
-0.019386387237306624,0.0637951166090637,0.06322502605198713,0.7618596796526784,-0.14598571989934925,0.107212945424736,0,100,heteroskedastic
0.01963976148998022,0.06489688878523549,0.07110147080685189,0.7628130698543077,-0.10914600219786819,0.14842552517782864,0,100,heteroskedastic
0.011017965635465893,0.06569460881732642,0.07115439344606093,0.867153178201189,-0.11935084749381117,0.14138677876474295,0,100,heteroskedastic
0.09407285003749374,0.06430157934650081,0.06843231386235021,0.14666879873781938,-0.03353154144387269,0.22167724151886017,0,100,heteroskedastic
-0.10516724017631536,0.060181632555851974,0.05888296472876564,0.0836834657226188,-0.22459573133766947,0.014261250985038748,0,100,heteroskedastic
0.08150882759006042,0.06422812620906017,0.062317935671807864,0.20742833541191855,-0.0459497985306295,0.20896745371075034,0,100,heteroskedastic
0.03165406562785251,0.07030440237492205,0.06938615289970233,0.6535296764131393,-0.10786273278809894,0.17117086404380394,0,100,heteroskedastic
-0.031446076061636255,0.06723298012532544,0.07038096847366802,0.6410246938067986,-0.16486773698446122,0.1019755848611887,0,100,heteroskedastic
-0.021337660357952887,0.06047597801977395,0.05700092674466755,0.7249746137010357,-0.1413502705128183,0.0986749497969125,0,100,heteroskedastic
0.048825748153584383,0.0698833921319313,0.06120384427416086,0.48641018131654357,-0.08985556913717165,0.18750706544434043,0,100,heteroskedastic
0.004960553244558153,0.05756861226534243,0.06056912148351023,0.9315089362327422,-0.10928248419252316,0.11920359068163948,0,100,heteroskedastic
0.0512309871609765,0.06525575714633267,0.06336077231817953,0.4343005217606334,-0.0782669391098927,0.18072891343184572,0,100,heteroskedastic
-0.05721541829086236,0.06952306851013884,0.06746491039829138,0.4125229951995446,-0.19518168508111008,0.08075084849938538,0,100,heteroskedastic
0.04219019575813275,0.06451677436303149,0.06085353210581636,0.5146811003228984,-0.08584124322989363,0.17022163474615915,0,100,heteroskedastic
-0.07854791487703433,0.061309594072375864,0.05569995139285001,0.2031578929423834,-0.20021480895777588,0.043118979203707206,0,100,heteroskedastic
0.0543310884069328,0.07138751464240481,0.06999686494140192,0.4484411015505635,-0.08733511105332847,0.19599728786719406,0,100,heteroskedastic
0.011534556531476385,0.06555318679181041,0.06863876785999228,0.8606906349216887,-0.11855360919082505,0.14162272225377784,0,100,heteroskedastic
-0.04501440762589417,0.07196211708250701,0.07394050043501937,0.5330777881578663,-0.18782088692777243,0.09779207167598408,0,100,heteroskedastic
-0.001035281947471052,0.0686249734703665,0.06260325080548464,0.9879941753262788,-0.13721930836030852,0.13514874446536643,0,100,heteroskedastic
-0.05672320607296176,0.07868680694740604,0.07424354678124756,0.47270370570707954,-0.21287461355284515,0.09942820140692164,0,100,heteroskedastic
0.04804977445744796,0.06552092130373308,0.06898417826192811,0.46509560961141383,-0.08197436145386283,0.17807391036875875,0,100,heteroskedastic
0.005781714022465287,0.07651612373600361,0.0680506137093376,0.939921579402645,-0.14606204327051958,0.15762547131545018,0,100,heteroskedastic
0.05494695694837261,0.055566098751911056,0.05106444700751158,0.325168070599855,-0.05532215759425452,0.16521607149099973,0,100,heteroskedastic
0.0058833258488245645,0.06170883899692987,0.06168850770789879,0.9242393855308184,-0.11657585679103943,0.12834250848868856,0,100,heteroskedastic
-0.0140307288023791,0.061702559710036374,0.06306202928431341,0.8205918931633162,-0.13647745040176595,0.10841599279700775,0,100,heteroskedastic
-0.0075713227870981,0.05531209257973172,0.05455453533125527,0.8914035604406482,-0.11733637034781183,0.10219372477361563,0,100,heteroskedastic
-0.08126837664093167,0.07459291009544806,0.05888596517221994,0.2786088111110013,-0.22929557905632458,0.06675882577446124,0,100,heteroskedastic
-0.0988710420957804,0.06876404574953936,0.06745724627089096,0.15366774879991574,-0.23533105292044937,0.03758896872888856,0,100,heteroskedastic
0.08199141620636653,0.06736902650283713,0.06415406680088676,0.22650825848319756,-0.05170022432492301,0.2156830567376561,0,100,heteroskedastic
-0.03503699844704565,0.05998039885618182,0.05851125755518799,0.5604678141504655,-0.15406614788067047,0.08399215098657915,0,100,heteroskedastic
0.1694044518567444,0.05979609277284632,0.053200365587174524,0.0055980653914528295,0.05074105184715176,0.28806785186633704,1,100,heteroskedastic
0.05858087682393449,0.06701056061443562,0.061591561850524675,0.3841446583684228,-0.07439939981830013,0.1915611534661691,0,100,heteroskedastic
-0.05806760688338349,0.06255713043671383,0.06455572830922256,0.3555672081466803,-0.18221019627736754,0.06607498251060054,0,100,heteroskedastic
-0.17772828606872737,0.07684391229325926,0.07494218431900308,0.02282218025242151,-0.3302225290855196,-0.025234043051935162,1,100,heteroskedastic
0.06176521039486056,0.06658885399395363,0.06756847247240279,0.35591429100056005,-0.07037820318371125,0.1939086239734324,0,100,heteroskedastic
-0.06275790452488406,0.06193266406348091,0.07844931168801184,0.31340036300107327,-0.1856612607248035,0.06014545167503538,0,100,heteroskedastic
-0.13798773451405222,0.06546693911596675,0.06279683593779367,0.037604685267997616,-0.26790474453062196,-0.008070724497482445,1,100,heteroskedastic
-0.06324433536546627,0.06200061574156142,0.06318461143307301,0.31021169453950737,-0.18628253945901013,0.05979386872807761,0,100,heteroskedastic
0.10853438802358766,0.0724670282254438,0.06251322940335337,0.13742345412811707,-0.035274071008826055,0.25234284705600135,0,100,heteroskedastic
0.01532736515182967,0.0712468132429013,0.07099359514402566,0.8301126156394201,-0.1260596169603246,0.15671434726398395,0,100,heteroskedastic
0.04473710313531341,0.06418673188010923,0.058963299058190956,0.4874630949187214,-0.08263937728677556,0.17211358355740236,0,100,heteroskedastic
0.029026762344299205,0.062243726577361096,0.05455254424380534,0.64200684185536,-0.0944938872907076,0.15254741197930602,0,100,heteroskedastic
-0.0025745033599626904,0.06264987523398109,0.04989966290791483,0.9673049522422437,-0.126901141785691,0.12175213506576563,0,100,heteroskedastic
-0.0515208739515688,0.06140271881740259,0.063290890433407,0.4034749118396984,-0.17337257105801765,0.07033082315488007,0,100,heteroskedastic
0.045537252623189625,0.06783608240077292,0.061492227155790245,0.5036190728838266,-0.08908124513695152,0.18015575038333076,0,100,heteroskedastic
-0.04924590979784743,0.06671132314948029,0.07171692424146431,0.4621605677354004,-0.18163235942973305,0.08314053983403819,0,100,heteroskedastic
-0.01973011725892886,0.05620226763824306,0.06007699925760473,0.7263002533068827,-0.1312616882520007,0.091801453734143,0,100,heteroskedastic
-0.029867411276620962,0.0761378229067457,0.06623415089261767,0.695702548142656,-0.1809604428859609,0.12122562033271897,0,100,heteroskedastic
-0.021703013526574264,0.06387261888806903,0.06624297063860358,0.7347449425756332,-0.14845614693894688,0.10505011988579833,0,100,heteroskedastic
-0.07318803613163441,0.06316239904100093,0.057499787426804214,0.24938288553326537,-0.19853176137201248,0.05215568910874366,0,100,heteroskedastic
0.05762314530712488,0.06674840999328878,0.06516571474198109,0.39008664669767046,-0.07483690195928606,0.19008319257353584,0,100,heteroskedastic
-0.10653009551460159,0.053687826014926034,0.05316885336496679,0.05002456548353861,-0.21307183894014498,1.1647910941811612e-05,0,100,heteroskedastic
-0.04672132987066658,0.061128407375748095,0.06356822359731823,0.44651625650187843,-0.16802866484877524,0.07458600510744207,0,100,heteroskedastic
0.01759959169194756,0.07448145479864834,0.07606930846431573,0.8136969737880848,-0.13020643131432286,0.16540561469821796,0,100,heteroskedastic
0.004320959378497842,0.05488586945291021,0.055839945369189056,0.9374108824603395,-0.10459826225871462,0.1132401810157103,0,100,heteroskedastic
0.02466761972367338,0.05288963966139329,0.04258865195180466,0.6419657749682091,-0.08029014886071678,0.12962538830806353,0,100,heteroskedastic
-0.08481046403293199,0.07886808041837817,0.08127564981193809,0.2848602730053193,-0.24132160281631057,0.07170067475044659,0,100,heteroskedastic
-0.0018582028250476168,0.07047365343255725,0.06562969599593146,0.979017961367758,-0.1417108744565034,0.13799446880640817,0,100,heteroskedastic
-0.026256421024284535,0.07353492128122202,0.08091708413966463,0.7218141841093513,-0.17218407907069838,0.11967123702212933,0,100,heteroskedastic
-0.07645252347835801,0.06855089295905425,0.06986714753157813,0.2674635939554726,-0.21248953952748906,0.05958449257077303,0,100,heteroskedastic
0.07504760393039227,0.05716164227423146,0.06173925568030642,0.19228226744230034,-0.038387814804401024,0.18848302266518557,0,100,heteroskedastic
-0.011230858511542981,0.0830625651966627,0.0850362780070427,0.892723461758353,-0.17606581582551536,0.1536040988024294,0,100,heteroskedastic
0.051206406377729774,0.07142376681795991,0.06756864036139054,0.4751176541258062,-0.09053173434507275,0.1929445471005323,0,100,heteroskedastic
0.06576502752602519,0.059061405265298114,0.06093603123400881,0.26821631974996357,-0.051440409035664186,0.18297046408771456,0,100,heteroskedastic
-0.05898194618662924,0.07860152583459831,0.07495208641610979,0.4548166084405719,-0.21496411607366844,0.09700022370040995,0,100,heteroskedastic
-0.012644535596403224,0.06619441976060064,0.05757586188468701,0.8489041916914883,-0.1440052072759743,0.11871613608316786,0,100,heteroskedastic
-0.07917143690404314,0.051854769791548634,0.04666287516955861,0.1300339026848479,-0.1820755399121598,0.0237326661040735,0,100,heteroskedastic
0.01494698845123496,0.0670523263346498,0.06577887666575227,0.8240654029843937,-0.11811617090347537,0.1480101478059453,0,100,heteroskedastic
0.054921718808655075,0.07632131593757512,0.07233483094149946,0.47347669847019325,-0.09653544874847994,0.20637888636579008,0,100,heteroskedastic
-0.04352590328676152,0.06451837145320545,0.06494926316277096,0.5015005296704813,-0.17156051164825992,0.08450870507473686,0,100,heteroskedastic
0.09872760103481393,0.06604330639308395,0.0683372506881991,0.13815585868382982,-0.03233319108499144,0.2297883931546193,0,100,heteroskedastic
0.005337568922262607,0.06277837422862009,0.058002922154389965,0.9324170244519552,-0.11924407157625336,0.12991920942077856,0,100,heteroskedastic
-0.02461584875033504,0.057811554704939726,0.05538535066847212,0.6711911845116336,-0.13934099755209622,0.09010930005142614,0,100,heteroskedastic
-0.013552978823973542,0.06995366331485338,0.0702921710956442,0.8467787316899111,-0.1523737469902225,0.1252677893422754,0,100,heteroskedastic
-0.0863165833340464,0.07724830369358858,0.08097693170713222,0.2665589430143623,-0.23961332792364218,0.06698016125554937,0,100,heteroskedastic
0.04801544249004015,0.0621363988066706,0.049469289378745604,0.44153446993748613,-0.0752922186770752,0.1713231036571555,0,100,heteroskedastic
0.03537888992136083,0.08459900295278346,0.07039711343951569,0.6767194344240959,-0.13250507811538553,0.20326285795810722,0,100,heteroskedastic
-0.005275699854031795,0.05933667950108953,0.06764515326670235,0.9293338694859891,-0.12302740917769141,0.11247600946962781,0,100,heteroskedastic
-0.12488982497263607,0.06666785541000651,0.06426603085677116,0.06400510590380243,-0.2571900142902185,0.007410364344946324,0,100,heteroskedastic
-0.10495744644368524,0.05869788188537,0.06418336230662242,0.07685100711981739,-0.22144148268898406,0.011526589801613599,0,100,heteroskedastic
-0.09627450030918698,0.05733442856589394,0.05141832546116289,0.09630380423468532,-0.21005280781635555,0.017503807197981586,0,100,heteroskedastic
-0.07057285074751854,0.06949310451858157,0.06425371507887277,0.3123503776767127,-0.20847965497171614,0.06733395347667906,0,100,heteroskedastic
-0.022628967880166485,0.060382161405577756,0.06005388540476422,0.7086468963539632,-0.14245540201747503,0.09719746625714205,0,100,heteroskedastic
-0.09436323197134205,0.06979833172989401,0.07245500263177503,0.1795061275287383,-0.23287574966259464,0.04414928571991053,0,100,heteroskedastic
0.06403579936683583,0.07514159064985751,0.05919092006998673,0.3961799298863007,-0.08508024175165942,0.2131518404853311,0,100,heteroskedastic
-0.0030576360352137302,0.06671204682615316,0.06021852223106386,0.9635363510477367,-0.13544552177990415,0.1293302497094767,0,100,heteroskedastic
-0.05850835462989015,0.06420430223687637,0.05437156335745798,0.3643818710941794,-0.18591970285314618,0.06890299359336588,0,100,heteroskedastic
-0.029247479560598633,0.0640075155663919,0.05582129844491685,0.6487267076837269,-0.15626831104081326,0.09777335191961599,0,100,heteroskedastic
0.03801886312726026,0.05908505810970895,0.05526787755182799,0.5214286637534584,-0.07923351173436705,0.15527123798888756,0,100,heteroskedastic
0.06540343307248936,0.06702953260975106,0.07521877157440718,0.3315954861637769,-0.06761449287699425,0.19842135902197297,0,100,heteroskedastic
-0.03376416513490428,0.06525846092547473,0.06440990305249558,0.6060488612362283,-0.16326745696748485,0.0957391266976763,0,100,heteroskedastic
0.07034967188656202,0.07324581079683827,0.06322401540478297,0.3391874946495125,-0.07500425581285874,0.21570359958598279,0,100,heteroskedastic
-0.041338283076430934,0.06699256334567603,0.0662082764670333,0.538627616625958,-0.17428284472454358,0.0916062785716817,0,100,heteroskedastic
0.0005476738415081568,0.06568429049586842,0.06568812394296313,0.9933642870902295,-0.1298006629146512,0.13089601059766753,0,100,heteroskedastic
0.09209470400532599,0.05848730041701489,0.05172600235102468,0.1185693506778315,-0.023971440169516745,0.20816084818016872,0,100,heteroskedastic
-0.040329123378150804,0.07035583161026182,0.05799591459059122,0.567811126517145,-0.17994798143784008,0.09928973468153846,0,100,heteroskedastic
-0.07075122944843049,0.05838173383347764,0.06249260131832063,0.2284749340887368,-0.18660788017396854,0.045105421277107566,0,100,heteroskedastic
0.04520506083360287,0.05796546210541565,0.07119060152462131,0.43735153182699815,-0.0698255121953982,0.16023563386260395,0,100,heteroskedastic
0.04147471182813471,0.06328454573534065,0.05418944401174929,0.513765897257541,-0.08411140955182632,0.16706083320809573,0,100,heteroskedastic
-0.0713855231919063,0.058328667207516054,0.06035851049635527,0.22394320766656645,-0.18713686492530734,0.04436581854149475,0,100,heteroskedastic
-0.010310255898017078,0.06210299825279801,0.06372637271093896,0.8684843018457591,-0.13355163475301246,0.1129311229569783,0,100,heteroskedastic
0.0342146824115568,0.0682543691436725,0.06211420913222153,0.6172968898007916,-0.10123389177648671,0.1696632565996003,0,100,heteroskedastic
0.07177223815292472,0.08194685809780568,0.07402922626760565,0.38325936971944674,-0.09084863473469307,0.2343931110405425,0,100,heteroskedastic
-0.07066518146780189,0.05532927967778444,0.05625175534801512,0.2045580697254865,-0.18046433626523728,0.039133973329633504,0,100,heteroskedastic
-0.056068806019285905,0.0719605778228084,0.06554506308065552,0.43776293222285734,-0.19887223071038837,0.08673461867181656,0,100,heteroskedastic
-0.05427159874990985,0.059582754616157745,0.05254220015160075,0.3646037043439222,-0.17251163613076664,0.06396843863094695,0,100,heteroskedastic
0.03073669138311187,0.0722500823223944,0.05955437697902016,0.6714626620613522,-0.11264124556532908,0.1741146283315528,0,100,heteroskedastic
-0.07490819614865467,0.06724073575870905,0.05842560099743096,0.2679911198901912,-0.20834524787351788,0.05852885557620853,0,100,heteroskedastic
0.007783630901540058,0.05383958648463254,0.05026817261916917,0.885346670586421,-0.09905927623700442,0.11462653804008452,0,100,heteroskedastic
-0.08475286527184414,0.056420237677248866,0.05619550976765142,0.13626833151383957,-0.19671699071336313,0.02721126016967486,0,100,heteroskedastic
-0.013451197108895196,0.06440275305042732,0.06489081014615629,0.8349905823801372,-0.14125636451294757,0.11435397029515718,0,100,heteroskedastic
0.022944245862268158,0.06521047415131807,0.06278055284729261,0.7257068792553873,-0.10646381777875562,0.15235230950329193,0,100,heteroskedastic
-0.1271135083679134,0.052298449700680226,0.05209257803599694,0.016894792121190116,-0.2308980797158847,-0.023328937019942125,1,100,heteroskedastic
-0.0006800763821157782,0.0655794172094779,0.057645640541029,0.991746950251397,-0.13082029551459437,0.1294601427503628,0,100,heteroskedastic
0.02852948139717374,0.059149265875457074,0.06144856671353607,0.6306469126805032,-0.08885031168590216,0.14590927448024965,0,100,heteroskedastic
0.0053378979225037395,0.054142548247159104,0.050033413004115825,0.9216654209533384,-0.10210622697371045,0.11278202281871792,0,100,heteroskedastic
0.10559319056781466,0.07106493338945832,0.06315663718498372,0.14052371489935825,-0.03543285689456613,0.24661923803019545,0,100,heteroskedastic
0.04970175443350668,0.07907882724512333,0.08916720712289965,0.5311326793622264,-0.10722760456867134,0.20663111343568472,0,100,heteroskedastic
0.0675481173096346,0.06624676127965237,0.06490509505628139,0.3104078864163117,-0.06391642441100988,0.1990126590302791,0,100,heteroskedastic
0.012360650284196696,0.061636240821604474,0.060165601029697834,0.8414723710502025,-0.1099544636394833,0.1346757642078767,0,100,heteroskedastic
0.06578220553883743,0.057742078298908574,0.05279746563843757,0.257379228637025,-0.0488050695963044,0.18036948067397926,0,100,heteroskedastic
0.09050739393856677,0.058146571568100276,0.06265663822797156,0.12280367546874396,-0.02488258492482065,0.2058973728019542,0,100,heteroskedastic
0.04096667267675135,0.07043543281333997,0.06819536628807091,0.5621579901297833,-0.09881015137977972,0.18074349673328244,0,100,heteroskedastic
-0.09125418594420712,0.06402318532520515,0.061291274534521115,0.15723900321957587,-0.21830611355080531,0.03579774166239108,0,100,heteroskedastic
0.0739742189063602,0.07768926063340253,0.07829329103556824,0.34334789635924745,-0.08019759037909995,0.22814602819182034,0,100,heteroskedastic
-0.018241500001350754,0.05973609738824719,0.05755869796667422,0.7607334545548063,-0.13678584112279063,0.10030284112008911,0,100,heteroskedastic
-0.08029940818301678,0.0669350456014609,0.07516572091010525,0.2331630922677734,-0.21312982773968242,0.05253101137364885,0,100,heteroskedastic
-0.02563903685977262,0.062164614854587255,0.053982074053848875,0.6809194199621502,-0.1490026918556711,0.09772461813612587,0,100,heteroskedastic
-0.016763134029316427,0.06475237297147766,0.06700730887295027,0.7962703359501325,-0.14526211078811244,0.11173584272947959,0,100,heteroskedastic
0.08034803499586987,0.06368192804579548,0.06834851985287622,0.21004847447845085,-0.046026678646153646,0.2067227486378934,0,100,heteroskedastic
-0.056221899136959234,0.058823622110345024,0.05629919064792795,0.34153982720601805,-0.1729554627664333,0.060511664492514834,0,100,heteroskedastic
-0.040510456989987884,0.06427960416509206,0.057848774601420606,0.5300157687160798,-0.1680712394390435,0.08705032545906773,0,100,heteroskedastic
0.04049619970313759,0.07142090052768006,0.06653748131467409,0.5720054211072405,-0.10123625295988964,0.1822286523661648,0,100,heteroskedastic
-0.06875587824323277,0.05376210519940747,0.04899517863621312,0.20395552499689043,-0.17544502629292094,0.037933269806455394,0,100,heteroskedastic
-0.21834827858479428,0.06743382159263794,0.07071006076260636,0.0016435070146418808,-0.35216850286300017,-0.08452805430658836,1,100,heteroskedastic
0.04724237122828909,0.06544244218517034,0.0639699930951338,0.4720798795754301,-0.08262602542638187,0.17711076788296004,0,100,heteroskedastic
0.013935489239006685,0.0625520818812205,0.055237889725909296,0.8241687106021388,-0.11019708146090895,0.13806805993892232,0,100,heteroskedastic
-0.03257204855544028,0.07283454760413234,0.06874451502460692,0.6557131611025184,-0.17710983783373252,0.11196574072285194,0,100,heteroskedastic
0.0377792090086911,0.06021761651019841,0.049319449005630026,0.5318705190584552,-0.08172069113894509,0.15727910915632728,0,100,heteroskedastic
-0.07017202695885909,0.06301003472774688,0.06510906970667825,0.2681472494099908,-0.19521339017836842,0.05486933626065023,0,100,heteroskedastic
-0.04852356212136148,0.07102785996874579,0.06511099609033812,0.4961161727223151,-0.18947603858691398,0.09242891434419102,0,100,heteroskedastic
-0.034034262206481695,0.05910507124474029,0.062445329477736435,0.566052486687854,-0.15132635248323975,0.08325782807027635,0,100,heteroskedastic
0.010406697960369842,0.06223158807611635,0.06687632494085538,0.8675373327603768,-0.11308986321397124,0.13390325913471093,0,100,heteroskedastic
0.004627716176738715,0.060431561880475874,0.054943900876350434,0.9391155388502372,-0.11529675159523836,0.12455218394871578,0,100,heteroskedastic
0.05133615872586317,0.05869095887164667,0.05565343938034297,0.38388339025345697,-0.06513413902401519,0.16780645647574152,0,100,heteroskedastic
-0.048296289588919544,0.06339503340020874,0.06580547203623342,0.44799054331608046,-0.1741016701439269,0.07750909096608782,0,100,heteroskedastic
-0.05702799946327745,0.055870866737016626,0.04955615024526765,0.30990461412573944,-0.16790191615349778,0.05384591722694288,0,100,heteroskedastic
-0.018436757277874076,0.05713479161352916,0.05491789498840653,0.7476183816674014,-0.1318188917503738,0.09494537719462565,0,100,heteroskedastic
-0.0009780175395781646,0.0710288735690995,0.06517936207096364,0.9890420317035296,-0.1419325054620444,0.13997647038288807,0,100,heteroskedastic
0.023329077108155356,0.07073906495151433,0.06775469589971728,0.742262094274033,-0.11705029504470071,0.1637084492610114,0,100,heteroskedastic
-0.012160512880338124,0.05595800823205029,0.056192589604112365,0.8284146938944472,-0.12320735903138284,0.0988863332707066,0,100,heteroskedastic
-0.02790684815932814,0.06117300375468985,0.06208304676288641,0.6492587928724585,-0.14930268320003198,0.09348898688137569,0,100,heteroskedastic
0.05089897228163634,0.05401838512974973,0.050507694156489674,0.3483802652959863,-0.05629875494903877,0.15809669951231145,0,100,heteroskedastic
-0.06904592843416565,0.05856333133051377,0.057508791048260566,0.24125433129201473,-0.18526295348237726,0.04717109661404595,0,100,heteroskedastic
0.007106763264302103,0.05349561470001327,0.05669232111541831,0.8945863185463305,-0.09905354306242437,0.11326706959102856,0,100,heteroskedastic
0.02670504470418319,0.07039930837540523,0.07098259958915165,0.7052585243961127,-0.11300009158095692,0.1664101809893233,0,100,heteroskedastic
-0.0035023127686716893,0.07156763998407835,0.06811834072867207,0.9610690201671492,-0.1455259651072016,0.1385213395698582,0,100,heteroskedastic
0.12631987976671613,0.06889039554519392,0.05962309385982961,0.06974321075870152,-0.010390868115302793,0.2630306276487351,0,100,heteroskedastic
-0.025643893144545356,0.07676077825874933,0.07891778138136384,0.7390364524919311,-0.1779731593754974,0.1266853730864067,0,100,heteroskedastic
-0.07003656319594741,0.08453926965981343,0.07225658281368061,0.40942876202979617,-0.23780199245684902,0.09772886606495422,0,100,heteroskedastic
-0.07118078284595061,0.06336200639718748,0.05869104800723616,0.26401276278868435,-0.196920622388345,0.054559056696443786,0,100,heteroskedastic
0.13233572128625815,0.06779081082568393,0.07011905200408067,0.05377795362827592,-0.002192936506508286,0.2668643790790246,0,100,heteroskedastic
0.06602350989635893,0.05866667515917739,0.0648846162442995,0.2631679678711997,-0.050398597616451477,0.18244561740916931,0,100,heteroskedastic
-0.031545072366596934,0.0834980764704761,0.07546899395103943,0.7064006466786983,-0.19724428762948792,0.13415414289629407,0,100,heteroskedastic
-0.04242473046405648,0.07044732254629031,0.0642530473996353,0.5484190929959813,-0.18222514930866932,0.09737568838055635,0,100,heteroskedastic
0.04309654922764354,0.06506876050628795,0.06583442455329899,0.5093187098153837,-0.08603028829696978,0.17222338675225685,0,100,heteroskedastic
-0.051751819951341524,0.06973762804315958,0.07454572110253696,0.4598057673903426,-0.1901438731519059,0.08664023324922286,0,100,heteroskedastic
0.08174503681172335,0.07394890458367373,0.07446145149927257,0.2716815275643159,-0.06500415762508199,0.2284942312485287,0,100,heteroskedastic
-0.10106959405570774,0.0541792891495571,0.050273807557707245,0.06510761512012062,-0.20858663007697703,0.006447441965561532,0,100,heteroskedastic
0.13555960770490127,0.07446925547736283,0.07723854223590194,0.07175889961684948,-0.012222206145311942,0.2833414215551145,0,100,heteroskedastic
-0.11213558741544837,0.05453994346693455,0.061080451964284174,0.04243854852439404,-0.22036833019185165,-0.0039028446390450694,1,100,heteroskedastic
-0.07952096889139385,0.07661139193146943,0.06878932871068597,0.3018344109409483,-0.2315537828177226,0.07251184503493491,0,100,heteroskedastic
0.14846171224064075,0.07175208050953936,0.06121604282221832,0.041169535064613676,0.006072043682056105,0.2908513807992254,1,100,heteroskedastic
-0.014708681673545713,0.07191658717121943,0.08012869040235164,0.838368055686896,-0.15742480834827086,0.12800744500117942,0,100,heteroskedastic
0.036279422700989994,0.07027142084588898,0.06731524184347153,0.6068248931573634,-0.1031719249439981,0.1757307703459781,0,100,heteroskedastic
-0.03426003066071119,0.06411741752403746,0.06975902237697695,0.5943215188171396,-0.1614989589990512,0.0929788976776288,0,100,heteroskedastic
0.06594072399847074,0.06626555569153154,0.06595185440356743,0.3221392863617233,-0.06556111462087306,0.19744256261781457,0,100,heteroskedastic
0.08263295245314756,0.05824133088152822,0.04643471183919706,0.15912914946874634,-0.03294507318374143,0.19821097809003654,0,100,heteroskedastic
0.0963881673943529,0.05719216274243541,0.053312363367568644,0.09510506339712553,-0.017107818216285,0.2098841530049908,0,100,heteroskedastic
-0.0844360177721164,0.07219805205931212,0.06770801700064706,0.24503662309312946,-0.22771070235682533,0.05883866681259253,0,100,heteroskedastic
-0.061870586634939835,0.05819261408052667,0.062351617567196725,0.2903025665311234,-0.17735193536575747,0.053610762095877805,0,100,heteroskedastic
-0.041661224098161365,0.058052672634785564,0.05894137969938077,0.4746832615579709,-0.15686486358438034,0.07354241538805763,0,100,heteroskedastic
0.01872823225610639,0.0735509776451111,0.07386017731881038,0.7995429976890889,-0.12723128912188178,0.16468775363409457,0,100,heteroskedastic
0.06114631213355202,0.07015749352160353,0.07822725521624198,0.38557982894444365,-0.07807895044422167,0.2003715747113257,0,100,heteroskedastic
-0.014989796724472915,0.06929112821910455,0.0689224350577918,0.8291796667375249,-0.15249578555579285,0.12251619210684701,0,100,heteroskedastic
-0.03555184434473483,0.07263166981767108,0.07535396062342244,0.6255948361503347,-0.17968702925856855,0.10858334056909891,0,100,heteroskedastic
-0.018859049312613535,0.06944660363304066,0.0655072532967702,0.7865301629070574,-0.1566735740428532,0.11895547541762613,0,100,heteroskedastic
0.07624195374066917,0.057496395611866126,0.05358509531496326,0.187912086717841,-0.037857772097920836,0.19034167957925918,0,100,heteroskedastic
0.03042756686189589,0.07355823864207411,0.07887563033719634,0.6800322740766752,-0.11554636372825207,0.17640149745204386,0,100,heteroskedastic
-0.02260196024934994,0.06400824951826345,0.06508047072222754,0.7247642971702568,-0.14962424823316675,0.10442032773446688,0,100,heteroskedastic
-0.04489464131917481,0.08083062067064413,0.07567422853138973,0.5798756578976288,-0.2053003773611775,0.11551109472282789,0,100,heteroskedastic
-0.013454749493779991,0.06084625301320703,0.04489123488778748,0.825453622297334,-0.13420215832230137,0.1072926593347414,0,100,heteroskedastic
0.10073630223679295,0.0703681908577646,0.06426764936115932,0.1554512386319781,-0.038907082347326816,0.2403796868209127,0,100,heteroskedastic
-0.02630007341159495,0.07446488221155967,0.07590091571442692,0.72470638807967,-0.17407320865815223,0.12147306183496233,0,100,heteroskedastic
-0.013969431504925977,0.06800802106436565,0.06058091248792054,0.8376789813152615,-0.14892913594712454,0.12099027293727259,0,100,heteroskedastic
-0.0007127035582397585,0.05807396402587602,0.059851759537347136,0.9902332824153858,-0.11595859511713723,0.11453318800065772,0,100,heteroskedastic
0.02756460189535121,0.06333283119501071,0.06545927909146917,0.664349612144455,-0.09811734040784709,0.1532465441985495,0,100,heteroskedastic
0.05225418088877079,0.06983396092545267,0.06247257564373574,0.4560934248294637,-0.08632904178149536,0.19083740355903694,0,100,heteroskedastic
-0.07636471969714749,0.06390509730390505,0.06166980684830614,0.23498237311724243,-0.20318230546871802,0.05045286607442302,0,100,heteroskedastic
0.03667305495551333,0.055217427924374854,0.054618142630411884,0.5081493039505731,-0.07290413367756017,0.14625024358858685,0,100,heteroskedastic
0.060664520532786564,0.06365987603770543,0.0701845929313059,0.34296120856138135,-0.06566643161687749,0.18699547268245062,0,100,heteroskedastic
-0.021976951001438996,0.06483647436834278,0.06708264298398875,0.7353653258122033,-0.15064282424518566,0.10668892224230765,0,100,heteroskedastic
0.1395244618958003,0.06582184987133619,0.06001298521613886,0.0365552420359835,0.008903143035973893,0.27014578075562673,1,100,heteroskedastic
-0.0031870068331264004,0.0706627100928068,0.06894991922047997,0.9641180387454809,-0.14341485525389,0.1370408415876372,0,100,heteroskedastic
0.11912569224024099,0.05806583718117997,0.06408313389818852,0.04287977699041799,0.0038959281401500095,0.23435545634033195,1,100,heteroskedastic
-0.009759867937561319,0.058021217409504666,0.06450267176167264,0.8667631281726178,-0.12490108555293872,0.10538134967781607,0,100,heteroskedastic
-0.12035289031842024,0.07625699052345263,0.0745035640737133,0.11772986582190778,-0.27168240618473666,0.030976625547896167,0,100,heteroskedastic
0.03624755874436058,0.06674624890659352,0.0718223374247944,0.5883180466975284,-0.09620819991583743,0.1687033174045586,0,100,heteroskedastic
0.058530861366306905,0.055593568143651025,0.05480410852047341,0.2950055752223688,-0.05179276529022109,0.1688544880228349,0,100,heteroskedastic
0.06693904368026347,0.06473683237948599,0.06297873462931924,0.3036727244295489,-0.06152909327950255,0.1954071806400295,0,100,heteroskedastic
0.06396929953581604,0.06858778620519261,0.07100039769348243,0.35328607403944035,-0.07214092995956473,0.2000795290311968,0,100,heteroskedastic
-0.006437033529016792,0.07243594698507998,0.08312021269169598,0.9293704078296476,-0.15018381285148527,0.1373097457934517,0,100,heteroskedastic
0.04188493963424754,0.06655065072960331,0.06121041028831935,0.5305717478355292,-0.09018266080956823,0.17395254007806332,0,100,heteroskedastic
0.004749704529259158,0.06628526838097736,0.0618909329749984,0.9430220976758671,-0.12679125328072907,0.1362906623392474,0,100,heteroskedastic
-0.014646909504152383,0.07997510172846109,0.07918397309175194,0.8550638969006081,-0.1733548960487473,0.14406107704044255,0,100,heteroskedastic
-0.01001773317942253,0.05355643492347608,0.05702289555304635,0.8520081008396323,-0.1162987352601819,0.09626326890133684,0,100,heteroskedastic
-0.11178313281351968,0.05964777395556938,0.059900572380696744,0.0639020019655901,-0.23015219895734718,0.006585933330307839,0,100,heteroskedastic
-0.1414919227044513,0.0575425469433732,0.05941720119943984,0.015689468745742636,-0.2556832343583955,-0.02730061105050706,1,100,heteroskedastic
-0.0462515149515447,0.07260246365006437,0.08498346105804773,0.5255766474478829,-0.19032874117629436,0.09782571127320497,0,100,heteroskedastic
-0.018414453002260113,0.060109816764775746,0.053931704075334944,0.75999046663154,-0.13770042806350954,0.1008715220589893,0,100,heteroskedastic
0.004771868792176663,0.06815608235732051,0.06883749028609078,0.9443253173209801,-0.13048165846715115,0.1400253960515045,0,100,heteroskedastic
0.06656933478273536,0.0792275776082966,0.06505239326083134,0.4028250805020961,-0.09065521447399419,0.2237938840394649,0,100,heteroskedastic
0.05665374630865152,0.06414550216918295,0.062172177238770374,0.37928599569121524,-0.07064091509394882,0.18394840771125187,0,100,heteroskedastic
0.06186837346493536,0.06817073720235908,0.07214154606075218,0.3663421253856236,-0.07341423585742117,0.19715098278729187,0,100,heteroskedastic
0.04149832136705197,0.06368700614202434,0.06583709462273782,0.5161857625238353,-0.08488646959166818,0.16788311232577213,0,100,heteroskedastic
-0.06260673591580643,0.06254471991879879,0.06627149096010476,0.31929611159314636,-0.18672469704089548,0.06151122520928262,0,100,heteroskedastic
0.025709402288194426,0.063153724489162,0.06075057164890313,0.684827912798164,-0.09961710858637751,0.15103591316276638,0,100,heteroskedastic
0.02092478526596022,0.07903454507588685,0.08110997393676854,0.7917543038089842,-0.1359166972125566,0.17776626774447704,0,100,heteroskedastic
0.04811305903589006,0.08116724570459197,0.08239801588083281,0.5547041771618838,-0.11296069843032741,0.20918681650210752,0,100,heteroskedastic
-0.0826317853658175,0.06041365512018862,0.062190484768155745,0.1745134940303661,-0.2025207177547903,0.0372571470231553,0,100,heteroskedastic
0.00225508925000038,0.06874692952565478,0.0737420402291002,0.973898591618424,-0.13417095498542697,0.1386811334854277,0,100,heteroskedastic
-0.024743131072285963,0.07462416068376351,0.06433599213356689,0.7409220131084544,-0.17283234926312258,0.12334608711855066,0,100,heteroskedastic
-0.10721087863680476,0.05799388796666826,0.05058446040394158,0.0675221595728581,-0.2222978618623257,0.007876104588716168,0,100,heteroskedastic
0.009574827037449404,0.063821595511204,0.060646173861738796,0.8810533255963908,-0.1170770521441196,0.13622670621901842,0,100,heteroskedastic
0.048306206870841,0.07143130386715212,0.0661630160310833,0.5004678523086661,-0.0934468908807859,0.1900593046224679,0,100,heteroskedastic
-0.03222791233187342,0.060371141801151974,0.05508537419628644,0.5946681244789875,-0.15203247842283835,0.08757665375909149,0,100,heteroskedastic
0.024046111150745335,0.07801860371711371,0.07972487868257634,0.7585767262631171,-0.13077926876568016,0.17887149106717085,0,100,heteroskedastic
-0.02944387864175945,0.06752456082598146,0.05776123045293598,0.6637617168226142,-0.16344417197537522,0.10455641469185631,0,100,heteroskedastic
0.04170569769747671,0.06449363250954383,0.06399062227820565,0.5193612263592111,-0.0862798170354683,0.1696912124304217,0,100,heteroskedastic
-0.03935077279712081,0.05179600255733734,0.057018030742192485,0.4492420776348166,-0.14213825414155848,0.06343670854731684,0,100,heteroskedastic
0.06719555711115455,0.055572282472416565,0.05778629454233469,0.22951202263311776,-0.04308582882356303,0.17747694304587214,0,100,heteroskedastic
0.07322088585281133,0.07399334312179862,0.07556872749023626,0.32482599034169624,-0.07361649541662516,0.22005826712224782,0,100,heteroskedastic
-0.07401116305789233,0.07755492378094068,0.07552174277951564,0.3422765753972622,-0.22791638523171182,0.07989405911592716,0,100,heteroskedastic
0.051960926960891204,0.06527213460809776,0.05728060648983552,0.4279178173908128,-0.07756949984983695,0.18149135377161935,0,100,heteroskedastic
-0.07308608633295635,0.056092677316514274,0.050388712955494894,0.19564425993267137,-0.18440017889923727,0.03822800623332458,0,100,heteroskedastic
-0.015277372130157625,0.060933907853659916,0.05619214333702852,0.8025552150077613,-0.13619872913678074,0.10564398487646548,0,100,heteroskedastic
0.0396642921087608,0.06159837011585906,0.05812951539472015,0.521132846765965,-0.08257566863189125,0.16190425284941284,0,100,heteroskedastic
-0.012164291796692263,0.05847430671496688,0.04882286193389498,0.8356388385756437,-0.12820465039270823,0.1038760667993237,0,100,heteroskedastic
-0.005938804348122269,0.05772312326345685,0.051202988752570296,0.9182650201233091,-0.12048846383231265,0.10861085513606811,0,100,heteroskedastic
-0.04019931405062284,0.06991337321462611,0.0691952299712036,0.5666175057677951,-0.17894012782423518,0.09854149972298952,0,100,heteroskedastic
-0.043725089390054594,0.06268200587143347,0.056023945818893583,0.4870978161946141,-0.16811549002009712,0.08066531123998794,0,100,heteroskedastic
0.1270878395681288,0.06347212900361517,0.06861817458996014,0.0480198148641902,0.0011294652972820007,0.25304621383897563,1,100,heteroskedastic
-0.021340064035225467,0.06266330724394883,0.061878771917496175,0.7341704200661304,-0.1456933578475823,0.10301322977713137,0,100,heteroskedastic
0.11804155603194122,0.05881492184835579,0.05896159642598335,0.047503988467430265,0.001325257789229775,0.23475785427465268,1,100,heteroskedastic
-0.11763537306656827,0.07235227817151976,0.06822388896515186,0.10718901555425879,-0.261216114351576,0.025945368218439485,0,100,heteroskedastic
-0.03259675385634683,0.07246256834360687,0.05903355181903736,0.6538173474836879,-0.17639636239840456,0.1112028546857109,0,100,heteroskedastic
-0.020635120353785605,0.07799722140307941,0.07570637383550602,0.7919023185534383,-0.17541806776390972,0.1341478270563385,0,100,heteroskedastic
0.04138007009648424,0.07258088174626544,0.06883440440664133,0.5698986643157807,-0.10265432754257188,0.18541446773554038,0,100,heteroskedastic
-0.03990175014507361,0.088839589521477,0.07816735815165723,0.6543196279383934,-0.21620102421507129,0.13639752392492407,0,100,heteroskedastic
-0.04713854527547749,0.06776223247639909,0.06316312320567351,0.48829675233825687,-0.1816104902641869,0.08733339971323194,0,100,heteroskedastic
-0.014370496447318505,0.05802459246164054,0.056512577182500204,0.8049139609376705,-0.12951841174381654,0.10077741884917951,0,100,heteroskedastic
-0.043774306614154185,0.06831733508314392,0.06414315119553121,0.5231808731376029,-0.17934783465981613,0.09179922143150776,0,100,heteroskedastic
0.003989711912326471,0.07046369757090372,0.06545097320341005,0.9549625359840324,-0.1358432026356971,0.14382262646035004,0,100,heteroskedastic
-0.09173862414986741,0.06308486703248675,0.07087352650162237,0.14908345870240305,-0.21692848964267275,0.03345124134293792,0,100,heteroskedastic
-0.11737625460774509,0.05153829259267392,0.05483693701610595,0.024932047128721546,-0.21965231891462675,-0.01510019030086343,1,100,heteroskedastic
0.0973294532890362,0.07698229779668665,0.07255088875521981,0.20911767362844513,-0.05543941125547211,0.2500983178335445,0,100,heteroskedastic
-0.026866840775282064,0.0613985418142394,0.06318948537070929,0.6626528426823142,-0.14871024875489652,0.09497656720433241,0,100,heteroskedastic
-0.06752605459728327,0.06936536754458207,0.06584376032627531,0.33270970991642035,-0.20517936895385191,0.0701272597592854,0,100,heteroskedastic
0.025527177454860224,0.0565831416352341,0.054092730221254264,0.6528820588585751,-0.08676022558947777,0.1378145804991982,0,100,heteroskedastic
-0.06509479825253289,0.05739759196389872,0.04946148716648952,0.2595177936900897,-0.17899845146735294,0.048808854962287165,0,100,heteroskedastic
0.06902248699044944,0.06536589063287618,0.06050247610257596,0.29359161700612546,-0.06069399560010791,0.19873896958100679,0,100,heteroskedastic
0.03265040019336575,0.07891678999575381,0.08649852446166723,0.6799744240454189,-0.12395740116103367,0.18925820154776518,0,100,heteroskedastic
0.0012191619340822246,0.059227627116246344,0.06513113492065094,0.9836190808890499,-0.11631613648102848,0.11875446034919293,0,100,heteroskedastic
-0.05041471134541059,0.06270133395727422,0.06562713401389927,0.4233169461657377,-0.17484346793276045,0.07401404524193927,0,100,heteroskedastic
0.04935927752331085,0.07039179070346241,0.07125732203457212,0.4848350442203945,-0.09033094018652568,0.18904949523314737,0,100,heteroskedastic
0.10841005431762568,0.0649269496833983,0.06371914990485661,0.09816543136175412,-0.020435364244277637,0.237255472879529,0,100,heteroskedastic
0.02015419537008861,0.05892377650882218,0.0578002879663547,0.7330543987406606,-0.09677812140358107,0.13708651214375828,0,100,heteroskedastic
0.06350503602006585,0.06023405148031745,0.05950966677241972,0.29433590656497194,-0.05602747879088604,0.18303755083101775,0,100,heteroskedastic
-0.012268392353552315,0.07407883436260074,0.06770342099852626,0.8688029585207208,-0.15927542820799917,0.13473864350089454,0,100,heteroskedastic
0.0045038058477679735,0.06625591799584463,0.06818896345175264,0.945943314985243,-0.12697890707814946,0.1359865187736854,0,100,heteroskedastic
0.06323212801924102,0.06028697487453618,0.05742696851022631,0.29682590204192144,-0.05640541154511573,0.1828696675835978,0,100,heteroskedastic
-0.10148062636754167,0.056972997582752906,0.060850220934367386,0.07797695711662249,-0.2145416858516454,0.011580433116562067,0,100,heteroskedastic
-0.08984796523432617,0.0701239303799275,0.06869877746071212,0.20312098174951737,-0.22900662284977547,0.04931069238112312,0,100,heteroskedastic
0.033265502576336745,0.058567450245328556,0.05494436633086717,0.5713434172840178,-0.08295969632427236,0.14949070147694585,0,100,heteroskedastic
0.06326634600817642,0.06863953765253532,0.07219510606928559,0.3589388855370025,-0.07294658255017543,0.19947927456652825,0,100,heteroskedastic
0.08285085819284396,0.0669873684533964,0.06149207023647206,0.21911218811143604,-0.05008339436061049,0.21578511074629841,0,100,heteroskedastic
0.17916710581365988,0.05905442732967162,0.05014200869332983,0.0030903910808832854,0.061975516738120365,0.2963586948891994,1,100,heteroskedastic
-0.030492497952535738,0.05727271671675785,0.05479308046184339,0.5956479776143883,-0.14414834030354123,0.08316334439846976,0,100,heteroskedastic
0.12878132441400608,0.08189178078301522,0.08974762107587121,0.11903933671151441,-0.03373024933493282,0.291292898162945,0,100,heteroskedastic
-0.03638226760470724,0.07314175303643379,0.07519431407916899,0.6200062029964255,-0.1815296960652248,0.1087651608558103,0,100,heteroskedastic
0.09561426102627095,0.07005496180356281,0.06140114872731132,0.17542678239366427,-0.04340753069400448,0.23463605274654636,0,100,heteroskedastic
-0.0028833144778528455,0.0634744545401604,0.06337418349259186,0.9638611469667908,-0.12884630370028774,0.12307967474458206,0,100,heteroskedastic
0.09959030343893849,0.07091878911242379,0.06999648330335642,0.16339490781188093,-0.04114572546201656,0.24032633233989353,0,100,heteroskedastic
0.04023598899471586,0.06949589229915162,0.06046033613664407,0.5639382617471803,-0.0976763474892931,0.17814832547872483,0,100,heteroskedastic
0.09273479452171811,0.06481513222323299,0.06601765622530782,0.15568044970092076,-0.03588872592965052,0.22135831497308672,0,100,heteroskedastic
0.06837468173610237,0.061371304159947335,0.07210149644395293,0.2679548941225383,-0.05341467400503458,0.1901640374772393,0,100,heteroskedastic
-0.05009997892345225,0.06252948249243359,0.06074871872313879,0.424941650126232,-0.17418770187183036,0.07398774402492585,0,100,heteroskedastic
0.048716438652611826,0.06916410976702293,0.06461693219359013,0.4828790097729153,-0.08853748619444049,0.18597036349966414,0,100,heteroskedastic
0.054093517502891354,0.06410438602214703,0.058944719383837045,0.4008167653014587,-0.0731195502440648,0.1813065852498475,0,100,heteroskedastic
-0.02991876607038347,0.06865385724137106,0.07308170859149386,0.6639464409186574,-0.1661601113867406,0.10632257924597369,0,100,heteroskedastic
0.03750758399063577,0.07488010844291487,0.06321790551811653,0.617563403059961,-0.11108955419827016,0.18610472217954172,0,100,heteroskedastic
0.11624465496350685,0.0631797349348113,0.05943107144736012,0.06880912926398054,-0.009133472793931272,0.24162278272094495,0,100,heteroskedastic
-0.020604056629440412,0.07052109747012092,0.07373742917376333,0.7707752791879875,-0.16055087940934792,0.11934276615046709,0,100,heteroskedastic
-0.0891476629056897,0.0610398351938502,0.05689267996764461,0.14735589009513206,-0.21027922927145443,0.031983903460075014,0,100,heteroskedastic
-0.05097515182900712,0.06510027352976479,0.06508889254112515,0.435500498238625,-0.18016452592310084,0.07821422226508658,0,100,heteroskedastic
0.008396459255977248,0.06921678127701623,0.07311223551900586,0.9036964964556661,-0.12896199048843227,0.1457549090003868,0,100,heteroskedastic
-0.0020917538983378364,0.06410647684799162,0.056646740355957015,0.9740365129915554,-0.1293089708211354,0.12512546302445976,0,100,heteroskedastic
0.06154193710475398,0.07218392316069867,0.06339807522748542,0.3959759544156215,-0.08170470914048966,0.2047885833499976,0,100,heteroskedastic
-0.016293253902626967,0.06891749665498129,0.06092400585996882,0.8136026985025175,-0.15305778305499773,0.12047127524974381,0,100,heteroskedastic
0.045318026748921277,0.06021014303378517,0.0630546745155518,0.45345582891239733,-0.07416704252800141,0.16480309602584395,0,100,heteroskedastic
-0.09530220606603573,0.05941318359132647,0.05129219774431063,0.11191930643986706,-0.21320573526690106,0.022601323134829612,0,100,heteroskedastic
-0.013818935242340069,0.0674507780092423,0.0748988451095489,0.8380952035245517,-0.14767280897744103,0.1200349384927609,0,100,heteroskedastic
-0.03920957608965405,0.055224242755103015,0.054982229211444265,0.47938612232173705,-0.148800288532515,0.07038113635320692,0,100,heteroskedastic
0.11614187548795621,0.06577686874622754,0.06244480450066401,0.0805615527958737,-0.01439017979302859,0.246673930768941,0,100,heteroskedastic
0.010417759013144533,0.061180618847692644,0.05658615825543112,0.8651419677502539,-0.11099318793178578,0.13182870595807486,0,100,heteroskedastic
0.002437013895850954,0.0813199180517871,0.09007187061935579,0.9761533380933733,-0.15893971687456618,0.1638137446662681,0,100,heteroskedastic
0.08103094356685311,0.0786582181491814,0.06614679224183237,0.3054683361611236,-0.07506373037339234,0.23712561750709857,0,100,heteroskedastic
-0.02787450445513015,0.06650916634962369,0.06877435034389696,0.6760546259067945,-0.15985978049700927,0.10411077158674897,0,100,heteroskedastic
0.019263779913828993,0.06908668968099287,0.06620445685657393,0.7809590781483357,-0.11783650729217773,0.15636406711983572,0,100,heteroskedastic
-0.132552986428762,0.06284043680480962,0.05792176164638527,0.03746206077652635,-0.257257788089864,-0.007848184767660055,1,100,heteroskedastic
-0.0870541583924263,0.07155817430090769,0.06252405061640298,0.22669703680231382,-0.2290590263907701,0.0549507096059175,0,100,heteroskedastic
0.11573281431780269,0.06931167730475711,0.06991516543742608,0.09816120060536974,-0.02181395350521298,0.25327958214081836,0,100,heteroskedastic
-0.022701858445088575,0.06339759554661092,0.06355424992929917,0.7210483125874414,-0.14851232349624455,0.10310860660606741,0,100,heteroskedastic
-0.021539652334654918,0.04870264222938924,0.04908603917604428,0.6592693326916005,-0.1181884607834649,0.07510915611415506,0,100,heteroskedastic
0.07835951691698474,0.06881556867253481,0.06635944270647466,0.25760888778581664,-0.05820273947152564,0.2149217733054951,0,100,heteroskedastic
0.14358126323471496,0.06694626586431997,0.06395067937418943,0.034447286444796374,0.010728577431575376,0.27643394903785456,1,100,heteroskedastic
0.01953803566689479,0.06440110706418514,0.07333569731212555,0.7622430767962048,-0.10826386533102955,0.14733993666481915,0,100,heteroskedastic
0.09448018310557005,0.07940087010227713,0.08010891656890633,0.23695502915303765,-0.06308825946556029,0.2520486256767004,0,100,heteroskedastic
-0.03485308833358739,0.07244087196350157,0.06787870687775065,0.6315004084402064,-0.17860964111544728,0.10890346444827251,0,100,heteroskedastic
0.13146374282808312,0.06205157277384037,0.07054592824833092,0.036651215073223345,0.008324416162407491,0.25460306949375877,1,100,heteroskedastic
-0.09953211417325608,0.06528958392194757,0.06199215278279598,0.13061166993410475,-0.22909716857942125,0.03003294023290909,0,100,heteroskedastic
-0.10353201794038341,0.056695193351396,0.0579456446749176,0.07087757781032054,-0.21604178396865736,0.008977748087890522,0,100,heteroskedastic
0.0836108946876228,0.06694547878695493,0.06164351673091494,0.21466208821132338,-0.04924022918610178,0.2164620185613474,0,100,heteroskedastic
0.024123431495564923,0.06618275315820066,0.06865467625989839,0.7162720551150088,-0.10721408819123965,0.1554609511823695,0,100,heteroskedastic
0.08829273097299051,0.0585081236259703,0.05438297943315094,0.1344988081310821,-0.02781473618232097,0.20440019812830199,0,100,heteroskedastic
-0.08463092422868412,0.06181941327915057,0.05972675310769357,0.17412813571162497,-0.20730953793291168,0.03804768947554345,0,100,heteroskedastic
0.10191427237627491,0.06865231574840713,0.06844116094814272,0.14088611953323182,-0.034324013897464103,0.23815255865001395,0,100,heteroskedastic
0.05858400472273126,0.0646154269765063,0.05851918042939249,0.36681231213792787,-0.06964320716603001,0.18681121661149253,0,100,heteroskedastic
-0.0027049253214900485,0.07195279827419514,0.054597960710603105,0.9700886199808014,-0.14549291175155935,0.14008306110857924,0,100,heteroskedastic
-0.13545280204631593,0.06285504271479933,0.05903878853216179,0.033611505200069156,-0.26018658866043476,-0.01071901543219711,1,100,heteroskedastic
-0.004145965953985281,0.06035142177267119,0.06322373903316193,0.9453707236260671,-0.12391139829022972,0.11561946638225916,0,100,heteroskedastic
-0.018728781132130758,0.07108566615003704,0.07158645530643344,0.7927432474957476,-0.15979597208312044,0.12233840981885893,0,100,heteroskedastic
0.03662330069384212,0.05552647378382798,0.05318379239005092,0.5110802504714282,-0.07356717938924144,0.1468137807769257,0,100,heteroskedastic
0.005911585227200637,0.04904941278526223,0.05146884636020179,0.904315570163607,-0.09142537810389276,0.10324854855829402,0,100,heteroskedastic
-0.019850560016086614,0.05362228799043108,0.05070610894263057,0.7120380539256099,-0.12626224536499236,0.08656112533281912,0,100,heteroskedastic
-0.09388328945013652,0.07123233506436905,0.07058918996479895,0.19058052266001538,-0.23524154008819415,0.047474961187921105,0,100,heteroskedastic
-0.02257636555873859,0.07385680315183589,0.08056407784256042,0.7604985443998585,-0.16914278770155566,0.12399005658407847,0,100,heteroskedastic
0.045657128852410085,0.07309238297256838,0.06972143074940154,0.5336526742536187,-0.0993923263231436,0.19070658402796375,0,100,heteroskedastic
-0.06565422817906053,0.06398010553413887,0.06317503394151623,0.30733944532329305,-0.1926206653423442,0.061312208984223154,0,100,heteroskedastic
0.1122755237599004,0.07155597490798678,0.06280479764775335,0.11985759168663328,-0.02972497961477237,0.25427602713457315,0,100,heteroskedastic
-0.06331768150712516,0.07140916608006546,0.0643560303380941,0.3774174555055996,-0.20502684754076556,0.07839148452651523,0,100,heteroskedastic
-0.043466590044662266,0.06436471758901965,0.05856892366600017,0.5010646858835051,-0.17119627731343703,0.08426309722411249,0,100,heteroskedastic
-0.03496135694126388,0.05732477376179378,0.05297438168784121,0.5433514370783894,-0.14872050480391683,0.07879779092138905,0,100,heteroskedastic
-0.053073993779663084,0.0787283047458227,0.07563055539257012,0.5018086326593237,-0.2093077522899347,0.10315976473060855,0,100,heteroskedastic
0.09115149338239878,0.07522445125530558,0.07287367513167238,0.2285304945895932,-0.05812898191086227,0.24043196867565983,0,100,heteroskedastic
0.01941291732733884,0.07036965564810004,0.0715083065550468,0.7832283656996166,-0.12023337408552913,0.1590592087402068,0,100,heteroskedastic
-0.00953221371452432,0.061047494642326665,0.06010550936442838,0.8762405403087821,-0.13067898000650943,0.11161455257746081,0,100,heteroskedastic
0.09239040214626061,0.06808566534810993,0.07582051485099048,0.17790714376752856,-0.04272338485005074,0.22750418914257198,0,100,heteroskedastic
0.029178076675096764,0.07104026593019122,0.07278377473764666,0.6821702082597456,-0.11179901901718507,0.1701551723673786,0,100,heteroskedastic
0.022244508120196127,0.07354380191650525,0.07377914228272708,0.7629377947185454,-0.12370077325791193,0.16818978949830418,0,100,heteroskedastic
-0.07234830320515233,0.06290158441315856,0.06581461018844831,0.2528676694712128,-0.1971744503049388,0.05247784389463413,0,100,heteroskedastic
-0.02984838044475001,0.07653242364419346,0.06736169635742073,0.6973758106105408,-0.1817244843750478,0.12202772348554779,0,100,heteroskedastic
-0.04280592767320913,0.06352233239766089,0.06298498502169893,0.5019789732050035,-0.16886392894564142,0.08325207359922318,0,100,heteroskedastic
-0.011679231030985778,0.05523936648453892,0.0632128891832529,0.8329912098215779,-0.12129995602270187,0.0979414939607303,0,100,heteroskedastic
-0.08556002044265607,0.06099517338245461,0.06733745125725019,0.16385620653732977,-0.2066029568972505,0.035482916011938356,0,100,heteroskedastic
-0.045284286358764386,0.0724133103491718,0.06527970859142915,0.5331892808850849,-0.18898614401399538,0.09841757129646661,0,100,heteroskedastic
0.014738114685138571,0.05500929107125153,0.045597732995401395,0.7893236449810912,-0.0944260331368449,0.12390226250712204,0,100,heteroskedastic
-0.09287105893131906,0.07284864745464248,0.07906277229124467,0.20537681978797614,-0.23743682890406093,0.051694711041422814,0,100,heteroskedastic
0.10899985865002795,0.06589922140157192,0.056669718637133,0.10131937013359589,-0.021775001493450463,0.23977471879350637,0,100,heteroskedastic
0.02384057827796037,0.07165759101566684,0.07081601548189675,0.7400703672725154,-0.11836157895524899,0.16604273551116974,0,100,heteroskedastic
0.08179907833436348,0.060285602919267094,0.06396439928045713,0.17794313488417304,-0.03783573862941285,0.20143389529813982,0,100,heteroskedastic
0.01715426104108876,0.05973344189503659,0.055922368331140594,0.7745807006930755,-0.10138481034049922,0.13569333242267673,0,100,heteroskedastic
-0.019454292351959418,0.07655786301706329,0.08069248998612581,0.7999412327828235,-0.17138087988977838,0.13247229518585954,0,100,heteroskedastic
0.12862513546607346,0.06738194811693281,0.07289877515129967,0.05920121845287285,-0.005092147587847623,0.2623424185199945,0,100,heteroskedastic
-0.024295251174552866,0.07661946522611517,0.0791754070156907,0.7518499977067632,-0.1763440862913561,0.12775358394225036,0,100,heteroskedastic
-0.0010964361734648181,0.0709242757913766,0.07947549473672498,0.9876972228538394,-0.1418433532102346,0.13965048086330495,0,100,heteroskedastic
0.04928681629556077,0.07017289928956608,0.06393042573687961,0.4841180311551384,-0.08996901852734505,0.18854265111846658,0,100,heteroskedastic
-0.055026551385506856,0.06344440970457627,0.06927225800168851,0.3878859206618681,-0.18092991760955143,0.07087681483853772,0,100,heteroskedastic
-0.03193979201167456,0.0640575603554935,0.06197325873741502,0.6191708813890671,-0.1590599357471249,0.0951803517237758,0,100,heteroskedastic
-0.01863827815290088,0.06788305328223071,0.06488321548854495,0.7842287876947772,-0.15334998809860073,0.11607343179279898,0,100,heteroskedastic
-0.05351098470467474,0.06150622052889881,0.06033590468310112,0.3864213216977401,-0.1755680775890653,0.06854610817971582,0,100,heteroskedastic
0.048528832700519275,0.06763364101474223,0.05825559633376025,0.4747570483189768,-0.08568792671761494,0.1827455921186535,0,100,heteroskedastic
0.02275107550766148,0.059849220241165846,0.05745313653145735,0.7046642173391768,-0.09601775423374737,0.14151990524907032,0,100,heteroskedastic
-0.00578767281388233,0.07520943625620864,0.07542459278609821,0.9388169690038759,-0.15503835133010724,0.1434630057023426,0,100,heteroskedastic
-0.08318051390110515,0.062258295671097544,0.07160978975031548,0.18462547997449852,-0.20673007542847244,0.04036904762626213,0,100,heteroskedastic
0.015799400093793402,0.06689542806632397,0.06719774075506946,0.8137854771423942,-0.1169523997537684,0.1485511999413552,0,100,heteroskedastic
-0.07220875721405146,0.067564661776379,0.06746271903577464,0.28781428553389327,-0.2062886295786227,0.061871115150519795,0,100,heteroskedastic
-0.02476189933649045,0.05517413407805005,0.0551786818110232,0.6545700591759854,-0.13425317274055543,0.08472937406757454,0,100,heteroskedastic
0.039700745227752424,0.061888201429913074,0.060204864912297984,0.5227010365507483,-0.08311437632291353,0.1625158667784184,0,100,heteroskedastic
-0.09808623376904628,0.057389565475120224,0.0614227753518842,0.09059189882802714,-0.21197395867811208,0.015801491140019525,0,100,heteroskedastic
-0.022596482991469366,0.06062024927279578,0.0634123939936714,0.7101359935712594,-0.14289539475256594,0.0977024287696272,0,100,heteroskedastic
-0.08398873301621151,0.0690619065976856,0.06765656839485988,0.22685395322842367,-0.22103983899997462,0.05306237296755159,0,100,heteroskedastic
0.008076004800295893,0.06287760406522078,0.05427997383727,0.8980639258080151,-0.1167025540794622,0.132854563680054,0,100,heteroskedastic
-0.003272198686741304,0.06240257483505689,0.059374155496856616,0.9582872976902457,-0.12710807751933778,0.12056368014585518,0,100,heteroskedastic
0.028830996086385507,0.0806820769973802,0.07432338147340765,0.7216050918699626,-0.13127995987046392,0.18894195204323494,0,100,heteroskedastic
0.06077309259558514,0.06234230417924776,0.05500997983159756,0.3320451782492537,-0.06294318108210119,0.18448936627327145,0,100,heteroskedastic
0.046787291871839776,0.07058173483557163,0.0729182708984098,0.5089628887545916,-0.09327986378632683,0.18685444753000638,0,100,heteroskedastic
0.0844034740186492,0.077695770200288,0.06804915163115827,0.2799965708496396,-0.06978125329043758,0.23858820132773598,0,100,heteroskedastic
-0.032517082602559144,0.05475454540746995,0.052287358901339266,0.5539674162639769,-0.14117569594561175,0.07614153074049347,0,100,heteroskedastic
-0.02608417087558237,0.05617396232777449,0.05460073197879542,0.6434295809938555,-0.1375595709012419,0.08539122915007716,0,100,heteroskedastic
-0.049471164078532796,0.06673345052990294,0.054411579635428226,0.4602692813309883,-0.18190152477671886,0.08295919661965326,0,100,heteroskedastic
-0.021818919726812394,0.06049428667425382,0.05609733289683067,0.7191169244119366,-0.14186786281062744,0.09823002335700265,0,100,heteroskedastic
0.03807800764733697,0.08921711322572233,0.09338510316913594,0.6704599925568314,-0.1389704499270102,0.2151264652216841,0,100,heteroskedastic
-0.11812804334153315,0.06856029397261436,0.07347821306880806,0.08804610232418164,-0.25418371539611284,0.01792762871304654,0,100,heteroskedastic
0.03882976003936775,0.06864473347705696,0.062156815729276414,0.5729160316682372,-0.09739347946364621,0.1750529995423817,0,100,heteroskedastic
-0.028184537856170075,0.07033159987689734,0.07863779765728486,0.6894854365990188,-0.1677553088296332,0.11138623311729305,0,100,heteroskedastic
0.08661040645448363,0.06913784973119164,0.06864914147438506,0.21328843947245224,-0.0505914062061094,0.22381221911507665,0,100,heteroskedastic
0.0010108840917142058,0.07412116490721016,0.069269113783665,0.9891463025319784,-0.14608015535083818,0.1481019235342666,0,100,heteroskedastic
-0.037181483058167986,0.062057849518200967,0.06078571656861874,0.550460551079587,-0.16033326571874698,0.08597029960241101,0,100,heteroskedastic
0.10131342672940016,0.05738544184658674,0.0566973893058256,0.08059613798644993,-0.0125661149730468,0.21519296843184713,0,100,heteroskedastic
0.013288510591901188,0.0775511176989714,0.06694468352144753,0.8643005987516331,-0.14060915853612135,0.16718617971992375,0,100,heteroskedastic
-0.0072614807449370225,0.07318907667045278,0.07231643846995085,0.921169945521801,-0.15250282141699045,0.13797985992711642,0,100,heteroskedastic
-0.03893841800789296,0.06229120188286907,0.057381741363146464,0.5333563084918589,-0.1625532808415693,0.08467644482578338,0,100,heteroskedastic
0.016543430359461354,0.07451316910785802,0.0640849866526176,0.824760158277017,-0.13132552866127528,0.16441238938019798,0,100,heteroskedastic
0.010526298385987657,0.055395650533946184,0.05761402570398502,0.8496862649345768,-0.09940456721542315,0.12045716398739847,0,100,heteroskedastic
-0.01886826589985685,0.06126998358677334,0.057401680471939866,0.7587717799735226,-0.14045655426106612,0.10272002246135244,0,100,heteroskedastic
-0.03997430498788044,0.06983221854522732,0.07631941827180888,0.5683392117952969,-0.17855406996129614,0.09860545998553527,0,100,heteroskedastic
0.020024841529146235,0.07476569415265442,0.07040414710268385,0.7893895290768959,-0.1283452452244165,0.168394928282709,0,100,heteroskedastic
-0.039845172074046496,0.0559042119086879,0.06379053955830653,0.47770024651609155,-0.15078526117221072,0.07109491702411774,0,100,heteroskedastic
0.0831944069803775,0.06371383195394664,0.06032636091710365,0.19469411554046592,-0.04324361892904102,0.20963243288979602,0,100,heteroskedastic
-0.019274945050331456,0.06726620283341705,0.06551616492968343,0.7750639296723989,-0.15276253535611212,0.11421264525544922,0,100,heteroskedastic
0.036189548289467785,0.060907145038846144,0.05634893342577074,0.5537637556937721,-0.08467869878216855,0.15705779536110412,0,100,heteroskedastic
0.034853091044808285,0.05879029710879522,0.058718629251370405,0.5546555100111494,-0.08181434020367148,0.15152052229328805,0,100,heteroskedastic
-0.08093158547452915,0.07030618981095021,0.05871718574641468,0.252479480156182,-0.22045193099910537,0.05858876005004705,0,100,heteroskedastic
-0.0014752198891753408,0.05265797919376796,0.050893554804094986,0.977707058756351,-0.10597326581508576,0.10302282603673507,0,100,heteroskedastic
-0.06560487895527217,0.06442554958349414,0.06429070243981878,0.3110402514701053,-0.1934552853372694,0.06224552742672507,0,100,heteroskedastic
0.056030006468026076,0.05999804329692437,0.058289333069841846,0.35266937579070057,-0.06303415778400387,0.17509417072005604,0,100,heteroskedastic
0.14605359263636863,0.05830875922987486,0.04268967124169038,0.013900565753288777,0.030341757636679997,0.26176542763605726,1,100,heteroskedastic
-0.07747892392833727,0.05837112660371947,0.05285575994363936,0.1874768418332661,-0.19331452495163862,0.03835667709496407,0,100,heteroskedastic
-0.09129947379671163,0.07251815981259571,0.06292906317388361,0.2110254341392763,-0.2352094017997215,0.05261045420629823,0,100,heteroskedastic
-0.041859263731963775,0.058646129191713414,0.05572566391733717,0.47707202482364786,-0.15824059844102223,0.07452207097709466,0,100,heteroskedastic
-0.006364406946796429,0.07811534275667034,0.08087400164322654,0.9352307858289004,-0.16138176233879456,0.1486529484452017,0,100,heteroskedastic
-0.04207756989458477,0.06158977910964726,0.05129727387133294,0.49609830293081425,-0.16430048206300873,0.08014534227383918,0,100,heteroskedastic
0.006551922314199222,0.06323638504945123,0.05628572988633963,0.9176905826709021,-0.11893862575203139,0.13204247038042982,0,100,heteroskedastic
-0.0033146545819082752,0.0569583138102555,0.06216378809190211,0.9537122822071761,-0.1163465745973827,0.10971726543356615,0,100,heteroskedastic
0.06475975563358818,0.07121735999801672,0.07063598772057161,0.36540933454745417,-0.07656877747266538,0.20608828873984175,0,100,heteroskedastic
-0.1751282078163551,0.0747722563287873,0.07800134889218707,0.02119587530773676,-0.3235113169948838,-0.026745098637826453,1,100,heteroskedastic
-0.026736468392972175,0.06379579884702181,0.06818487055249682,0.6760642482102743,-0.15333715493403885,0.09986421814809451,0,100,heteroskedastic
0.09840670994489178,0.06357751292711183,0.06985984513303878,0.12488840634521839,-0.02776079529235395,0.22457421518213752,0,100,heteroskedastic
-0.03803963943622531,0.06805018183694773,0.06592290682369271,0.5774410234687295,-0.1730830105594665,0.09700373168701587,0,100,heteroskedastic
0.027027327375955368,0.060386953418771816,0.06443462962385671,0.655452049053791,-0.09280861635557797,0.1468632711074887,0,100,heteroskedastic
-0.04162435161400317,0.06788154199791999,0.06469363806957606,0.5411705713097699,-0.17633306246517405,0.0930843592371677,0,100,heteroskedastic
-0.004932168152006908,0.06089438964623564,0.05733956814415334,0.9356107586934783,-0.12577510256213925,0.11591076625812545,0,100,heteroskedastic
-0.023285585590874226,0.06279162289967655,0.07022728806067835,0.7115578238654262,-0.14789351764591613,0.10132234646416768,0,100,heteroskedastic
0.0778362089431162,0.06348708923798353,0.06294157613642427,0.22313044530394768,-0.048151853425945204,0.20382427131217762,0,100,heteroskedastic
-0.0004983809497484427,0.05734541735051575,0.06185463523494962,0.9930834522536114,-0.1142984953423627,0.11330173344286582,0,100,heteroskedastic
-0.02323699360152749,0.062215126392856514,0.06426543869451323,0.7095873439274536,-0.14670088710119436,0.10022689989813938,0,100,heteroskedastic
-0.04279080456311714,0.06187744386153514,0.05730719941733091,0.4908605166982267,-0.16558457806944832,0.08000296894321404,0,100,heteroskedastic
0.10526313734668018,0.06600617984826196,0.06260571245290364,0.11398899294715535,-0.02572397835323066,0.23625025304659103,0,100,heteroskedastic
-0.14290050360352502,0.06685542236494,0.06863908375843983,0.0350490997674579,-0.27557291343869883,-0.010228093768351182,1,100,heteroskedastic
0.06413798049360989,0.06501731225552136,0.059418584543457595,0.32632917761588975,-0.06488675965176996,0.19316272063898973,0,100,heteroskedastic
-0.02196355674162151,0.05984487753985361,0.051815180631953825,0.7144042427176123,-0.1407237685336119,0.0967966550503689,0,100,heteroskedastic
-0.10390487548955735,0.07600696454820635,0.0675258331017346,0.1747391267679872,-0.25473822294523624,0.04692847196612154,0,100,heteroskedastic
-0.08114806848696944,0.06256423939658688,0.057600840786167486,0.19766416067591605,-0.2053047653804564,0.04300862840651749,0,100,heteroskedastic
0.04109656309190892,0.06656040428929458,0.06351469089690057,0.5383814533043548,-0.09099039297367895,0.1731835191574968,0,100,heteroskedastic
0.1028013094907895,0.06135406358727897,0.06144168461836097,0.09701588282452217,-0.01895383289499139,0.2245564518765704,0,100,heteroskedastic
0.01696328637645523,0.06349446076854305,0.06042329586450151,0.7899060931579519,-0.10903940455509087,0.1429659773080013,0,100,heteroskedastic
0.03148836185687453,0.0718710700894681,0.08207314349820151,0.6622613997136233,-0.11113743765049458,0.17411416136424365,0,100,heteroskedastic
-0.009206915666399265,0.06234522553885693,0.061153926753255206,0.8829016023081253,-0.13292898668715267,0.11451515535435414,0,100,heteroskedastic
-0.033303707071842846,0.05358866171351873,0.04877102437640524,0.5357338825623804,-0.1396486621686025,0.0730412480249168,0,100,heteroskedastic
-0.04219829932703757,0.05446695856010355,0.04977787814631639,0.44035244079270675,-0.15028620593117037,0.06588960727709524,0,100,heteroskedastic
0.009210190718753187,0.06884409483173884,0.06537982671464779,0.8938482774425408,-0.1274086749042974,0.14582905634180374,0,100,heteroskedastic
-0.033874675395257355,0.06526227772609862,0.06591551454857249,0.60489298537897,-0.1633855415444561,0.09563619075394139,0,100,heteroskedastic
-0.04326129915962438,0.06753269639745257,0.06970754989384365,0.523279095728261,-0.17727773727004772,0.09075513895079898,0,100,heteroskedastic
0.040736844116865845,0.05831831682518161,0.06601731456305653,0.48650281347550084,-0.07499395761965164,0.15646764585338332,0,100,heteroskedastic
0.037257912703473325,0.06946138177748673,0.0714660904959652,0.5929092976229131,-0.10058593877345638,0.17510176418040302,0,100,heteroskedastic
0.013659957272535694,0.06875358819449699,0.0716615537428141,0.8429247314277555,-0.12277930087449881,0.1500992154195702,0,100,heteroskedastic
-0.04525241429631402,0.06006698346912571,0.054081237731024696,0.4530362152742432,-0.1644533880763801,0.07394855948375206,0,100,heteroskedastic
-0.03049071251797492,0.059021898040317725,0.060029827199414576,0.6065992437594765,-0.147617748277476,0.08663632324152616,0,100,heteroskedastic
0.0034979915328230745,0.06229233086533274,0.05456379847415077,0.9553330975749846,-0.12011911172980906,0.1271150947954552,0,100,heteroskedastic
-0.0634415805247252,0.07378112655141221,0.07224601730141525,0.3919637662561214,-0.2098578249169398,0.08297466386748939,0,100,heteroskedastic
0.17440920399647375,0.07869912026937381,0.0760503110394497,0.02899454309126986,0.01823336112988941,0.3305850468630581,1,100,heteroskedastic
0.01477584605094217,0.05651409942645197,0.055361839480767165,0.7942909969387655,-0.09737454497708595,0.12692623707897027,0,100,heteroskedastic
-0.07383684991339569,0.06529533785325634,0.05914611975649977,0.26089342038456487,-0.20341332280897811,0.05573962298218675,0,100,heteroskedastic
-0.02596786717948481,0.053010237193121264,0.0525568741872698,0.6253241642366858,-0.13116495764067332,0.0792292232817037,0,100,heteroskedastic
0.0508221645140347,0.06773728468156118,0.06050529535846591,0.4548815843696268,-0.08360027238775916,0.18524460141582857,0,100,heteroskedastic
0.07946389797297926,0.058669992395386505,0.05971552897191129,0.17871656760950008,-0.03696479248712678,0.1958925884330853,0,100,heteroskedastic
-0.01961346032939286,0.06584966826866097,0.06796487762619056,0.766446595784095,-0.15028998389334464,0.1110630632345589,0,100,heteroskedastic
0.01007970087089606,0.061489459394896945,0.06104318996605306,0.8701272642375125,-0.11194413008856852,0.13210353183036064,0,100,heteroskedastic
0.010153453559054844,0.06757510715306266,0.055973720923873635,0.8808727695329557,-0.12394714731559436,0.14425405443370404,0,100,heteroskedastic
0.08265846947583244,0.06245390133581727,0.05864370811643275,0.18874458651091144,-0.04127926512707264,0.20659620407873752,0,100,heteroskedastic
-0.004578029329928582,0.0663079337544644,0.06589553785253349,0.9450969050528429,-0.13616396583594426,0.12700790717608712,0,100,heteroskedastic
-0.052018250069021846,0.057996097043026246,0.05139793586050762,0.37195610516948674,-0.16710961713467953,0.06307311699663586,0,100,heteroskedastic
0.06454690146601026,0.06662575470674033,0.06303811272530171,0.33503087647342367,-0.06766974037613192,0.19676354330815243,0,100,heteroskedastic
-0.02770104997225485,0.058155955416232856,0.06329485223228336,0.6349041703303203,-0.14310965077685867,0.08770755083234896,0,100,heteroskedastic
0.07239019170613924,0.06756657710254103,0.06538244737311301,0.28662531736905345,-0.061693481560865196,0.20647386497314368,0,100,heteroskedastic
-0.0021334703014755634,0.05911786095429715,0.05735368177815699,0.9712852622360266,-0.11945094134060076,0.11518400073764963,0,100,heteroskedastic
-0.0004396492514099626,0.05776113082348732,0.05142642730415632,0.9939424277703003,-0.11506473350150298,0.11418543499868306,0,100,heteroskedastic
0.060048034678706314,0.06407083299854768,0.06516323609185751,0.3509528355965926,-0.06709844818491931,0.18719451754233193,0,100,heteroskedastic
-0.017416988140041955,0.06912400184511903,0.06489316285559563,0.8015940019020811,-0.15459132012141127,0.11975734384132737,0,100,heteroskedastic
-0.004781939868943196,0.06790952735389275,0.0677713172819739,0.9440057865502034,-0.13954618674824257,0.12998230701035615,0,100,heteroskedastic
-0.05486407348729387,0.05945010994436578,0.067083887656275,0.358347204114734,-0.1728408818339764,0.06311273485938866,0,100,heteroskedastic
-0.008243977056815222,0.06976435235589509,0.0741724199737135,0.9061756976572035,-0.14668906378624516,0.1302011096726147,0,100,heteroskedastic
0.03160810844563457,0.06760581696462152,0.06529579822592972,0.6411548916187948,-0.10255343505058477,0.1657696519418539,0,100,heteroskedastic
-0.11262441563388262,0.06750147518190736,0.06579741552980276,0.09841385061377707,-0.24657889625816884,0.021330064990403602,0,100,heteroskedastic
0.005645658252282235,0.06423963181358977,0.057514484434795864,0.9301479310039864,-0.12183580036614021,0.13312711687070466,0,100,heteroskedastic
-0.016951745017671476,0.06764470429309073,0.05652076571664329,0.8026482265778119,-0.15119045915162757,0.11728696911628463,0,100,heteroskedastic
-0.03509496208890803,0.06307542328504254,0.06061014802527675,0.5792079274141547,-0.16026608677226248,0.09007616259444642,0,100,heteroskedastic
0.011871228742049995,0.07019726100626492,0.06840624695753002,0.8660567875957041,-0.12743295111477865,0.15117540859887862,0,100,heteroskedastic
0.16852372145219424,0.06562952268727182,0.06317115306506672,0.011744910386824266,0.03828406962974509,0.2987633732746434,1,100,heteroskedastic
-0.05271228552402671,0.06483845886766233,0.06525237416232393,0.41820095636041765,-0.18138209694208635,0.07595752589403293,0,100,heteroskedastic
-0.028505627651073034,0.07092253926978555,0.07348306752508323,0.6886135524517236,-0.16924909861726145,0.11223784331511538,0,100,heteroskedastic
-0.01785870717273876,0.06169482114583317,0.06198527398082723,0.7728344008331055,-0.14029007184332037,0.10457265749784285,0,100,heteroskedastic
-0.05824485998687415,0.06830583498113503,0.07207845100758527,0.39590104499514867,-0.19379556645437687,0.07730584648062858,0,100,heteroskedastic
-0.07631965526168422,0.06667327890049089,0.07390662051844635,0.25512919585712834,-0.20863060731962224,0.05599129679625381,0,100,heteroskedastic
-0.11528275384153189,0.07188575999498237,0.07283867093928888,0.11199971969903884,-0.2579377049883027,0.027372197305238904,0,100,heteroskedastic
-0.020365582250366283,0.06575054462907033,0.06249463075667614,0.7574162428994776,-0.15084539817758608,0.11011423367685352,0,100,heteroskedastic
-0.0027573437917430875,0.055071659772921625,0.054635255312897785,0.9601698749952677,-0.11204526027236572,0.10653057268887955,0,100,heteroskedastic
0.07579143969968886,0.06989735976770847,0.07280062955560475,0.2808812224612983,-0.06291759590968225,0.21450047530905997,0,100,heteroskedastic
-0.040852808925558606,0.06357270537576766,0.060920905302262,0.5219741941052385,-0.16701077373362633,0.08530515588250913,0,100,heteroskedastic
-0.0008055846373897502,0.06562450230147428,0.057269293895108514,0.9902306353385596,-0.131035273667615,0.1294241043928355,0,100,heteroskedastic
-0.024838293418615716,0.06356613664933551,0.052867625217481416,0.696832212791674,-0.1509832228028618,0.10130663596563039,0,100,heteroskedastic
0.027106333123322085,0.06842588024347739,0.06927051605936385,0.692861807822006,-0.10868259926035717,0.16289526550700134,0,100,heteroskedastic
-0.05873790268944346,0.062150401594062765,0.060135886771914296,0.34693580227379006,-0.1820733519324098,0.0645975465535229,0,100,heteroskedastic
0.008502105498344854,0.06361739494691761,0.06876036198454744,0.8939578717302032,-0.11774454430922224,0.13474875530591193,0,100,heteroskedastic
0.03343643758780736,0.06817442843779074,0.07369051947742365,0.6249088425856517,-0.10185349687112992,0.16872637204674462,0,100,heteroskedastic
0.08330932715631359,0.05710054428503596,0.05273545953560861,0.14776471320397538,-0.03000484460739032,0.19662349892001751,0,100,heteroskedastic
0.024924915804828363,0.06308874091639599,0.06166184514590052,0.6936446112449799,-0.10027263728451707,0.1501224688941738,0,100,heteroskedastic
-0.0058024567542783265,0.06362016193303294,0.05910342681232333,0.9275161183127127,-0.13205459755573812,0.12044968404718147,0,100,heteroskedastic
-0.07046503319744535,0.0629418539636354,0.06183125506994491,0.2656522444631251,-0.19537109390955748,0.054441027514666784,0,100,heteroskedastic
0.03273370013633304,0.06851392256908133,0.05978168785744842,0.6338798968854094,-0.10322994937711927,0.16869734964978533,0,100,heteroskedastic
0.04446444672654668,0.07733722716091686,0.082563909795648,0.5666479089665228,-0.10900876358989683,0.19793765704299018,0,100,heteroskedastic
-0.021557464792486596,0.06767706827824102,0.06990732341784624,0.7507575741416121,-0.155860404201669,0.11274547461669579,0,100,heteroskedastic
-0.01857563165831455,0.06463456859553922,0.06665312929187797,0.774416957697748,-0.14684082946707167,0.10968956615044256,0,100,heteroskedastic
-0.05081621708347963,0.057923007718347845,0.05994973153851613,0.38246595590174315,-0.165762540763047,0.06413010659608775,0,100,heteroskedastic
0.07966177874751192,0.06748848984608848,0.0701026114781708,0.24070789818124638,-0.054266932900456935,0.21359049039548078,0,100,heteroskedastic
-0.0636060175216399,0.07077227515982924,0.0674199792724067,0.3709930086151445,-0.20405129425205165,0.07683925920877184,0,100,heteroskedastic
0.08064306994573474,0.06457834996740766,0.06713519866186934,0.21472651669236434,-0.04751056382516279,0.20879670371663228,0,100,heteroskedastic
-0.004408811308395273,0.06479341850270823,0.06393081245612396,0.9458891489501884,-0.132989241588068,0.12417161897127746,0,100,heteroskedastic
-0.05302551819303813,0.06920150080467599,0.07591192797470607,0.44537047309295463,-0.19035364433740018,0.08430260795132391,0,100,heteroskedastic
0.08614535794889705,0.0583255095619225,0.05910604975110994,0.14288854269056545,-0.02959971753959098,0.20189043343738508,0,100,heteroskedastic
-0.12628474548776775,0.06922887942745454,0.08335550008652973,0.07117479294635949,-0.26366720361798085,0.011097712642445356,0,100,heteroskedastic
-0.01595968946522546,0.08237565468343891,0.08077798679796838,0.8467782926285184,-0.1794314952216017,0.14751211629115077,0,100,heteroskedastic
-0.06704663899891197,0.06791340821178914,0.06548330489240549,0.32595760144616437,-0.20181858731440197,0.06772530931657803,0,100,heteroskedastic
0.03571012542918345,0.07456957538604116,0.0716070335014424,0.633088421148813,-0.11227077001483296,0.18369102087319986,0,100,heteroskedastic
-0.018764293002325128,0.06378872213356056,0.0637473990858512,0.7692553696734733,-0.14535093603584365,0.10782235003119339,0,100,heteroskedastic
0.020271373732363283,0.05397101341647547,0.049194474527272075,0.708027966911779,-0.08683234587505864,0.1273750933397852,0,100,heteroskedastic
0.010896878886305039,0.06094149795095207,0.061871858389249315,0.8584569424713728,-0.11003954042137028,0.13183329819398035,0,100,heteroskedastic
-0.04846007900073995,0.06961889007802978,0.07481645418261203,0.48802843985943567,-0.1866165005738994,0.08969634257241949,0,100,heteroskedastic
-0.04942006282901744,0.06023995438100616,0.05483300497167212,0.4139866559551093,-0.1689642917542728,0.07012416609623791,0,100,heteroskedastic
-0.09063607418890288,0.07035762118329807,0.06644955348461874,0.20070277877346637,-0.23025848359803988,0.04898633522023413,0,100,heteroskedastic
0.05891168658714871,0.05919587253077207,0.054397245538710545,0.322090325862077,-0.058560595886559486,0.1763839690608569,0,100,heteroskedastic
0.020815716907550793,0.060222845163196745,0.06620188310430318,0.7303504913482414,-0.09869455933179107,0.14032599314689265,0,100,heteroskedastic
0.13902246692343492,0.07132081694603068,0.06871059608391572,0.05412377484430251,-0.002511373129086669,0.2805563069759565,0,100,heteroskedastic
-0.039928096784735204,0.05602721192403978,0.05646760577020022,0.4777524007775439,-0.15111227541025923,0.07125608184078883,0,100,heteroskedastic
0.030774275872599875,0.07298297177786638,0.06787614590415732,0.6741939397227188,-0.11405805634791771,0.17560660809311746,0,100,heteroskedastic
0.03298428133586475,0.05430200957472758,0.05903941576885916,0.5449752440779432,-0.07477628937514874,0.14074485204687825,0,100,heteroskedastic
0.013394046197963076,0.059528912673667646,0.051064187230528406,0.822447241518171,-0.10473914360033901,0.13152723599626515,0,100,heteroskedastic
-0.17963454176471444,0.06713501625623707,0.058077894129111164,0.00874058898251504,-0.3128617965776238,-0.04640728695180507,1,100,heteroskedastic
-0.0056341597879933265,0.06486465194445919,0.05753593861808084,0.9309598270077235,-0.13435595051448765,0.12308763093850099,0,100,heteroskedastic
0.0002454964622515543,0.058967941065551525,0.057682570917706774,0.9966867043281175,-0.11677446343688667,0.11726545636138978,0,100,heteroskedastic
0.05543488758179291,0.07744338498282011,0.0664138976850719,0.47580970610341233,-0.09824898947725041,0.20911876464083623,0,100,heteroskedastic
0.03629593009779411,0.07617578300097891,0.07503690082680757,0.6347959763874677,-0.11487243208311859,0.1874642922787068,0,100,heteroskedastic
-0.13355643750414709,0.0698227399937185,0.07414982259678593,0.05869407151232088,-0.27211739260057843,0.005004517592284263,0,100,heteroskedastic
0.08275624808243555,0.07202483077895355,0.05971091446853914,0.25335420830919186,-0.06017468450898768,0.2256871806738588,0,100,heteroskedastic
-0.014799999903183907,0.05580056468045227,0.056076773551585364,0.7913891652170675,-0.125534404450173,0.09593440464380518,0,100,heteroskedastic
-0.10263528110657452,0.07364645192723596,0.072506621960547,0.16658437337685572,-0.2487842680901742,0.04351370587702516,0,100,heteroskedastic
0.041921610993384734,0.06074246937898896,0.053696072768423565,0.4917290517703028,-0.07861984259072878,0.16246306457749826,0,100,heteroskedastic
0.009026213179003283,0.060845314941922995,0.05931053996197299,0.882373828623106,-0.11171933407758503,0.12977176043559158,0,100,heteroskedastic
0.06881759394095338,0.048967239305276224,0.04450200104626379,0.16307047822036386,-0.02835629879349079,0.16599148667539754,0,100,heteroskedastic
0.009732054280578897,0.06776860351956093,0.061992149190287116,0.8861055961921938,-0.12475253383593594,0.14421664239709375,0,100,heteroskedastic
0.027062777534518617,0.05669041941950867,0.06415330532605065,0.6341556936642435,-0.08543751478129526,0.13956306985033248,0,100,heteroskedastic
0.03557247091166318,0.07637964692422188,0.07083567606097696,0.6424405246320857,-0.11600045259005692,0.1871453944133833,0,100,heteroskedastic
0.05053877862178948,0.06407346259795754,0.0668555117162059,0.43215451938276195,-0.07661292259628319,0.17769047983986216,0,100,heteroskedastic
0.04960772687632545,0.06388476169920544,0.06221042079447832,0.4393128289378898,-0.0771695035495526,0.1763849573022035,0,100,heteroskedastic
-0.00446213498445942,0.06579016129864938,0.07144430301484472,0.9460641301293701,-0.13502056890311162,0.1260962989341928,0,100,heteroskedastic
0.009557669433749505,0.06418734777243518,0.06266782369551653,0.8819363922802629,-0.11782003320661574,0.13693537207411474,0,100,heteroskedastic
-0.013509871418349674,0.06373505491497286,0.06180001834478158,0.8325712573854503,-0.13999001360321128,0.11297027076651195,0,100,heteroskedastic
0.016014514093122198,0.05622304831101433,0.05432695676682446,0.776368590185774,-0.09555829546874534,0.12758732365498973,0,100,heteroskedastic
0.05219708877368893,0.06608642717289671,0.06756544711401984,0.43153359527251833,-0.0789492751302644,0.18334345267764224,0,100,heteroskedastic
-0.09755463099812695,0.07539480218731953,0.0942368030978777,0.19873514705638504,-0.24717316217180094,0.052063900175547045,0,100,heteroskedastic
0.03675039111778825,0.07603126289642667,0.07436681854161147,0.6299190835197314,-0.11413117561913019,0.18763195785470668,0,100,heteroskedastic
0.0017507271581112026,0.05882239469045339,0.05538621865452615,0.97631664714087,-0.114980400696535,0.1184818550127574,0,100,heteroskedastic
-0.07044795106412975,0.05832258490118306,0.05438094572615665,0.229991964567215,-0.18618722265856513,0.04529132053030563,0,100,heteroskedastic
-0.02389631657648787,0.06577768860123515,0.06064776566098117,0.7171714050778003,-0.1544299988330526,0.10663736568007688,0,100,heteroskedastic
-0.08363947726573803,0.06366157730736803,0.05700269314470267,0.19197604681676433,-0.20997380552967873,0.042694850998202666,0,100,heteroskedastic
0.03719156319063109,0.07464187213883204,0.07523005991118059,0.6194124459283352,-0.11093280280635955,0.18531592918762174,0,100,heteroskedastic
0.06772684095576356,0.06391049901267243,0.06726020334636465,0.29187966823791495,-0.05910146433105409,0.19455514624258122,0,100,heteroskedastic
-0.08971854358182951,0.06202560167743894,0.0530139112263659,0.1512346225990426,-0.21280633145194072,0.033369244288281696,0,100,heteroskedastic
-0.02912857587366153,0.05917971505651342,0.0634989767566796,0.6236749717324317,-0.1465687943655577,0.08831164261823463,0,100,heteroskedastic
-0.07624622215418772,0.062353608404158344,0.06362484933140305,0.2243363753048701,-0.1999849286983066,0.04749248438993117,0,100,heteroskedastic
-0.018926548719138757,0.06043302458526242,0.05068311303986167,0.7548077805803018,-0.13885391918116016,0.10100082174288263,0,100,heteroskedastic
0.07665506888310683,0.0566662674442186,0.055236622678830796,0.17924960497956693,-0.03579729462378378,0.18910743238999744,0,100,heteroskedastic
0.003919185904344147,0.07625057407897148,0.08145149691156708,0.9591123833921754,-0.1473975967367263,0.1552359685454146,0,100,heteroskedastic
-0.10396838735857751,0.0798243487574915,0.0729241182279499,0.1958102064618179,-0.26237720953862514,0.05444043482147014,0,100,heteroskedastic
-0.12862980192174467,0.0591650810116934,0.055473738097629,0.032106704414685334,-0.2460409796279689,-0.011218624215520459,1,100,heteroskedastic
0.08258221091813628,0.05301375291894019,0.05547750407679688,0.12251600904898068,-0.022621856386518577,0.18778627822279115,0,100,heteroskedastic
0.014751295347242926,0.062321963493562095,0.05552474680566843,0.8133874822120769,-0.10892461290169947,0.13842720359618532,0,100,heteroskedastic
0.01866268757635274,0.06253579984337185,0.06009974250772163,0.7660052703267999,-0.10543757194936051,0.142762947102066,0,100,heteroskedastic
-0.024085812017428487,0.06741596497998185,0.06342126368290169,0.7216566845915122,-0.1578706004289721,0.10969897639411513,0,100,heteroskedastic
0.04956306076897566,0.07167178955518132,0.07665376224946219,0.4908687003942389,-0.0926672730038006,0.1917933945417519,0,100,heteroskedastic
-0.059124102627312984,0.08559609741741303,0.06966348802375823,0.4913657716664819,-0.22898677217810579,0.1107385669234798,0,100,heteroskedastic
-0.0009261302435120272,0.061592181384782306,0.0586413992743607,0.9880336380320796,-0.12315380964875806,0.12130154916173401,0,100,heteroskedastic
-0.028467501156224356,0.05798292291906405,0.05404396451580853,0.6245498803974323,-0.1435327246016385,0.08659772228918979,0,100,heteroskedastic
-0.09383443880494398,0.06496219488056325,0.06345400719306007,0.15180299133203473,-0.22274980031354602,0.03508092270365805,0,100,heteroskedastic
-0.03541496257760355,0.06928111033602746,0.06501351907673938,0.6103763473878164,-0.17290107124599474,0.10207114609078766,0,100,heteroskedastic
-0.007894757009299959,0.06637458303617942,0.05794315552530348,0.9055644068666224,-0.13961295684574002,0.12382344282714011,0,100,heteroskedastic
0.05331949839391743,0.05375644480743301,0.05103807084462134,0.32370281173165494,-0.05335841679211811,0.15999741357995298,0,100,heteroskedastic
0.02245835734586761,0.06512306089904357,0.06109158817144936,0.730938433737949,-0.10677623754093184,0.15169295223266704,0,100,heteroskedastic
0.003852594436659744,0.06774993279240994,0.06825243143281742,0.9547685802975785,-0.1305949422294735,0.138300131102793,0,100,heteroskedastic
0.07672720388686421,0.06758149216777971,0.06041212463019912,0.25900672004510383,-0.05738606784168701,0.21084047561541544,0,100,heteroskedastic
-0.023568529348494564,0.06296075206022071,0.060158137749219555,0.7089624732443358,-0.14851209271823088,0.10137503402124173,0,100,heteroskedastic
0.07907783708113804,0.0686698925405934,0.07250367448521325,0.25230162389074456,-0.05719532976464782,0.2153510039269239,0,100,heteroskedastic
-0.1125313932530776,0.051770286449056756,0.05021328836012225,0.03213883936372986,-0.2152678418175779,-0.009794944688577265,1,100,heteroskedastic
0.03522885939299181,0.06583463403708678,0.06785106120708632,0.5937850328316224,-0.09541782922769865,0.16587554801368226,0,100,heteroskedastic
0.01136399099909995,0.05913128149261841,0.05527009900190069,0.8479970093473044,-0.10598011266154468,0.1287080946597446,0,100,heteroskedastic
-0.10557571328077989,0.0616563652124588,0.06945460066808483,0.08999944481368471,-0.22793076340315044,0.016779336841590678,0,100,heteroskedastic
-0.0869394701598837,0.05760693726885926,0.0623243223480516,0.13446916340297752,-0.20125856231913497,0.027379621999367568,0,100,heteroskedastic
-0.14674124638805752,0.07412830260300768,0.07991272696882948,0.05055844920615593,-0.29384645035561974,0.00036395757950466456,0,100,heteroskedastic
-0.00620606588216256,0.06548911224966723,0.058969162766166594,0.9246951017945564,-0.13616707776092357,0.12375494599659846,0,100,heteroskedastic
-0.046968899909046596,0.05707150543928066,0.05874890350292806,0.4125155796655787,-0.160225445028435,0.0662876452103418,0,100,heteroskedastic
0.047354226799214,0.07622375465449131,0.0782974598902974,0.5358756486446996,-0.1039093335668291,0.1986177871652571,0,100,heteroskedastic
-0.026538498171504207,0.05599153818029645,0.05432605115078636,0.6365731895648528,-0.13765188341359202,0.08457488707058362,0,100,heteroskedastic
-0.02892329382226802,0.08274516439550476,0.07093263614658067,0.7274289875639315,-0.1931283795763335,0.13528179193179746,0,100,heteroskedastic
-0.0804878656410316,0.0691277351185491,0.0657823219241472,0.24711480245735734,-0.21766960618202136,0.05669387489995818,0,100,heteroskedastic
-0.0036179212686686286,0.0537225908460941,0.05641094496885175,0.9464446538276817,-0.1102286543702237,0.10299281183288644,0,100,heteroskedastic
-0.07303792796701256,0.050992484104153156,0.0486728786367809,0.15523219414714512,-0.17423085309207492,0.02815499715804981,0,100,heteroskedastic
0.00849214155412122,0.06274374772733055,0.056495323507554485,0.8926155978741345,-0.11602078377952497,0.13300506688776742,0,100,heteroskedastic
0.031687057885803796,0.06978054990517005,0.06586034952057271,0.6507639506299838,-0.10679017235300377,0.17016428812461137,0,100,heteroskedastic
