beta_hat,se_classic,se_robust,p_value,ci_low,ci_high,reject,n,scenario
-0.014272358765847292,0.04093498640676689,0.046460251025611396,0.7280931301550114,-0.09550650703747522,0.06696178950578065,0,100,non_normal
-0.04484223519724059,0.03506095976609085,0.03488668767268484,0.20392465797102177,-0.11441956877401158,0.02473509837953039,0,100,non_normal
-0.006771099589750022,0.03622730980825335,0.0303087642049406,0.852120770143435,-0.07866301686566168,0.06512081768616165,0,100,non_normal
-0.01106154045430197,0.036077800191944176,0.02929632029448113,0.7597964987250233,-0.08265676076252425,0.060533679853920316,0,100,non_normal
-0.011908479198143694,0.03631104532921829,0.03345079971612838,0.7436434424951932,-0.08396656689018975,0.06014960849390236,0,100,non_normal
-0.020736343052178342,0.035418123291009684,0.033600337123062575,0.5595757424920584,-0.09102245602005907,0.049549769915702375,0,100,non_normal
-0.010635454905398637,0.03480802710428986,0.03134079223623806,0.7605983737476631,-0.07971085184666403,0.05843994203586676,0,100,non_normal
-0.016615052408987932,0.034105534514262764,0.033238662010738995,0.6272287095336753,-0.08429637566836864,0.05106627085039278,0,100,non_normal
-0.06270176794530243,0.03600516839944456,0.03592019169595537,0.08473991293937541,-0.13415285282515255,0.008749316934547696,0,100,non_normal
-0.023372375917320436,0.03296130587128817,0.033828262470701274,0.479955096005086,-0.08878301467429525,0.042038262839654374,0,100,non_normal
-0.012853797284802921,0.03485265302057227,0.03503443542132215,0.7130693966360653,-0.08201775290455474,0.0563101583349489,0,100,non_normal
0.03348972730417215,0.03265517870177394,0.029106264142714958,0.3076255140504828,-0.03131341204798591,0.09829286665633022,0,100,non_normal
-0.01419994350847989,0.034516336128143255,0.03213063762388976,0.6816792056661907,-0.0826964892008324,0.054296602183872625,0,100,non_normal
0.004019334350200722,0.03423542757901285,0.041188529286268816,0.9067811618939821,-0.06391975746873227,0.07195842616913373,0,100,non_normal
-0.011030707009958937,0.03516418668098811,0.03894873744049481,0.7544220685999184,-0.08081289103976441,0.05875147701984654,0,100,non_normal
-0.002368162513924861,0.03418196309219194,0.033719697986903836,0.9449070743598142,-0.07020115579879413,0.06546483077094442,0,100,non_normal
0.04492104289001778,0.033025582003357305,0.03268469138376945,0.17689070779702562,-0.020617149759144658,0.11045923553918022,0,100,non_normal
0.004135103836512517,0.035799527440977925,0.030588748936197882,0.9082794492712715,-0.06690789325396346,0.07517810092698848,0,100,non_normal
-0.027827388301605624,0.034769732887886186,0.03111405047407527,0.4254533938241686,-0.09682679161672515,0.041172015013513905,0,100,non_normal
0.03940688087996552,0.03446544557521536,0.02874557571868828,0.2556688730969789,-0.028988674166363804,0.10780243592629485,0,100,non_normal
-0.020440764975867744,0.035451137025059386,0.027156769558998834,0.5655385926668564,-0.0907923926245192,0.049910862672783704,0,100,non_normal
0.05679741805273299,0.0343536989748499,0.04163018050721189,0.10146723855545285,-0.011376379502028244,0.12497121560749422,0,100,non_normal
-0.03974290355670783,0.03578427669477752,0.03222511912147948,0.26944747219840487,-0.11075563603769337,0.03126982892427771,0,100,non_normal
0.016868972944967392,0.03618392579816958,0.035429477487744526,0.6421064210964877,-0.0549368501748905,0.08867479606482528,0,100,non_normal
-0.025618567794686894,0.03378896088410796,0.031393282054563695,0.4501546852265832,-0.09267166098809569,0.0414345253987219,0,100,non_normal
-0.023778340915309622,0.03660162938290811,0.02992910395569759,0.5174365487152329,-0.0964130832046785,0.048856401374059256,0,100,non_normal
-0.041922310483869435,0.0320675090512617,0.030284679744596178,0.1941649576773614,-0.10555923854063164,0.021714617572892767,0,100,non_normal
0.03586716293022949,0.03540669106087442,0.03249126509243266,0.3135522098593603,-0.03439626314901629,0.10613058900947528,0,100,non_normal
0.014209625837236492,0.03302904594060676,0.04000564854180668,0.6679830822771067,-0.051335440882661676,0.07975469255713466,0,100,non_normal
0.02502419267771153,0.03571260785386725,0.029215048806658,0.4851441870670089,-0.04584631532099111,0.09589470067641416,0,100,non_normal
-0.04697573058052455,0.03434291577279639,0.03688150022397693,0.17448955497692983,-0.1151281292217561,0.02117666806070699,0,100,non_normal
-0.034823551652301624,0.03577485072154892,0.03279519877546428,0.3327467697483317,-0.10581757859618872,0.03617047529158547,0,100,non_normal
0.0028457503854726444,0.03578347116423759,0.034707912410665294,0.9367756646462274,-0.06816538354637286,0.07385688431731816,0,100,non_normal
-0.014965851377538458,0.03315963250307685,0.0316905655301455,0.6527507503918424,-0.08077006288064398,0.050838360125567056,0,100,non_normal
0.010093434511276155,0.03280059185697149,0.027881531554313936,0.7589475933435179,-0.05499827251481694,0.07518514153736926,0,100,non_normal
-0.04277727658415241,0.03472010083151134,0.03709028642669789,0.22087431202654562,-0.11167818669869979,0.02612363353039497,0,100,non_normal
0.026663825078990736,0.034877156097077484,0.03131244557852145,0.44640220974944955,-0.04254875609861901,0.09587640625660047,0,100,non_normal
-0.010688819620928436,0.035064445329455754,0.037216037095334234,0.761139358942963,-0.0802730701847574,0.058895430942900534,0,100,non_normal
0.009231511084519223,0.03720489766794371,0.03771856842002867,0.8045559196221923,-0.0646003974827906,0.08306341965182905,0,100,non_normal
0.004014719145177974,0.036647712258745455,0.030071851013892197,0.9129910947545983,-0.0687114731114965,0.07674091140185244,0,100,non_normal
-0.017079283644606282,0.0323642996159585,0.0321209153218851,0.5988865983193392,-0.08130518291779021,0.04714661562857764,0,100,non_normal
-0.014453477611186994,0.035732352446211445,0.028345562229452566,0.686731871325537,-0.08536316811079761,0.05645621288842362,0,100,non_normal
0.012444457617820882,0.03349965668015034,0.027625405067335743,0.7110818703416393,-0.05403452079840519,0.07892343603404696,0,100,non_normal
0.08072529766812209,0.03615818397752025,0.028903932330331363,0.027854160759835957,0.008970558353560476,0.1524800369826837,1,100,non_normal
-0.04142606645670193,0.03778197194826581,0.03829332640561529,0.27556867279495456,-0.11640316015209767,0.033551027238693805,0,100,non_normal
-0.014039913656257143,0.03640622748628124,0.04025289358682171,0.7005947643175023,-0.08628688724123675,0.05820705992872245,0,100,non_normal
0.0503835630569319,0.0323394036197982,0.034316654759186334,0.12246590137943887,-0.013792930922126377,0.11456005703599018,0,100,non_normal
-0.017094486618716733,0.03526053076865098,0.036665002845592674,0.6288964594799493,-0.0870678623549156,0.052878889117482133,0,100,non_normal
0.019826365207997146,0.03225789110118245,0.03180433691825884,0.5402296897337098,-0.04418836983073983,0.08384110024673412,0,100,non_normal
0.03991633768225752,0.035479123494211284,0.03686042760148587,0.2633092249487648,-0.03049082820359019,0.11032350356810522,0,100,non_normal
0.002885839726699738,0.03609097517391071,0.03859430408542454,0.9364320099793748,-0.06873552590444779,0.07450720535784727,0,100,non_normal
0.03296256115958565,0.03297543103714684,0.03561965873937811,0.31996124060142916,-0.032476108529324074,0.09840123084849538,0,100,non_normal
-0.017738717890608012,0.0326859411441743,0.0308151931307843,0.588567273467629,-0.08260290430852826,0.047125468527312246,0,100,non_normal
-0.007078632658448374,0.03651420943578025,0.03311190286453477,0.8466870225840389,-0.0795398929078743,0.06538262759097757,0,100,non_normal
-0.03227215548294984,0.03509211530323707,0.029518822129838227,0.36001839993901685,-0.10191131620921268,0.037367005243312996,0,100,non_normal
0.02588142574151827,0.03309277646141853,0.03334315374859343,0.4360490932569009,-0.039790112122784514,0.09155296360582105,0,100,non_normal
0.004381615450026332,0.03608235006011265,0.025026912466541613,0.9035961240525296,-0.06722263392349823,0.07598586482355088,0,100,non_normal
0.0331777449356487,0.035675011960027925,0.03200661902219895,0.35465653083556237,-0.03761815523530971,0.10397364510660712,0,100,non_normal
0.025440844070302997,0.03290215751936917,0.03653483930252413,0.44124899586076993,-0.039852416707305584,0.09073410484791158,0,100,non_normal
-0.004469643871104427,0.035227764747849125,0.04749244236194094,0.899296575002749,-0.07437799650541094,0.0654387087632021,0,100,non_normal
-0.037669862211056344,0.03240118328072029,0.038752872787686174,0.24781206887135615,-0.10196895591656002,0.02662923149444734,0,100,non_normal
0.07633718118510073,0.03395677306609833,0.04301600607136443,0.02681247382755375,0.008951070178075712,0.14372329219212576,1,100,non_normal
-0.03111680127853845,0.0359198928276043,0.04439029527564647,0.38845080986689395,-0.10239865956141395,0.04016505700433704,0,100,non_normal
-0.024091338357498028,0.03512104809435182,0.02793019281799866,0.49436326783566653,-0.09378791526609381,0.04560523855109775,0,100,non_normal
-0.004870388342038605,0.036703322358995344,0.03418530660769541,0.8947057971077755,-0.0777069370327964,0.06796616034871918,0,100,non_normal
0.04677079427874495,0.033026611866721005,0.037156851535739686,0.15990080960822123,-0.01876944210074527,0.11231103065823517,0,100,non_normal
-0.039406561196946466,0.03559147962136126,0.0358770864438113,0.2709216542748733,-0.11003669416042873,0.0312235717665358,0,100,non_normal
-0.012461051220226983,0.03499021609158483,0.03337465392189148,0.7225090457514225,-0.08189799627733421,0.05697589383688024,0,100,non_normal
0.0024847177207100515,0.03310341307033432,0.03191039035372823,0.9403205684033247,-0.06320792814781159,0.06817736358923168,0,100,non_normal
-0.013391402028299613,0.03753592290391397,0.03800609178062595,0.7220367838608697,-0.08788021940298633,0.061097415346387116,0,100,non_normal
-0.0031108135311086263,0.03428164488842415,0.029407406124928755,0.927882150898997,-0.07114162209639951,0.06491999503418225,0,100,non_normal
0.00024551402286285273,0.03831754108342503,0.039436345916750014,0.9949007317900905,-0.0757943991908518,0.07628542723657751,0,100,non_normal
-0.02324936512368959,0.03459531733356641,0.029175050629197754,0.5031408517578704,-0.09190264644771574,0.045403916200336555,0,100,non_normal
0.06885940818950642,0.03182116417250796,0.027428605249668482,0.032898411461417004,0.0057113435271956975,0.13200747285181713,1,100,non_normal
-0.006314975316122377,0.03528011620159175,0.029955219076057873,0.858310924120266,-0.07632721770657305,0.0636972670743283,0,100,non_normal
0.03964333423520226,0.035373650420385004,0.037570540672177626,0.2651534133820736,-0.030554523768318853,0.10984119223872338,0,100,non_normal
-0.0011638937673017422,0.03489854592233476,0.03588451778711031,0.9734626915251879,-0.0704189223569904,0.06809113482238693,0,100,non_normal
0.05415610275981403,0.03281858905646683,0.02625701915300223,0.10211067894266287,-0.010971319122948395,0.11928352464257645,0,100,non_normal
0.013813835686121503,0.03395039067425452,0.03212074294182127,0.6849812354881698,-0.05355960967200807,0.08118728104425108,0,100,non_normal
-0.013378792410420825,0.035462730574765476,0.031903039367321945,0.7067935710161934,-0.08375342708114529,0.056995842260303645,0,100,non_normal
-0.017724148922972523,0.035369542012076344,0.035814175024048954,0.6174151068131576,-0.08791385392391561,0.05246555607797056,0,100,non_normal
0.012816248186374411,0.03357031343973658,0.038834236726517285,0.7034561024920952,-0.0538029462696858,0.07943544264243463,0,100,non_normal
-0.0331346181583797,0.03402153389890908,0.042193325454154176,0.33248880110330625,-0.10064924493043921,0.034380008613679805,0,100,non_normal
0.03701148903308175,0.03755974969248396,0.030956141611718002,0.32685280380386716,-0.037524611828065636,0.11154758989422914,0,100,non_normal
0.009026003992202623,0.03323167526975512,0.03374732951422819,0.7864944405350692,-0.05692117403670278,0.07497318202110803,0,100,non_normal
0.019204188634927045,0.03303504260034816,0.03241589246757268,0.5623542418774513,-0.0463527782610632,0.08476115553091729,0,100,non_normal
0.02641536088631942,0.034092188651639814,0.031473881297466554,0.4403106299148789,-0.0412394779430348,0.09407019971567364,0,100,non_normal
-0.05769385330013862,0.03371557513052555,0.033099539433697804,0.09020896918217251,-0.12460131485394454,0.009213608253667314,0,100,non_normal
0.01318078251028098,0.03370389420423844,0.030235683306934037,0.6965900360458404,-0.053703498625470615,0.08006506364603258,0,100,non_normal
0.030627087788172982,0.032406620793802854,0.03157319188009217,0.3469386097735677,-0.03368279648507608,0.09493697206142204,0,100,non_normal
0.012776717747054984,0.03326226908704146,0.03592511461874871,0.7017213639364814,-0.053231172716561845,0.0787846082106718,0,100,non_normal
0.0031024049104403997,0.03474697332667509,0.03307340702478478,0.9290371421922363,-0.06585183279617868,0.07205664261705949,0,100,non_normal
0.042900753565766156,0.03500265754683192,0.04705282513225518,0.22327043644319053,-0.026560881154364627,0.11236238828589694,0,100,non_normal
0.07625737180615311,0.036697155504324425,0.03556379647593092,0.04032151020825164,0.003433061037785942,0.14908168257452026,1,100,non_normal
-0.0029726421605860073,0.03777001107128314,0.04138852568857161,0.9374287295797585,-0.07792599988488325,0.07198071556371122,0,100,non_normal
-0.02957962709777155,0.03479131148099598,0.036719471663109404,0.39728544212764616,-0.09862185242862978,0.039462598233086676,0,100,non_normal
-0.03364054432340319,0.0332749552233348,0.03165051737675052,0.31451233440897486,-0.09967361001161655,0.032392521364810176,0,100,non_normal
0.004723443907386484,0.03734054701704671,0.036381011817752766,0.8995981866063109,-0.06937765637843242,0.07882454419320538,0,100,non_normal
-0.045641943492628415,0.03365060518043766,0.03549356463952095,0.17810501371908194,-0.1124204742949692,0.021136587309712365,0,100,non_normal
0.015091230551931359,0.03414388892954756,0.03795160178554514,0.6594708425490778,-0.052666205796315604,0.08284866690017832,0,100,non_normal
-0.005356102608433021,0.036196890725249106,0.026019471509672373,0.8826694107268869,-0.07718765420412926,0.06647544898726321,0,100,non_normal
0.006119805166579104,0.0343022872539104,0.02987693317873782,0.8587707959786506,-0.06195196750120163,0.07419157783435984,0,100,non_normal
-0.02155361595025102,0.032634143941632034,0.032194928295954925,0.5105068029083564,-0.0863150125054958,0.043207780604993765,0,100,non_normal
-0.018968239397918432,0.03508411527434415,0.03651089955650117,0.5899753177242968,-0.08859152432720879,0.05065504553137193,0,100,non_normal
-0.008870653157933879,0.033802024854572045,0.04005715656034329,0.793541091518714,-0.07594967137555424,0.058208365059686476,0,100,non_normal
-0.025435766620037575,0.0353292369921227,0.03257307434169474,0.473260994919664,-0.09554548762063264,0.04467395438055749,0,100,non_normal
-0.07147264808405279,0.03470389845874839,0.032760381071374724,0.042098072737693,-0.1403414051171676,-0.002603891050937973,1,100,non_normal
-0.08411481856302762,0.034021359439292694,0.03283669542017603,0.015143238535162565,-0.1516290991256563,-0.016600538000398943,1,100,non_normal
-0.012049808708904977,0.0326638480660873,0.02386655554081812,0.7129954339899404,-0.07687015213239345,0.052770534714583504,0,100,non_normal
-0.05343054770135483,0.0385050463261973,0.03827948463373296,0.1683985732955215,-0.12984255896688543,0.02298146356417577,0,100,non_normal
-0.016399313485385744,0.034438791509839445,0.029706783868192924,0.6350009000903085,-0.0847419744064484,0.05194334743567691,0,100,non_normal
0.05342728788881085,0.03685245867369394,0.037516927108876094,0.1503177341235712,-0.019705216964739425,0.12655979274236112,0,100,non_normal
-0.0012899093139556277,0.033996196230587146,0.032984964612353215,0.9698105097715705,-0.06875425430785921,0.06617443567994795,0,100,non_normal
-0.011113772502987215,0.0353535614595028,0.03755782468797448,0.7539153148613814,-0.08127176461744436,0.059044219611469925,0,100,non_normal
0.04900931978847338,0.036343998704906615,0.034336247362869686,0.18061080391523565,-0.023114162805139643,0.1211328023820864,0,100,non_normal
0.012146170772837464,0.03084600753755937,0.02984677081836728,0.6946077743614671,-0.04906672728444953,0.07335906883012445,0,100,non_normal
-0.019736620996831686,0.03720252862332401,0.03426360777261277,0.5969527779417978,-0.09356382827219563,0.05409058627853226,0,100,non_normal
-0.05675577446288971,0.03561655923600171,0.0323897799040115,0.11426344692729765,-0.1274356771053955,0.013924128179616094,0,100,non_normal
-0.05719441083159253,0.03434472260743966,0.03866066981079482,0.0990459101755083,-0.12535039507736917,0.01096157341418412,0,100,non_normal
0.0005843959321301211,0.03190289707791265,0.033633472440311375,0.9854224441810766,-0.06272586502091194,0.0638946568851722,0,100,non_normal
0.01160904010100414,0.03533139342308421,0.043169495808033254,0.7431774276858936,-0.05850496026665175,0.08172304046866002,0,100,non_normal
-0.0028813237466234,0.032960786030435424,0.0332653303703731,0.930518654781199,-0.06829093089634447,0.06252828340309766,0,100,non_normal
0.015070836106214236,0.03400079525874097,0.029068375392610295,0.6585622371628321,-0.05240263550938261,0.08254430772181108,0,100,non_normal
0.019918738786376976,0.03709982539417418,0.03676109053650462,0.5925564715613562,-0.05370465727327461,0.09354213484602855,0,100,non_normal
-0.05777089691927939,0.03658403917267969,0.041426388089752415,0.1175290696663171,-0.13037073200893345,0.014828938170374659,0,100,non_normal
-0.02029216784405148,0.035105390867329965,0.037754883183622884,0.5645659276757793,-0.08995767349519582,0.049373337807092854,0,100,non_normal
-0.06708165333352753,0.03656986300410266,0.03550418840347425,0.0696373472270855,-0.139653356278012,0.005490049610956935,0,100,non_normal
-0.015311131759580664,0.0363168197229563,0.0366779009594767,0.674241134912063,-0.08738067854806884,0.05675841502890751,0,100,non_normal
-0.026386824397786397,0.03384070383593155,0.027381836078025964,0.4374251944641351,-0.09354259979508509,0.040768950999512284,0,100,non_normal
-0.03586042773226475,0.03407126686295474,0.029147974981220945,0.2951528314499961,-0.10347374795288504,0.03175289248835554,0,100,non_normal
0.048451892169032285,0.03486861492462562,0.03744436433981328,0.16781264514032712,-0.020743739329824082,0.11764752366788865,0,100,non_normal
-0.04759329148544732,0.03636876180991249,0.03691402088045524,0.1937199974464446,-0.11976591565501506,0.024579332684120422,0,100,non_normal
0.04006599205423237,0.03509072781842655,0.036129764984714256,0.2563264483942397,-0.029570415253580472,0.1097023993620452,0,100,non_normal
0.01654460100954413,0.035482655705792045,0.0371727155641043,0.6420549524054612,-0.05386957443522775,0.08695877645431602,0,100,non_normal
-0.040334160017607035,0.0343237507885359,0.02943523824023857,0.24279820186244863,-0.10844852637130904,0.027780206336094973,0,100,non_normal
-0.005960314906483188,0.03928383992733295,0.042014637915787266,0.87971626100366,-0.08391781672718325,0.07199718691421687,0,100,non_normal
0.03901090014593865,0.03596852774593945,0.042311267293920686,0.28076679453278225,-0.032367472549521645,0.11038927284139895,0,100,non_normal
-0.002275042441011642,0.03371588087510074,0.03874204095606489,0.9463395443559526,-0.0691831107349764,0.06463302585295311,0,100,non_normal
-0.006617784875140297,0.03744592574599413,0.035630537025531074,0.8600859026527313,-0.0809280058189442,0.06769243606866361,0,100,non_normal
-0.00461750646693216,0.03362355559299209,0.023473609637062107,0.8910520974057807,-0.07134235824333154,0.06210734530946722,0,100,non_normal
0.009005876072929887,0.0327231067397973,0.03354332217642384,0.7837308054973232,-0.05593206425992859,0.07394381640578837,0,100,non_normal
-0.006672744160232249,0.037242240505410265,0.03585911849759726,0.8581730380605131,-0.0805787583731504,0.0672332700526859,0,100,non_normal
-0.017579006326727556,0.03498952690494275,0.035324619378181696,0.6165078697092959,-0.08701458371537356,0.05185657106191845,0,100,non_normal
0.012231928059760186,0.03324433008530146,0.01848175520279413,0.7137112730912184,-0.053740363038738706,0.07820421915825908,0,100,non_normal
-0.007088247666476109,0.03347943143064545,0.03642437032287358,0.8327655819210749,-0.07352708973330208,0.05935059440034985,0,100,non_normal
0.054656963964693966,0.03691843398066076,0.036530974988185604,0.14195332332848445,-0.018606466738327776,0.1279203946677157,0,100,non_normal
0.032019024729196086,0.03621280425248554,0.03934888536703007,0.3787573821710376,-0.03984410674338598,0.10388215620177815,0,100,non_normal
0.029996111164965263,0.03285215860286133,0.03367535967584799,0.36344989675601014,-0.03519792839007691,0.09519015072000744,0,100,non_normal
-0.015287813110651886,0.0373291573952146,0.03217153615327086,0.683036603627933,-0.08936631106262673,0.05879068484132295,0,100,non_normal
-0.0469582228513499,0.03443255596746877,0.030847965930104655,0.17576307769714403,-0.11528850954151726,0.021372063838817457,0,100,non_normal
0.027318864409703894,0.03389277828524038,0.037245526478795844,0.42217258817866377,-0.03994025103745534,0.09457797985686313,0,100,non_normal
-0.052784221169636075,0.03146686797326993,0.039406740628081596,0.09664053784500237,-0.11522919655533187,0.009660754216059712,0,100,non_normal
0.06291510157573248,0.0340860373091624,0.03901347269625388,0.06794402637010345,-0.004727530114674278,0.13055773326613923,0,100,non_normal
-0.028086833712186628,0.03410571589857254,0.032246449250787915,0.4122103800154444,-0.09576851692282684,0.03959484949845358,0,100,non_normal
0.05694447080915635,0.0350542711366495,0.03449545473872092,0.10748851245117932,-0.012619589400173548,0.12650853101848625,0,100,non_normal
0.056918744828778844,0.034081496205075654,0.02936079290454718,0.09809515157525858,-0.010714875188360604,0.12455236484591829,0,100,non_normal
0.05040407177575357,0.036167195687207464,0.03464123990472142,0.16657863295708703,-0.021368550983391063,0.1221766945348982,0,100,non_normal
0.04434493516633971,0.03464813889555382,0.03787322170601986,0.2036141845178301,-0.024413168828342435,0.11310303916102185,0,100,non_normal
0.006606360083405082,0.035296213776073594,0.037183460575331145,0.8519150163060403,-0.06343782741970003,0.07665054758651019,0,100,non_normal
-0.0010486417566670445,0.0342622810194999,0.035949580792047534,0.9756457606605975,-0.06904102335428597,0.0669437398409519,0,100,non_normal
-0.009400400556434488,0.034300531257935196,0.034212598618717116,0.7846154122481228,-0.07746868850735232,0.05866788739448335,0,100,non_normal
0.014305197704524084,0.03522811117491666,0.03126112447316928,0.6855740095828692,-0.05560384240302328,0.08421423781207145,0,100,non_normal
-0.007301746238805869,0.03708523526668009,0.040262051579774936,0.8443206544618932,-0.0808961886652895,0.06629269618767775,0,100,non_normal
0.018333988513144328,0.03320987848565572,0.024787362528604383,0.5821611129396379,-0.047569934507104644,0.0842379115333933,0,100,non_normal
-0.01766865394652457,0.03463333121940891,0.03991941389519403,0.6110841997757088,-0.08639737258982146,0.05106006469677231,0,100,non_normal
0.026916961399979667,0.03482263041690576,0.033550286167539196,0.4413985979094086,-0.04218741533989881,0.09602133813985814,0,100,non_normal
-0.020075996708470257,0.03345034421532749,0.030157800928645225,0.549776218978635,-0.08645711614315782,0.04630512272621731,0,100,non_normal
-0.018107244304928015,0.03622571485206656,0.034663580058570974,0.6183046569762525,-0.08999599644219575,0.053781507832339724,0,100,non_normal
0.01195254441312677,0.036651151096522984,0.03842745817249826,0.7450315999801906,-0.06078047210519826,0.0846855609314518,0,100,non_normal
-0.00023296280869926182,0.03649100974263705,0.03693573777595282,0.9949192255092648,-0.07264818402212982,0.07218225840473129,0,100,non_normal
-0.06936472462384174,0.03296302040102341,0.04907357085279589,0.037909626480954736,-0.13477876580927578,-0.0039506834384076955,1,100,non_normal
-0.034888268421715544,0.03740062583689704,0.03234027468100405,0.3532024934432263,-0.10910859317022778,0.039332056326796684,0,100,non_normal
0.031401550760848496,0.037015726366500745,0.0345857153543362,0.3983215388665481,-0.04205495351543623,0.10485805503713322,0,100,non_normal
-0.0033388625191930234,0.03537165808837908,0.03631241048484598,0.924989131690362,-0.07353276680468997,0.06685504176630393,0,100,non_normal
0.019429325718508896,0.033816764479929456,0.031604419812367085,0.5669141657468928,-0.0476789428059237,0.0865375942429415,0,100,non_normal
-0.02475614814832343,0.03525086907200306,0.032936700431355714,0.48416631546127875,-0.09471035056196996,0.0451980542653231,0,100,non_normal
0.01799139083262653,0.03462090835458163,0.030479338641932682,0.6044665488587428,-0.05071267503972986,0.08669545670498292,0,100,non_normal
0.027157176520861012,0.03953049858676332,0.03945371966351654,0.49370962485920933,-0.05128981138183114,0.10560416442355317,0,100,non_normal
-0.012201582125307288,0.036054066914395756,0.03375044434383177,0.7357672374139457,-0.08374970451664784,0.059346540266033275,0,100,non_normal
0.025568403876220683,0.037605363887062405,0.03500153711515436,0.49816205700816674,-0.04905821686952751,0.10019502462196887,0,100,non_normal
-0.006967842786754777,0.03322404669748437,0.03276527723941361,0.8343193413783746,-0.07289988216226513,0.05896419658875558,0,100,non_normal
0.006984098589006403,0.036657228077304226,0.037507271585874434,0.8492923009862202,-0.06576097749990018,0.07972917467791299,0,100,non_normal
0.012656670151733647,0.03856055027152373,0.037937911805889256,0.7434391926025126,-0.06386548688688955,0.08917882719035684,0,100,non_normal
-0.020228605796852463,0.032525492034402324,0.022968836580482616,0.5354315972072937,-0.08477438617833849,0.04431717458463357,0,100,non_normal
-0.0009356732638743648,0.036829071838827984,0.025936973836073466,0.9797829195906231,-0.0740217677047711,0.07215042117702238,0,100,non_normal
-0.013987521430826369,0.034819413020419764,0.03756918188064317,0.6887676304290111,-0.08308551335209038,0.05511047049043765,0,100,non_normal
0.01705653502702742,0.03453121000060315,0.04057772028277392,0.622449982491579,-0.05146952738114305,0.08558259743519789,0,100,non_normal
0.015444687873594883,0.03381778620323365,0.02504898961989327,0.6488951181152,-0.051665608227482306,0.08255498397467206,0,100,non_normal
-0.006605289941628685,0.03506088760275451,0.03404847309545526,0.8509567243649744,-0.0761824803126073,0.06297190042934991,0,100,non_normal
-0.02963258409406611,0.033128254324487676,0.03431830365414092,0.3732563348090533,-0.09537452662298221,0.03610935843485,0,100,non_normal
0.0059561441566455976,0.03587286774681347,0.03908359118923766,0.8684716319133596,-0.06523239438385871,0.0771446826971499,0,100,non_normal
0.033598673784275015,0.0348399092640067,0.03970108470907642,0.3372325679513226,-0.03553999226532528,0.10273733983387531,0,100,non_normal
-0.026961172096484846,0.03364632676789205,0.03303235862393024,0.42489020968399016,-0.09373121252837224,0.03980886833540256,0,100,non_normal
0.011587974978470812,0.0346537151563579,0.04017545694333596,0.7387972730895915,-0.05718119492429443,0.08035714488123605,0,100,non_normal
-0.022450548312212566,0.03461236260646041,0.03616999049630828,0.5180958851922732,-0.09113765542554868,0.04623655880112355,0,100,non_normal
0.03348852130078614,0.034138743346579806,0.029303668259400464,0.32903116763407625,-0.03425870380552726,0.10123574640709954,0,100,non_normal
-0.05609543633680067,0.03293741256096199,0.03864614014479487,0.0917204573920966,-0.12145865959705467,0.009267786923453328,0,100,non_normal
-0.03546735022218984,0.035337519513045874,0.039735885032935556,0.31800756011957343,-0.10559350761599753,0.034658807171617866,0,100,non_normal
-0.04972560366538252,0.03374539767623978,0.03603781060745762,0.14380709574534178,-0.11669224709056648,0.017241039759801444,0,100,non_normal
-0.02212770881241117,0.0324177192772501,0.035204022655098255,0.496482176784691,-0.08645961766485477,0.04220420004003244,0,100,non_normal
-0.037832393026254296,0.03250576112822406,0.032556813022151895,0.2473035485816728,-0.10233901806658321,0.026674232014074623,0,100,non_normal
-0.019709445929432228,0.03555231718875664,0.029053623772136696,0.5805826679757156,-0.09026186231997445,0.050842970461109985,0,100,non_normal
0.10397673624543274,0.033768820053375004,0.03885763708616604,0.0026938941372756167,0.036963611875118624,0.17098986061574686,1,100,non_normal
-0.05684206664754658,0.03364916130680869,0.033781789074817076,0.09434952476003208,-0.12361773212966237,0.009933598834569207,0,100,non_normal
-0.056891265388247805,0.03664764937147625,0.034589923333965364,0.12379367667445547,-0.12961733284718324,0.01583480207068763,0,100,non_normal
0.026163103397344605,0.03616003029513432,0.036416722385631525,0.47107382255766794,-0.04559529987443267,0.09792150666912189,0,100,non_normal
-0.03009417831393988,0.0338609535690508,0.0329464972121764,0.3763097090333004,-0.09729013864757452,0.037101782019694766,0,100,non_normal
-0.08369356159514163,0.03477330824468812,0.03962880822890217,0.0179646281022176,-0.15270006008947257,-0.014687063100810693,1,100,non_normal
-0.04233143380747281,0.03551923643390079,0.03773077836699062,0.23622214015162993,-0.11281820251663574,0.028155334901690116,0,100,non_normal
0.03655927672122037,0.03141297987756986,0.03250716763366049,0.24731977945451358,-0.02577875949237759,0.09889731293481832,0,100,non_normal
0.0371204622603139,0.034007261222477186,0.03692855163098031,0.2777093892667795,-0.03036584084987895,0.10460676537050675,0,100,non_normal
0.021153349892902094,0.033280332363618256,0.015079331354346503,0.5265113867326172,-0.04489038655520169,0.08719708634100587,0,100,non_normal
0.039048748226241325,0.034954967614491794,0.03872132691855739,0.26667611028009786,-0.030318247375256666,0.10841574382773932,0,100,non_normal
0.017220530715785887,0.0347617672085898,0.03691777527766976,0.6214359062122667,-0.051763064968017566,0.08620412639958934,0,100,non_normal
0.003341436789878527,0.03844124884133785,0.03853496903634437,0.9309099088114479,-0.07294397044327422,0.07962684402303127,0,100,non_normal
-0.048481900568032955,0.035836361846364774,0.03725425133590265,0.17921046651231518,-0.11959799433720228,0.022634193201136375,0,100,non_normal
0.036057344240110506,0.034021219742857926,0.03292078977013745,0.29181863179750933,-0.031456659099489886,0.1035713475797109,0,100,non_normal
-0.060704866368146475,0.035982982249787236,0.03469456787660986,0.09477564978345115,-0.1321119235560626,0.010702190819769648,0,100,non_normal
-0.00259892644846264,0.03565649828328191,0.04106860736653422,0.9420438984465089,-0.0733580868304568,0.06816023393353152,0,100,non_normal
0.0250760448256078,0.037098448708404695,0.037525702192239,0.5006755574335646,-0.048544619245939266,0.09869670889715486,0,100,non_normal
-0.02710797859515064,0.03454516507516084,0.024406739144545043,0.43451571803679556,-0.09566173439460493,0.04144577720430365,0,100,non_normal
-0.03290279293379558,0.03253081019427148,0.028771875550195947,0.3142991109660828,-0.09745912703045939,0.031653541162868226,0,100,non_normal
-0.029865184244497113,0.035775299773751774,0.029679433045293836,0.40586134318983547,-0.1008601023178661,0.04112973382887188,0,100,non_normal
0.001705510938288119,0.037385114569010475,0.03433361800036038,0.9637059173862474,-0.07248403220392634,0.07589505408050258,0,100,non_normal
-0.06194900239643568,0.03495553254326567,0.03121967011025153,0.07946524907816725,-0.13131711908069948,0.007419114287828141,0,100,non_normal
0.036839082034759704,0.033915667245349765,0.03433728335558458,0.28005657479594703,-0.030465455808802278,0.10414361987832169,0,100,non_normal
-0.012291169566497591,0.03581605078168483,0.033467177115633504,0.7322019659388657,-0.08336695668884482,0.05878461755584964,0,100,non_normal
0.052891216515314685,0.035960972595043016,0.039216663311076094,0.14455021823447595,-0.018472163229078367,0.12425459625970774,0,100,non_normal
-0.01349137715959852,0.03335791410330613,0.025422975099945407,0.686768278819242,-0.07968907204517067,0.05270631772597364,0,100,non_normal
-0.03763115138347383,0.03326011971009173,0.03020244948181796,0.26063959734371656,-0.10363477647848662,0.028372473711538955,0,100,non_normal
-0.006958635799450424,0.03706900260052347,0.0356811684584079,0.85148338264734,-0.08052086502824767,0.06660359342934681,0,100,non_normal
-0.013553443089040745,0.031547026405247466,0.03100725266937797,0.6684103921191562,-0.07615749027419383,0.04905060409611234,0,100,non_normal
0.014365367513401592,0.03842854880163156,0.03825852561864212,0.7093456127094415,-0.0618948369042841,0.09062557193108728,0,100,non_normal
0.038832819738678574,0.036695439153251894,0.03701304256977941,0.2925445784608302,-0.03398808498684478,0.11165372446420194,0,100,non_normal
0.002946472353006789,0.03743357365951921,0.036431663736913845,0.9374221788638311,-0.07133923627719335,0.07723218098320694,0,100,non_normal
0.00178200854982178,0.035528477689996805,0.02505661872190359,0.9600992141292082,-0.0687230991313017,0.07228711623094525,0,100,non_normal
-0.08215920398334907,0.03604235349745596,0.025873305821971792,0.02480462401797144,-0.15368408147999246,-0.010634326486705661,1,100,non_normal
-0.006641773413529492,0.03400001547114269,0.031500664701431105,0.8455263865773164,-0.07411369756601617,0.06083015073895719,0,100,non_normal
0.005226442477301918,0.036836923557728524,0.01827457353606359,0.8874656359706438,-0.06787523344421426,0.07832811839881809,0,100,non_normal
0.05569836057672241,0.03159402360670462,0.039564061167707,0.08102793724545185,-0.006998951025171535,0.11839567217861635,0,100,non_normal
0.002087190905336508,0.03543174467882446,0.03161571793072262,0.9531458407912359,-0.06822595326334677,0.07240033507401977,0,100,non_normal
0.011998774280762193,0.03240024180450073,0.031288167121402324,0.7119359847889064,-0.05229845109582466,0.07629599965734905,0,100,non_normal
0.030763363109627517,0.035331910012029365,0.03126482428733152,0.3860478609699518,-0.03935166241197735,0.10087838863123239,0,100,non_normal
0.004859297307187413,0.03632165491474859,0.03597013884177313,0.893846840550993,-0.06721984476204847,0.07693843937642329,0,100,non_normal
-0.02556478195329085,0.03451840893616394,0.036721953622075365,0.46069893288172326,-0.09406544106569967,0.04293587715911797,0,100,non_normal
0.0008830314616418691,0.031663166179545454,0.03444052870805026,0.977807963577398,-0.06195149132577002,0.06371755424905376,0,100,non_normal
0.039258267571246716,0.03840932379869493,0.03995702323379645,0.30924887267880397,-0.03696378545379998,0.11548032059629341,0,100,non_normal
0.06638934865640918,0.03458071948149762,0.038652978271284846,0.05778658993345192,-0.0022349637052819227,0.13501366101810028,0,100,non_normal
-0.013716412279445811,0.03305872919988648,0.04233487652402928,0.679114369123792,-0.07932038446132589,0.051887559902434266,0,100,non_normal
0.01888968733271946,0.031567065407597725,0.034353369503391865,0.5509545627321091,-0.04375412660041688,0.08153350126585579,0,100,non_normal
0.003245895353391374,0.03333005304383582,0.03411271426357757,0.9226184061942524,-0.06289651016641612,0.06938830087319886,0,100,non_normal
-0.029635907347452146,0.0352508915616733,0.03159547247425956,0.402554932409132,-0.09959015439111732,0.04031833969621302,0,100,non_normal
0.01707137446646198,0.03566598126369892,0.03282772154496529,0.633256758402283,-0.05370660458154071,0.08784935351446467,0,100,non_normal
-0.002724944364973319,0.03570957806432001,0.027744194822467816,0.9393292310246719,-0.0735894398449257,0.06813955111497906,0,100,non_normal
-0.029682071595816397,0.03444628593272087,0.02803662387791911,0.39096085746903353,-0.09803960495517697,0.03867546176354417,0,100,non_normal
-0.012559853522417747,0.03474558988175596,0.03337114162462874,0.7185184490506762,-0.08151134582761982,0.05639163878278433,0,100,non_normal
0.01666064671275979,0.035433026907243016,0.03282981716621619,0.6392561039579707,-0.053655041996489246,0.08697633542200883,0,100,non_normal
-0.004008116835978841,0.034399907781270465,0.024713596062113225,0.907482571880418,-0.0722736142631896,0.06425738059123193,0,100,non_normal
0.057085276294081916,0.03816509370009409,0.040216549456596154,0.13793339948195835,-0.01865211004889998,0.13282266263706383,0,100,non_normal
0.002405349147844238,0.03729641416019989,0.03075286574568799,0.9487092335943418,-0.07160817091989126,0.07641886921557973,0,100,non_normal
0.03467452856633493,0.03716691263345633,0.04920193401225356,0.35314341457319665,-0.03908199993627942,0.10843105706894929,0,100,non_normal
0.0031693903847046234,0.03311070802243309,0.027480192211705556,0.9239376191917141,-0.06253773207883863,0.06887651284824788,0,100,non_normal
0.018982276826544155,0.034006027755641696,0.032331805700917586,0.5779786418664773,-0.04850157850885756,0.08646613216194587,0,100,non_normal
0.040999736496104035,0.034453600063947265,0.03842494318273473,0.23692180575581823,-0.02737231151863271,0.10937178451084079,0,100,non_normal
-0.020361887498348087,0.0375431603323765,0.04109892649768155,0.5888021259878932,-0.09486506731427244,0.05414129231757627,0,100,non_normal
-0.013617285992639002,0.03451810163588264,0.03613380414321879,0.6940713820618083,-0.08211733527764087,0.05488276329236286,0,100,non_normal
-0.010310114186993943,0.037775836361013206,0.031325257542725124,0.7854822354700624,-0.0852750320091731,0.0646548036351852,0,100,non_normal
0.012925086673380349,0.03279952889567953,0.01996103460772342,0.6943905519856971,-0.05216451094062354,0.07801468428738424,0,100,non_normal
-0.010658193263776192,0.03507455670096211,0.03495117370565166,0.7618692719039292,-0.08026250951527913,0.05894612298772675,0,100,non_normal
-0.005116465129868164,0.033393776961941846,0.031264394737177646,0.8785428828566624,-0.0713853286912256,0.06115239843148928,0,100,non_normal
0.022466568338027213,0.036144803263765235,0.03594464316847956,0.5356671298417428,-0.04926161738557058,0.094194754061625,0,100,non_normal
0.04815217137152222,0.032032637783697256,0.03386894832509883,0.13599754047097987,-0.015415555789663749,0.1117198985327082,0,100,non_normal
-0.05118692376098505,0.03590706026873126,0.027726462968327512,0.15717878662643822,-0.12244331624841998,0.02006946872644988,0,100,non_normal
-0.04726457294981678,0.034187660894572404,0.03365777792220644,0.16995956715661806,-0.11510887333807185,0.020579727438438285,0,100,non_normal
-0.0019036088497485176,0.03562211737343424,0.036077669629940634,0.9574909499250891,-0.0725945414350964,0.06878732373559936,0,100,non_normal
-0.034680956893224944,0.03631717353196785,0.04023789521291132,0.3419544285709558,-0.10675120580418163,0.03738929201773173,0,100,non_normal
-0.01989127626700701,0.03641533343349585,0.036091390220295734,0.5861468374921261,-0.09215632030787574,0.05237376777386171,0,100,non_normal
0.017566210983318988,0.03434038286231537,0.028253615536118368,0.6101291332038979,-0.05058116117949799,0.08571358314613597,0,100,non_normal
-0.023281457808274373,0.03459259119480534,0.025340886419836686,0.5025194429694597,-0.09192932919865292,0.04536641358210418,0,100,non_normal
0.005576337689636496,0.03524148205836113,0.028339042999132546,0.8745994186084344,-0.06435923650094336,0.07551191188021636,0,100,non_normal
0.018718359880323377,0.0372450493649552,0.033905105491094385,0.6163919509949667,-0.05519322842294576,0.0926299481835925,0,100,non_normal
-0.029705092016832045,0.03461877853435568,0.035816145331628316,0.39295142110686554,-0.09840493133026626,0.03899474729660218,0,100,non_normal
-0.03448049920025463,0.03364418767503693,0.035008963300593186,0.3079535252530423,-0.10124629467198905,0.03228529627147979,0,100,non_normal
0.03412114917789678,0.03537431256359846,0.031367352584404304,0.3371323385433084,-0.0360780228272816,0.10432032118307516,0,100,non_normal
-0.02212280125428462,0.03567328182579525,0.039093349668202486,0.5365981505174742,-0.0929152680301665,0.048669665521597266,0,100,non_normal
-0.016915381673259546,0.035719367109007555,0.03289559175422831,0.6368645980847418,-0.08779930319380427,0.05396853984728519,0,100,non_normal
-0.029256604928919103,0.034238661584090835,0.03344582249773274,0.3949174159907679,-0.09720211452567681,0.038688904667838614,0,100,non_normal
-0.0066241626361751346,0.03169284682533296,0.022273084888041528,0.8348732678566908,-0.0695175856991787,0.05626926042682843,0,100,non_normal
-0.02134249288335101,0.03420975350285905,0.031146287092113693,0.5341614377515648,-0.08923063533373432,0.046545649567032304,0,100,non_normal
-0.0353716175985271,0.036483414380588754,0.042465534962793254,0.33466959074030267,-0.10777176606316823,0.03702853086611403,0,100,non_normal
0.03747420162748476,0.03542469731655436,0.05499312460456162,0.2927220428601401,-0.03282495728013393,0.10777336053510345,0,100,non_normal
-0.07647200457586062,0.03453997954615602,0.030474024062847233,0.02914608502719524,-0.14501546986177088,-0.007928539289950368,1,100,non_normal
-0.00027285087483217875,0.03562707816736115,0.032720256347400015,0.9939050093767825,-0.07097362799427614,0.07042792624461178,0,100,non_normal
0.006591096301791397,0.03334219189192244,0.031516322928252474,0.8437046134631787,-0.05957539836697822,0.07275759097056102,0,100,non_normal
0.07227147746749886,0.036855651159297925,0.033929191466194455,0.052725264910250924,-0.0008673627698312508,0.14541031770482898,0,100,non_normal
-0.037730972746013385,0.034178749359526535,0.03376621416523286,0.2723264162246911,-0.10555758848300092,0.030095642990974163,0,100,non_normal
-0.040396322172949486,0.034365185571834246,0.026117595715455823,0.24264216117895754,-0.10859291450558828,0.027800270159689305,0,100,non_normal
-0.06113051078195434,0.03441547722406159,0.031018413987063415,0.0787950774481652,-0.12942690526166764,0.007165883697758953,0,100,non_normal
0.03090475223763408,0.034876561743449296,0.03300101953211446,0.37772315860528916,-0.0383066494645441,0.10011615393981227,0,100,non_normal
-0.0439450073759206,0.03665895288552326,0.03172977927130715,0.23351493930934672,-0.11669350629060299,0.02880349153876178,0,100,non_normal
0.05952576034607056,0.03520567113126039,0.058738859732240856,0.09405316032885995,-0.010338748225165034,0.12939026891730615,0,100,non_normal
0.03612785707804539,0.03596688617126027,0.032287678716915263,0.31762321827185036,-0.03524725796589008,0.10750297212198086,0,100,non_normal
-0.030289458219784404,0.03590698042214285,0.03453936031167181,0.4009732931392683,-0.1015456922542633,0.04096677581469449,0,100,non_normal
-0.07351372569352568,0.03463211946658063,0.03268155126963274,0.03629863605112314,-0.14224003965277204,-0.004787411734279337,1,100,non_normal
-0.05130004527053302,0.03364207737327313,0.037392696971408346,0.13051045267413824,-0.11806165291709816,0.015461562376032113,0,100,non_normal
-0.09396854561357841,0.03457345968884123,0.036745855264210724,0.007768882784538836,-0.162578451153017,-0.025358640074139807,1,100,non_normal
0.03555632617993808,0.03657466445434206,0.03650383737625188,0.3333657184071366,-0.03702490508628052,0.10813755744615668,0,100,non_normal
0.07898732071330927,0.0360809362626073,0.03467962088008744,0.030958644100075778,0.0073858769749212405,0.1505887644516973,1,100,non_normal
-0.009686094410233926,0.032669698693153386,0.023903102172428976,0.7674867042364784,-0.07451804821272305,0.055145859392255206,0,100,non_normal
0.034458193481064145,0.03303956866507669,0.03526370686183159,0.29954335582734576,-0.031107755243076504,0.1000241422052048,0,100,non_normal
0.022914098256197737,0.03591204822172919,0.03210920960074713,0.5249217589263653,-0.04835219266162581,0.09418038917402129,0,100,non_normal
-0.024889624334743884,0.03472737656435172,0.03064020243007265,0.4752547292944266,-0.0938049729043201,0.044025724234832336,0,100,non_normal
0.03314857686733726,0.03357004898031087,0.04158332760911181,0.32585625634022886,-0.03347009277759963,0.09976724651227414,0,100,non_normal
0.011616101969571621,0.03564326995471605,0.03890790660744513,0.7451957267178217,-0.05911680722490713,0.08234901116405037,0,100,non_normal
0.047125052310340754,0.0370240836901174,0.030752642915333965,0.20609270060783502,-0.026348036802667327,0.12059814142334883,0,100,non_normal
0.020922464083661444,0.03257167464370058,0.029027040193518993,0.5221448632804913,-0.04371496418293748,0.08555989235026036,0,100,non_normal
0.015524657870870071,0.034008383601600856,0.036848846419988084,0.6490441829955391,-0.05196387256416524,0.08301318830590537,0,100,non_normal
-0.04928032848984504,0.03437213536345637,0.03903956489228055,0.15483255264248516,-0.11749071245777297,0.018930055478082894,0,100,non_normal
-0.020662367578717075,0.03527058150256304,0.032653112420572346,0.5593402635819604,-0.09065568866925752,0.04933095351182337,0,100,non_normal
0.028162010297519628,0.037332770397301075,0.05512824084554385,0.4524473714077163,-0.045923657539508604,0.10224767813454785,0,100,non_normal
-0.008437882212994312,0.033930064182953114,0.03374400939945321,0.8041252246723051,-0.07577099031067355,0.05889522588468493,0,100,non_normal
0.02444331016775227,0.03587408472911806,0.035634716103424786,0.49724816753990186,-0.04674764343452811,0.09563426377003265,0,100,non_normal
-0.025375333331770188,0.03300068303436142,0.033218485883050514,0.44378194849470753,-0.09086411478731152,0.040113448123771135,0,100,non_normal
0.010366659742169722,0.034798093057773996,0.03439642661394808,0.7664033939355088,-0.05868902340709418,0.07942234289143363,0,100,non_normal
0.03612901653753974,0.03628932975572843,0.025037939230015325,0.3219050039365789,-0.035885977305661475,0.10814401038074095,0,100,non_normal
-0.008152303084310326,0.03501003850912676,0.03598799800252409,0.8163587447045466,-0.07762858508389757,0.061323978915276925,0,100,non_normal
0.06132905073249492,0.031405244362960064,0.036943106219028805,0.053692572103500376,-0.0009936346041166527,0.1236517360691065,0,100,non_normal
0.08143459957110448,0.037660109859224446,0.033513675522727375,0.03302441074153436,0.006699337225339774,0.15616986191686918,1,100,non_normal
0.006175360918547569,0.036321867842368565,0.03937367763949071,0.8653466951446137,-0.0659042036986203,0.07825492553571545,0,100,non_normal
0.003947319996518928,0.034774384576365724,0.03181412323811468,0.9098566371303005,-0.06506131444299638,0.07295595443603424,0,100,non_normal
0.05755720384307831,0.031675565304372516,0.030412539424166305,0.072260276992704,-0.00530192460401626,0.12041633229017287,0,100,non_normal
-0.06630627826529428,0.036300233016750366,0.03788981909646543,0.07080301009799383,-0.13834290927514065,0.005730352744552081,0,100,non_normal
0.011968620748289624,0.03431081840955354,0.03434625659703261,0.7279657582466079,-0.05612008172021357,0.08005732321679282,0,100,non_normal
0.0059560972082207935,0.03477078253632919,0.04339897647011403,0.8643441941912334,-0.06304538910007247,0.07495758351651406,0,100,non_normal
0.0330645833066917,0.03377449392615363,0.03945190423713586,0.33000000733857426,-0.03395980067949216,0.10008896729287556,0,100,non_normal
-0.0397167755153058,0.03482813376115649,0.033080824350571025,0.2569136812231541,-0.10883207346274035,0.029398522432128753,0,100,non_normal
0.05419212051049669,0.034285505195462675,0.03606638086622521,0.1171888170172767,-0.013846348708476251,0.12223058972946962,0,100,non_normal
-0.037967601357418876,0.03607734730801815,0.038016354488927914,0.29520658971381725,-0.10956192293222933,0.033626720217391576,0,100,non_normal
-0.03588999655030481,0.03604211810432242,0.035260624457080676,0.3218097518554886,-0.10741440691693571,0.035634413816326094,0,100,non_normal
0.0069589896412571624,0.0371886222589602,0.030487913267985087,0.8519480428979884,-0.06684062090661741,0.08075860018913172,0,100,non_normal
-0.03845661943013888,0.03496439533759296,0.025231531973320023,0.27407915106892494,-0.10784232404130048,0.03092908518102272,0,100,non_normal
0.021838018559937517,0.03309384699367855,0.028871596679607512,0.5108777456164728,-0.0438356437407942,0.08751168086066922,0,100,non_normal
-0.0256689968984321,0.03449709604454141,0.026833503808529793,0.458601540381148,-0.09412736127105631,0.042789367474192104,0,100,non_normal
-0.02620426840698227,0.036138790949349346,0.03494837369403603,0.47011800007244053,-0.09792052288829595,0.045511986074331406,0,100,non_normal
-0.0649372938575759,0.032601259244226855,0.024763569961715914,0.04916856155650401,-0.12963343180107145,-0.00024115591408037373,1,100,non_normal
0.005807981196568086,0.03457825396165007,0.02416463938978055,0.866955942115817,-0.0628114384212273,0.07442740081436347,0,100,non_normal
0.031986966791314665,0.03599007026599427,0.039758554781373044,0.3763019820341831,-0.039434156334080754,0.10340808991671008,0,100,non_normal
0.008937827113721979,0.03522001270549954,0.038060275739209976,0.8002039290263254,-0.06095514184483645,0.07883079607228041,0,100,non_normal
0.060143153902677104,0.03495989660960447,0.0451489550478698,0.08852557896472442,-0.009233623129205018,0.1295199309345592,0,100,non_normal
0.04162932139326937,0.03643150231054655,0.033676081175881015,0.255958032364386,-0.030667809257881096,0.11392645204441984,0,100,non_normal
0.01172365620944276,0.03296481289984857,0.034207462637540195,0.7228734181287186,-0.05369394213157191,0.07714125455045742,0,100,non_normal
0.04106243103453651,0.03423298120816429,0.036152798614800336,0.2332259589530684,-0.02687180604106605,0.10899666811013907,0,100,non_normal
-0.01676465271539508,0.03327690981490128,0.03267757193587102,0.6155379526137628,-0.08280159722695883,0.04927229179616867,0,100,non_normal
-0.001779068528802552,0.035149157891306064,0.03311719816990855,0.959735468779672,-0.07153142841460457,0.06797329135699946,0,100,non_normal
-0.04844045760406544,0.037962625711034696,0.03708800594919201,0.2049701112706928,-0.12377605281219575,0.026895137604064867,0,100,non_normal
-0.005222561969790533,0.03486436626774296,0.049476770019803634,0.8812329853339689,-0.07440976214733824,0.06396463820775716,0,100,non_normal
-0.0033717897552437565,0.03433218534234201,0.034480932855981285,0.9219655406258895,-0.07150289420646659,0.06475931469597908,0,100,non_normal
0.005011451648746794,0.0346932392054989,0.02804480196463311,0.8854414827846601,-0.06383615244320592,0.07385905574069951,0,100,non_normal
-0.003015859534021458,0.033386657370755114,0.03629297229750213,0.9282083308623374,-0.06927059449838002,0.0632388754303371,0,100,non_normal
-0.023485577895684548,0.03481507364119957,0.03163264785754909,0.5015304711891476,-0.09257495846011368,0.045603802668744586,0,100,non_normal
0.03443549877006022,0.036031839694611635,0.034312765387220376,0.34157723436138443,-0.037068514427016364,0.1059395119671368,0,100,non_normal
-0.06428000574037697,0.03631000596560217,0.039645104726759084,0.07978505516229047,-0.13633603084915352,0.00777601936839957,0,100,non_normal
-0.0007714651853161806,0.033614882198292895,0.03159213869288296,0.9817367353253398,-0.0674791048922156,0.06593617452158325,0,100,non_normal
-0.045459683530946385,0.03467218228413102,0.035195758475843525,0.19287823512117885,-0.11426550084775412,0.023346133785861353,0,100,non_normal
0.02609683666378656,0.03342321911642076,0.022161559588700433,0.4368023705265396,-0.04023045389492249,0.0924241272224956,0,100,non_normal
-0.049018433525573876,0.033590993590889885,0.026032770159999954,0.14768793729190446,-0.11567866706855046,0.017641800017402703,0,100,non_normal
-0.03658480195182898,0.036184965494632015,0.03535502361957006,0.31448239215602425,-0.10839268831547906,0.03522308441182111,0,100,non_normal
0.04848773410367997,0.034613885563496774,0.03655758669801846,0.16442721421693837,-0.0202023952683293,0.11717786347568925,0,100,non_normal
0.0020396089173540903,0.035164317027941774,0.029793405894754987,0.9538649535605384,-0.0677428337817387,0.07182205161644689,0,100,non_normal
0.012317680910732317,0.03530165038438954,0.02922519799203327,0.7278930629660196,-0.057737295364638244,0.08237265718610289,0,100,non_normal
-0.0058058690648371755,0.032131703019963945,0.03181270959884966,0.8569842564163215,-0.06957018796325948,0.057958449833585134,0,100,non_normal
0.017210735251813332,0.0343383643259534,0.03545176823651076,0.6173472513006953,-0.05093263119128775,0.08535410169491442,0,100,non_normal
-0.001185066628031385,0.037795600658291156,0.04181034050955718,0.9750505014020745,-0.07618920605491825,0.07381907279885547,0,100,non_normal
-0.07847513204943544,0.036364095961392354,0.04740605516018718,0.03336804799639754,-0.15063849699446769,-0.006311767104403204,1,100,non_normal
0.004494523900251797,0.03696423388104778,0.04183220300001861,0.9034717917110668,-0.06885979521450397,0.07784884301500758,0,100,non_normal
-0.029540259658288392,0.0337640615806443,0.03111606778146811,0.38376617498321786,-0.09654394099433566,0.037463421677758874,0,100,non_normal
-0.02058543486377261,0.03491872415528999,0.03625271802789147,0.5568663221712986,-0.08988050650004877,0.04870963677250355,0,100,non_normal
-0.016106845669503992,0.03587917120741015,0.042748601682187234,0.6544811430204092,-0.08730789322241268,0.055094201883404706,0,100,non_normal
-0.05443000641811663,0.03488794685263718,0.03847373566134249,0.12195094840414467,-0.12366400149894326,0.014803988662710002,0,100,non_normal
-9.07744532121467e-05,0.03443382227425037,0.0395054662959459,0.9979019777654974,-0.0684235740879749,0.0682420251815506,0,100,non_normal
-0.004495641444205004,0.03319287209025981,0.0328032672036152,0.8925418347814016,-0.07036581582627369,0.061374532937863685,0,100,non_normal
-0.02882545371764595,0.036463758928511864,0.03496584546585318,0.4311310341262915,-0.10118659657733844,0.04353568914204655,0,100,non_normal
0.024914503060690235,0.03569199814983836,0.035458239593606646,0.48680411222457987,-0.045915105651121696,0.09574411177250217,0,100,non_normal
0.008065093097080166,0.035548628637412906,0.031507875384926026,0.820993570497931,-0.06248000348336643,0.07861018967752675,0,100,non_normal
-0.027282885402948223,0.03393065330866247,0.03535504022341495,0.4232982471803417,-0.09461716260142425,0.0400513917955278,0,100,non_normal
0.02993317305897668,0.03463013913985174,0.032807293064089096,0.38949672512248534,-0.038789211006327054,0.09865555712428041,0,100,non_normal
-0.04952258417033174,0.03376455049895675,0.032133705701910036,0.14565844150032164,-0.11652723574885794,0.017482067408194454,0,100,non_normal
-0.04163748999597166,0.03423554688075872,0.03992592132692806,0.22682761653924338,-0.1095768185653366,0.02630183857339328,0,100,non_normal
-0.02404321060040296,0.0323141381164191,0.032766347878605065,0.45862885579472723,-0.08816956601028572,0.040083144809479804,0,100,non_normal
0.020369673667201403,0.03435774968622621,0.03196434860567489,0.5546339303960882,-0.0478121623924534,0.08855150972685621,0,100,non_normal
-0.004529906748868242,0.036722978163154264,0.036110568614059625,0.9020798364128861,-0.07740546174326998,0.06834564824553349,0,100,non_normal
-0.04254122465984991,0.03203013418560918,0.03153095099767619,0.1872093484532209,-0.10610398351211113,0.021021534192411304,0,100,non_normal
0.00039438658847487304,0.0347492319736374,0.025633612271490153,0.9909676720969502,-0.06856433332953195,0.0693531065064817,0,100,non_normal
0.0031326368310623173,0.03599306758608468,0.03473351935511121,0.9308217170337941,-0.06829443437850302,0.07455970804062767,0,100,non_normal
0.013991717338057059,0.033715438137500414,0.02625544265296253,0.6790531342132479,-0.05291547235754901,0.08089890703366312,0,100,non_normal
-0.03231165507971835,0.035698583421871016,0.036939713566190545,0.36761939121572984,-0.10315433204955764,0.038531021890120934,0,100,non_normal
-0.02128539666041513,0.03628296801542088,0.03379423320835155,0.5587878748570975,-0.09328776583702247,0.05071697251619222,0,100,non_normal
0.027668119868211508,0.034894906526639013,0.02897322981565957,0.4297523557446459,-0.04157968645916518,0.0969159261955882,0,100,non_normal
-0.0559233603595424,0.03385933234582834,0.03607761416545973,0.10180924589770232,-0.12311610342845572,0.011269382709370918,0,100,non_normal
0.01681958124838525,0.035391260189018586,0.03459084042814584,0.635668640246583,-0.05341322276786919,0.08705238526463968,0,100,non_normal
-0.08882959988171951,0.034633847264852545,0.03280118867509143,0.01183980882158124,-0.15755934260040427,-0.020099857163034737,1,100,non_normal
-0.02374116549535416,0.03466059806149874,0.04487162260745915,0.4949852863303603,-0.0925239942993633,0.045041663308654986,0,100,non_normal
0.03979108655724042,0.03808139717462485,0.03960589187008898,0.2986417344508821,-0.03578020675489919,0.11536237986938003,0,100,non_normal
0.06949061359202593,0.032555116172263865,0.027015025157724002,0.035291995873304026,0.0048860450730882354,0.13409518211096363,1,100,non_normal
0.017666244043657964,0.03396809011800194,0.029732479545245338,0.6041782506411684,-0.04974232528454982,0.08507481337186575,0,100,non_normal
0.016294636964088886,0.03290388262837527,0.03634233565300261,0.6215539140885891,-0.049002047236197645,0.08159132116437542,0,100,non_normal
-0.05859626719692222,0.033133360934115445,0.033974490794530805,0.0800893688210086,-0.1243483436264471,0.0071558092326026584,0,100,non_normal
0.04617179017555738,0.03554751630629768,0.03504687371378814,0.19703455183438756,-0.024371099019992515,0.11671467937110727,0,100,non_normal
-0.038905897663808225,0.03595788271595803,0.04789816277837777,0.28191430178358523,-0.11026314564371902,0.032451350316102565,0,100,non_normal
-0.017914447043893857,0.03718512364049294,0.03192439870384588,0.6310478574458781,-0.09170711469728468,0.05587822060949696,0,100,non_normal
-0.029810634250734547,0.034553829391536665,0.029814155176801232,0.3903921492226503,-0.09838158410405153,0.03876031560258243,0,100,non_normal
-0.026053366588541196,0.03373778586339975,0.029393697403825195,0.4418359074325977,-0.09300490461887492,0.04089817144179253,0,100,non_normal
0.008738129231462097,0.03570741347012681,0.03710220230512643,0.8071890011404123,-0.06212207068176183,0.07959832914468602,0,100,non_normal
-0.038262017142681334,0.03599383284851404,0.03024818836652048,0.29038716319896457,-0.10969060699063184,0.03316657270526917,0,100,non_normal
-0.10056282934857941,0.03712543227170085,0.04474334886061129,0.007972007539747425,-0.17423704142329216,-0.026888617273866655,1,100,non_normal
-0.05059825886110719,0.03647154160322375,0.03832933159581011,0.16848644247024552,-0.12297484618547383,0.021778328463259444,0,100,non_normal
-0.00046230023293623856,0.03463980498793945,0.03365097844914841,0.9893789406223519,-0.06920386585918947,0.068279265393317,0,100,non_normal
-0.03157325726120422,0.03453008796749451,0.03559620121507547,0.362767012086443,-0.1000970930311878,0.036950578508779364,0,100,non_normal
0.06344448872067071,0.03338144173627938,0.032479824262040505,0.06029432751537705,-0.0027998959868165696,0.129688873428158,0,100,non_normal
-0.0714011443617664,0.03676501405015967,0.03700942286967157,0.05499668533008286,-0.14436011820584832,0.0015578294823155314,0,100,non_normal
-0.040408122696464405,0.035652028979024884,0.02567567506559262,0.25981012328158126,-0.11115841388961657,0.030342168496687763,0,100,non_normal
0.05161253420034885,0.03472256965411668,0.04124659727124905,0.1403766323370802,-0.017293275212309583,0.12051834361300728,0,100,non_normal
0.005341951155450172,0.034154665253514946,0.03416063970452073,0.8760357589933603,-0.06243687045698842,0.07312077276788877,0,100,non_normal
-0.026384611505844882,0.03455931523826925,0.032634920861408956,0.4470239147545393,-0.09496644784346266,0.04219722483177289,0,100,non_normal
-0.015384560522337956,0.03386040497044688,0.03139766920938754,0.6505798685540299,-0.08257943217989759,0.05181031113522168,0,100,non_normal
-0.04456117922042764,0.036672217971391245,0.03420609833494582,0.22723940756970823,-0.11733600226629522,0.028213643825439935,0,100,non_normal
-0.049648632731528676,0.03244231809863482,0.03896997134085577,0.12914772854598514,-0.11402935714442752,0.014732091681370164,0,100,non_normal
0.03301856827820655,0.032408515445577386,0.03227150578638099,0.3107952177849564,-0.031295075869826536,0.09733221242623964,0,100,non_normal
-0.004044074408977945,0.03769604523801102,0.03910954539523963,0.9147852746146878,-0.0788506493444071,0.07076250052645121,0,100,non_normal
0.040307774888336936,0.035789761608958935,0.03575552789392175,0.2628153427675575,-0.030715842226331946,0.11133139200300582,0,100,non_normal
-0.03223023415481351,0.03446284804271016,0.03191612324172771,0.3519753737086926,-0.10062063448242445,0.03616016617279743,0,100,non_normal
0.06810086686284081,0.032548299406364056,0.033655507740882724,0.03899577878400136,0.0035098259939757154,0.13269190773170592,1,100,non_normal
0.025922594866086526,0.034197451815702766,0.03324613200918623,0.4502537904313445,-0.04194113528650059,0.09378632501867365,0,100,non_normal
-0.06694615591317205,0.032617923184279016,0.03564440598893039,0.04279326766706821,-0.13167536290336362,-0.00221694892298048,1,100,non_normal
-0.023855080709859554,0.035569061307866835,0.028801218911454766,0.504008697322812,-0.094440725259829,0.046730563840109894,0,100,non_normal
-0.05688474915442393,0.03281673055568962,0.03467418318404326,0.08616851381232866,-0.12200848290287995,0.008238984594032092,0,100,non_normal
-0.03832717824430934,0.03245989062281996,0.027960903753931288,0.24055787855458435,-0.10274277475954571,0.026088418270927033,0,100,non_normal
0.0255022505679031,0.03779789237745545,0.03519724059892368,0.5014547960647655,-0.04950643670107997,0.10051093783688618,0,100,non_normal
0.05783063690983513,0.03529908169610679,0.036919779226964954,0.10456509281229753,-0.012219241887237761,0.127880515706908,0,100,non_normal
0.07181439330821818,0.03618397188270662,0.03463597582787792,0.0499734796807868,8.478735096378864e-06,0.14362030788133998,1,100,non_normal
0.01576913986957145,0.0364808732120665,0.042248960777659265,0.66650374900224,-0.05662596572884105,0.08816424546798396,0,100,non_normal
-0.01655553794773252,0.032089978327105924,0.03093926366399224,0.607079364443409,-0.08023705555113214,0.047125979655667095,0,100,non_normal
-0.011960144807513898,0.04072101899238569,0.02637091972979313,0.7696011158158571,-0.09276968170899451,0.06884939209396672,0,100,non_normal
-0.020568378003556424,0.03562573966527577,0.03497205466709086,0.5650297915565421,-0.09126649890917427,0.05012974290206141,0,100,non_normal
-0.0138625176901669,0.03467306985186508,0.02255826678570869,0.6901691377101684,-0.08267009635625648,0.05494506097592268,0,100,non_normal
-0.015502388889613885,0.03943885370234833,0.05142788014340323,0.6951185762939287,-0.09376751050181979,0.06276273272259202,0,100,non_normal
-0.004492688883918431,0.033393560872348814,0.028741105896955284,0.8932534202846067,-0.07076112362251127,0.06177574585467441,0,100,non_normal
0.032320996808636766,0.03383809581539361,0.029809049903726285,0.3418440093805811,-0.03482960305678389,0.09947159667405742,0,100,non_normal
-0.015360447203129811,0.034021881024655164,0.027993551737121335,0.6526359419087031,-0.08287576283493503,0.0521548684286754,0,100,non_normal
0.00041202830743726146,0.03646214364861494,0.031239053268292745,0.9910069355440709,-0.07194590908187,0.07276996569674453,0,100,non_normal
0.01111038574759956,0.03331741323870339,0.033350501385648636,0.7394913348153549,-0.05500693649029232,0.07722770798549144,0,100,non_normal
0.07940236105933304,0.03648271562667693,0.03628678068617334,0.03192512091834044,0.0070035992490885685,0.15180112286957753,1,100,non_normal
0.03439950145952373,0.03335103719291592,0.02860574894724684,0.3048746359463473,-0.03178454642119206,0.10058354934023953,0,100,non_normal
-0.008847803917089794,0.03488367955162364,0.03170676681270157,0.8003070987039405,-0.07807333067793681,0.060377722843757226,0,100,non_normal
-0.0020843862773853895,0.03524969585295676,0.032695290939218476,0.9529673546813369,-0.0720362604760176,0.06786748792124683,0,100,non_normal
0.0013045232836453018,0.03786404441522723,0.015252126230183528,0.9725861372874993,-0.07383544055133988,0.07644448711863049,0,100,non_normal
0.000988291336536412,0.036362832874854305,0.03262078985465853,0.97837254310962,-0.07117256705436895,0.07314914972744177,0,100,non_normal
-0.050609716382603476,0.03906954180745366,0.033792388489247996,0.19823392510796176,-0.12814195055885824,0.026922517793651304,0,100,non_normal
-0.012769147076078978,0.03470766859911392,0.03703086817976134,0.7137370182872723,-0.08164538583004782,0.05610709167788986,0,100,non_normal
-0.0031785571597395205,0.035117154475886994,0.03103771851875714,0.9280643472063625,-0.0728674073092119,0.06651029298973285,0,100,non_normal
-0.001479009320924568,0.03410737337599131,0.03182474463180615,0.9655001390115313,-0.06916398174155877,0.06620596309970964,0,100,non_normal
0.05963039790000767,0.03510128318202645,0.03737722781184489,0.09252771782281627,-0.01002695618333882,0.12928775198335415,0,100,non_normal
0.017868660782956715,0.036470977915687874,0.030975506948270202,0.6252700289634874,-0.054506807921840504,0.09024412948775393,0,100,non_normal
-0.0330936200733086,0.035372753590715775,0.03760667734441349,0.3517953014935882,-0.10328969834753897,0.03710245820092177,0,100,non_normal
-0.016731382927243202,0.0358491931494453,0.03640549039239895,0.6417391653407679,-0.08787293999977372,0.054410174145287316,0,100,non_normal
-0.059891620383635394,0.03729814427031178,0.03909947921883746,0.11154578629338975,-0.1339085737985805,0.014125333031309736,0,100,non_normal
0.05718350128965341,0.03546854581797664,0.034919763327139204,0.11012755985346544,-0.013202673541963195,0.12756967612127001,0,100,non_normal
-0.0022731627690363854,0.03548575719221045,0.03304933357650992,0.9490541655483609,-0.07269349301266594,0.06814716747459316,0,100,non_normal
-0.018318062735016176,0.03434553355013712,0.030633617539684084,0.5950014305115171,-0.08647565627018333,0.04983953080015099,0,100,non_normal
-0.04928600205814597,0.03481898996049731,0.034618696438718434,0.1600944104493872,-0.11838315443076261,0.01981115031447067,0,100,non_normal
-0.014349824023546395,0.032699448000820155,0.029413663756555172,0.6617435028392877,-0.07924081435889195,0.050541166311799154,0,100,non_normal
-0.015221130415017988,0.03478312779594752,0.03488520610867641,0.6626384784800599,-0.08424711548924028,0.0538048546592043,0,100,non_normal
0.06935759994866258,0.034567899397427264,0.036188735778277956,0.04756728386974893,0.0007587286265721277,0.13795647127075306,1,100,non_normal
-0.034029781779204925,0.03490776181107983,0.02004498244835788,0.3320355690803616,-0.10330309900017182,0.03524353544176196,0,100,non_normal
-0.0019205434712070632,0.03379211925495227,0.03681654768725007,0.9547930961413085,-0.06897990434876539,0.06513881740635127,0,100,non_normal
0.04718827154895586,0.033016131444028755,0.034928732300113174,0.15611264952572293,-0.01833116677279295,0.11270770987070466,0,100,non_normal
0.05042650763805175,0.036190780725140544,0.04425719296247428,0.16666549918210974,-0.021392918861282494,0.12224593413738599,0,100,non_normal
-0.036470174265526664,0.03381510973038363,0.03705948175091612,0.2834505230406703,-0.10357515899334033,0.030634810462287,0,100,non_normal
0.014612048223772663,0.03415295932332887,0.03405088043178616,0.6697053569003939,-0.05316338802573214,0.08238748447327746,0,100,non_normal
-0.04091262651717833,0.033591110547826424,0.030418212847513854,0.22616350037972074,-0.10757309215738903,0.025747839123032377,0,100,non_normal
-0.01104387718985551,0.0326581422011915,0.03246261476972114,0.7359613807489179,-0.07585289751015895,0.05376514313044792,0,100,non_normal
-0.026699270710546265,0.03236554378391278,0.028549067107462793,0.411415446598561,-0.09092763899454331,0.03752909757345078,0,100,non_normal
-0.027629134214969826,0.03629715656966479,0.03505043077504503,0.44836970616571703,-0.0996596601156996,0.04440139168575994,0,100,non_normal
0.08955218870871386,0.03646741156422657,0.03857193156066083,0.015822820196678314,0.01718379731232264,0.16192058010510507,1,100,non_normal
-0.023573672306812628,0.03377848543457306,0.030158264976050283,0.4868984715892154,-0.09060597731154893,0.04345863269792367,0,100,non_normal
-0.030953744802629996,0.03508377451382699,0.03580270354617321,0.37978390116136407,-0.1005763535037643,0.03866886389850431,0,100,non_normal
-0.015880637242632157,0.03570905339614874,0.03708469503453976,0.6575005957131157,-0.08674409153567428,0.05498281705040997,0,100,non_normal
0.05374193898269198,0.03705729261153521,0.036132918795240394,0.15018488170525582,-0.01979705215406636,0.12728093011945033,0,100,non_normal
0.013935879371010755,0.035148469658410585,0.03781207338520594,0.6926084883554255,-0.055815114739009124,0.08368687348103063,0,100,non_normal
-0.009097509535007431,0.03494204650383394,0.028401872322865687,0.795132396763315,-0.07843886361292986,0.060243844542914995,0,100,non_normal
0.04460824009049616,0.033325541424139966,0.036305216963173605,0.18381102230252705,-0.021525212266858162,0.11074169244785048,0,100,non_normal
0.016402497297408024,0.034431878098761075,0.025217919313818084,0.6348674043836149,-0.05192644418437054,0.0847314387791866,0,100,non_normal
-0.002133435754720088,0.03479850678916009,0.026027174918591987,0.9512385760224142,-0.07118993994045458,0.0669230684310144,0,100,non_normal
-0.036207240714532504,0.03132289818838758,0.033638435880729664,0.25051798117770113,-0.09836651274770844,0.02595203131864344,0,100,non_normal
0.005765260293206488,0.03314837117702777,0.039654111532517765,0.8622848344096237,-0.06001660347486094,0.07154712406127392,0,100,non_normal
-0.034870210490549954,0.03263485010155458,0.03419400775471501,0.28792168580259747,-0.09963300839717865,0.029892587416078732,0,100,non_normal
0.04731599940593724,0.03175662218673372,0.036264078664716544,0.13944704509307132,-0.015703983786160433,0.11033598259803491,0,100,non_normal
0.06538010490834904,0.03547144067251146,0.02938284661767632,0.06832575875960491,-0.005011814667877215,0.13577202448457532,0,100,non_normal
-0.0360052271784691,0.036024557880704515,0.03367934920817521,0.3200317195022572,-0.10749478985283782,0.03548433549589962,0,100,non_normal
0.05558772273167247,0.035443654276409796,0.03842804975117952,0.12002502742247649,-0.014749055645814212,0.12592450110915915,0,100,non_normal
0.02022840253363689,0.03448119714672403,0.044469538861414346,0.5587875948744666,-0.04819841099370746,0.08865521606098124,0,100,non_normal
0.0007887787930299772,0.03380577392253091,0.02502945063327528,0.9814323593216489,-0.06629767932793919,0.06787523691399915,0,100,non_normal
-0.004671216926775579,0.034290407194590894,0.028161189048804592,0.891922715718015,-0.0727194140034801,0.06337698014992894,0,100,non_normal
-0.06055673712367857,0.03516614415210926,0.03613123226934808,0.08822106637079674,-0.13034280569121692,0.009229331443859803,0,100,non_normal
0.014619745475073314,0.034964849404613654,0.03216599678487683,0.6767691105868688,-0.054766860217312974,0.08400635116745961,0,100,non_normal
0.05433839091394192,0.03459533143754789,0.03298451203084573,0.11947890588103265,-0.014314918398976445,0.12299170022686029,0,100,non_normal
0.057474185968210086,0.03594283494336353,0.03497148917321762,0.11302998408169018,-0.013853200196725306,0.12880157213314547,0,100,non_normal
-0.028783025297357254,0.03372574344304416,0.03095112041791097,0.39549446984500203,-0.0957106655364228,0.03814461494170829,0,100,non_normal
0.031908866618987106,0.03536142644402261,0.03952230225306188,0.3690762449344279,-0.038264733301279164,0.10208246653925337,0,100,non_normal
-0.03608190214338135,0.0351480755920793,0.03251409371009451,0.3071509645183882,-0.1058321142415919,0.03366830995482921,0,100,non_normal
0.017951629840902466,0.034483815696152255,0.03430340975949064,0.6038326603084524,-0.05048038011256001,0.08638363979436495,0,100,non_normal
-0.052196005970729084,0.032526517448232,0.03206485633377567,0.11177300832861889,-0.11674382125258742,0.012351809311129253,0,100,non_normal
-0.011334675385230815,0.03414154636941108,0.03266285306167271,0.7406052881121106,-0.07908746299912689,0.05641811222866527,0,100,non_normal
0.03697482813208052,0.035754861118356386,0.0343179108430458,0.3036250950772543,-0.03397953009484408,0.10792918635900511,0,100,non_normal
0.02920541927502008,0.03431865871058765,0.0323092947865336,0.39684004868477707,-0.03889884201571823,0.0973096805657584,0,100,non_normal
0.016925441658967554,0.03709821994476812,0.03395710698607382,0.6492317303007136,-0.05669476843858797,0.09054565175652307,0,100,non_normal
0.0042970361244694414,0.033929263580960205,0.03510332696117726,0.8994793561784457,-0.06303448320461093,0.0716285554535498,0,100,non_normal
0.03934580199288486,0.033916742716483,0.03150440567761992,0.2488386325783425,-0.027960870088139203,0.10665247407390892,0,100,non_normal
0.0048352856808057156,0.03621066230425719,0.0406519663974568,0.8940464079484478,-0.06702359516522814,0.07669416652683957,0,100,non_normal
0.04091184866530855,0.03258374888326332,0.03172358177211604,0.21224990629448579,-0.023749540536739576,0.10557323786735667,0,100,non_normal
0.029889678061948373,0.03413565218028669,0.0363583819876658,0.38338063911590425,-0.03785141272546012,0.09763076884935687,0,100,non_normal
0.027511318094102913,0.03582565588488454,0.04989528960920729,0.44437978976510495,-0.04358353004294055,0.09860616623114637,0,100,non_normal
-0.050320896833855634,0.032942341230674736,0.035524754124265,0.12984686660433145,-0.1156939008787482,0.015052107211036926,0,100,non_normal
-0.03361136277493239,0.03405230892876877,0.03416663958163782,0.3260484178947002,-0.10118706159215746,0.03396433604229268,0,100,non_normal
-0.009829204274123357,0.03418692742389311,0.032328920213975335,0.7743262394822678,-0.07767204911368658,0.05801364056543987,0,100,non_normal
0.052850542988855595,0.03450702736753505,0.04045928685410898,0.12884601320742614,-0.01562752977102888,0.12132861574874007,0,100,non_normal
-0.02952470434135538,0.03261829633312759,0.03179017051883375,0.36760174730086437,-0.0942546518332926,0.03520524315058184,0,100,non_normal
-0.03310412295442766,0.03376389528123328,0.03570220397694493,0.3292737613085682,-0.10010747427470607,0.03389922836585074,0,100,non_normal
-0.07331691847269525,0.0341421169000519,0.03557249502121952,0.03422765603122523,-0.1410708382860798,-0.005562998659310717,1,100,non_normal
-0.011250617379952864,0.03486879681233546,0.028961346352585286,0.7476433456839555,-0.08044660982904978,0.057945375069144045,0,100,non_normal
-0.011805648933741673,0.03497587760060831,0.03598874388036117,0.7364341145530348,-0.08121413972216039,0.05760284185467705,0,100,non_normal
-0.04722870074154335,0.034078498337357856,0.04760700208725154,0.16892922735575122,-0.11485637158776416,0.02039897010467745,0,100,non_normal
-0.0018300810693341347,0.03448989277141087,0.03394706613991412,0.9577910217814336,-0.07027415078086542,0.06661398864219716,0,100,non_normal
-0.034346298923202026,0.03365011864544053,0.030778874471110544,0.3099150118006254,-0.10112386421267555,0.0324312663662715,0,100,non_normal
-0.006496180833154777,0.035546214735696975,0.03265112350227358,0.8553692889713032,-0.07703648710420792,0.06404412543789838,0,100,non_normal
0.013681254762851269,0.03304517559924997,0.033504706877000384,0.6797665934141406,-0.05189582073967536,0.0792583302653779,0,100,non_normal
0.011495151589698976,0.036154085859613785,0.030978169503513443,0.751200217815047,-0.06025145514325285,0.08324175832265081,0,100,non_normal
0.013734491903286468,0.034881063578522824,0.0386311491070705,0.6946194805401584,-0.05548584354408032,0.08295482735065327,0,100,non_normal
0.036037523097027666,0.03477208460853172,0.03341490417914757,0.30256967854451555,-0.032966547131174834,0.10504159332523016,0,100,non_normal
0.06522756601668872,0.03470967764107026,0.03543817082130596,0.06318404894707663,-0.0036526596156570418,0.13410779164903447,0,100,non_normal
-0.01866218559820209,0.038255817277397824,0.0389397713047248,0.626762642149451,-0.0945796099276924,0.05725523873128823,0,100,non_normal
-0.08356031039013517,0.03523674381024476,0.03338571072372182,0.019676184487150424,-0.15348648168153708,-0.013634139098733261,1,100,non_normal
0.011537914393488093,0.035780902417364,0.032635920916244406,0.7477910562283163,-0.05946812194378812,0.08254395073076431,0,100,non_normal
0.046330358563986485,0.03279133605684773,0.03275641903780232,0.16085793810331123,-0.018742980627996342,0.11140369775596931,0,100,non_normal
-0.03504561850046457,0.03905588989890753,0.0439879215638518,0.37174749789670436,-0.11255076090851875,0.0424595239075896,0,100,non_normal
0.005158653595014068,0.03655559518334459,0.03740410841582531,0.8880663721773419,-0.06738473532353043,0.07770204251355856,0,100,non_normal
-0.02708034350496995,0.03458927104315105,0.034269559494073246,0.4355668365877087,-0.0957216261624468,0.0415609391525069,0,100,non_normal
0.028260633431221767,0.03437290443113059,0.03151169031943585,0.4129717245300768,-0.03995127672647592,0.09647254358891946,0,100,non_normal
-0.02958648638749825,0.037954882748017144,0.03554775535832398,0.4375535392077884,-0.1049067159375194,0.045733743162522905,0,100,non_normal
-0.018809749510438428,0.03446803260835149,0.03751426058537452,0.5865013732708726,-0.08721043843982992,0.04959093941895307,0,100,non_normal
0.027528645340514777,0.036929347011695236,0.035737761487352276,0.4577894048021164,-0.045756441917424034,0.10081373259845358,0,100,non_normal
0.004155790275288045,0.03336966674775067,0.03317082158803439,0.9011444419571434,-0.06206522735068776,0.07037680790126385,0,100,non_normal
0.08150036421450918,0.03653583720343227,0.04045232059211544,0.02798163930066333,0.008996184364065907,0.15400454406495245,1,100,non_normal
0.0017719239886626933,0.03669862026480009,0.0329914559439133,0.9615888684136293,-0.07105529354919697,0.07459914152652235,0,100,non_normal
-0.018124792035612645,0.03626530491569444,0.03485412149980127,0.6183480165242754,-0.09009210936566861,0.05384252529444331,0,100,non_normal
-0.0090521932745816,0.03345222442482135,0.03139663362007493,0.7872672943956187,-0.07543704392381723,0.05733265737465403,0,100,non_normal
-0.012591201064264985,0.03604800083729349,0.020899968205028548,0.7276211305631577,-0.08412728552302007,0.05894488339449009,0,100,non_normal
-0.028755967153289996,0.035631983212362224,0.041103914099765514,0.421605336363572,-0.09946647817490109,0.04195454386832109,0,100,non_normal
0.002715847338302284,0.03394259843406137,0.03753424431824964,0.9363901253915673,-0.06464213457276691,0.07007382924937147,0,100,non_normal
-0.029023668704757498,0.0324743302528053,0.03721667787749385,0.3736496313875678,-0.09346792019575376,0.035420582786238754,0,100,non_normal
-0.03554746913007066,0.03589666253406222,0.03646945156333502,0.3244798095412905,-0.10678322765145512,0.0356882893913138,0,100,non_normal
-0.026255206870645725,0.0351314888390036,0.036152151897606996,0.4566471016985515,-0.09597250309720294,0.04346208935591149,0,100,non_normal
-0.009147188368773138,0.03391596660773805,0.030393564461112306,0.7879569567671063,-0.07645232028725177,0.05815794354970549,0,100,non_normal
0.01633990026997207,0.03707120929458008,0.03462955317150934,0.6603498525348219,-0.057226708071362396,0.08990650861130653,0,100,non_normal
0.07106970403119676,0.0350350234948756,0.0397754138529248,0.04521889897219206,0.0015438401405416385,0.1405955679218519,1,100,non_normal
-0.011818293425886915,0.03647885733718164,0.0365834006272971,0.7466462284543567,-0.08420939858619822,0.06057281173442439,0,100,non_normal
-0.01807246789083611,0.0352675663518651,0.04454627101446307,0.6094969957674717,-0.0880598055129463,0.051914869731274085,0,100,non_normal
0.042065051952313234,0.03520196406342908,0.04038860421504631,0.23498529144293548,-0.02779210006345975,0.11192220396808622,0,100,non_normal
0.015509281604838568,0.03497529559846079,0.03293826030697835,0.6584283238875523,-0.05389805421926,0.08491661742893714,0,100,non_normal
0.017577493786305954,0.03556304385046701,0.033524322298079424,0.6222266232476387,-0.05299620931529514,0.08815119688790704,0,100,non_normal
-0.017992754927312237,0.035319595285916876,0.029182078801314525,0.6115981851734344,-0.08808334227573669,0.05209783242111221,0,100,non_normal
-0.013227273896882632,0.03826774160871637,0.05037548476013605,0.7303460723549088,-0.08916836167379041,0.06271381388002514,0,100,non_normal
0.032853821661144075,0.03541196747163084,0.036575702000704494,0.35581123188324415,-0.03742007528352401,0.10312771860581216,0,100,non_normal
-0.02602868092912596,0.035551417081575,0.037929910975078945,0.46582932157787416,-0.09657931108626071,0.0445219492280088,0,100,non_normal
0.04688572558706254,0.03536685606669546,0.03479572187344852,0.18802214095165615,-0.023298649242687805,0.11707010041681289,0,100,non_normal
0.017910099833922936,0.03341815257556609,0.028093324444993927,0.5932148703471204,-0.0484071363393535,0.08422733600719937,0,100,non_normal
-0.07424084015637158,0.034331335537843066,0.0375332481675871,0.03301463044047134,-0.14237025819822363,-0.006111422114519524,1,100,non_normal
0.006781533179517761,0.034870294175728254,0.042932645151403104,0.8462035762719043,-0.0624174307384996,0.07598049709753513,0,100,non_normal
0.06154385190000917,0.035102790972143603,0.04099755371967206,0.08268654188292006,-0.00811649434375291,0.13120419814377124,0,100,non_normal
-0.012624709527278781,0.0336747307016732,0.0327878502034008,0.7085437685542062,-0.07945111664133256,0.054201697586775004,0,100,non_normal
0.0002515726123878924,0.031825959107891114,0.021046190904015397,0.9937091478699585,-0.06290600744313678,0.06340915266791257,0,100,non_normal
0.014965466909051567,0.034338782279875774,0.03300681245613078,0.6639271061658538,-0.053178728950005916,0.08310966276810905,0,100,non_normal
-0.002905075974270078,0.03606874266189333,0.03991031515230589,0.9359698456590908,-0.07448232190888897,0.06867216996034882,0,100,non_normal
0.021085589881368758,0.03550738638567416,0.037650271154743696,0.5539895961873531,-0.04937766279275503,0.09154884255549255,0,100,non_normal
0.04576035843421117,0.035210077010662116,0.03326988806997535,0.19677386345974004,-0.024112893461305268,0.1156336103297276,0,100,non_normal
0.007040907728905981,0.034518857076236434,0.0307265859651378,0.8387977361797142,-0.061460640702891735,0.0755424561607037,0,100,non_normal
-0.0428156871897456,0.03372875241294821,0.0365217301518004,0.20730043974027182,-0.10974929863165708,0.024117924252165884,0,100,non_normal
-0.022644164882084834,0.0366053524686966,0.032688768870091256,0.5376134116341477,-0.095286295514031,0.049997965749861345,0,100,non_normal
0.009869057415479124,0.034869067580347385,0.040243836847873644,0.7777493940451106,-0.059327472363925146,0.0790655871948834,0,100,non_normal
-0.004839560209435073,0.03399690982949215,0.02959606360807166,0.8870934850158106,-0.07230532131714114,0.06262620089827099,0,100,non_normal
0.018629733967578867,0.03421294972101694,0.035669073607911696,0.5873186171230411,-0.049264751273716025,0.08652421920887376,0,100,non_normal
-0.015332777318669118,0.03811682385585521,0.03795603461200504,0.688370574770696,-0.0909743737267287,0.060308819089390474,0,100,non_normal
-0.045174849687053355,0.035408006861662907,0.03685938131175932,0.20502882236508102,-0.11544088693014037,0.02509118755603367,0,100,non_normal
0.06245377278631455,0.0345219337614857,0.047480664463213425,0.07350083488962125,-0.006053881227227852,0.13096142679985695,0,100,non_normal
0.006897909121804335,0.03527041603633549,0.040652885620193126,0.8453500342924536,-0.06309508360639272,0.0768909018500014,0,100,non_normal
-0.03959746229952216,0.0382549347296942,0.0392993798103682,0.3031723852497555,-0.11551313524181765,0.03631821064277334,0,100,non_normal
0.04480620610391983,0.03269173803240621,0.03398169735047764,0.17364123314291113,-0.020069484050033587,0.10968189625787325,0,100,non_normal
0.008820434653204326,0.0335179858288504,0.04184604715523965,0.7929833855281889,-0.05769491736208436,0.07533578666849301,0,100,non_normal
0.011831199294072807,0.03430242475195157,0.024517054646286205,0.7309022667917927,-0.05624084623409567,0.07990324482224129,0,100,non_normal
-0.03926825050161474,0.036854239374862055,0.046326170881627424,0.28926710665151156,-0.11240428909867921,0.03386778809544973,0,100,non_normal
0.04340727898959012,0.03568359282497672,0.035540571803793726,0.22673555349930816,-0.027405649628589997,0.11422020760777024,0,100,non_normal
0.0076494231899864075,0.036540363588409557,0.03904991281517246,0.834616024065876,-0.0648637391241305,0.08016258550410331,0,100,non_normal
0.04135958535491362,0.03860352610781977,0.03559584493141927,0.2866237816470858,-0.03524785583216583,0.11796702654199306,0,100,non_normal
0.058988714535764215,0.0341253454535492,0.03454081340601511,0.08703190556091005,-0.00873192288787205,0.12670935195940047,0,100,non_normal
0.017171496020430454,0.035790163420991714,0.03794849164328354,0.6324510891653252,-0.05385291847714027,0.08819591051800119,0,100,non_normal
0.1145222473204644,0.03369135461872084,0.03239718779667266,0.0009787756129033863,0.047662850584064484,0.1813816440568643,1,100,non_normal
-0.03404717360334082,0.036545126262500414,0.035889998189911926,0.3538082582823072,-0.10656978728918706,0.03847544008250542,0,100,non_normal
0.0015154730331683186,0.03389677015162991,0.03099819550260997,0.9644306487873041,-0.06575156414292337,0.06878251020926,0,100,non_normal
-0.03294209696881066,0.0374760732541877,0.019032992150645692,0.38154241579232473,-0.10731214466145676,0.04142795072383544,0,100,non_normal
-0.013593377192533293,0.03744765963080525,0.03964409640465195,0.7173891118748823,-0.0879070389743146,0.060720284589248004,0,100,non_normal
0.014865753935599437,0.03610474665669905,0.045095304694288636,0.6814294450858441,-0.05678294075494074,0.08651444862613962,0,100,non_normal
-0.013036532362981888,0.03467529940836693,0.03426967418041871,0.7077591173279032,-0.08184853551138718,0.055775470785423414,0,100,non_normal
0.069316057196962,0.03603973403766789,0.035884533775485374,0.05734188871053806,-0.0022036220669838097,0.1408357364609078,0,100,non_normal
0.018034334146043475,0.03558574672772494,0.030976784371238325,0.6134438397080877,-0.052584422076597824,0.08865309036868477,0,100,non_normal
0.002911261606739629,0.03224803588322968,0.034298489951277426,0.9282512136660257,-0.061083916072713795,0.06690643928619305,0,100,non_normal
0.04013920731766074,0.03531381230450799,0.03844116211678784,0.2584591951509733,-0.029939903892368225,0.11021831852768971,0,100,non_normal
-0.032152183750706206,0.034137005816882504,0.031591935859013966,0.34858176303448996,-0.09989596078588421,0.0355915932844718,0,100,non_normal
-0.04014704913399844,0.03563161438427151,0.04087282136982057,0.26260993825506374,-0.11085682822826723,0.030562729960270346,0,100,non_normal
-0.0005814160324534301,0.03616025642521311,0.037235521360381475,0.9872041604820672,-0.07234026805201252,0.07117743598710566,0,100,non_normal
0.05332117561845899,0.03361631356129823,0.030031223832464413,0.11592239530521757,-0.013389304581739994,0.12003165581865798,0,100,non_normal
0.03856816916128124,0.032821173995223385,0.02970836458040841,0.24280182692466545,-0.026564382448315257,0.10370072077087773,0,100,non_normal
0.030336410368139437,0.03478059234964032,0.03289799717223951,0.38521905184941985,-0.03868454319540377,0.09935736393168265,0,100,non_normal
0.025689151092216624,0.0367328949771513,0.03219607282270602,0.48598992067283375,-0.04720608349681384,0.09858438568124708,0,100,non_normal
-0.01678104728072328,0.03694747718348671,0.030540242931771416,0.6506988968924676,-0.09010211327452544,0.05654001871307888,0,100,non_normal
-0.03610042689278967,0.034460850856171114,0.03492421138187133,0.29740990879831336,-0.10448686386871345,0.032286010083134115,0,100,non_normal
0.007824855641409275,0.03249946526106365,0.0279752709498151,0.8102373346048544,-0.05666927545544241,0.07231898673826097,0,100,non_normal
0.0017025153821497788,0.03407294781532845,0.033763297791050674,0.9602505617595065,-0.06591414063374859,0.06931917139804813,0,100,non_normal
0.006451387148902549,0.035090083225280344,0.037869590750034696,0.8545093247527509,-0.06318374098479031,0.0760865152825954,0,100,non_normal
0.01780441047657796,0.034865260421312515,0.03951235012132667,0.6107352343457201,-0.051384564119627774,0.0869933850727837,0,100,non_normal
0.048543961680996436,0.033488260055532126,0.0417063362374933,0.15036794636832673,-0.01791240050458448,0.11500032386657735,0,100,non_normal
0.01290224765777782,0.03664522950859411,0.027999906123008674,0.7255302640443224,-0.05981901766202383,0.08562351297757947,0,100,non_normal
0.0011326146601367132,0.03516735519337263,0.03824823381756046,0.9743729380976477,-0.06865585717937478,0.0709210864996482,0,100,non_normal
-0.029302421126923352,0.035399505368622124,0.031052112952589136,0.4098156254395975,-0.09955158743375692,0.040946745179910204,0,100,non_normal
0.020675050017922803,0.03360680080984822,0.03458167427000935,0.5398457579833855,-0.04601655243662159,0.0873666524724672,0,100,non_normal
-0.0187149824204578,0.03434698717343041,0.039784310139650565,0.5870739824529312,-0.08687546062374149,0.04944549578282589,0,100,non_normal
0.0042140823289659075,0.035675200623590225,0.030732655671172088,0.9062115173463412,-0.06658219223869173,0.07501035689662354,0,100,non_normal
0.010679633457549869,0.035173927221632977,0.036686034628447335,0.7620583653033426,-0.059121880358153855,0.08048114727325359,0,100,non_normal
0.006209267686600203,0.035433625224917296,0.05083178640717962,0.8612552875476238,-0.06410760836460085,0.07652614373780124,0,100,non_normal
-0.01684938416570973,0.035629291987273874,0.03378477131963039,0.6373302678685975,-0.08755455453872045,0.053855786207300985,0,100,non_normal
0.004070797405175672,0.04025509722036884,0.0409649082321688,0.9196578260740148,-0.07581413290342869,0.08395572771378003,0,100,non_normal
0.0423256539138353,0.034499303188678825,0.03422718364246762,0.22281629378320444,-0.026137090464496825,0.11078839829216741,0,100,non_normal
-0.0009015629533306591,0.0330664625920203,0.03208245140594002,0.9783036762629633,-0.06652088180021262,0.0647177558935513,0,100,non_normal
0.021621634706276534,0.03637730719426885,0.03113594421400319,0.553633373797076,-0.05056794750043195,0.09381121691298502,0,100,non_normal
-0.03315314514561294,0.03616514237156562,0.03356915830065317,0.36154219420591127,-0.10492169316669267,0.038615402875466796,0,100,non_normal
0.011812335929516794,0.03569760982416233,0.03083325498791824,0.7414265509023514,-0.059028408967355894,0.08265308082638947,0,100,non_normal
0.03679100419666469,0.031665218697014566,0.0332133754462265,0.24810842836879063,-0.026047591744864304,0.09962960013819368,0,100,non_normal
0.018340500317345867,0.037748881533024074,0.040345714003174875,0.6281542160604519,-0.05657092652594918,0.09325192716064092,0,100,non_normal
-0.01194418369070371,0.03375063515047067,0.034737128963563714,0.724177770589397,-0.07892122071304228,0.05503285333163485,0,100,non_normal
-0.07686289761595858,0.03423886416339381,0.034793698971843645,0.02702237869563741,-0.14480880922474998,-0.008916986007167158,1,100,non_normal
0.0521475168791136,0.03350748109300829,0.030300091971942743,0.12286166605568742,-0.014346988829779063,0.11864202258800627,0,100,non_normal
0.004766607416910903,0.03170352146563618,0.03038169078543004,0.8807979298522082,-0.058147999122362126,0.06768121395618393,0,100,non_normal
0.06646859691767655,0.0345994278372309,0.03811200053360111,0.057626498854902515,-0.0021928415670930818,0.13513003540244617,0,100,non_normal
0.06841343389887178,0.03657476507816855,0.036763076874851024,0.06439729549913277,-0.00416799705205563,0.14099486484979917,0,100,non_normal
0.015585126854337945,0.033284871255987225,0.03421990918927001,0.6406566093432084,-0.0504676168779512,0.08163787058662708,0,100,non_normal
-0.03184808968426871,0.0355022964508443,0.03424574040076985,0.3718793728017046,-0.10230124154837748,0.03860506217984007,0,100,non_normal
0.025455260520405455,0.035928096196847004,0.03742655268330194,0.48031320053481297,-0.04584287708174883,0.09675339812255973,0,100,non_normal
0.013667342503276007,0.03398371392466916,0.027611575704024,0.6884323105769268,-0.053772231760777126,0.08110691676732913,0,100,non_normal
-0.0029463858680375526,0.034202602793021945,0.036007998132662075,0.9315268500683347,-0.07082033796747308,0.06492756623139798,0,100,non_normal
-0.017292705850899245,0.032972412984015174,0.034094056508309094,0.6011430548085593,-0.08272538631159344,0.04813997460979495,0,100,non_normal
0.03397502736956875,0.038119388456157324,0.03381505418892329,0.3749623231165784,-0.04167165840432401,0.1096217131434615,0,100,non_normal
-0.0061773312205052906,0.03596526848306367,0.03850281625723719,0.8639817733100548,-0.07754923601486317,0.0651945735738526,0,100,non_normal
0.007292682311153207,0.03419894223642851,0.03319061559586545,0.8315804758140568,-0.060574005532857564,0.07515937015516398,0,100,non_normal
-0.021297478347742975,0.033827641924870054,0.03217448070665302,0.530429221641368,-0.0884273328076475,0.045832376112161545,0,100,non_normal
-0.019086241221327994,0.03734747393540078,0.0364391994310457,0.6104689316748995,-0.09320108775118,0.05502860530852401,0,100,non_normal
-0.031571783274811416,0.034269452626525775,0.037696364451736276,0.35916634359420785,-0.09957839669316913,0.0364348301435463,0,100,non_normal
-0.0069613978968551486,0.034746908106511626,0.03181767205492406,0.8416253033416946,-0.07591550617618247,0.061992710382472165,0,100,non_normal
0.08133076258800845,0.036318745406786694,0.0336316704055175,0.02739310460017124,0.009257394342631342,0.15340413083338555,1,100,non_normal
-0.007622802384971227,0.03485140022779004,0.033282586793648365,0.8273206972647835,-0.07678427187821957,0.06153866710827711,0,100,non_normal
-0.016249744122123558,0.033547529386872894,0.033500659921815,0.6291971800130194,-0.08282372436679586,0.05032423612254874,0,100,non_normal
-0.02541547501848191,0.039315034642158776,0.03582935647915391,0.5194946134272127,-0.10343488173550394,0.05260393169854013,0,100,non_normal
-0.04009650681197559,0.035719681137611585,0.03579832742338717,0.26437872133811324,-0.11098105151206478,0.0307880378881136,0,100,non_normal
-0.02723765342038437,0.03617501025161903,0.03422113305662873,0.4532902288951941,-0.09902578392827427,0.044550477087505536,0,100,non_normal
0.03283152191676883,0.033755903935607616,0.031290553450399584,0.3331389034251756,-0.034155970838198366,0.09981901467173603,0,100,non_normal
0.015188075274808942,0.03714038461826719,0.03485234231334112,0.6834782385118684,-0.05851580924503202,0.0888919597946499,0,100,non_normal
0.0024336886449850825,0.03657162718055233,0.0345040711785608,0.94707885713608,-0.07014151525024763,0.0750088925402178,0,100,non_normal
0.03388445533802588,0.0333049000238801,0.030241665220457306,0.3114676499756624,-0.032208034832298935,0.09997694550835069,0,100,non_normal
-0.011635364432858009,0.034593488248600236,0.031832016566796024,0.7373294643081898,-0.0802850159972974,0.05701428713158138,0,100,non_normal
0.06471648554601606,0.03256013697960435,0.029183721547049537,0.04964659946411371,0.00010195339831620132,0.1293310176937159,1,100,non_normal
0.00013966258309976512,0.03569179641557938,0.03223139314804309,0.9968858270355662,-0.07068954579364078,0.07096887095984031,0,100,non_normal
0.003386856254477449,0.034776539980497866,0.032453777551386766,0.92261629533592,-0.06562605551438923,0.07239976802334412,0,100,non_normal
0.08022667203506795,0.03339583845943423,0.03582429004756521,0.01817615204745452,0.013953717499029475,0.14649962657110643,1,100,non_normal
-0.009636308813872651,0.037400669958145734,0.03667412611335671,0.7972167467841537,-0.08385672111956696,0.06458410349182167,0,100,non_normal
0.00990596961644246,0.03484409773605507,0.032194111472669006,0.7767848787399745,-0.0592410083196216,0.07905294755250653,0,100,non_normal
0.0019998450406764554,0.03647667484164624,0.035893514276431344,0.9563892507127356,-0.07038692902827542,0.07438661910962832,0,100,non_normal
-0.008601606326460964,0.03317099120180207,0.026111851435200114,0.7959391481813682,-0.07442835879751132,0.05722514614458939,0,100,non_normal
0.03441726673247999,0.03789209243690837,0.042668298965267346,0.36594966631117043,-0.040778357488692484,0.10961289095365245,0,100,non_normal
-0.011304741377191986,0.0364702177177895,0.04089957968081705,0.7572405430736817,-0.08367870149400095,0.06106921873961698,0,100,non_normal
-0.035775498924806796,0.033738985556254555,0.03749266586888777,0.2915868245705729,-0.10272941770656621,0.031178419856952612,0,100,non_normal
-0.021601359857474006,0.03393204397535025,0.029691345189288763,0.5258653816621007,-0.08893839678873189,0.04573567707378387,0,100,non_normal
0.048753867053736064,0.03527949691494072,0.038924922535132654,0.170134561076716,-0.02125714638251068,0.11876488048998281,0,100,non_normal
-0.043943294853513344,0.033267296041121934,0.039073882135787615,0.1896056022799292,-0.10996116114389776,0.022074571436871075,0,100,non_normal
0.022872547163740396,0.03473492203069572,0.037146173180021246,0.511768344496097,-0.04605777513822396,0.09180286946570476,0,100,non_normal
-0.05760149754130307,0.036391436459917416,0.03734890130378494,0.11668198965407252,-0.1298191188158461,0.01461612373323995,0,100,non_normal
-0.01038893804032786,0.03289543665318902,0.031577381715006396,0.7528130235182326,-0.07566886147773638,0.054890985397080656,0,100,non_normal
-0.005557253928502703,0.03507837417540314,0.038410696556971755,0.8744487589016718,-0.07516914583379199,0.06405463797678658,0,100,non_normal
0.038118250853454314,0.03415180362194446,0.03173040547482908,0.26709076223531997,-0.0296548919442661,0.10589139365117473,0,100,non_normal
0.01056913036314117,0.03874328525695431,0.048404831812545755,0.7855817182779763,-0.06631565830685414,0.08745391903313647,0,100,non_normal
-0.01478910568226829,0.03540995142210652,0.032252199682099594,0.6771137939334273,-0.08505900184226885,0.05548079047773226,0,100,non_normal
0.04442231256839639,0.03414047613752579,0.028125645058361078,0.19625365113841559,-0.02332835120515464,0.11217297634194742,0,100,non_normal
0.0297995697659909,0.03602901982213667,0.03817204216581609,0.4101902961764201,-0.04169884748593348,0.10129798701791529,0,100,non_normal
-0.010849889352667307,0.0342349115163833,0.03381653454414774,0.7519748892105459,-0.0787879570621075,0.0570881783567729,0,100,non_normal
0.05873212165982814,0.037178470189462236,0.042890118111224694,0.11739002496602104,-0.015047342436532642,0.13251158575618893,0,100,non_normal
0.03830437265840533,0.03505838996883125,0.030285683282746063,0.27725339217109823,-0.03126786123933949,0.10787660655615015,0,100,non_normal
0.030834815767178243,0.03478619687551064,0.03962572024335686,0.37756693734362523,-0.03819725979555211,0.09986689132990859,0,100,non_normal
-0.049047886831005055,0.03278306253078484,0.028048466833296374,0.13783208296735622,-0.11410480747978272,0.016009033817772605,0,100,non_normal
0.006474868610803727,0.034861949818595056,0.03148625267437482,0.853041311438293,-0.06270753620205469,0.07565727342366213,0,100,non_normal
-0.02994073999573396,0.036012628856321165,0.04096022985974312,0.407771354428503,-0.10140662990945086,0.04152514991798294,0,100,non_normal
-0.022094489748123388,0.03454475344300428,0.0296551223317383,0.5239313184192563,-0.0906474286769598,0.04645844918071301,0,100,non_normal
-0.07119420452368386,0.036089692595304784,0.03664573772213191,0.05134709851397685,-0.14281302491933018,0.00042461587196246375,0,100,non_normal
0.013315689443109064,0.03539576345016075,0.04235905821181353,0.7075855374781245,-0.0569260511483208,0.08355743003453893,0,100,non_normal
0.0026884010141043115,0.03484088466892768,0.030841832592004466,0.938651791872374,-0.06645220069481657,0.07182900272302518,0,100,non_normal
-0.03902843927881836,0.03708058755575859,0.04127841773395997,0.2951446558675316,-0.11261365847424068,0.03455677991660396,0,100,non_normal
0.029475028772584805,0.03347731722744321,0.03955039464803488,0.38077087006041754,-0.036959617726794264,0.09590967527196387,0,100,non_normal
-0.03180003658043752,0.033852315777987016,0.026264931129830804,0.34984755185435346,-0.09897885549882796,0.03537878233795291,0,100,non_normal
-0.00043440911091571516,0.03610908922051983,0.038101435613307345,0.990425766949846,-0.072091721478027,0.07122290325619557,0,100,non_normal
0.0487998605845584,0.03364120553249587,0.04075711667659681,0.15008513557642006,-0.017960016922358824,0.11555973809147563,0,100,non_normal
-0.020652399460521706,0.03344112864111771,0.0487212513829805,0.5382880484819601,-0.08701523088811611,0.045710431967072696,0,100,non_normal
-0.05677317155884593,0.03403978359148616,0.030280600405196197,0.09853839774760251,-0.12432401425187795,0.010777671134186088,0,100,non_normal
-0.0014690978171583444,0.03469097991780677,0.03411914401681296,0.9663073464308283,-0.07031221842621584,0.06737402279189915,0,100,non_normal
0.061049552924774785,0.03680828624503163,0.03547222967321666,0.10039750910930852,-0.011995293181712156,0.13409439903126172,0,100,non_normal
-0.015070004982870755,0.03473611770741822,0.03409944053562779,0.6653563791966982,-0.08400270006637693,0.05386269010063542,0,100,non_normal
0.06487475589456612,0.03449223559054424,0.03275279370889868,0.06296112399793162,-0.003573963065286956,0.1333234748544192,0,100,non_normal
0.04736659334895808,0.03590261500671881,0.03122909562134549,0.1901404470012188,-0.023880977660686753,0.11861416435860292,0,100,non_normal
0.03731240659893591,0.03405446955103489,0.036146303006519456,0.27590925629332097,-0.030267579902857597,0.10489239310072941,0,100,non_normal
0.05048601138320105,0.03309569643392768,0.03639312278153392,0.13036641641734759,-0.015191321071513955,0.11616334383791606,0,100,non_normal
-0.0451220684591018,0.03197729472965284,0.036905705391041044,0.16139194453736222,-0.10857996913070805,0.018335832212504455,0,100,non_normal
-0.052306988576899,0.03674149736010955,0.044915753933346916,0.15772423604130217,-0.1252192943149406,0.020605317161142625,0,100,non_normal
0.014467338209973778,0.03676469015210593,0.03347185040212867,0.6947963590106967,-0.05849099286896194,0.08742566928890949,0,100,non_normal
0.03640612115283468,0.03417773483014525,0.03538138730608679,0.289402871309298,-0.03141848128361415,0.10423072358928351,0,100,non_normal
-0.02667016759599185,0.03485442895922426,0.02903484552174519,0.44599884265046674,-0.09583764750819959,0.042497312316215896,0,100,non_normal
0.05108031485092901,0.03548048345002904,0.04664700213085899,0.15314652448924884,-0.019329549822978506,0.12149017952483653,0,100,non_normal
0.047183527603783915,0.03611930878318003,0.03898628316400173,0.19449997943161373,-0.024494065152825026,0.11886112036039286,0,100,non_normal
0.00646678895686436,0.03544786742423943,0.035935102524815375,0.8556213714524752,-0.06387835027537092,0.07681192818909965,0,100,non_normal
0.03432848094375618,0.035490004648819365,0.033294151341184526,0.335789227080865,-0.03610027823927785,0.1047572401267902,0,100,non_normal
-0.029344130523606737,0.03888204226060351,0.04131251166361166,0.45224107495693755,-0.10650427795141765,0.04781601690420417,0,100,non_normal
0.015660449740546332,0.03781858567317969,0.03504600449736477,0.6797101713424685,-0.05938930270032632,0.09071020218141898,0,100,non_normal
0.05381263223749101,0.03676090187045532,0.04866564048625386,0.146433869595339,-0.019138181119800868,0.1267634455947829,0,100,non_normal
0.024517545481776253,0.03548617348169559,0.03625928330470582,0.4912590489337938,-0.04590361087478818,0.09493870183834069,0,100,non_normal
-0.01400050553966485,0.03680387877580612,0.02874762986051456,0.7044655405417766,-0.08703660516691737,0.05903559408758767,0,100,non_normal
-0.0809318625063015,0.0341094096964351,0.027657507916850406,0.019610093098744504,-0.1486208759385832,-0.013242849074019805,1,100,non_normal
-0.005792288756666,0.037063241931657886,0.03671614647881035,0.8761328457915909,-0.07934308612558376,0.06775850861225176,0,100,non_normal
0.0022965662891345634,0.033455277265024515,0.03984425650443359,0.9454113834235003,-0.06409434262212782,0.06868747520039695,0,100,non_normal
-0.03161208726132063,0.0392327102014627,0.02740862348977529,0.4223329800631487,-0.10946812380507742,0.046243949282436164,0,100,non_normal
-0.0001633289992472621,0.03360448549293645,0.03298011538787248,0.9961319105386885,-0.06685033678273355,0.06652367878423904,0,100,non_normal
-0.036366848666597625,0.034302471827345665,0.049751057663710546,0.2916679421048706,-0.1044389876143536,0.03170529028115835,0,100,non_normal
0.031808153339082074,0.03414825495590959,0.0355406948189177,0.3538983589407897,-0.0359579472463855,0.09957425392454965,0,100,non_normal
0.01543040891755747,0.035858885850632176,0.03554144182516648,0.6679155552215073,-0.05573038300502389,0.08659120084013883,0,100,non_normal
0.072839286488619,0.032832002407958,0.028593988476459078,0.028825687716613178,0.007685246246367558,0.13799332673087045,1,100,non_normal
0.002416912888510068,0.03637624629446986,0.03568585095796425,0.9471612412804972,-0.06977056399707493,0.07460438977409506,0,100,non_normal
0.04074555230214465,0.03559990344957095,0.04530630638986765,0.25518701952018313,-0.02990129747426143,0.11139240207855072,0,100,non_normal
-0.08528631603899828,0.03482744213189943,0.03310642083939096,0.01610883956381704,-0.15440024147068165,-0.016172390607314888,1,100,non_normal
-0.013308246908496841,0.034641914152497975,0.029021842614548855,0.7016876861932843,-0.0820539981031725,0.055437504286178815,0,100,non_normal
-0.013315679869217969,0.034452608705949295,0.039711913955362096,0.6999697419538562,-0.08168576056627205,0.05505440082783611,0,100,non_normal
-0.013670195237643061,0.0371139579539473,0.030317405705562756,0.7134213973582761,-0.08732163690221215,0.05998124642692602,0,100,non_normal
-0.05461437497535955,0.033304353663237016,0.03531155981351478,0.10424112788053666,-0.12070578091076979,0.011477030960050691,0,100,non_normal
0.027530791385474665,0.035185650611784185,0.04033989523414603,0.4358404003781441,-0.04229398711643967,0.097355569887389,0,100,non_normal
0.006611003103947362,0.03573665014851003,0.030882551218733467,0.853617428619626,-0.06430721604600362,0.07752922225389833,0,100,non_normal
-0.03647670674452845,0.03652459222164481,0.03550417758153955,0.3204049481883427,-0.10895857129458889,0.036005157805531984,0,100,non_normal
0.028749690671172036,0.03719472553443265,0.03513927224802891,0.44141185028432905,-0.04506203162824301,0.10256141297058707,0,100,non_normal
-0.011546615767695535,0.03380664830796271,0.027965221286427575,0.7334218456017307,-0.07863480907809672,0.05554157754270566,0,100,non_normal
0.0032679539629879087,0.03462587396980511,0.0320871828895863,0.9250008288895057,-0.0654459660111707,0.07198187393714653,0,100,non_normal
0.0023382076143074384,0.03518424917642836,0.024465088042698452,0.9471501039719261,-0.06748378978475379,0.07216020501336866,0,100,non_normal
0.0036296770218244567,0.03442685560086142,0.034810070967305144,0.9162488754539448,-0.06468929747633231,0.07194865151998123,0,100,non_normal
0.07558979259515192,0.03356555840617452,0.03893334727393158,0.026553665007043967,0.008980034348440316,0.14219955084186353,1,100,non_normal
-0.012263628263964163,0.03630707301896303,0.04244207941127189,0.73625507438055,-0.08431383303558976,0.05978657650766143,0,100,non_normal
-0.022389565043016778,0.03360449804940285,0.03933761473032276,0.5068059400656947,-0.08907659774440199,0.04429746765836844,0,100,non_normal
-0.0522936274767884,0.034372667485792006,0.03426538323269439,0.13138655609321812,-0.12050506742417319,0.01591781247059639,0,100,non_normal
0.008418000733548828,0.036371631419895634,0.034837354190665894,0.8174523370059341,-0.06376031808363736,0.08059631955073501,0,100,non_normal
-0.01843448123892938,0.03442608189349598,0.03041221350789522,0.5935310584077707,-0.08675192034000019,0.04988295786214143,0,100,non_normal
0.033951917552371216,0.03441044600183383,0.037135412418787005,0.3262319249694112,-0.0343344926305751,0.10223832773531753,0,100,non_normal
0.014242271932982466,0.03457778294575686,0.028947519466618388,0.6813189561157578,-0.05437621296910233,0.08286075683506727,0,100,non_normal
0.018296902228546748,0.03449589376551651,0.03110082689473469,0.5970288380421522,-0.050159076260481404,0.08675288071757489,0,100,non_normal
-0.03551316795038225,0.03455148502809823,0.03263674692562165,0.3065584587297055,-0.10407946549075431,0.033053129589989814,0,100,non_normal
0.033451589730728294,0.03378342162796162,0.03587663205735696,0.32452579789976643,-0.03359051098913635,0.10049369045059295,0,100,non_normal
0.02399716960494664,0.03596838078926287,0.03451413586436344,0.50622889726838,-0.04738091145977178,0.09537525066966507,0,100,non_normal
0.03237514002606341,0.03795800428790724,0.03967851770741516,0.39578346981644374,-0.04295128411827734,0.10770156417040416,0,100,non_normal
0.006193329994914487,0.03528004563591962,0.04031268703933307,0.8610115270392091,-0.06381877236025645,0.07620543235008541,0,100,non_normal
0.010080327139940948,0.03680040143816049,0.036127438370741456,0.7847234277705882,-0.06294887182392578,0.08310952610380767,0,100,non_normal
0.03259825419504226,0.036743788325717154,0.03336463558103678,0.3771555568724442,-0.04031859788968687,0.1055151062797714,0,100,non_normal
-0.007120884338580581,0.03323013647864398,0.028604295990977295,0.8307662025452958,-0.07306500868660676,0.05882324000944559,0,100,non_normal
0.033274227726701036,0.0334102722306851,0.03335088313129542,0.32173784670992667,-0.03302737015862943,0.0995758256120315,0,100,non_normal
-0.010916355532475008,0.03571522350545552,0.033215978924504584,0.7605195026310027,-0.08179205420662669,0.05995934314167667,0,100,non_normal
0.014086846998950658,0.03306616667178242,0.03744418949983658,0.6710275320811422,-0.05153188460385012,0.07970557860175144,0,100,non_normal
-0.03839008504614143,0.038853608348203984,0.030084717529794816,0.32555163997840597,-0.11549380630019346,0.0387136362079106,0,100,non_normal
0.008668975824946988,0.03521702877133399,0.03207368110547586,0.8060742748302833,-0.06121807161337375,0.07855602326326772,0,100,non_normal
0.005515190879731233,0.03610232848997677,0.03947691333896513,0.8788972862492086,-0.06612870503764921,0.07715908679711168,0,100,non_normal
-0.013889308105088021,0.03547515965647099,0.03428452614205895,0.6962613926514913,-0.08428860788394549,0.05650999167376944,0,100,non_normal
-0.025826534322900652,0.03526953011101048,0.03185130832178256,0.46575638163334954,-0.09581776896112318,0.04416470031532188,0,100,non_normal
-0.012812197268374566,0.036284836554400256,0.030004105253955266,0.7247714126043306,-0.08481827449977383,0.05919387996302469,0,100,non_normal
0.026687472963548745,0.03479040357129352,0.0386416962903485,0.44487037386884454,-0.0423529506500534,0.09572789657715089,0,100,non_normal
0.02044731374454742,0.034632664561504656,0.030945212591384528,0.5562779044840491,-0.04828008193783523,0.08917470942693007,0,100,non_normal
0.022079690970154865,0.03790661178501273,0.03596669280795519,0.5615838832418099,-0.05314474642479019,0.09730412836509991,0,100,non_normal
-0.046639946228417946,0.03576338798159996,0.036420402474590344,0.1952455733236932,-0.11761122573793778,0.02433133328110188,0,100,non_normal
-0.03505634363212705,0.033993808801380095,0.03768017035857232,0.3049588280902556,-0.10251595085046948,0.03240326358621538,0,100,non_normal
-0.025056914489012882,0.03598036353372425,0.036123926094885815,0.4878235446584773,-0.09645877492012962,0.04634494594210385,0,100,non_normal
-0.009702121782987513,0.032520759150300095,0.03226808261352835,0.7660781587996326,-0.07423850991000709,0.05483426634403206,0,100,non_normal
-0.03839039216888852,0.03479907604224975,0.04115117091345585,0.27264135055392175,-0.10744802601885275,0.03066724168107573,0,100,non_normal
0.06237032336363314,0.03489936254726032,0.03927319668364288,0.07700512603720658,-0.006886325791642778,0.13162697251890906,0,100,non_normal
0.03769477971330784,0.03682620528671978,0.034363730608129556,0.30855103215201496,-0.035385626148223756,0.11077518557483944,0,100,non_normal
-0.03093429051032752,0.033103996267775285,0.021172835186523215,0.35236456308540454,-0.09662809371519025,0.03475951269453521,0,100,non_normal
0.018296333395504495,0.03393880742931124,0.030894048358306194,0.5910420678547076,-0.04905412539001849,0.08564679218102747,0,100,non_normal
-0.041719028803546214,0.03637494886388184,0.03373089577556686,0.2542086014149607,-0.1139039309803549,0.030465873373262474,0,100,non_normal
0.025474930912521794,0.033341483400490174,0.033890025044007885,0.44666655052009063,-0.040690157778058754,0.09164001960310234,0,100,non_normal
0.0145916580938186,0.03441578217988202,0.030473577919665682,0.6725084422783836,-0.053705341560795386,0.08288865774843258,0,100,non_normal
-0.0036048697338151373,0.036554758338391634,0.03808062157335759,0.9216449075836219,-0.07614659796078607,0.06893685849315581,0,100,non_normal
-0.0425053206306396,0.03147093443115281,0.031311666265185174,0.17992724742814215,-0.10495836576965875,0.019947724508379547,0,100,non_normal
0.020675216003010165,0.03369863166881287,0.03315802844537334,0.5409455506271119,-0.04619862180246163,0.08754905380848196,0,100,non_normal
-0.018254491672240514,0.031704226709628275,0.029627746126032087,0.5660873172474374,-0.08117049774526328,0.044661514400782254,0,100,non_normal
-0.017503400878239015,0.033947053681020224,0.041582669287911586,0.6072888893305357,-0.08487022408189948,0.04986342232542146,0,100,non_normal
0.03882646777459246,0.03369880639265105,0.0278085883564006,0.25205759655806936,-0.028047716764649705,0.10570065231383463,0,100,non_normal
-0.008227889811854329,0.0356129256389272,0.030503899326293916,0.8177680211043697,-0.07890058169922326,0.06244480207551461,0,100,non_normal
0.04416959167273517,0.032397972918200534,0.03405004160491065,0.17589794554574567,-0.020123131172831155,0.10846231451830149,0,100,non_normal
-0.04453103026538328,0.036840001376098525,0.03692652993143367,0.22966024309559596,-0.11763881401728535,0.028576753486518787,0,100,non_normal
0.010213961862398561,0.034689940394597614,0.02393641100259013,0.7690476503815303,-0.05862709584668224,0.07905501957147937,0,100,non_normal
-0.00562237382191409,0.032527058602472576,0.035114034805823875,0.8631240956733633,-0.07017126300675068,0.058926515362922496,0,100,non_normal
-0.030263733906822337,0.033686254010448335,0.036579382683903434,0.3711742946072435,-0.09711300865210769,0.03658554083846301,0,100,non_normal
0.01456822248410871,0.036865677971365605,0.04006583915513436,0.6935760172482307,-0.05859051563544137,0.08772696060365878,0,100,non_normal
-0.07338211046185583,0.03983056721740527,0.03996463746912672,0.06844652833515555,-0.15242457479615132,0.005660353872439655,0,100,non_normal
0.01463425879790026,0.03744144690852911,0.028718584688644237,0.6967512103076485,-0.05966707403872064,0.08893559163452115,0,100,non_normal
0.04779155105970985,0.033704022249569185,0.02708161038546945,0.1593692549015051,-0.019092984177833297,0.114676086297253,0,100,non_normal
-0.005080192852467551,0.03838568139140335,0.036114784515002926,0.8949819473886617,-0.08125532828969981,0.0710949425847647,0,100,non_normal
-0.03518555012948303,0.033704711043143126,0.03210434821445122,0.2990834446699282,-0.10207145225545648,0.03170035199649042,0,100,non_normal
-0.05073183061068494,0.032183142494398284,0.024468713024218262,0.11816839759884,-0.114598229471995,0.013134568250625117,0,100,non_normal
-0.050624703317059455,0.03419765067170103,0.03904957879603656,0.14198601509905645,-0.11848882809290326,0.01723942145878435,0,100,non_normal
-0.02694460328218266,0.032366860168566484,0.029737047135305242,0.4071649622419454,-0.0911755838886825,0.037286377324317166,0,100,non_normal
-0.0216029606874773,0.03476431386956955,0.032950973653273805,0.5357714264804448,-0.09059161013711253,0.04738568876215793,0,100,non_normal
-0.0429994738463051,0.033459090344695776,0.03416159158495727,0.201773822123214,-0.10939794969007624,0.023399001997466036,0,100,non_normal
-0.01846925255712436,0.03539908824584345,0.03450834081248885,0.6030259829945422,-0.08871759109737914,0.051779085983130434,0,100,non_normal
-0.05112963810500232,0.03330880505987709,0.0356365378332144,0.12800151706120114,-0.11722987769217154,0.014970601482166904,0,100,non_normal
0.012251334862636054,0.03562763386946529,0.03593137355729733,0.7316794882294001,-0.05845054502954792,0.08295321475482002,0,100,non_normal
-0.018717238190943303,0.034809321042167954,0.03451665780471632,0.591997878083822,-0.08779520290981582,0.05036072652792922,0,100,non_normal
-0.07111554018123514,0.03299493965592406,0.02695782814229085,0.03358384696578007,-0.13659292408918908,-0.0056381562732812085,1,100,non_normal
-0.00956128923818151,0.034648134857163504,0.028614686684203035,0.7831645228449534,-0.07831938521880952,0.05919680674244649,0,100,non_normal
-0.030527654420471215,0.040385494772917134,0.036275344254885745,0.45151846340504354,-0.11067135442824455,0.04961604558730212,0,100,non_normal
-0.017745479951180886,0.03431137930120256,0.026465634248595125,0.6061893458081036,-0.08583529549090702,0.05034433558854525,0,100,non_normal
-0.053285929531500395,0.034707289172359726,0.03486247213532042,0.12793367907649222,-0.1221614153254242,0.015589556262423407,0,100,non_normal
0.0401656073876834,0.03410299741303164,0.03157173084043584,0.24173914567176,-0.027510681076875564,0.10784189585224235,0,100,non_normal
-0.02623514025891898,0.03394059632219998,0.034320509086595306,0.4413991600730227,-0.09358914904415913,0.04111886852632116,0,100,non_normal
0.0710259088661739,0.03450816432329507,0.031365292638530155,0.04222176104768466,0.0025455798545865327,0.13950623787776126,1,100,non_normal
-0.04086432173505565,0.032890934265130733,0.03229066902656013,0.21704678022545087,-0.1061353103298953,0.024406666859784,0,100,non_normal
-0.0017923759689469575,0.032137171842604194,0.027247830505286497,0.9556364548027847,-0.06556754756791287,0.061982795630018954,0,100,non_normal
-0.020093662316939542,0.032396075760331704,0.03308787901297008,0.5365329531482584,-0.08438262031445926,0.04419529568058017,0,100,non_normal
0.014905064847797545,0.03703086215275753,0.04316609257575758,0.6881898766892547,-0.05858147590371091,0.088391605599306,0,100,non_normal
0.02593964710657811,0.03289043159998917,0.03199579929044311,0.43220952621560327,-0.03933034396564763,0.09120963817880384,0,100,non_normal
0.02714539263281445,0.036981504272628134,0.033074228084372895,0.4646853359822388,-0.04624319901195773,0.10053398427758664,0,100,non_normal
0.0016531575368769758,0.035942927987091075,0.039673087609642305,0.9634086599179867,-0.06967441327030756,0.07298072834406151,0,100,non_normal
0.02669820870029868,0.03423880248983652,0.035174282961953234,0.43740855386562305,-0.04124758051932548,0.09464399791992284,0,100,non_normal
-0.010792511265998249,0.0354230347253167,0.03348518452679323,0.7612598065430988,-0.08108837081541581,0.059503348283419306,0,100,non_normal
0.05832415898724562,0.03331242173248398,0.03261265610126253,0.08310557719570241,-0.007783257769005278,0.12443157574349652,0,100,non_normal
0.02249389680510007,0.0332424002955694,0.03416836906959268,0.5002139283589874,-0.043474564688481654,0.08846235829868179,0,100,non_normal
-0.012169323095507884,0.03480580655419149,0.028966802058896377,0.7273629791154552,-0.08124031342737216,0.05690166723635639,0,100,non_normal
0.025653419516293435,0.036507163706143334,0.03281795038236532,0.4839113905989718,-0.04679385871197535,0.09810069774456222,0,100,non_normal
-0.013462755635951961,0.03719172824493091,0.03628211705957068,0.718144455881093,-0.0872685299118993,0.060343018639995374,0,100,non_normal
-0.0792696018164395,0.0332921119318389,0.03338944721744153,0.019197035549209863,-0.14533671443430435,-0.013202489198574655,1,100,non_normal
0.03301310377507226,0.035873584113963145,0.03403435884075937,0.35969549927821254,-0.038176856372726,0.10420306392287051,0,100,non_normal
-0.07999229336149127,0.031925253161774685,0.03325592486094801,0.013871798241030965,-0.14334691923536597,-0.016637667487616567,1,100,non_normal
0.0020169849412703875,0.03606744854548986,0.03644667318916026,0.9555173350423677,-0.06955769286146357,0.07359166274400433,0,100,non_normal
0.0352968601815582,0.03262053980189081,0.03671919535552219,0.28188830363222395,-0.029437539401124646,0.10003125976424104,0,100,non_normal
0.06322415131922365,0.03569382425721477,0.03447139199727309,0.0796210127737378,-0.007609081243245053,0.13405738388169236,0,100,non_normal
0.013118741957966388,0.031409531469077275,0.022324456543587237,0.6771038764929563,-0.04921245100120847,0.07544993491714125,0,100,non_normal
-0.024996593182943005,0.035450657126705275,0.03848235314659034,0.4824146574539121,-0.09534726848892928,0.045354082123043274,0,100,non_normal
-0.04876287089775554,0.03449753499141894,0.03396048520948694,0.16067223453764365,-0.11722210634617242,0.019696364550661337,0,100,non_normal
0.011637261453913462,0.035569475883787414,0.030547378410640397,0.7442372054945626,-0.05894920580847776,0.08222372871630468,0,100,non_normal
0.0038448314233833734,0.03527975883445716,0.030805437501980865,0.9134402175597085,-0.06616670178361941,0.07385636463038617,0,100,non_normal
-0.012250811828046307,0.034858033384242766,0.0322600550452527,0.726006218635646,-0.0814254446043952,0.05692382094830258,0,100,non_normal
0.024935267876362386,0.032964863267982994,0.02802588469914529,0.45121224940259064,-0.0404824304185758,0.09035296617130056,0,100,non_normal
0.054931517035333076,0.03511223674208778,0.035242368157138805,0.12093427486208329,-0.014747574031465226,0.12461060810213137,0,100,non_normal
-0.03945505366234778,0.03294897670874608,0.03396536268593699,0.23401602110155098,-0.10484122559751748,0.02593111827282192,0,100,non_normal
-0.0377395075083182,0.033709380296243555,0.03449596896877052,0.2656398532523111,-0.10463467561510593,0.029155660598469538,0,100,non_normal
0.02088850598167826,0.03261210176611683,0.03783109430292434,0.5233333861700871,-0.04382914859363183,0.08560616055698836,0,100,non_normal
-0.007455818637460539,0.03880603860470287,0.037288831116534506,0.8480376430453234,-0.08446513928371918,0.06955350200879812,0,100,non_normal
0.0029445240200697727,0.03468492744663339,0.03666789914622752,0.9325192673664265,-0.06588658565692529,0.07177563369706483,0,100,non_normal
-0.02363741944430616,0.03359339543546443,0.03118983325670429,0.4833298417651246,-0.09030241936967151,0.043027580481059195,0,100,non_normal
-0.05386106821639636,0.03478239651502289,0.03939975643078185,0.12472173790114685,-0.12288560208742368,0.015163465654630962,0,100,non_normal
0.0017379264540743691,0.03492363134586742,0.0348568437464421,0.960412038542154,-0.06756688334219538,0.07104273625034413,0,100,non_normal
-0.0073525474504126664,0.035624916850161864,0.036877220834002314,0.836916196218308,-0.07804903550621595,0.06334394060539061,0,100,non_normal
-0.0019892558976451827,0.03525565698135223,0.04044827253274072,0.9551191275991585,-0.07195295976156987,0.06797444796627952,0,100,non_normal
-0.025698622284374202,0.03469662700737774,0.019593758136416353,0.4606667478568591,-0.09455294935889752,0.04315570479014911,0,100,non_normal
-0.03414681004236658,0.03480250517374361,0.038476476128399,0.328930104416025,-0.10321124889217734,0.03491762880744417,0,100,non_normal
0.04062726161159942,0.03581251091230665,0.03235950142350342,0.25937592931587294,-0.030441500755173892,0.11169602397837274,0,100,non_normal
-0.013434391550746563,0.03603032880579531,0.03396123174715263,0.7100553339373539,-0.0849354064381399,0.05806662333664678,0,100,non_normal
0.08718478798465942,0.03502571128462744,0.03253648301709901,0.014489168539002156,0.01767740387217054,0.1566921720971483,1,100,non_normal
-0.02694784537969073,0.036027343967052816,0.04295326186943842,0.4562615489850089,-0.09844293695174286,0.04454724619236141,0,100,non_normal
0.038961194240848165,0.033447560369074404,0.03142765257111995,0.2469097409758143,-0.02741440074155202,0.10533678922324835,0,100,non_normal
-0.03237131050275528,0.03672842994097524,0.03688377360225129,0.3802745146893023,-0.10525768437281152,0.04051506336730096,0,100,non_normal
0.016016651234591082,0.03434775176660157,0.029932198574037113,0.6420295138541141,-0.05214534427895665,0.08417864674813882,0,100,non_normal
0.021811076567831603,0.03524197321854407,0.03214132446951849,0.53742160813951,-0.0481254723141462,0.0917476254498094,0,100,non_normal
-0.02103702916741869,0.03600182079555779,0.03798536183385802,0.560339463747431,-0.0924814708363052,0.050407412501467824,0,100,non_normal
-0.026912026959899915,0.03327980942238354,0.030956777169881773,0.4206699636361534,-0.09295472564814282,0.03913067172834299,0,100,non_normal
0.052277167225858026,0.036479717926195816,0.0391680557021883,0.1550267754573003,-0.020115645745343552,0.1246699801970596,0,100,non_normal
0.028639221677868476,0.03366563166764982,0.03429570093425812,0.39701193605621266,-0.038169128699299185,0.09544757205503614,0,100,non_normal
0.014656826130713785,0.035874116151278196,0.031244761743821885,0.6837519873306448,-0.05653418982782074,0.08584784208924831,0,100,non_normal
-0.0025073703716733935,0.03409500591971538,0.03378270284999878,0.9415257579408748,-0.07016779997783397,0.06515305923448718,0,100,non_normal
-0.03217010047903372,0.037110892122108184,0.037080639194748966,0.3881339949041004,-0.10581545810009733,0.04147525714202989,0,100,non_normal
-0.0005381371372983196,0.03324486383990983,0.037717668846357126,0.9871180552175518,-0.06651148745444616,0.06543521317984952,0,100,non_normal
-0.0193699601773369,0.03419852485288616,0.03155333723584771,0.5724184091433626,-0.08723581973729186,0.04849589938261806,0,100,non_normal
-0.010313483402060177,0.034949531912308096,0.03011023997807555,0.7685444568876517,-0.07966969202948267,0.059042725225362316,0,100,non_normal
-0.02693840751106434,0.03484883815024033,0.031108054911848242,0.4413785129223623,-0.09609479264479956,0.04221797762267088,0,100,non_normal
-0.027753595524779913,0.03523209765987124,0.03565787433955532,0.4327522448934342,-0.0976705466819772,0.042163355632417375,0,100,non_normal
-0.04017800589976153,0.03571269374528609,0.03800592696684931,0.2633223731289957,-0.11104868434718945,0.03069267254766639,0,100,non_normal
-0.031895654746553634,0.03524535583061784,0.028986924357361863,0.36770572886355646,-0.10183891631210278,0.03804760681899551,0,100,non_normal
-0.022085576621683412,0.033235716762315425,0.031920512368797865,0.5079224331345087,-0.08804077486104203,0.043869621617675214,0,100,non_normal
0.013302457881901746,0.03586709809251027,0.024256653344089735,0.7115259983107558,-0.05787463096741456,0.08447954673121806,0,100,non_normal
-0.009943383100594456,0.034660635162420926,0.03307088798212669,0.7748111915048166,-0.07872628553017622,0.058839519328987296,0,100,non_normal
0.02137750249916712,0.03379932759159615,0.03753227086070995,0.5285442166510903,-0.04569616308786155,0.08845116808619578,0,100,non_normal
0.006099992430085757,0.03522771580996949,0.03652391537277592,0.862883676178337,-0.06380826308859132,0.07600824794876283,0,100,non_normal
0.009949281613907027,0.03589641621779625,0.04092529046303974,0.782236111360242,-0.06128598810086412,0.08118455132867818,0,100,non_normal
0.01175591055083345,0.03603924534637509,0.03612166262527325,0.7449705168512928,-0.05976279892114653,0.08327462002281344,0,100,non_normal
-0.0019374744936292987,0.03645062084569873,0.04621310111845823,0.9577178849035475,-0.07427254525556558,0.07039759626830698,0,100,non_normal
0.017384248177149647,0.03614816991693926,0.031222286865118534,0.6316478675263957,-0.05435061856010234,0.08911911491440164,0,100,non_normal
0.02369056580379754,0.03494035621546197,0.04139404427113828,0.49935125677191716,-0.04564743395186213,0.09302856555945721,0,100,non_normal
-0.006338991665084941,0.03408952799509772,0.03617465001899133,0.8528673162128703,-0.07398855050812397,0.061310567177954085,0,100,non_normal
0.050601390759117695,0.0348876070846012,0.03349808099872906,0.1501369252002401,-0.018631930063099475,0.11983471158133487,0,100,non_normal
-0.043888259889769285,0.03811825343566015,0.035838089916953496,0.2523808730163299,-0.1195326932524253,0.03175617347288673,0,100,non_normal
0.006705478936422794,0.03491388003201281,0.02695036539555318,0.848094424032511,-0.06257997969486459,0.07599093756771017,0,100,non_normal
-0.024835670206970608,0.035468533957876684,0.039305696168288926,0.48545080675890695,-0.09522182150260484,0.04555048108866362,0,100,non_normal
-0.02664192543796942,0.03450399569210915,0.031069617746002674,0.44188941402715365,-0.09511398193663881,0.041830131060699965,0,100,non_normal
0.022945022794418887,0.033080420568632744,0.031570248960016103,0.4895654580028741,-0.04270199520278012,0.0885920407916179,0,100,non_normal
0.0548047199302728,0.034677556560846125,0.03480049189959828,0.11723557358055704,-0.01401176246376714,0.12362120232431273,0,100,non_normal
-0.015578863113476529,0.03751295604005011,0.029805638781358626,0.678835369678424,-0.09002210349429518,0.058864377267342116,0,100,non_normal
-0.00397945867008986,0.03313426016653339,0.024540708101388087,0.9046489979215395,-0.06973331959708212,0.061774402256902394,0,100,non_normal
0.00640992023489818,0.03569235395315718,0.03445716260230823,0.8578467870874993,-0.06442039455702013,0.0772402350268165,0,100,non_normal
-0.016497491030481364,0.03409970381451084,0.023129631714682512,0.6296060054505388,-0.08416724345596785,0.05117226139500513,0,100,non_normal
0.04989019516019606,0.03372094163392526,0.03714253582949833,0.1422136840988672,-0.017027916044950644,0.11680830636534277,0,100,non_normal
-0.026364695748031068,0.03579626219541213,0.037870849391460654,0.4631732128338806,-0.097401213064951,0.044671821568888874,0,100,non_normal
0.029228480729455483,0.0334937007181119,0.028839062051659883,0.38498371361143346,-0.0372386782739455,0.09569563973285647,0,100,non_normal
0.01752415214153177,0.03360404908657223,0.02924950249715064,0.6032025067485667,-0.04916198960772783,0.08421029389079138,0,100,non_normal
-0.020670447576991182,0.03194166569445633,0.027886406609142416,0.5190600024388912,-0.08405764358781732,0.04271674843383495,0,100,non_normal
-0.017248775911369727,0.03549737550193335,0.03490455951604668,0.6281107866100397,-0.0876921623125198,0.05319461048978036,0,100,non_normal
-0.0129962506625536,0.03604337083309042,0.03669138740164352,0.7191950282507772,-0.08452314702865382,0.05853064570354663,0,100,non_normal
0.03968582862335718,0.03557603401219934,0.042768200364879515,0.2673549888588747,-0.030913653031429456,0.11028531027814381,0,100,non_normal
-0.026754474156565268,0.03332148448404401,0.027687626444838576,0.42396420670192014,-0.09287987564833461,0.039370927335204066,0,100,non_normal
-0.014992512096655117,0.03654476014819995,0.033625598072840886,0.682517588172084,-0.08751439924058749,0.05752937504727726,0,100,non_normal
-0.0016113164118783316,0.03728385417290625,0.039025217561240416,0.9656160582576134,-0.0755999115936016,0.07237727876984493,0,100,non_normal
0.04390283187207925,0.034631181495747426,0.04291150223556408,0.20789982159400347,-0.02482162071457541,0.1126272844587339,0,100,non_normal
0.025962407988986802,0.03455533791763955,0.04435674025248965,0.4542554976172817,-0.04261153548528551,0.09453635146325912,0,100,non_normal
0.0388704492614354,0.03411858672371457,0.03215080894607177,0.25736561397191987,-0.028836775682810775,0.10657767420568158,0,100,non_normal
-0.020108164928586567,0.03425756770392914,0.031058331071221527,0.558573665614032,-0.08809119310485289,0.047874863247679755,0,100,non_normal
-0.03853596106329855,0.032548911742263036,0.03641025065217624,0.2393005152551044,-0.10312821709282635,0.02605629496622925,0,100,non_normal
-0.017047723480708942,0.032878781693263616,0.030749844927972808,0.6052766397872325,-0.08229459569219072,0.04819914873077283,0,100,non_normal
-0.04696897536365745,0.03256429010292136,0.03536775269327245,0.15239317872930036,-0.11159174924941412,0.017653798522099223,0,100,non_normal
0.004282290256097561,0.035509021484849565,0.03369676900586489,0.904256958175587,-0.06618420721912457,0.07474878773131968,0,100,non_normal
0.01668084273670694,0.03474692353287179,0.038489242050684165,0.6322497225497508,-0.05227329615573006,0.08563498162914393,0,100,non_normal
-0.010059393062957632,0.039047811123607425,0.03669054817217996,0.7972424251014074,-0.08754850340435713,0.06742971727844185,0,100,non_normal
-0.0037138840561253134,0.03525696034861736,0.03752451391814243,0.9163232232528254,-0.07368017440996882,0.0662524062977182,0,100,non_normal
-0.07543430568204451,0.03340355760339184,0.03833216901500182,0.026146028316849205,-0.14172257860804288,-0.00914603275604614,1,100,non_normal
0.017413104222131277,0.036258832636144156,0.029770426458635105,0.6321238090672052,-0.05454136907980118,0.08936757752406374,0,100,non_normal
0.0017726791884393727,0.03291439974815213,0.030759662421587203,0.9571585322347169,-0.06354487589375864,0.06709023427063739,0,100,non_normal
-0.08827543247379788,0.03312932716088396,0.032848477199726236,0.009015000451277266,-0.15401950401162634,-0.022531360935969413,1,100,non_normal
0.0030274433494720462,0.03431359430382555,0.03559691485069254,0.9298749610400286,-0.0650667677908709,0.07112165448981497,0,100,non_normal
0.007025944423352742,0.034142433193280426,0.029260016421927066,0.83738702123861,-0.06072860306364986,0.07478049191035535,0,100,non_normal
0.048580950923273955,0.03530359423389273,0.0416053858305955,0.1719300281552874,-0.021477882858171995,0.1186397847047199,0,100,non_normal
-0.023445027922396083,0.035927992816449046,0.03030812427901104,0.5155703516207415,-0.0947429603695152,0.04785290452472303,0,100,non_normal
-0.008221357138317254,0.03578029009918586,0.032634717378685486,0.8187468000230995,-0.0792261783500972,0.06278346407346268,0,100,non_normal
-0.022506601789766188,0.03383796871789321,0.036481942218558744,0.5075305234314793,-0.08965694943433376,0.044643745854801395,0,100,non_normal
-0.05281717142058957,0.03772346699224629,0.040530267838936804,0.16463700241517237,-0.1276781639348419,0.022043821093662763,0,100,non_normal
-0.009990480777626265,0.0351850696323056,0.03572430971814855,0.7770546986875178,-0.07981410634467367,0.059833144789421144,0,100,non_normal
0.04621579929047845,0.03784448700512119,0.044433377657089684,0.22493900216679993,-0.028885353500658434,0.12131695208161533,0,100,non_normal
0.009452537015622785,0.034232824901759676,0.038342142461763,0.7830335599870857,-0.058481389875006916,0.07738646390625248,0,100,non_normal
-0.010620725169633992,0.03511935732819182,0.04094650860077572,0.7629743734487994,-0.0803139468078122,0.05907249646854421,0,100,non_normal
0.023136823684162137,0.03398764879479483,0.0294820307777119,0.4976399501969567,-0.04431055920159279,0.09058420656991706,0,100,non_normal
0.0254907128922031,0.03537276333045839,0.042129941054477774,0.4728519912221866,-0.0447053847102295,0.0956868104946357,0,100,non_normal
-0.014280903102178699,0.03390631336713841,0.030384987212196804,0.6745407580699379,-0.08156687847885757,0.05300507227450018,0,100,non_normal
-0.05280508503166334,0.033424115181395035,0.03322082280504586,0.11736363478771054,-0.1191341538021509,0.013523983738824213,0,100,non_normal
0.05562592675515775,0.03582713012747017,0.03537409597874241,0.12373747193208565,-0.015471846968316827,0.12672370047863232,0,100,non_normal
0.07520482708413485,0.03676681047942251,0.030511813269658964,0.0434898524305253,0.0022422882846466347,0.14816736588362306,1,100,non_normal
0.018469585825574335,0.0346025765072052,0.03373141675432617,0.5947139305932801,-0.050198101092284016,0.08713727274343269,0,100,non_normal
0.001046535601237731,0.03222759825063126,0.030357741337503446,0.9741606757975791,-0.0629080842614786,0.06500115546395406,0,100,non_normal
0.004464505667916351,0.03564311966220576,0.030547843234752892,0.9005776721520837,-0.06626810527596709,0.0751971166117998,0,100,non_normal
-0.03437063997609629,0.031817962854418534,0.033626782137247443,0.28269215502845363,-0.09751235172684727,0.028771071774654704,0,100,non_normal
-0.020236978878339876,0.03408647754423013,0.031040850471593284,0.5540838680334134,-0.08788048420091084,0.04740652644423109,0,100,non_normal
-0.0089013321850912,0.03642141987955334,0.03626355969393238,0.8074333427537868,-0.08117845458007414,0.06337579020989173,0,100,non_normal
-0.018234058754060985,0.04169632276861342,0.041028316496406966,0.6628515062556164,-0.10097905425764497,0.06451093674952299,0,100,non_normal
0.01972574675050749,0.034673095283354,0.029868050880336127,0.5707211625327374,-0.04908188238354416,0.08853337588455915,0,100,non_normal
0.01891351489803242,0.032904944995559654,0.033285879064718235,0.5667488723631893,-0.046385277535356165,0.084212307331421,0,100,non_normal
0.008500214041298167,0.03469758950200405,0.032343025915175135,0.8069841949220069,-0.06035602307248612,0.07735645115508245,0,100,non_normal
-0.049287257920327926,0.03468227125543089,0.0339051978004864,0.15845958141933905,-0.1181130964723289,0.019538580631673047,0,100,non_normal
-0.0613592773845972,0.036220904178956015,0.033770544084346835,0.09343570517307198,-0.13323848289764317,0.01051992812844877,0,100,non_normal
-0.02410705475765039,0.03118203984441197,0.03286718484004968,0.44131977968648595,-0.08598679799152228,0.03777268847622151,0,100,non_normal
0.03167885862338056,0.03608917860869963,0.03768277405765898,0.3822025595229753,-0.03993894178257583,0.10329665902933695,0,100,non_normal
-0.020427476597658083,0.03585405624297189,0.045772132435982854,0.5701580483886696,-0.09157868432101995,0.05072373112570378,0,100,non_normal
-0.052644891944934616,0.03371145948317474,0.03903822352664865,0.12159833642755745,-0.11954418613051897,0.014254402240649736,0,100,non_normal
0.0389714185724817,0.03562579906042219,0.035094322044998544,0.27667595071544276,-0.03172682020087115,0.10966965734583456,0,100,non_normal
-0.005105520934224596,0.03567241708886881,0.03244193515037135,0.8864874036261882,-0.07589627166781931,0.06568522979937014,0,100,non_normal
0.008253481731787152,0.033096710718172793,0.03217190822518582,0.8035929020614101,-0.057425863537001826,0.07393282700057613,0,100,non_normal
-0.0018887793761665204,0.035019547408315393,0.03021544847919281,0.9570967467134917,-0.07138393147672104,0.06760637272438799,0,100,non_normal
0.004483599692261405,0.0330226190773814,0.029507985160526187,0.8922787699961672,-0.06104871312673199,0.0700159125112548,0,100,non_normal
-0.019227161017213928,0.034655117777817115,0.051730461132131776,0.5802856579941765,-0.08799911437661587,0.049544792342188004,0,100,non_normal
0.003625315150605206,0.034682248440412435,0.035581111673394415,0.9169628618774699,-0.06520047812573418,0.07245110842694458,0,100,non_normal
0.05069656449224902,0.03732261316559012,0.03488420285786792,0.1774765570003095,-0.023368946649021755,0.12476207563351979,0,100,non_normal
0.009144888655371983,0.03396910386153985,0.030191749768932578,0.7883325716490969,-0.05826569241389391,0.07655546972463788,0,100,non_normal
0.009071602687323769,0.03420110514623198,0.028203788922574354,0.7913794257342361,-0.05879937738079885,0.07694258275544638,0,100,non_normal
-0.004765227687717678,0.03590909406970865,0.028490404587096185,0.8947007369557158,-0.07602565618700102,0.06649520081156568,0,100,non_normal
0.010260169789514013,0.03467063739731405,0.03565847356538983,0.76790776687753,-0.05854258174968467,0.07906292132871269,0,100,non_normal
-0.07486272995329453,0.03370866272209285,0.029645733601503618,0.02866215372187582,-0.14175647405753405,-0.007968985849055005,1,100,non_normal
0.025803102832423517,0.03529057941263936,0.025713130956712685,0.4664253134379188,-0.04422990345981995,0.09583610912466697,0,100,non_normal
-0.046146991926614464,0.029650728326475348,0.02654218408603985,0.12284788648256185,-0.10498789729055241,0.012693913437323477,0,100,non_normal
0.04050356246771403,0.03313254429128996,0.02932046818403441,0.22446166188943395,-0.02524689336070178,0.10625401829612983,0,100,non_normal
-0.013551187026465773,0.034156346727313304,0.030801342841447463,0.6924218798977237,-0.08133334546893267,0.05423097141600113,0,100,non_normal
0.0537525149158065,0.03619974215846846,0.037095490285042214,0.14078344285567548,-0.01808469525631201,0.125589725087925,0,100,non_normal
