beta_hat,se_classic,se_robust,p_value,ci_low,ci_high,reject,n,scenario
0.0753002099992669,0.05427856847652125,0.05544418286931105,0.1684996932674002,-0.03241384261526012,0.18301426261379392,0,100,autocorrelated
-0.019039893619672316,0.03681052222762645,0.030427011927854342,0.6061537631573548,-0.09208917696084734,0.05400938972150271,0,100,autocorrelated
-0.004002068391397148,0.04102983749855161,0.03801426409309453,0.9224964352404442,-0.08542444556768869,0.07742030878489439,0,100,autocorrelated
-0.032980922734120385,0.038943360030075466,0.035749389780325706,0.39911726785785073,-0.11026275327982643,0.04430090781158566,0,100,autocorrelated
0.05279401239323848,0.03655828788790945,0.03163820777468962,0.15189886570034639,-0.019754720109879352,0.1253427448963563,0,100,autocorrelated
0.01057815570680357,0.03925066310328835,0.03611361291845873,0.7881095780144513,-0.06731350778633875,0.08846981919994588,0,100,autocorrelated
-0.05718167048328299,0.03636154747838214,0.031322837098791224,0.11903773464421256,-0.12933997804672331,0.014976637080157326,0,100,autocorrelated
0.03815503563736281,0.03965824195536634,0.04005248766320457,0.3383692977034133,-0.040545454822840866,0.1168555260975665,0,100,autocorrelated
0.06010304397904021,0.0388810080700348,0.030165952033321237,0.12537129093467506,-0.017055051131245412,0.13726113908932583,0,100,autocorrelated
0.016549667324727353,0.027986077423617223,0.027389091125194914,0.5556451222388756,-0.03898779249950663,0.07208712714896134,0,100,autocorrelated
0.014624873017189389,0.038734718561719984,0.03505514075324215,0.7065702562423045,-0.062242915324921405,0.09149266135930018,0,100,autocorrelated
0.03991522115421578,0.039001459415629915,0.03369777916786686,0.30862478245631353,-0.037481905731245255,0.11731234803967681,0,100,autocorrelated
0.051179575077526164,0.03395126389062318,0.033080030787846854,0.13491424436121568,-0.01619560315006769,0.11855475330512003,0,100,autocorrelated
0.03656434633255922,0.03817515315339672,0.035354141836634184,0.3405181511411155,-0.03919300266811108,0.11232169533322953,0,100,autocorrelated
0.019093856887197266,0.03970039854505194,0.03549310357119901,0.6316249688438043,-0.0596902919532271,0.09787800572762163,0,100,autocorrelated
-0.018021324466587767,0.0399924317335612,0.03873393930137078,0.6532600118421206,-0.09738500366522121,0.06134235473204568,0,100,autocorrelated
0.04743911668676451,0.03809200395983089,0.041762297459779274,0.21596066359248708,-0.028153225445412558,0.12303145881894158,0,100,autocorrelated
-0.009855004885405347,0.042751336700729045,0.03699241638607775,0.818168863175678,-0.09469364120123953,0.07498363143042884,0,100,autocorrelated
0.01241425990665835,0.04118623465642146,0.04310343994594796,0.7637346476456571,-0.06931848233939075,0.09414700215270744,0,100,autocorrelated
0.04984275252241117,0.04438425349825228,0.04518815807825554,0.26418841566532736,-0.03823635403389453,0.13792185907871687,0,100,autocorrelated
-0.008366803423374624,0.03838535798921669,0.03575046856213812,0.8279067828082013,-0.08454129707949275,0.06780769023274351,0,100,autocorrelated
0.017732002796298177,0.03737965116929654,0.03703246553754688,0.6362872464033704,-0.056446698406993456,0.09191070399958981,0,100,autocorrelated
0.0034355410411500767,0.041521542085351505,0.04126451758743792,0.9342261141243127,-0.07896260788483819,0.08583368996713833,0,100,autocorrelated
-0.04192899824190772,0.040199408991263716,0.035819547087823075,0.29950276135633824,-0.12170341707225829,0.03784542058844286,0,100,autocorrelated
-0.009121841408079239,0.03711678677887636,0.03501719792268495,0.8063815728882461,-0.08277889678365431,0.06453521396749583,0,100,autocorrelated
-0.038378787052408415,0.04608042005346307,0.042089062592150894,0.40694581943843766,-0.12982388093481698,0.05306630683000014,0,100,autocorrelated
-0.027832832514022448,0.03433577721860919,0.034017895270157854,0.419555375295944,-0.09597106492679784,0.04030539989875294,0,100,autocorrelated
0.0871412953944573,0.04190322188622282,0.04004301644586466,0.04017428799584537,0.003985715325627845,0.17029687546328676,1,100,autocorrelated
-0.02249514413703808,0.03310968682047411,0.031088101207332238,0.49847795916104054,-0.08820024005852933,0.043209951784453166,0,100,autocorrelated
0.015540526839385036,0.04030790483229272,0.04103365671375148,0.7006689993597521,-0.06444919845642826,0.09553025213519832,0,100,autocorrelated
0.022595756640502552,0.039190929567855526,0.03712820218093803,0.5655615129682112,-0.05517736759563549,0.10036888087664059,0,100,autocorrelated
-0.000725393006462528,0.03932928184962529,0.04017231463009791,0.9853220751266609,-0.07877307284301832,0.07732228683009326,0,100,autocorrelated
0.06086825528253059,0.03886421519695205,0.041774646498407335,0.12053056620645765,-0.016256514917656006,0.1379930254827172,0,100,autocorrelated
0.032788049233504174,0.03980471854492508,0.03939926575747242,0.4120973074758767,-0.04620311925151424,0.11177921771852259,0,100,autocorrelated
-0.06605059170787948,0.035871381470434435,0.03446073159578039,0.0686000138849021,-0.1372361807812813,0.005134997365522351,0,100,autocorrelated
-0.003945154059768148,0.04139291168431172,0.04003742212921964,0.9242633010363726,-0.0860880401412431,0.07819773202170682,0,100,autocorrelated
-0.06122169493728925,0.04985380073808729,0.05222235206591468,0.2223789958081169,-0.16015493998149688,0.03771155010691837,0,100,autocorrelated
-0.03856906675268621,0.03830415613939839,0.041786053176143305,0.316454878189046,-0.11458241798060068,0.03744428447522826,0,100,autocorrelated
-0.012198025747059802,0.0448054331182801,0.05067652663060077,0.7860069134736936,-0.10111294955177852,0.07671689805765891,0,100,autocorrelated
-0.015806226928294063,0.04267070190241074,0.03955216195832375,0.7118664505693695,-0.10048484611117131,0.06887239225458319,0,100,autocorrelated
-0.03014996968967576,0.03307264008461595,0.030411914042192248,0.3642012165480344,-0.09578154756956374,0.03548160819021222,0,100,autocorrelated
0.046583824340482236,0.038251162440915525,0.04050675762431629,0.22620859068422144,-0.02932436261750329,0.12249201129846776,0,100,autocorrelated
0.03827570655303528,0.0364934631441357,0.03170942730608512,0.2968327246944428,-0.034144383355822,0.11069579646189255,0,100,autocorrelated
-0.03715243462061608,0.043477675674033774,0.048287796278213294,0.39490243821127013,-0.12343246698985519,0.04912759774862304,0,100,autocorrelated
-0.09978883813774228,0.049443711034481634,0.043854566104971696,0.04630013397229569,-0.197908273511749,-0.0016694027637355752,1,100,autocorrelated
-0.006800547496541132,0.03894336931963667,0.04045721423447182,0.8617333187651375,-0.08408239647707905,0.07048130148399678,0,100,autocorrelated
-0.02243243206072465,0.03663996373722446,0.03362612801519032,0.5417972781179383,-0.09514324762862078,0.05027838350717148,0,100,autocorrelated
-0.08113377741821358,0.03699919447116814,0.03221652528008751,0.030683953780472093,-0.15455747468625075,-0.007710080150176407,1,100,autocorrelated
0.07190435896529593,0.036509648492166306,0.03435863218324802,0.05172344184732421,-0.0005478502399666602,0.14435656817055853,0,100,autocorrelated
-0.026649254714925717,0.04077958369200529,0.042043640305968806,0.5149675778229075,-0.10757501135677969,0.05427650192692826,0,100,autocorrelated
0.07144389185835018,0.04217499838097737,0.04377978064896877,0.09344382778186608,-0.01225101981919785,0.1551388035358982,0,100,autocorrelated
0.022841663320623755,0.029112190972356962,0.029436158539656154,0.4345758596648047,-0.03493053219107319,0.0806138588323207,0,100,autocorrelated
-0.016771658535411973,0.03991254352355619,0.04303398913904862,0.6752518123980842,-0.09597680218129809,0.06243348511047414,0,100,autocorrelated
-0.001367670285392534,0.047233320496553315,0.04061358291293511,0.9769588677124733,-0.09510065757530778,0.09236531700452272,0,100,autocorrelated
-0.058107643660129424,0.037640981215124436,0.03357457318181412,0.12587603433795563,-0.13280494583423036,0.016589658513971497,0,100,autocorrelated
-0.01597474194117368,0.0367316747037929,0.03934068618152308,0.6645885267193937,-0.08886755493743889,0.05691807105509153,0,100,autocorrelated
0.047550472310009764,0.04580727576201198,0.041729357477468754,0.3017989166862853,-0.04335257561565166,0.1384535202356712,0,100,autocorrelated
-0.04363737610900664,0.04053150073938877,0.03293035076115381,0.28428942865541507,-0.12407082020539506,0.036796067987381775,0,100,autocorrelated
-0.0037363004389199123,0.03858637556325737,0.03451494913043208,0.9230595249320841,-0.08030970692848959,0.07283710605064976,0,100,autocorrelated
-0.015658940559249355,0.03928115101240178,0.035248974926475794,0.6910275495872742,-0.09361110631578079,0.06229322519728209,0,100,autocorrelated
0.05991451303254785,0.030383076063659763,0.030153377504877347,0.05143191061008306,-0.00037971258115560014,0.1202087386462513,0,100,autocorrelated
-0.013655407036819073,0.03982375664345483,0.03556653954188534,0.7324111230268305,-0.09268435600876394,0.0653735419351258,0,100,autocorrelated
0.04149203918892652,0.045275934517927295,0.046737172720718256,0.3616932247439806,-0.04835657933065425,0.13134065770850728,0,100,autocorrelated
0.033732085539565526,0.04089310820514121,0.041486406759097434,0.4114405812944807,-0.04741895680388632,0.11488312788301737,0,100,autocorrelated
-0.023252393477290852,0.04676600883072425,0.04133018249704055,0.6201566676585283,-0.11605801597529442,0.0695532290207127,0,100,autocorrelated
0.0038662089817837475,0.03203693679137582,0.03202704101729217,0.904191792699827,-0.05971004942022666,0.06744246738379416,0,100,autocorrelated
-0.0079120560419425,0.04437378570483627,0.038352100899247156,0.8588517326019391,-0.09597038960289447,0.08014627751900946,0,100,autocorrelated
-0.020851639724785473,0.04170017542834321,0.04106730958794808,0.6181698375085236,-0.1036042807062162,0.06190100125664526,0,100,autocorrelated
-0.036293084406045,0.03422740596129312,0.03696101735134047,0.29159100710887736,-0.10421625758568134,0.03163008877359134,0,100,autocorrelated
-0.06042511937400177,0.044077485253619396,0.0321080238485194,0.17354258103242123,-0.1478954543327819,0.027045215584778362,0,100,autocorrelated
-0.0005570000314098489,0.03132148462868556,0.027877313724366762,0.9858478656355592,-0.06271346690136224,0.061599466838542546,0,100,autocorrelated
0.037435321631539134,0.046036776907934264,0.05206876696935464,0.418096813937063,-0.05392316384895869,0.12879380711203697,0,100,autocorrelated
0.009666895140812252,0.03642030380413118,0.03766874600700387,0.7912388564300904,-0.06260801243881872,0.08194180272044321,0,100,autocorrelated
0.04177789708503777,0.03251876531186231,0.033009078715396566,0.2019143772425177,-0.022754534334492642,0.10631032850456817,0,100,autocorrelated
-0.009914994852767367,0.041933519798934185,0.03765415776330937,0.8135804403111457,-0.09313070014330958,0.07330071043777485,0,100,autocorrelated
0.0017445551622096564,0.04078922878494098,0.03665755716317751,0.9659719033408143,-0.07920034185267012,0.08268945217708944,0,100,autocorrelated
-0.011032479398862871,0.03850623716979119,0.03855017446062189,0.7750912290837649,-0.08744685385474886,0.06538189505702312,0,100,autocorrelated
0.03828841013512557,0.03756602258824422,0.0341066755404212,0.31060346908441544,-0.03626013908350305,0.1128369593537542,0,100,autocorrelated
0.003621644074888762,0.03475168142127766,0.034671720859095714,0.9172117716218917,-0.06534193669224148,0.07258522484201901,0,100,autocorrelated
-0.06178963062188877,0.04266682277097492,0.03816255763307066,0.15075603451490224,-0.1464605517946802,0.022881290550902662,0,100,autocorrelated
0.0004930061655384075,0.0425883833730314,0.038734235603348294,0.9907873709634439,-0.08402225457488927,0.08500826690596608,0,100,autocorrelated
0.007228404086987637,0.03954932726365961,0.03943595349827594,0.8553565852717573,-0.07125594871221512,0.08571275688619039,0,100,autocorrelated
-0.002209728178762766,0.030787763002043188,0.03243035421626571,0.9429288833408764,-0.0633070418509197,0.058887585493394165,0,100,autocorrelated
0.004769726579427114,0.045614947386221426,0.04078356500644442,0.9169347044749874,-0.08575165194391521,0.09529110510276945,0,100,autocorrelated
0.0021483777585557737,0.0421781493640703,0.04017655196135742,0.9594803543031747,-0.08155278694238963,0.08584954245950116,0,100,autocorrelated
0.018119055568500922,0.04039726807775974,0.038101372695897306,0.6547667938117281,-0.062048008179563616,0.09828611931656546,0,100,autocorrelated
-0.08082744709174704,0.03865031873229217,0.03472025048776338,0.03909218533690238,-0.15752774671919917,-0.004127147464294906,1,100,autocorrelated
-0.006533287827402846,0.037399061100711076,0.03404486774682396,0.8616826588220274,-0.08075050740787929,0.06768393175307358,0,100,autocorrelated
0.024445152904613136,0.03563363446836411,0.03437276776798793,0.49432441486232226,-0.04626863498079262,0.09515894079001888,0,100,autocorrelated
0.04018684708690014,0.037440412915662434,0.03968806689349086,0.28574783899193007,-0.034112433824528735,0.11448612799832901,0,100,autocorrelated
0.027537876984992687,0.03740303895423366,0.03751368796431675,0.46333907500234295,-0.046687236516337785,0.10176299048632316,0,100,autocorrelated
-0.009483174380755532,0.03254483839904307,0.03309619374904489,0.7713704754141452,-0.0740673469932326,0.05510099823172153,0,100,autocorrelated
-0.07050819870870181,0.039710005235831985,0.043420863850110895,0.07890672068017034,-0.14931141171432394,0.008295014296920297,0,100,autocorrelated
0.027943730317885995,0.04069347015064138,0.041013741667105405,0.49390082008258795,-0.05281113680374587,0.10869859743951786,0,100,autocorrelated
0.036287420338908395,0.04167416176146404,0.03527233616288695,0.3860233169484152,-0.04641359736723034,0.11898843804504713,0,100,autocorrelated
-0.0024118005207064835,0.03815490379879824,0.03971093311418164,0.9497274252928517,-0.07812896533620295,0.07330536429478998,0,100,autocorrelated
0.021377085955990097,0.03739589413437602,0.033270046438453396,0.5688729444588181,-0.05283384888286516,0.09558802079484535,0,100,autocorrelated
0.03592893230113978,0.04145834197809736,0.03270386669869934,0.3882631186620289,-0.04634379806888636,0.11820166267116591,0,100,autocorrelated
0.00997842053124587,0.03425670110221799,0.03574091529886506,0.7714499356454851,-0.05800288790212872,0.07795972896462046,0,100,autocorrelated
-0.01352997738062214,0.0375859806968416,0.0318087978719467,0.7196411560540286,-0.08811813281621418,0.061058178054969894,0,100,autocorrelated
0.02513663287061005,0.0483958157335266,0.048005025475139476,0.6046551495745942,-0.07090328838300473,0.12117655412422483,0,100,autocorrelated
0.061924679649316854,0.03947620056092994,0.04175742869121858,0.11995086989825428,-0.016414555588269326,0.14026391488690304,0,100,autocorrelated
0.00940321887423344,0.03967614559241669,0.0452693468632195,0.8131520431501693,-0.06933280077101252,0.0881392385194794,0,100,autocorrelated
-0.003807860758456648,0.040562081086962985,0.03312252993690202,0.9253982518725281,-0.08430199055935114,0.07668626904243786,0,100,autocorrelated
-0.041196262360186996,0.038559164291117935,0.03473116165055184,0.2879688599854558,-0.1177156689658024,0.03532314424542842,0,100,autocorrelated
-0.055095014180720416,0.03660899030712968,0.03322365450474336,0.13555099712820934,-0.12774436398464148,0.017554335623200655,0,100,autocorrelated
0.005999393936968278,0.04117031070278343,0.03805866058891798,0.8844406640528343,-0.07570174774134035,0.0877005356152769,0,100,autocorrelated
0.017850455079752848,0.04347078034823924,0.04578212645347678,0.6822394817822259,-0.06841589373985935,0.10411680389936503,0,100,autocorrelated
0.05314103543370605,0.03549782814198144,0.03842365058042421,0.13760137950698414,-0.01730324921688805,0.12358532008430015,0,100,autocorrelated
0.08674020810553683,0.04668394717180779,0.04713970865802982,0.06616663321126093,-0.0059025657010907395,0.1793829819121644,0,100,autocorrelated
0.026038141552300335,0.04520631615036373,0.052356340165905374,0.565945999033141,-0.06367232158262023,0.1157486046872209,0,100,autocorrelated
-0.0429520114263732,0.04290813508307016,0.03886703003398596,0.31928119190481574,-0.12810180902887008,0.042197786176123686,0,100,autocorrelated
0.0076899591514993666,0.0425925815090437,0.03873767434378436,0.85709606737201,-0.07683363265321398,0.09221355095621271,0,100,autocorrelated
0.04565054410046917,0.040517088180741026,0.04271971333380625,0.2626212918694726,-0.03475429874234779,0.12605538694328614,0,100,autocorrelated
-0.026723622411868077,0.041513031068362655,0.04774850606876277,0.5212473528282082,-0.10910488150163788,0.05565763667790174,0,100,autocorrelated
0.006999645425102332,0.03596034750502768,0.03767477441051079,0.8460706975069644,-0.06436249384849921,0.07836178469870386,0,100,autocorrelated
-0.007334116269322074,0.040452461774743924,0.036524413008146454,0.8565049050744483,-0.08761071011274121,0.07294247757409705,0,100,autocorrelated
-0.017631537412364985,0.03829967424440702,0.03565119463080567,0.6462795802759207,-0.09363599446553492,0.05837291964080495,0,100,autocorrelated
-0.05167752810287977,0.034007686543714735,0.03239611191893199,0.1318354139592546,-0.11916467524922622,0.01580961904346668,0,100,autocorrelated
0.02304766199367357,0.035898221275240415,0.03606968162642886,0.5223540217794738,-0.0481911897988489,0.09428651378619604,0,100,autocorrelated
0.020214926231098235,0.04128327842288671,0.042853858827690716,0.6254661498229797,-0.061710396211156135,0.1021402486733526,0,100,autocorrelated
-0.00666607555224958,0.0318322034772208,0.03125126182825856,0.8345605921178472,-0.06983604735548243,0.05650389625098328,0,100,autocorrelated
0.035300127844860786,0.039612835709866685,0.031079465601452923,0.37504287077241893,-0.04331025539892112,0.1139105110886427,0,100,autocorrelated
-0.035545711614852635,0.043728390629848735,0.04519177312509546,0.41826017737739984,-0.12232327965424457,0.0512318564245393,0,100,autocorrelated
-0.03149573169773741,0.04264516778372775,0.04551989005925397,0.4619433550340035,-0.11612367925311079,0.05313221585763597,0,100,autocorrelated
0.018730539453257512,0.03979498168772411,0.036320390766124304,0.6389181142185436,-0.06024130655553717,0.0977023854620522,0,100,autocorrelated
0.002049224124910669,0.04094228068077896,0.044268532067656664,0.9601831895064769,-0.07919939939609788,0.08329784764591922,0,100,autocorrelated
0.008949993697260508,0.037575605973803286,0.04210642114298288,0.8122339354147251,-0.06561757343811331,0.08351756083263431,0,100,autocorrelated
-0.1199731623405002,0.04271914358829285,0.048110059146964625,0.0060092517147197705,-0.20474791247244806,-0.03519841220855234,1,100,autocorrelated
-0.03253876003012026,0.041675722240929976,0.04286992422129673,0.43682524048606364,-0.11524287445697246,0.05016535439673193,0,100,autocorrelated
-0.029149698611122283,0.0415345926813144,0.04503246885985826,0.48445649327222373,-0.11157374602005979,0.05327434879781523,0,100,autocorrelated
-0.07173466378415672,0.03613201170732199,0.03769852445174867,0.049900257422076294,-0.14343746508030142,-3.18624880120133e-05,1,100,autocorrelated
0.012659408068867756,0.03671272047255463,0.03581306580599012,0.7309660178168268,-0.06019579087238143,0.08551460701011694,0,100,autocorrelated
0.10166831122559236,0.04032019133841784,0.039143824701552116,0.013297056176027295,0.021654203758245158,0.18168241869293955,1,100,autocorrelated
0.0029060989102374975,0.037696936998505085,0.03253583394692786,0.9387082339578461,-0.07190224569486928,0.07771444351534426,0,100,autocorrelated
0.05767434369398221,0.04922881105159079,0.04725982629991502,0.24421557636278554,-0.04001862965802078,0.1553673170459852,0,100,autocorrelated
-0.035502803542217826,0.037930727786677144,0.0390033314357027,0.351578838654516,-0.11077509835759682,0.039769491273161164,0,100,autocorrelated
0.06309313595346144,0.03695650301962869,0.030822003513770055,0.09094637554030437,-0.010245841518413457,0.13643211342533634,0,100,autocorrelated
0.020324441259098,0.043377221377946466,0.04428980056776655,0.6404311416459886,-0.06575624282889853,0.10640512534709451,0,100,autocorrelated
-0.0050619886573887215,0.03875698742358343,0.03657520008788489,0.8963528176156719,-0.08197396883111464,0.07184999151633721,0,100,autocorrelated
0.10394387972550274,0.045261476438089754,0.05020824154889283,0.023775206338496148,0.014123952794813072,0.19376380665619242,1,100,autocorrelated
0.020163635201714568,0.04253936134252752,0.03907019879936486,0.6365546374954661,-0.06425434291462825,0.10458161331805738,0,100,autocorrelated
0.020325956103652478,0.03985161118654106,0.036016383459497106,0.6111695394045877,-0.05875826930250494,0.0994101815098099,0,100,autocorrelated
0.051798205767188264,0.035110380901665135,0.035612441827462066,0.14333862670337835,-0.01787720244469069,0.12147361397906722,0,100,autocorrelated
0.06701026155667213,0.04161277859897961,0.040374822734416796,0.11054254564210247,-0.015568943261266469,0.14958946637461074,0,100,autocorrelated
0.027267074187517698,0.04468898763541377,0.04129105646940689,0.5431734350616925,-0.061416767346237786,0.11595091572127318,0,100,autocorrelated
0.04646908640486962,0.042325367351140876,0.04226843440181679,0.2749376864897808,-0.03752422760012354,0.1304624004098628,0,100,autocorrelated
-0.05133402477066512,0.033137880766769996,0.035161239741427805,0.12458016410128721,-0.11709507066099241,0.014427021119662167,0,100,autocorrelated
-0.022649410468974007,0.04335599709353371,0.04176286055551505,0.6025669805065026,-0.10868797565530991,0.0633891547173619,0,100,autocorrelated
0.04075078840744338,0.039113494859615475,0.03973326805489753,0.300039985664626,-0.03686866917034924,0.118370245985236,0,100,autocorrelated
0.062153246155934455,0.03993433560831775,0.04164733172922944,0.12283994803501151,-0.017095143172925084,0.141401635484794,0,100,autocorrelated
0.009163961351399012,0.03403549996970291,0.027632673629522313,0.7883055639356467,-0.058378380633617076,0.0767063033364151,0,100,autocorrelated
-0.02437858555482725,0.038224505557444645,0.04109288784829065,0.5251083600820222,-0.10023387279512837,0.05147670168547387,0,100,autocorrelated
0.046248561159813906,0.037077670890272175,0.038409077711746675,0.21524447488593662,-0.02733087000787518,0.11982799232750299,0,100,autocorrelated
-0.036949417040381606,0.0380578845080918,0.03697186945134147,0.3340011096739025,-0.11247405023101958,0.038575216150256365,0,100,autocorrelated
-0.0680118771385567,0.03268710134543781,0.0348638226979206,0.040070211864415346,-0.13287836593812496,-0.0031453883389884335,1,100,autocorrelated
0.017346853900971113,0.04172183564996509,0.04008273420613359,0.6784844242334113,-0.06544877108532392,0.10014247888726614,0,100,autocorrelated
0.05978294079386641,0.04015542331064565,0.0344415085253679,0.1397540788982805,-0.019904189884836818,0.13947007147256962,0,100,autocorrelated
0.09547727925756312,0.04185723903338193,0.042034658147336146,0.024712027930400934,0.01241295066365812,0.1785416078514681,1,100,autocorrelated
0.04368609562362101,0.03473708885647848,0.0320688722899723,0.211517404815222,-0.02524852667358865,0.11262071792083067,0,100,autocorrelated
-0.00823072872993788,0.041468491918800594,0.04315950513840901,0.8430795245140671,-0.09052360132695395,0.07406214386707818,0,100,autocorrelated
0.014246442802187516,0.03988056179447721,0.03695565295742724,0.7216894416932558,-0.06489523414320506,0.0933881197475801,0,100,autocorrelated
-0.003871430572716522,0.04483053027473852,0.05131791501621082,0.931358815392726,-0.09283615886762561,0.08509329772219257,0,100,autocorrelated
-0.008457527651875445,0.042526608326133156,0.03586011813306156,0.8427716541732374,-0.09285019782223788,0.07593514251848699,0,100,autocorrelated
0.11793614928352023,0.04380106877119685,0.044247016194744256,0.008340952732428757,0.03101435383797474,0.2048579447290657,1,100,autocorrelated
0.013916703214683683,0.03719767112685296,0.030962270205892425,0.7091170827172193,-0.05990086451702347,0.08773427094639083,0,100,autocorrelated
-0.021160810713582848,0.03092465568462861,0.0279578287284729,0.4954197439935095,-0.08252978345907971,0.04020816203191402,0,100,autocorrelated
-0.10560911884409854,0.04361555836979838,0.043880209531362326,0.017302007608443346,-0.19216277493561112,-0.019055462752585947,1,100,autocorrelated
0.022592021102424045,0.042667234075956094,0.03866206404448422,0.5976606336327434,-0.06207971629171635,0.10726375849656444,0,100,autocorrelated
-0.03049029469871168,0.04955098373484614,0.04793474475048189,0.5397619657645647,-0.12882260925534023,0.06784201985791685,0,100,autocorrelated
0.0207892376399785,0.0372260218226661,0.03589135419087807,0.5778041833731355,-0.053084591124880176,0.09466306640483718,0,100,autocorrelated
0.0011955585883955252,0.043003089250612136,0.03636397355703885,0.9778768542729878,-0.08414267246925058,0.08653378964604164,0,100,autocorrelated
0.05884921537662367,0.0413360005433292,0.038617683855502336,0.15771537465063304,-0.023180732397777182,0.14087916315102453,0,100,autocorrelated
0.018087003073020885,0.04984683814708845,0.05450326995007682,0.7174971970158441,-0.08083242493595105,0.11700643108199282,0,100,autocorrelated
0.03201819969510467,0.04137092205428041,0.036737590224777815,0.44083518380752595,-0.05008104868123827,0.11411744807144761,0,100,autocorrelated
0.02500769774823885,0.037442592412425514,0.036353109933352064,0.505770903735276,-0.04929590830358338,0.09931130380006109,0,100,autocorrelated
-0.018973969466074395,0.03695696182939277,0.032958674264648505,0.6088220622878989,-0.09231385743099389,0.0543659184988451,0,100,autocorrelated
0.04922399979050278,0.05277867374656318,0.04872078766045664,0.35329311739892577,-0.05551356054735633,0.15396156012836187,0,100,autocorrelated
0.03712523082976392,0.04066272567433268,0.03978045164335259,0.36348110450766136,-0.04356862487922994,0.11781908653875778,0,100,autocorrelated
0.032829845875347166,0.045646960137354496,0.041522612535776916,0.47372178921771324,-0.05775506091074539,0.12341475266143973,0,100,autocorrelated
-0.05003599142322857,0.0344810269678068,0.03274684591824028,0.14994094440792927,-0.11846246723605025,0.0183904843895931,0,100,autocorrelated
0.009281180303408916,0.04357640291973507,0.040904371073611195,0.8317800145770764,-0.07719477307178962,0.09575713367860744,0,100,autocorrelated
0.05861270472341226,0.045349233323247924,0.03853398063909143,0.19923219844749837,-0.03138137288977566,0.14860678233660018,0,100,autocorrelated
-0.009394770497138202,0.037456750107615434,0.03889999306677431,0.8024811131110445,-0.08372647203429452,0.06493693104001812,0,100,autocorrelated
0.024950389277033795,0.04624611223964954,0.05308914592684256,0.5907564973722141,-0.06682351535631462,0.11672429391038222,0,100,autocorrelated
0.015370935718797794,0.036716487252954726,0.03729503188001973,0.6763963943376415,-0.05749173827556336,0.08823360971315894,0,100,autocorrelated
0.025452803297286927,0.0357435885651147,0.03986509988021138,0.478098270305243,-0.04547918491460126,0.09638479150917512,0,100,autocorrelated
-0.01680286034429374,0.04259555021301777,0.03738390175621662,0.6940878690677907,-0.10133234344542545,0.06772662275683798,0,100,autocorrelated
-0.1061298540179037,0.04299960355483329,0.03718608473099695,0.015313433224893546,-0.19146116782572065,-0.020798540210086744,1,100,autocorrelated
-0.03993937359651237,0.03736076741876175,0.034474907331887794,0.2876871560746547,-0.11408060061145019,0.03420185341842545,0,100,autocorrelated
-0.037526760804566274,0.04316113271395788,0.041817275204380173,0.3867215870536016,-0.1231786239716069,0.04812510236247434,0,100,autocorrelated
0.04412179318539977,0.03685259585280552,0.027864677204528086,0.2340968917877842,-0.029010983895632877,0.11725457026643242,0,100,autocorrelated
-0.014342728045900591,0.032383460673869324,0.03530990900740303,0.6588120902991367,-0.07860665181490094,0.04992119572309976,0,100,autocorrelated
-0.010945804410925571,0.03769463289356044,0.03609788916092554,0.7721383748497768,-0.08574957659475811,0.06385796777290696,0,100,autocorrelated
0.013750670874474335,0.03854083511831517,0.03682222605898595,0.7220221818806156,-0.06273236208424743,0.0902337038331961,0,100,autocorrelated
0.04023097018772233,0.03723424026619586,0.041441477960302175,0.2825789355024848,-0.0336591678108472,0.11412110818629186,0,100,autocorrelated
0.016109335156245505,0.04342803597859557,0.04240283563208363,0.7114804846421139,-0.07007218885294884,0.10229085916543985,0,100,autocorrelated
-0.0003959966572903359,0.044294966786636615,0.046249141814441695,0.9928851871274773,-0.08829791664028197,0.08750592332570128,0,100,autocorrelated
0.00907597439965255,0.03779688344299102,0.03667328153154788,0.8107349696900799,-0.06593071067172222,0.08408265947102732,0,100,autocorrelated
0.021174388657856473,0.03263599872886127,0.028690981098539185,0.5179821636820199,-0.0435906886622796,0.08593946597799254,0,100,autocorrelated
0.0041743481925856545,0.03428447156396599,0.03234342696418108,0.9033413910108715,-0.06386206981832225,0.07221076620349355,0,100,autocorrelated
-0.052822699639192075,0.045386449424221056,0.0405567135281849,0.24731337444766072,-0.14289063139354186,0.03724523211515769,0,100,autocorrelated
0.1178855493017518,0.03705496283142998,0.035726692659233096,0.0019635805287783617,0.04435118153778826,0.19141991706571532,1,100,autocorrelated
-0.04621602565769227,0.03610971686383701,0.03417559353490173,0.20360964199697512,-0.11787458356253949,0.025442532247154953,0,100,autocorrelated
0.0035317720014157675,0.04195913189231803,0.042149031311259806,0.9330916135616756,-0.07973475965488641,0.08679830365771796,0,100,autocorrelated
0.04850645994009357,0.04213902976379979,0.04461577973900182,0.25248972024961924,-0.035117073187284804,0.13212999306747195,0,100,autocorrelated
-0.05786444378794102,0.04077127093444835,0.040488200912004134,0.15900035133981757,-0.1387737040329667,0.02304481645708467,0,100,autocorrelated
0.05406925155620304,0.04195491827396631,0.039070288845561525,0.20052026805364798,-0.029188918311614784,0.13732742142402088,0,100,autocorrelated
-0.050431372038265324,0.03811242090153995,0.03640901508251454,0.18883897999827146,-0.12606423092678296,0.025201486850252308,0,100,autocorrelated
-0.01847276375320622,0.031808626798591644,0.03001481111599351,0.5627441368834444,-0.08159594840501604,0.04465042089860359,0,100,autocorrelated
-0.031628519812520364,0.04539143238821715,0.0487034106460331,0.487580693603166,-0.12170634009674695,0.058449300471706225,0,100,autocorrelated
-0.011796591945351046,0.03819555691109255,0.037243239210485446,0.7580933549312768,-0.08759443153911671,0.06400124764841462,0,100,autocorrelated
0.040325718000328546,0.044222996163050976,0.04209770873674403,0.364073709009351,-0.0474333786224826,0.1280848146231397,0,100,autocorrelated
0.07544053630708558,0.0394670714004304,0.03985951683707628,0.05886445966181372,-0.002880582408603033,0.1537616550227742,0,100,autocorrelated
0.02820113924888526,0.0484780614569604,0.04599502657925424,0.5620843796576155,-0.06800199596614968,0.1244042744639202,0,100,autocorrelated
0.005022172018153184,0.04117750638270693,0.03796922915401561,0.9031773030330451,-0.07669324925277611,0.08673759328908247,0,100,autocorrelated
0.03239155244420404,0.032429069442281404,0.03157304025250589,0.32033063434554776,-0.03196288044134657,0.09674598532975465,0,100,autocorrelated
0.03457739943236228,0.04675719952678819,0.050022264145633,0.46136533862123164,-0.058210741288684004,0.12736554015340856,0,100,autocorrelated
-0.06293494836927202,0.042025216061830344,0.03504058812781217,0.13746373085008945,-0.14633262190922422,0.02046272517068018,0,100,autocorrelated
-0.04082046094391508,0.041890556682994344,0.03495674624238058,0.3322298885516981,-0.12395090732913391,0.04230998544130376,0,100,autocorrelated
0.00036625628612739665,0.037199846338962984,0.035857381051505065,0.9921644580528969,-0.07345562808321858,0.07418814065547337,0,100,autocorrelated
-0.03503679204700011,0.03600537237549862,0.03993232460117363,0.332899880627494,-0.106488281710691,0.03641469761669078,0,100,autocorrelated
-0.011939904138539561,0.044524713318679555,0.04359943554861122,0.7891370934829415,-0.1002977486371378,0.0764179403600587,0,100,autocorrelated
0.010812538890132721,0.04054510615488572,0.038049770719665116,0.7902764569486616,-0.06964790471051335,0.09127298249077878,0,100,autocorrelated
0.015490645301978388,0.036124560809115136,0.036480836831503625,0.6690011684025714,-0.05619736992916857,0.08717866053312534,0,100,autocorrelated
0.0006123540669717917,0.035054483965883516,0.035284910342799104,0.9860982683065407,-0.06895212849504637,0.07017683662898994,0,100,autocorrelated
-0.016323818257553413,0.041491873219477046,0.040380774477437195,0.6948623865414398,-0.09866309028480406,0.06601545376969724,0,100,autocorrelated
-0.03656293310086226,0.04322053279722738,0.03742766132932452,0.3996347609596014,-0.12233267379994145,0.04920680759821692,0,100,autocorrelated
-0.025145564391892892,0.03727436942993235,0.03495477703246673,0.5015136154018935,-0.09911533740987084,0.04882420862608507,0,100,autocorrelated
0.0647796344541836,0.029555471868674948,0.023660307229368745,0.030762380811824936,0.006127762430574515,0.12343150647779268,1,100,autocorrelated
0.06349439349132456,0.042327031366385534,0.04319996583770449,0.13680571380569384,-0.02050222269776529,0.1474910096804144,0,100,autocorrelated
0.025660260052850693,0.033070616990205436,0.0350547623875361,0.4396628488042734,-0.039967303062022404,0.0912878231677238,0,100,autocorrelated
0.016932175433408934,0.050742896824025864,0.043184081119798344,0.739329731571035,-0.08376545185720194,0.11762980272401982,0,100,autocorrelated
-0.0032163991975425084,0.03986618268891766,0.037211667176092034,0.9358610664349587,-0.08232954127592838,0.07589674288084337,0,100,autocorrelated
0.0011043781111655313,0.04257734140697773,0.034196094270395036,0.9793594034820332,-0.08338897020699576,0.08559772642932681,0,100,autocorrelated
0.009460481129813805,0.040294598167020884,0.04167102557858356,0.8148671265691805,-0.07050283752184058,0.0894237997814682,0,100,autocorrelated
0.017362926182262067,0.04090376898861916,0.03177584954471424,0.6721445445573536,-0.06380927213904046,0.0985351245035646,0,100,autocorrelated
-0.07379558024000867,0.0317962516375019,0.029671170253245355,0.022365335899506848,-0.1368942067873926,-0.01069695369262473,1,100,autocorrelated
0.015842306242874526,0.04702699388813581,0.04646224550968762,0.7369300939954797,-0.07748123260765395,0.109165845093403,0,100,autocorrelated
0.021149604284262043,0.036691573781559884,0.03495762240740256,0.5656556959908703,-0.05166362973693925,0.09396283830546334,0,100,autocorrelated
0.06763404892845477,0.04251985822973834,0.038181098731515706,0.1149100781828094,-0.016745225895297908,0.15201332375220744,0,100,autocorrelated
-0.03678126958606426,0.03351769863173564,0.03232320532404863,0.2751693465667657,-0.1032960516680257,0.029733512495897188,0,100,autocorrelated
0.018272603723212454,0.037643602105340866,0.03344375208394347,0.6284685418583185,-0.056429899522224596,0.0929751069686495,0,100,autocorrelated
0.07664770274456655,0.04018228564631275,0.03841494662386205,0.05938382853489462,-0.0030927353650179318,0.15638814085415104,0,100,autocorrelated
0.00960163191121476,0.037337625162398046,0.03354104867574738,0.797596726828214,-0.0644936700491473,0.08369693387157681,0,100,autocorrelated
-0.043701975690629086,0.03074939131676853,0.03225144586407939,0.15842407845525466,-0.10472314200218696,0.017319190620928786,0,100,autocorrelated
-0.021972761182087526,0.04348740202313236,0.03551128127210664,0.6145055836415999,-0.10827209517456318,0.06432657281038812,0,100,autocorrelated
0.09241927330686946,0.037232920251028805,0.03639302835160459,0.014758263994751927,0.0185317548354383,0.1663067917783006,1,100,autocorrelated
0.008771942288388162,0.0340967809246851,0.02929370121277739,0.797512837288681,-0.05889200975736626,0.07643589433414259,0,100,autocorrelated
-0.012893107627211586,0.031615143208846896,0.029649700404751782,0.6842995715023628,-0.0756323303922073,0.04984611513778413,0,100,autocorrelated
0.026720924387817244,0.038907756516305216,0.042274328399191735,0.4938456164670594,-0.050490252143548506,0.103932100919183,0,100,autocorrelated
-0.03239772487802654,0.036122397458358414,0.0346430857184421,0.3719769671124108,-0.10408144701000427,0.03928599725395118,0,100,autocorrelated
-0.006064427101843808,0.0405828735599909,0.04103669161277802,0.8815189417334328,-0.08659981888875926,0.07447096468507164,0,100,autocorrelated
-0.024227009616534137,0.03907065629201191,0.039347936064470034,0.5366430351877536,-0.10176145545112324,0.05330743621805496,0,100,autocorrelated
0.04299155668095539,0.034431809992707424,0.027139019077947257,0.21478600538030754,-0.025337249646576243,0.11132036300848702,0,100,autocorrelated
-0.01554444360030422,0.03983571324396157,0.04202619150026583,0.697225344586204,-0.09459712005682029,0.06350823285621186,0,100,autocorrelated
-0.042787265934659695,0.04418874781285632,0.0430351332323566,0.33528607562164825,-0.13047839782114173,0.04490386595182234,0,100,autocorrelated
-0.017012601432855975,0.04381810897811926,0.04207464361897003,0.6986694465906954,-0.10396821261445569,0.06994300974874373,0,100,autocorrelated
0.010054207630577888,0.05117045444969074,0.04946802273023253,0.8446377511599181,-0.0914918938530569,0.11160030911421268,0,100,autocorrelated
0.068209581908595,0.043836613328893104,0.046058769874795166,0.12293275834316018,-0.018782750554880698,0.1552019143720707,0,100,autocorrelated
0.020621169322342696,0.04182135175247378,0.04001186537903149,0.6230608675408784,-0.06237194213057221,0.10361428077525761,0,100,autocorrelated
-0.027135000072348096,0.03588786483229984,0.03520333608409961,0.4513998475571991,-0.09835329984091136,0.044083299696215175,0,100,autocorrelated
0.06397274433896344,0.03771320905162862,0.034563250188080624,0.0930043815087746,-0.0108678916259837,0.13881338030391058,0,100,autocorrelated
-0.013818894298368772,0.04085335765267883,0.03521376579135269,0.7358938445074991,-0.09489105296416354,0.067253264367426,0,100,autocorrelated
0.039701583854068245,0.046021549777852076,0.050023163170733714,0.390423063960295,-0.05162668388235715,0.13102985159049363,0,100,autocorrelated
-0.021522556620423877,0.04739575118796929,0.046742217372091825,0.6507587623659294,-0.11557788233105416,0.07253276909020641,0,100,autocorrelated
0.014682728208610005,0.04540840489925251,0.035868047823045236,0.7471204867389362,-0.07542877347138616,0.10479422988860618,0,100,autocorrelated
-0.04111893668760404,0.038539511828333116,0.03973310862941169,0.2886250820049654,-0.11759934362042364,0.03536147024521556,0,100,autocorrelated
-0.001876162180652504,0.04306705434871453,0.0400291932700567,0.9653407911536723,-0.08734132989370202,0.08358900553239701,0,100,autocorrelated
0.015120791082847248,0.03683338880445654,0.03494406245457493,0.6823217279180005,-0.05797387023584123,0.08821545240153573,0,100,autocorrelated
-0.00830522360998401,0.04893831976765584,0.045735322428992066,0.8655896276422972,-0.10542172646322347,0.08881127924325545,0,100,autocorrelated
-0.025239844305682914,0.03052406849795041,0.02966041737516664,0.4103119858168973,-0.08581386481655655,0.03533417620519072,0,100,autocorrelated
0.003585733242819857,0.03711555085565521,0.04158710413719981,0.9232334138812592,-0.07006886948334667,0.07724033596898638,0,100,autocorrelated
0.03539804297349551,0.04457569387292794,0.042192402251034385,0.42904964225765785,-0.053060970775817284,0.1238570567228083,0,100,autocorrelated
0.010243309882392772,0.04361058644093885,0.04196869723748045,0.8147909609592021,-0.07630047957811235,0.0967870993428979,0,100,autocorrelated
-0.015644598709775026,0.041861831348212426,0.03914060319163779,0.7094200089338052,-0.09871804060300164,0.06742884318345159,0,100,autocorrelated
0.11635768756134433,0.04572722744121304,0.046474187287206085,0.01250133315832349,0.02561349292308991,0.20710188219959874,1,100,autocorrelated
0.033747386328730894,0.038051700302483366,0.03533376535691692,0.3773134814789436,-0.041764974507145655,0.10925974716460744,0,100,autocorrelated
0.048924167838428484,0.03743487461544278,0.041464539417351065,0.19430028571452868,-0.02536412249646164,0.1232124581733186,0,100,autocorrelated
-0.032938019075841464,0.04558899925731953,0.046652369656455896,0.471708209552098,-0.12340790438187471,0.057531866230191776,0,100,autocorrelated
-0.04054156632189592,0.04359860434958751,0.044916123137685934,0.3547169833351662,-0.12706157771207835,0.045978445068286515,0,100,autocorrelated
0.01544805818369303,0.03959265201997332,0.0394512597208224,0.6972540027153685,-0.06312227118438525,0.09401838755177132,0,100,autocorrelated
0.012773303378240713,0.032540006177171656,0.03042881394708568,0.6955106216675342,-0.051801279847199955,0.07734788660368139,0,100,autocorrelated
0.0441292023064853,0.04050059656987016,0.04276578310245038,0.27856412030002303,-0.036242913471287344,0.12450131808425795,0,100,autocorrelated
0.0361652441751931,0.03920235255886886,0.03544219155158089,0.35851923290245735,-0.04163054861484309,0.1139610369652293,0,100,autocorrelated
-0.026519678060231304,0.0428451641228747,0.04610009626883794,0.5373752767037411,-0.1115445118416463,0.05850515572118369,0,100,autocorrelated
-0.000951722923033721,0.03970933366561972,0.04052768597213487,0.9809274783837418,-0.07975360321942623,0.07785015737335879,0,100,autocorrelated
0.0025739970165056386,0.035216058166821655,0.03755708139538602,0.9418822235487209,-0.06731112428874925,0.07245911832176052,0,100,autocorrelated
-0.04502372834113945,0.03437511738932447,0.03679673195133484,0.19333350311721623,-0.1132400300423509,0.023192573360072008,0,100,autocorrelated
0.011336399997767723,0.0413168592255152,0.03985012793936292,0.784372381981635,-0.07065556245439641,0.09332836244993187,0,100,autocorrelated
0.0278399019519055,0.046974521321580635,0.041903934670842496,0.55477407395759,-0.065379506798044,0.121059310701855,0,100,autocorrelated
0.03005357598374762,0.03355636796358856,0.03170992371083773,0.3726531910407297,-0.036537944128760366,0.09664509609625561,0,100,autocorrelated
0.07079197546225495,0.047127700016254576,0.048360018192956836,0.13627876129013347,-0.022731411421986536,0.16431536234649644,0,100,autocorrelated
0.03977563105099057,0.03819934027255488,0.04061847774955344,0.30031466449096494,-0.03602971650046543,0.11558097860244657,0,100,autocorrelated
0.029603815847253755,0.04613625529327705,0.045609258366904874,0.5225915893045676,-0.061952081251375746,0.12115971294588326,0,100,autocorrelated
-0.009481639979969718,0.03524252171407313,0.03275323528472533,0.7884646789572263,-0.07941927733347384,0.06045599737353441,0,100,autocorrelated
-0.003512064535114016,0.03927694837896877,0.03899656969265498,0.9289322409793159,-0.08145589030237477,0.07443176123214673,0,100,autocorrelated
0.02642981588098521,0.04021636080756697,0.03451106699031582,0.5125988520046224,-0.0533782432771126,0.10623787503908302,0,100,autocorrelated
0.06715562477340344,0.03711808817933941,0.03833530741795963,0.07347916790133088,-0.0065040131890357344,0.1408152627358426,0,100,autocorrelated
-0.020830502217986387,0.0453087015205902,0.040119258618972226,0.6467167361612608,-0.11074414578793082,0.06908314135195803,0,100,autocorrelated
0.037744575314290436,0.042069347960844806,0.037092895953332206,0.3718115762373788,-0.045740676542958,0.12122982717153888,0,100,autocorrelated
-0.033928441321057205,0.0414900171382224,0.042916026413439806,0.41548401065963303,-0.11626403001546523,0.04840714737335083,0,100,autocorrelated
0.024227465875352794,0.040005373354902604,0.03714647790102873,0.5461768886615953,-0.05516189554964018,0.10361682730034577,0,100,autocorrelated
-0.03400907818717171,0.04579510191209819,0.043597975075343846,0.4594786641533415,-0.12488796750388415,0.05686981112954073,0,100,autocorrelated
0.01949146888834974,0.04168794588314077,0.04511829700647623,0.641139828322261,-0.06323690295864433,0.1022198407353438,0,100,autocorrelated
0.0665855246629799,0.038954504524138844,0.038332323754687696,0.09055749340172488,-0.010718421768490971,0.14388947109445077,0,100,autocorrelated
-0.04306097670360959,0.04184858585892175,0.03963660445825154,0.30602629054983005,-0.1261081333544209,0.03998617994720172,0,100,autocorrelated
0.03306080344687472,0.04260458063948181,0.04358549751191578,0.4396225764363759,-0.05148660024167448,0.11760820713542391,0,100,autocorrelated
-0.009615764658091538,0.035820293227105705,0.03311070340981868,0.788921377349652,-0.08069997077530368,0.0614684414591206,0,100,autocorrelated
-0.01501129977785453,0.03429663120641982,0.03367207285279069,0.66257399729723,-0.08307184820346952,0.05304924864776046,0,100,autocorrelated
0.07158768320351068,0.03716314315592384,0.036962622348765684,0.056963358308760134,-0.002161364893620246,0.14533673130064162,0,100,autocorrelated
0.08355838808910993,0.04273665911892623,0.04456637277213317,0.053408896025310806,-0.0012511210433268916,0.16836789722154674,0,100,autocorrelated
-0.0007798450351303651,0.042281329711526414,0.04342443920456679,0.985321996502821,-0.08468576777753886,0.08312607770727812,0,100,autocorrelated
-0.02894210977103738,0.03664652559834524,0.03419793515042812,0.43157231885178415,-0.10166594713876817,0.04378172759669341,0,100,autocorrelated
0.047815660071986815,0.03944441296866328,0.041701423044235485,0.22833918336829534,-0.0304604937232916,0.12609181386726523,0,100,autocorrelated
0.01464489269754812,0.03638535508311043,0.03801462222301596,0.6881969929441669,-0.057560660282643325,0.08685044567773957,0,100,autocorrelated
0.09393665433254364,0.041556872771528336,0.03978028310633281,0.026006521742308674,0.011468392809694888,0.1764049158553924,1,100,autocorrelated
0.024210472595869805,0.038600623481838174,0.04268465437069137,0.5319839740517207,-0.05239120842441679,0.1008121536161564,0,100,autocorrelated
-0.039480670676643244,0.039476074984196675,0.040003078274874836,0.31971723790927176,-0.11781965671128924,0.03885831535800275,0,100,autocorrelated
-0.019524414119771953,0.042721309045944955,0.04084384214644117,0.6486694411415908,-0.10430346153195436,0.06525463329241044,0,100,autocorrelated
-0.03807235227406948,0.04193298182417189,0.04038737033913998,0.3661407200513944,-0.12128698997120461,0.045142285423065656,0,100,autocorrelated
0.08051615783434035,0.04167590707548118,0.03884503336402072,0.056252662079017454,-0.0021883233906631466,0.16322063905934386,0,100,autocorrelated
0.019721966465409142,0.04039176380075259,0.035675884417864914,0.6264514509262072,-0.060434174224074565,0.09987810715489284,0,100,autocorrelated
0.04484177549838417,0.040935700945273414,0.039302157220908164,0.2760175866549951,-0.0363937907516549,0.12607734174842322,0,100,autocorrelated
-0.03854741284623885,0.04801061693996197,0.043694583532341964,0.42397923477029664,-0.1338229196305402,0.05672809393806249,0,100,autocorrelated
-0.01561638447827797,0.04083109424996205,0.0452402761826368,0.7029461453278132,-0.0966443621459565,0.06541159318940055,0,100,autocorrelated
-0.012021646669141352,0.038086614876108156,0.03959139206457698,0.7529472212260788,-0.08760329434006148,0.06356000100177878,0,100,autocorrelated
0.07674752381178719,0.04876190697412962,0.046299833973969785,0.11872805605331334,-0.02001889359415497,0.17351394121772934,0,100,autocorrelated
0.02417398330997148,0.04134110485362764,0.0399390462503093,0.5600633824008379,-0.057866093802093926,0.10621406042203688,0,100,autocorrelated
-0.06202454597135444,0.042637390260505205,0.03712835623083193,0.14894830213560556,-0.14663705928501664,0.022587967342307752,0,100,autocorrelated
-0.02711166153519285,0.030724909335347293,0.03013726708608515,0.37971981648619313,-0.0880842441514004,0.0338609210810147,0,100,autocorrelated
-0.04355498241743293,0.04669722557397915,0.039280001615148975,0.35326184574687214,-0.13622410678101637,0.049114141946150505,0,100,autocorrelated
-0.022360976567099296,0.03654302985349323,0.0388204659140238,0.5420156026225587,-0.09487942999749963,0.05015747686330103,0,100,autocorrelated
0.040803082873948765,0.038450623381818066,0.03777706117037907,0.291215744035532,-0.03550092782968718,0.11710709357758471,0,100,autocorrelated
-0.04052450394628149,0.0409227055493531,0.039655093178703874,0.32448118952482197,-0.1217342812560593,0.040685273363496324,0,100,autocorrelated
-0.07178499868244395,0.042798353398112256,0.04012009083788048,0.09667382467039415,-0.15671693810404974,0.013146940739161839,0,100,autocorrelated
0.036268944368342854,0.04342795991365066,0.04421316308288007,0.40566358751466514,-0.04991242869244389,0.1224503174291296,0,100,autocorrelated
0.11094544440252094,0.046338882613956946,0.053759297438777706,0.018558084830937776,0.018987439980624507,0.20290344882441735,1,100,autocorrelated
0.05048348181425485,0.03835548526529569,0.03979227233335642,0.1911772714361534,-0.02563173039346698,0.12659869402197668,0,100,autocorrelated
0.05801188309703519,0.04578661789933216,0.03956652643512182,0.2081561849449323,-0.032850169972460104,0.1488739361665305,0,100,autocorrelated
0.04135778541202202,0.040859968673810296,0.04276952492805913,0.31394288081398214,-0.03972749261004868,0.12244306343409272,0,100,autocorrelated
-0.033240996406705144,0.03500439122757658,0.03564670885356677,0.344639548580139,-0.10270607155985007,0.036224078746439785,0,100,autocorrelated
0.11609232217951447,0.04180578541763439,0.04497301740671165,0.006575122932647104,0.033130101611473034,0.1990545427475559,1,100,autocorrelated
0.006953116563416649,0.046984925831488764,0.03625268612310563,0.8826577865836162,-0.0862869395978248,0.10019317272465808,0,100,autocorrelated
0.0269037262960111,0.04170806172298547,0.040230869816431196,0.5204029536238037,-0.055864564780473226,0.10967201737249543,0,100,autocorrelated
-0.05240048192270684,0.037697107216649574,0.039508385626003284,0.16766609185782919,-0.1272091643201815,0.022408200474767825,0,100,autocorrelated
0.03352962415438092,0.04215882758216591,0.03231058663156701,0.428351315196828,-0.05013319709921367,0.1171924454079755,0,100,autocorrelated
0.023093320004727996,0.04015053273227595,0.03938555455678834,0.5664955950687839,-0.05658410548036724,0.10277074548982323,0,100,autocorrelated
0.10945922341098825,0.040613920747143414,0.03981130385592608,0.008281247568129835,0.028862219491617144,0.19005622733035937,1,100,autocorrelated
-0.0023437514718708044,0.038574056355029626,0.03277149654919868,0.9516742548433003,-0.07889271089364822,0.0742052079499066,0,100,autocorrelated
0.021341050097468152,0.03435586274865559,0.03183131339039443,0.535925772243661,-0.046837041395989217,0.08951914159092553,0,100,autocorrelated
-0.04191164551292229,0.03397180517429269,0.03816290827803606,0.22025848421962332,-0.10932758724943042,0.025504296223585847,0,100,autocorrelated
-0.009714771563712504,0.03173252841540528,0.03371874267036514,0.7601432817324179,-0.0726869414507545,0.053257398323329486,0,100,autocorrelated
-0.09241116056331763,0.03672744335982517,0.03425712268922649,0.013489299834832982,-0.1652955765951904,-0.019526744531444873,1,100,autocorrelated
-0.035807856856429524,0.04277158814757351,0.043717126646349205,0.40452391886559647,-0.1206866815094316,0.04907096779657255,0,100,autocorrelated
0.003854788981909156,0.039374382496511075,0.03401456880721542,0.9222109124498505,-0.07428239162056507,0.0819919695843834,0,100,autocorrelated
-0.014017566787490398,0.03896546054505185,0.040594939239354255,0.7198131068985283,-0.09134325508589315,0.06330812151091235,0,100,autocorrelated
-0.052969604728768035,0.03955570502339214,0.047429174493787425,0.18363124428627073,-0.13146661398459214,0.025527404527056083,0,100,autocorrelated
-0.009588161319998399,0.03375484913180968,0.03510756760109622,0.776969162845973,-0.07657356085115778,0.05739723821116098,0,100,autocorrelated
-0.035476191367895746,0.03661079190342807,0.032553845356000234,0.3349260897234053,-0.108129116381037,0.03717673364524551,0,100,autocorrelated
-0.048665603883227125,0.03995778504663152,0.036878735492781305,0.22617653848050565,-0.12796052785924492,0.030629320092790673,0,100,autocorrelated
-0.004547473830843928,0.04271585929338496,0.03781804160100689,0.9154360626909561,-0.08931570638643634,0.08022075872474847,0,100,autocorrelated
0.04178963280018334,0.03403825458049663,0.03197472315443608,0.22249080764344503,-0.025758175620302484,0.10933744122066917,0,100,autocorrelated
-0.0360198608266009,0.03779904952102896,0.038179894394455224,0.3429698697674015,-0.11103084440934571,0.038991122756143914,0,100,autocorrelated
-0.009851136789149867,0.037850324028482527,0.03516861023443332,0.7952049711001385,-0.08496387296317805,0.06526159938487831,0,100,autocorrelated
0.026965367171837375,0.03563526649935638,0.03674923300577862,0.4510422705220375,-0.043751659425957164,0.09768239376963192,0,100,autocorrelated
-0.02280427989345276,0.04678316169465971,0.04973830112299642,0.6270307143261755,-0.11564394169168643,0.07003538190478092,0,100,autocorrelated
0.010623191475568707,0.03698662274000542,0.03215759435587634,0.7745525023784083,-0.06277555760113027,0.08402194055226767,0,100,autocorrelated
0.07673997381208922,0.0428504782274031,0.039162744753446464,0.07640024249813493,-0.008295405636811803,0.16177535326099024,0,100,autocorrelated
-0.0042589334276455625,0.0410113556749221,0.04053002076487458,0.917502469307818,-0.08564463402644588,0.07712676717115476,0,100,autocorrelated
-0.01343957083583057,0.03717070796843567,0.03596179082826742,0.7184566260949606,-0.08720363105719006,0.06032448938552892,0,100,autocorrelated
0.026718747593193256,0.03265623092180265,0.03089257796338987,0.41523811083154794,-0.03808647985536667,0.09152397504175319,0,100,autocorrelated
0.10304856380528074,0.04315905059449933,0.03963911913184957,0.01887415236118338,0.017400832536541844,0.18869629507401964,1,100,autocorrelated
-0.021738255834145546,0.0399221661258946,0.03521991623666493,0.5873233739096703,-0.10096249522119911,0.05748598355290803,0,100,autocorrelated
-0.018521075035604885,0.04205440239580796,0.04190439647121423,0.6606118702590785,-0.10197666790544968,0.06493451783423992,0,100,autocorrelated
0.022120824201060017,0.033728488700371206,0.03640430720357194,0.5134575709236635,-0.04481226391182508,0.0890539123139451,0,100,autocorrelated
0.08116469691226877,0.037570157234979105,0.03620121935256469,0.03318372377413783,0.006607942621759219,0.1557214512027783,1,100,autocorrelated
0.06596740962600094,0.03846925796335023,0.031010711834637817,0.08954098764069926,-0.010373580798212448,0.14230840005021433,0,100,autocorrelated
-0.0023993510484618327,0.04309818203182239,0.052204894468732464,0.9557166515821811,-0.08792629063557061,0.08312758853864693,0,100,autocorrelated
-0.03423638592128463,0.03732882225298657,0.03963987205422532,0.36131203415317525,-0.10831421879441533,0.03984144695184607,0,100,autocorrelated
0.08025017132556647,0.03349995461588443,0.03192251729631174,0.01849558166565368,0.013770601665572577,0.14672974098556035,1,100,autocorrelated
0.04401865968253595,0.04000641601884657,0.041655281443943,0.2739011700096921,-0.035372770875119745,0.12341009024019164,0,100,autocorrelated
0.01970947134727175,0.04219797572159835,0.0397518224530746,0.6414855342362158,-0.06403103811492789,0.10344998080947138,0,100,autocorrelated
-0.02143938880265886,0.042118373402515195,0.043504852368222706,0.6118774903165833,-0.10502193005334108,0.06214315244802336,0,100,autocorrelated
0.01811047322796764,0.03653928028770834,0.03407511308948416,0.6212552992060254,-0.054400539311164335,0.09062148576709961,0,100,autocorrelated
-0.003690035542101469,0.04136918828836849,0.03851519719518544,0.9291068465740033,-0.08578584331641861,0.07840577223221568,0,100,autocorrelated
0.0435580022092692,0.03581655992652952,0.035544506089658326,0.22685223783780753,-0.027518795294451906,0.1146347997129903,0,100,autocorrelated
0.024468598805177363,0.0360032404520818,0.03368437959768309,0.4983459333547069,-0.04697866012587751,0.09591585773623224,0,100,autocorrelated
-0.012261782247387866,0.03689410051806667,0.040054987432209206,0.7403342496624361,-0.08547692398583814,0.060953359491062405,0,100,autocorrelated
0.008498511503750687,0.03802639804239122,0.03655307572534046,0.8236195456674605,-0.06696363782044956,0.08396066082795092,0,100,autocorrelated
0.04148985738336525,0.04297958584329502,0.03627426513467086,0.3367513471161945,-0.04380173192739191,0.1267814466941224,0,100,autocorrelated
-0.006594239214772467,0.03504173119644883,0.03667179809123644,0.8511227391029943,-0.07613341432089367,0.06294493589134874,0,100,autocorrelated
0.02473593064575537,0.03666890250954441,0.037307445669544775,0.5015339998358628,-0.048032312973980765,0.0975041742654915,0,100,autocorrelated
0.003465559585258772,0.03677506416141187,0.03316758411799806,0.9251135628264053,-0.06951335837751652,0.07644447754803407,0,100,autocorrelated
0.036611493329619736,0.041547480346460226,0.039522000570141956,0.38036756715882325,-0.045838129231363205,0.11906111589060267,0,100,autocorrelated
-0.040859664874425425,0.04052178395720231,0.036405391187847594,0.3157752982962628,-0.12127382633280306,0.039554496583952214,0,100,autocorrelated
0.0043707013626333585,0.04192089305838435,0.03805820221297478,0.9171755510016386,-0.07881994657223221,0.08756134929749892,0,100,autocorrelated
0.0010900904547337588,0.0440042158583176,0.049535400045420515,0.9802868708754069,-0.08623484377366444,0.08841502468313195,0,100,autocorrelated
-0.035921524842173216,0.040092358708735516,0.03660904246061702,0.37246467560365315,-0.1154835058708594,0.043640456186512966,0,100,autocorrelated
0.017113691573697493,0.04027520666101783,0.03740880442346346,0.6718273996384491,-0.06281114526540152,0.0970385284127965,0,100,autocorrelated
-0.0390242891501981,0.051510093127287715,0.04403097700651168,0.4505055152643287,-0.1412443925357886,0.06319581423539239,0,100,autocorrelated
0.0458575670376509,0.042116389630565534,0.041042831480252936,0.27889944351529805,-0.03772103748216021,0.129436171557462,0,100,autocorrelated
0.031330755727505,0.04506789059459236,0.04240937402439177,0.48858123543891874,-0.05810500639712636,0.12076651785213637,0,100,autocorrelated
0.03294970806834523,0.03638743608461967,0.03127043280963055,0.3674085919061214,-0.03925997459161392,0.10515939072830438,0,100,autocorrelated
0.024604908073335575,0.037602609460164874,0.03207184410101099,0.5144251901063732,-0.05001624660187886,0.09922606274855,0,100,autocorrelated
-0.010258017556242525,0.037233753907886524,0.03223708638421956,0.7835097503984285,-0.08414719039257598,0.06363115528009095,0,100,autocorrelated
-0.013603915042260804,0.032115116243563356,0.03035224697620573,0.6727869096136986,-0.07733531802274228,0.05012748793822068,0,100,autocorrelated
-0.06895226377141916,0.04884775199968857,0.04187993566764709,0.16124228708505958,-0.1658890378367075,0.02798451029386917,0,100,autocorrelated
-0.017338701734608858,0.040636079067857836,0.03565376502936221,0.6705465010691707,-0.09797967812028248,0.06330227465106476,0,100,autocorrelated
0.14764988936570267,0.04278375646010754,0.046596795542735533,0.0008253617804208455,0.06274691709250152,0.23255286163890382,1,100,autocorrelated
-0.01208079370762278,0.03780318616977206,0.03906216773393797,0.7499739783121571,-0.08709998633516866,0.06293839891992312,0,100,autocorrelated
0.0500687896391891,0.03372801291934798,0.03226217069292002,0.1408892679315501,-0.01686335430173997,0.11700093358011818,0,100,autocorrelated
0.034873318000930326,0.03588231798965398,0.03523152808640276,0.3335028090085912,-0.03633397423892741,0.10608061024078806,0,100,autocorrelated
-0.013983858347396818,0.04240952786202488,0.03869686649677996,0.742304803926345,-0.0981441861471872,0.07017646945239356,0,100,autocorrelated
-0.07036198471615984,0.04323989928792493,0.0437648286503993,0.1068958446771753,-0.15617015758573477,0.015446188153415086,0,100,autocorrelated
0.04545269855805156,0.041390816696092216,0.042478341846337336,0.2748363187441049,-0.036686030087484375,0.12759142720358752,0,100,autocorrelated
-0.018183852619410124,0.03981740993486684,0.04202357177466451,0.6489109866504721,-0.0972002067547194,0.060832501515899154,0,100,autocorrelated
-0.08954070735386364,0.03804333583865459,0.04154160512222962,0.020586505372114712,-0.16503646918349826,-0.014044945524229024,1,100,autocorrelated
-0.017207121087761044,0.03733683978702545,0.035130561556292586,0.6459189250583026,-0.09130086449625667,0.05688662232073459,0,100,autocorrelated
0.08784723091949774,0.044359472891242806,0.04219729758709734,0.050468097582447316,-0.00018269932869671712,0.1758771611676922,0,100,autocorrelated
-0.00688535250435271,0.043994920443050686,0.035581731297537326,0.8759582341475474,-0.09419184028367834,0.08042113527497292,0,100,autocorrelated
0.02642272926171721,0.040093337382719245,0.03788623923671342,0.5114217856253447,-0.05314119391363818,0.1059866524370726,0,100,autocorrelated
0.015010593577747124,0.04309283603872818,0.037057855732006324,0.7283383832056213,-0.07050573706005461,0.10052692421554885,0,100,autocorrelated
-0.017277356275589732,0.0370065199712773,0.03648896643997078,0.6416268267643898,-0.09071559076018093,0.05616087820900147,0,100,autocorrelated
-0.026188513024551843,0.035277452438135425,0.03477194849147746,0.45964585498400845,-0.09619546926311714,0.04381844321401346,0,100,autocorrelated
0.03413911789853884,0.04218663797731306,0.04289923897197538,0.4203374781776956,-0.049578892179120024,0.1178571279761977,0,100,autocorrelated
-0.03865963378848507,0.03473613519656947,0.03291790363976137,0.2684517732195351,-0.1075923635786427,0.030273096001672564,0,100,autocorrelated
-0.0007941621785201077,0.03499513797857717,0.03637946812706522,0.9819409034010478,-0.070240874560178,0.06865255020313779,0,100,autocorrelated
0.005657271850058342,0.04248864554857798,0.03863750326783724,0.8943494772346648,-0.07866006242376619,0.08997460612388289,0,100,autocorrelated
-0.006278753930297056,0.04325148514161541,0.04515784380890012,0.8848759750666148,-0.0921099185494525,0.07955241068885838,0,100,autocorrelated
-0.041478175361013614,0.03905552762840685,0.038968288691614054,0.29083185539603473,-0.11898259885504948,0.03602624813302226,0,100,autocorrelated
0.019632540223328058,0.04044546774454938,0.04417629787185697,0.6284706174856928,-0.06063017419479473,0.09989525464145084,0,100,autocorrelated
-0.1062663678320078,0.03391909356940948,0.03380749334655329,0.0022827077168547905,-0.1735777051041546,-0.03895503055986098,1,100,autocorrelated
-0.025298781555980747,0.033032482253415776,0.030343621339038906,0.4455909037900364,-0.09085066752681165,0.040253104414850145,0,100,autocorrelated
-0.01574022489951987,0.037873567330853196,0.03779752320402795,0.6786118996032013,-0.09089908665063604,0.05941863685159629,0,100,autocorrelated
0.02543237691467345,0.03559149218952468,0.0356175996406145,0.47657755703125704,-0.04519778098992008,0.09606253481926699,0,100,autocorrelated
-0.016078573886516748,0.03162468775369144,0.03192668724045223,0.6123025439154921,-0.07883673749012378,0.046679589717090283,0,100,autocorrelated
-0.0033919812635589087,0.04094194793462149,0.044101447888807405,0.9341409475438963,-0.08463994446064739,0.07785598193352956,0,100,autocorrelated
0.04206101018789245,0.036982128354155465,0.035778937990087675,0.2581720904947945,-0.031328819926359636,0.11545084030214453,0,100,autocorrelated
-0.021950067242251563,0.04119241985226962,0.045194603232613526,0.5953321651424225,-0.10369508380816059,0.059794949323657455,0,100,autocorrelated
-0.016140135385013583,0.03738845794675379,0.04122722381577647,0.6669166880076329,-0.09033631335154751,0.05805604258152034,0,100,autocorrelated
0.04128415278813874,0.03633769302842825,0.033138391363813434,0.25867505202039887,-0.03082681639572482,0.1133951219720023,0,100,autocorrelated
0.09601752352487722,0.051334773896652745,0.053108367096000995,0.0644099741479954,-0.005854664553383057,0.1978897116031375,0,100,autocorrelated
0.016191644122685943,0.041663301051458636,0.03609072138921007,0.698392284925046,-0.0664878208579151,0.09887110910328697,0,100,autocorrelated
0.019196954233486833,0.036439647307677694,0.04164732600834633,0.59951248453568,-0.053116339899386786,0.09151024836636044,0,100,autocorrelated
0.000209786571858106,0.05001432131271265,0.04751797184226903,0.9966617857520701,-0.09904200632845941,0.09946157947217563,0,100,autocorrelated
-0.01628298391664435,0.03705720972376877,0.033774089280665893,0.6613382139993113,-0.08982181056532781,0.05725584273203912,0,100,autocorrelated
-0.0375626470265482,0.03493639487026059,0.03216660002242666,0.28493752971951897,-0.10689278562157997,0.031767491568483575,0,100,autocorrelated
0.01735059802024492,0.04351319590057329,0.0464805634594452,0.6909498075370719,-0.06899992308253572,0.10370111912302557,0,100,autocorrelated
0.04045587396736722,0.04986082970714256,0.045344339867353235,0.41911613150371063,-0.058491319837168765,0.1394030677719032,0,100,autocorrelated
0.005473136442310253,0.03942159587138307,0.04017867084756136,0.8898646509900129,-0.0727577375660111,0.0837040104506316,0,100,autocorrelated
0.06094096812736337,0.036062628701235167,0.03619106523922757,0.0942326612743154,-0.010624144851311745,0.13250608110603848,0,100,autocorrelated
-0.007824411552253274,0.03979680410071333,0.04481678809785365,0.8445406473562693,-0.0867998740803136,0.07115105097580705,0,100,autocorrelated
0.009642516566574368,0.0345443451006854,0.03419297815664576,0.7807298687828804,-0.05890961202021996,0.07819464515336869,0,100,autocorrelated
0.03546784018320859,0.042105641474524585,0.038451581561867086,0.40164109212753063,-0.048089434970744166,0.11902511533716134,0,100,autocorrelated
-0.03758268983455628,0.04510797330089931,0.04865752846044843,0.4067738688122924,-0.12709799478533912,0.051932615116226565,0,100,autocorrelated
0.06216682903134364,0.04129337592626218,0.04123308112408666,0.13541416462510494,-0.01977853157773031,0.1441121896404176,0,100,autocorrelated
0.07633164821011908,0.05334587641731503,0.04397181554391136,0.15564513119937215,-0.029531507367910978,0.18219480378814912,0,100,autocorrelated
0.005246739093051596,0.03859931174438068,0.039456486400260296,0.8921567842118778,-0.07135233882694185,0.08184581701304504,0,100,autocorrelated
-0.06734906390344024,0.042202669714547676,0.03760615580977496,0.11374252638887118,-0.15109888844187913,0.016400760634998637,0,100,autocorrelated
-0.023975489486748082,0.03917981521257751,0.03869471765800921,0.541998068414202,-0.10172655764655997,0.0537755786730638,0,100,autocorrelated
-0.0036715776077731847,0.036712025391054635,0.03168397457939749,0.9205405216837081,-0.07652539718240746,0.06918224196686108,0,100,autocorrelated
-0.05321456877759285,0.04689882419229506,0.04320317489720311,0.25928241019590775,-0.14628375903808158,0.03985462148289589,0,100,autocorrelated
-0.02326650591309318,0.03783688174439729,0.03870416041536878,0.5400353624522991,-0.09835256631184104,0.05181955448565469,0,100,autocorrelated
-0.041366946655541054,0.0435226841355232,0.044642180674832825,0.34421236106386344,-0.12773629685177976,0.04500240354069765,0,100,autocorrelated
-0.00975895390640719,0.050126189732070024,0.04994922841741761,0.8460404557732604,-0.10923274604411758,0.0897148382313032,0,100,autocorrelated
-0.013790636717307674,0.03830559131817197,0.03441163320726965,0.719609664767245,-0.08980683601078959,0.06222556257617425,0,100,autocorrelated
-0.05001511087015479,0.03636627223344701,0.03157101616494426,0.17216930307248762,-0.12218279455625147,0.022152572815941886,0,100,autocorrelated
0.03916208082139152,0.03903632981215692,0.03723778296175308,0.31822474461604955,-0.03830424523110031,0.11662840687388334,0,100,autocorrelated
-0.025961501471902994,0.03346282767316424,0.032821442528259914,0.43971701510528016,-0.0923673939223863,0.04044439097858032,0,100,autocorrelated
0.015510355331069592,0.039500990008958736,0.039696297279701385,0.6954253113620673,-0.06287807375934294,0.09389878442148213,0,100,autocorrelated
0.01017898438526254,0.03940816066809863,0.040210359748180775,0.7967198790362284,-0.06802522789939724,0.08838319666992231,0,100,autocorrelated
0.03787649995052618,0.04224042409170712,0.03445853494747192,0.37208265049747336,-0.045948246920647765,0.12170124682170012,0,100,autocorrelated
-0.03227815507638047,0.0393721811720856,0.037125585352069106,0.41430741500253865,-0.11041096722217572,0.04585465706941478,0,100,autocorrelated
0.013937037687895774,0.0408548061482886,0.03998448194668159,0.7337316470879001,-0.06713799547029448,0.09501207084608601,0,100,autocorrelated
0.0471918272558185,0.03454317138993339,0.033058839062913715,0.17501254653211054,-0.02135797214018756,0.11574162665182455,0,100,autocorrelated
-0.0007459246766487009,0.04082823147514969,0.03972488279993886,0.9854607438896079,-0.08176822126088276,0.08027637190758535,0,100,autocorrelated
-0.009182947085689022,0.03727872002676057,0.042427681392154054,0.8059403522152665,-0.08316135372147991,0.06479545955010187,0,100,autocorrelated
0.03333158731177493,0.03239666955006646,0.03329938342540616,0.30607886339091595,-0.030958549042148183,0.09762172366569805,0,100,autocorrelated
0.03639053258662059,0.03297169832772423,0.027227003728685563,0.27243037349156796,-0.02904072966192313,0.1018217948351643,0,100,autocorrelated
-0.05760820100417366,0.03386946475776187,0.03458547913487563,0.09213499344085721,-0.12482105151480391,0.009604649506456592,0,100,autocorrelated
-0.0036434626987362773,0.03433941579832895,0.029406182464233835,0.9157187239161879,-0.07178891575454587,0.06450199035707331,0,100,autocorrelated
0.014433722670672746,0.04139685212849192,0.03288435011862428,0.728087160258163,-0.0677169830940338,0.0965844284353793,0,100,autocorrelated
0.0179252837291171,0.05134035269985907,0.04762497199545231,0.7277287120289174,-0.08395797530254077,0.11980854276077497,0,100,autocorrelated
-0.060869597598004595,0.03737091193685258,0.03674074932197732,0.10656675516059663,-0.1350309560789345,0.013291760882925323,0,100,autocorrelated
0.0024361424854214987,0.04530899151427959,0.040550846204629114,0.9572300116060205,-0.08747807656756151,0.09235036153840451,0,100,autocorrelated
0.032668557349755434,0.03481478525196766,0.03133412933396869,0.35036996678076526,-0.03642025091562877,0.10175736561513964,0,100,autocorrelated
0.04627990291570798,0.0449288809953317,0.039481654337481395,0.30551259302879735,-0.04287999918333771,0.13543980501475367,0,100,autocorrelated
-0.03414735023240306,0.040750308064557886,0.03437813349647378,0.4040892009798148,-0.11501501034437975,0.046720309879573624,0,100,autocorrelated
-0.03300918730071979,0.0335022337822927,0.03272801697311537,0.32691132980297566,-0.09949327989227412,0.033474905290834536,0,100,autocorrelated
-0.05007149521515812,0.039180552351127475,0.03962822355141139,0.20427947724117765,-0.1278240262024318,0.02768103577211556,0,100,autocorrelated
-0.013158322171587328,0.037465236906965765,0.03804670985651923,0.7261816212701921,-0.08750686548584663,0.061190221142671974,0,100,autocorrelated
0.022729472335607345,0.04288671389786851,0.04141438017546941,0.5973185327030004,-0.062377815622021604,0.1078367602932363,0,100,autocorrelated
-0.05950645201884961,0.028803537865201904,0.029236411702711938,0.04147248212057427,-0.11666613548468967,-0.002346768553009554,1,100,autocorrelated
0.004245200564349828,0.03462548958340078,0.03125932168262045,0.9026722876599208,-0.06446795660749946,0.07295835773619913,0,100,autocorrelated
-0.019309750795173202,0.03913418675628788,0.04562407368401431,0.6228169172099147,-0.09697027076848258,0.05835076917813617,0,100,autocorrelated
0.020315164260212775,0.031693222056560284,0.030352392369113433,0.5230227718450564,-0.0425790034369493,0.08320933195737486,0,100,autocorrelated
0.029798279460484578,0.04649925201310594,0.04244332847844416,0.523126584044989,-0.062477972814709,0.12207453173567816,0,100,autocorrelated
0.046878464488610695,0.04596665663899053,0.04688411431120269,0.31031716309390467,-0.04434086960027265,0.13809779857749405,0,100,autocorrelated
0.06437220249338074,0.03652814343190322,0.03485973109388113,0.08114281086233682,-0.008116709317861334,0.13686111430462283,0,100,autocorrelated
-0.00618677316427688,0.038233575647734455,0.04028318693800622,0.871784544864602,-0.08206005970356683,0.06968651337501308,0,100,autocorrelated
0.054220468371765806,0.03527482828675815,0.03220612864453607,0.12749460264941423,-0.015781280323795818,0.12422221706732743,0,100,autocorrelated
0.10889604305080419,0.034045887931971955,0.03298568662702444,0.001860992066715635,0.041333086492747376,0.17645899960886102,1,100,autocorrelated
0.0588108645277779,0.044144803589083535,0.043201289328336674,0.1858756182173842,-0.028793061476817004,0.1464147905323728,0,100,autocorrelated
-0.05995713023647513,0.03948184286044748,0.03646513199123221,0.13208277785847303,-0.138307562433822,0.018393301960871744,0,100,autocorrelated
0.018028794448820246,0.04170157717487634,0.045519335662858394,0.6664522580399692,-0.06472662825298485,0.10078421715062534,0,100,autocorrelated
0.02244920542773511,0.04301619883569935,0.03674321209284699,0.602932879724974,-0.0629150411748576,0.10781345203032783,0,100,autocorrelated
-0.04000106628044158,0.04071192155869576,0.0361216960157573,0.3282536753071219,-0.12079254962084573,0.040790417059962565,0,100,autocorrelated
0.014401841006563516,0.03926021169776929,0.03285109616183738,0.7145363636034721,-0.06350877136156174,0.09231245337468877,0,100,autocorrelated
-0.01469955936038472,0.03580012538676086,0.03611809274496725,0.6822616569036193,-0.08574374305480645,0.056344624334037,0,100,autocorrelated
0.07219849492866953,0.04198350753596408,0.041928619610702586,0.08864607449712122,-0.011116409399128946,0.155513399256468,0,100,autocorrelated
-0.007447023332176797,0.0415133378918992,0.03776930947032841,0.858002886788473,-0.08982889130326914,0.07493484463891555,0,100,autocorrelated
-0.05500406875314198,0.03910597734565685,0.03722733584226256,0.16272742182106692,-0.13260860806914554,0.02260047056286156,0,100,autocorrelated
0.02651954586078926,0.04276952596833684,0.041125015043439135,0.5366593786181098,-0.05835518646463243,0.11139427818621096,0,100,autocorrelated
-0.031452487417346624,0.03734924599267321,0.0381248607615913,0.40177209517553614,-0.10557085053718315,0.04266587570248991,0,100,autocorrelated
-0.10229073622348722,0.03578998943492196,0.034658613646249586,0.005206321799410742,-0.17331480545136502,-0.03126666699560944,1,100,autocorrelated
0.033201062991192645,0.0376077665426132,0.03621372348519034,0.3794914703971777,-0.04143032574630029,0.10783245172868558,0,100,autocorrelated
0.01755442195235254,0.03872658672024604,0.03685832823479063,0.6513411392541899,-0.05929722901500864,0.09440607291971373,0,100,autocorrelated
0.011856048483014022,0.04844078714196384,0.0427470742545114,0.8071591067322118,-0.0842731170670242,0.10798521403305225,0,100,autocorrelated
0.039332245650896394,0.037496474310417964,0.03811630653138235,0.29677723139421286,-0.03507828727387459,0.11374277857566738,0,100,autocorrelated
-0.009791259220133443,0.03520517736076208,0.03574802907697557,0.7815062847239748,-0.07965478791988517,0.06007226947961828,0,100,autocorrelated
-0.0408986115000357,0.043159467482091304,0.042393644515820686,0.3456557137823054,-0.12654717006863303,0.04474994706856162,0,100,autocorrelated
-0.01793448024445269,0.036465002570987635,0.036971404331818246,0.623941364444834,-0.0902980910721633,0.05442913058325793,0,100,autocorrelated
-0.00084496694653792,0.036612955286266013,0.035430598328600356,0.9816346935998315,-0.07350218512251254,0.0718122512294367,0,100,autocorrelated
-0.03411601853079165,0.036549883371748415,0.03486889474926592,0.35290252410210754,-0.10664807254511771,0.0384160354835344,0,100,autocorrelated
0.04983341050589052,0.034671786485015385,0.032036465726830186,0.15382087264274602,-0.018971621360453744,0.11863844237223478,0,100,autocorrelated
-0.01834818698505734,0.03536660319756932,0.04005554041714312,0.6050698997098645,-0.08853206000425663,0.051835686034141945,0,100,autocorrelated
-0.02770737918882244,0.03514290241636298,0.029388359621659317,0.432353928950704,-0.09744732528818795,0.04203256691054306,0,100,autocorrelated
0.03514488932292754,0.036134475584245915,0.03721553653551242,0.33313984400710306,-0.036562801456784415,0.10685258010263948,0,100,autocorrelated
0.029581905288514208,0.04491059549287482,0.04613168479505737,0.51164310656522,-0.05954170982601796,0.11870552040304637,0,100,autocorrelated
0.00041625850888508953,0.037722924319886254,0.036972630031178226,0.991218250288894,-0.07444365708973034,0.07527617410750052,0,100,autocorrelated
-0.010390650564980598,0.03228839262536538,0.03134305859334346,0.7482838572584026,-0.07446591488576901,0.053684613755807804,0,100,autocorrelated
0.02727942584765921,0.0380864226099702,0.04481543863599923,0.4755399242176097,-0.048301840277367565,0.10286069197268599,0,100,autocorrelated
0.03528397928725424,0.03374579248873385,0.03182365007938514,0.29832639485800055,-0.0316834476304748,0.10225140620498328,0,100,autocorrelated
-0.008954386964817772,0.03852008307474945,0.031777428123348446,0.8166653572839774,-0.08539623816847053,0.06748746423883498,0,100,autocorrelated
0.02762602284844656,0.03348197787480275,0.038329608766547445,0.41131802320547306,-0.03881787255393407,0.0940699182508272,0,100,autocorrelated
0.04022798110601257,0.04257004494764795,0.038257528432725556,0.3469914723590959,-0.04425088762607622,0.12470684983810136,0,100,autocorrelated
0.02596718484024636,0.04578591547181739,0.04442431139621984,0.5719135079995564,-0.06489347428470678,0.1168278439651995,0,100,autocorrelated
0.05162614978864051,0.039361966893951786,0.03545175607934724,0.19272818520090598,-0.026486392454627722,0.12973869203190874,0,100,autocorrelated
-0.01227582169258882,0.050373643410792715,0.05463502787003879,0.8079762078314334,-0.11224067760220255,0.0876890342170249,0,100,autocorrelated
-0.027144484703223597,0.04879160280022276,0.03918931930564519,0.5792498687754515,-0.12396983250957992,0.06968086310313272,0,100,autocorrelated
-0.057683748376979684,0.0435041065309724,0.03871584843950964,0.1879424945576159,-0.14401623192160612,0.028648735167646745,0,100,autocorrelated
0.11001774663762684,0.03805744778502365,0.0395255774191901,0.004732013018283109,0.03449398010970421,0.18554151316554945,1,100,autocorrelated
0.0757038136689401,0.03576648768091171,0.04103905806054017,0.03682566275761636,0.004726382907017615,0.1466812444308626,1,100,autocorrelated
0.01228571108354403,0.05136528108404545,0.051475961479953904,0.8114630499415287,-0.08964701751522317,0.11421843968231121,0,100,autocorrelated
-0.0515676318046765,0.04394470170727456,0.04880857765988634,0.24345293594433812,-0.13877446213725195,0.03563919852789895,0,100,autocorrelated
0.03769682719663898,0.040419403517482994,0.04689731037734649,0.3532970117083576,-0.042514163611145774,0.11790781800442374,0,100,autocorrelated
-0.0287752560162026,0.04064406268753945,0.046345898530015875,0.4806370402096417,-0.10943207563530291,0.0518815636028977,0,100,autocorrelated
0.02485193777763581,0.04276052844077357,0.041104411063745155,0.5624475754216296,-0.06000493924716628,0.1097088148024379,0,100,autocorrelated
-0.020731228965416022,0.03611091522552547,0.03195755225724488,0.5672163886240917,-0.09239216498003261,0.05092970704920057,0,100,autocorrelated
0.04986894795496084,0.045667381487693864,0.04523230141235758,0.2775088243381803,-0.040756484336255644,0.14049438024617733,0,100,autocorrelated
-0.056713463376336294,0.033972070072809564,0.036760125481481803,0.0982268072202505,-0.12412993079532988,0.010703004042657303,0,100,autocorrelated
-0.04979339929879412,0.04595815711800938,0.03435361159055101,0.28126686870251866,-0.14099586636491215,0.041409067767323914,0,100,autocorrelated
0.10218110267068874,0.04283349605528276,0.0394404639698295,0.01897637104096395,0.017179423789666,0.18718278155171147,1,100,autocorrelated
0.003927528642773327,0.0441596137556192,0.04456726104096043,0.9293115920296509,-0.08370578765530623,0.0915608449408529,0,100,autocorrelated
0.026015740365200324,0.0436304774820577,0.03954971324454532,0.5523667070726017,-0.06056752221903983,0.11259900294944047,0,100,autocorrelated
-0.015603280517408268,0.04043843276046417,0.04356724109847092,0.7004420788147834,-0.09585203423857154,0.06464547320375501,0,100,autocorrelated
0.024702683981285372,0.041156781752109454,0.03864760079538494,0.5497521792656501,-0.0569716099347182,0.10637697789728895,0,100,autocorrelated
0.05749754490913345,0.0358834348303044,0.02991029348521378,0.11229843334046165,-0.013711963664646831,0.12870705348291372,0,100,autocorrelated
0.05491655748675663,0.0365818425682166,0.032850070984148626,0.13651976279651687,-0.017678918512830176,0.12751203348634343,0,100,autocorrelated
0.012430898315171699,0.048633523781868776,0.043863674290960185,0.7987927358008993,-0.08408074682403341,0.10894254345437682,0,100,autocorrelated
-0.03909181907410741,0.03721734562233339,0.040935268211538436,0.2961333470357322,-0.11294843020177775,0.03476479205356293,0,100,autocorrelated
-0.038081292664796235,0.036879364249206334,0.034413780919448626,0.3043369764966579,-0.11126719075729348,0.03510460542770101,0,100,autocorrelated
0.0207774407817901,0.045330522808894436,0.0433576855087531,0.6477127176017178,-0.06917950642460774,0.11073438798818794,0,100,autocorrelated
0.033869567787017545,0.04090324085855815,0.04507396810152849,0.4096591577831805,-0.0473015824773672,0.11504071805140229,0,100,autocorrelated
-0.026771771608936033,0.042869623449891814,0.03672224238614748,0.53375518982178,-0.11184514412877367,0.05830160091090159,0,100,autocorrelated
-0.011590818754719824,0.04522482562992413,0.044275619335511565,0.7982616279498188,-0.10133801334942638,0.07815637583998675,0,100,autocorrelated
-0.023089572238069303,0.04725500305395964,0.047805786106774675,0.6262048912734632,-0.11686558785748614,0.07068644338134754,0,100,autocorrelated
0.052435237407031876,0.040147695470102905,0.044472862022946404,0.19458998376785472,-0.027236557623621274,0.132107032437685,0,100,autocorrelated
0.020330421548445977,0.0451527944529593,0.048514042369490425,0.6535186727212294,-0.06927382951986982,0.10993467261676176,0,100,autocorrelated
-0.032979257332970004,0.03330681038245904,0.031152953150749646,0.32453167486499923,-0.09907553854772103,0.03311702388178101,0,100,autocorrelated
0.02421449250918431,0.044957878121553115,0.04296708394697051,0.591381469643038,-0.06500295344311967,0.11343193846148829,0,100,autocorrelated
-0.02480803454124457,0.039961613132802117,0.034840613433171755,0.5361745999410259,-0.10411055522968066,0.05449448614719152,0,100,autocorrelated
0.04785722056944046,0.03986972905979639,0.03984147712576392,0.23290095337067981,-0.0312629591665356,0.12697740030541652,0,100,autocorrelated
-0.02068243949859921,0.04419100046110133,0.04335077483787138,0.640806789101434,-0.10837804169220974,0.06701316269501131,0,100,autocorrelated
0.013946045393539377,0.03635243914253634,0.03385039477069472,0.7020804763023947,-0.058194186973850946,0.0860862777609297,0,100,autocorrelated
0.04472205789851578,0.03563243009682827,0.03439646121270968,0.21242924792949988,-0.025989339950774064,0.11543345574780561,0,100,autocorrelated
-0.0022357056910195655,0.03700017303384572,0.03464740868582762,0.951940841567076,-0.07566134488484252,0.07118993350280339,0,100,autocorrelated
0.048851659905721136,0.04357214516906702,0.03722832188910487,0.2649565168745744,-0.037615844101847574,0.13531916391328985,0,100,autocorrelated
-0.03245503713144515,0.03996065864725315,0.037711485851776846,0.418659850817534,-0.11175566367437359,0.046845589411483285,0,100,autocorrelated
0.06913694378050385,0.03653395848112589,0.03662239305557801,0.061388885163928035,-0.003363507806666499,0.1416373953676742,0,100,autocorrelated
-0.0019262778080067953,0.04135930388489858,0.04509413352988782,0.9629473477498843,-0.08400247030533146,0.08014991468931788,0,100,autocorrelated
0.011253737145455873,0.04198027717186403,0.04028516026895538,0.789207333281126,-0.07205475662992011,0.09456223092083185,0,100,autocorrelated
0.03492588578419148,0.04107554191581564,0.03730526856681925,0.3972397076008577,-0.04658719032068406,0.11643896188906702,0,100,autocorrelated
-0.0037725725400076446,0.03803367444191247,0.03357743498093564,0.9211897723269926,-0.07924916164224322,0.07170401656222794,0,100,autocorrelated
0.02649207604357754,0.03274057956282705,0.03273898021108736,0.4203884003819569,-0.03848053853792043,0.0914646906250755,0,100,autocorrelated
-0.026492140937584112,0.035615359209480155,0.04634482305286923,0.45875281161173453,-0.09716966216651343,0.044185380291345215,0,100,autocorrelated
-0.036711490745183234,0.04501289496997952,0.042003874270394904,0.41671981258840196,-0.12603811584263452,0.05261513435226807,0,100,autocorrelated
0.01947625419791788,0.043151113242300185,0.047626884587045205,0.6527345479336957,-0.06615572565370749,0.10510823404954324,0,100,autocorrelated
0.011439989225002417,0.03687651461211351,0.03598769327316154,0.7570491970055946,-0.061740253855427196,0.08462023230543203,0,100,autocorrelated
0.04000715952877261,0.0410560163629076,0.04098674511909879,0.33223084418346427,-0.04146716875182725,0.12148148780937247,0,100,autocorrelated
0.07758809150142729,0.04372760470148997,0.04388627968150357,0.07911068701328641,-0.009187916888715161,0.16436409989156975,0,100,autocorrelated
0.057503658371837095,0.04497243745999711,0.0485230999073884,0.20404283014203842,-0.03174268011376697,0.14674999685744117,0,100,autocorrelated
0.006420702961898156,0.041390912145944876,0.0353576751391403,0.8770430126179234,-0.07571821510076392,0.08855962102456023,0,100,autocorrelated
-0.005348544311046921,0.037634150663607875,0.03917951437997972,0.8872774328611959,-0.08003229147796745,0.0693352028558736,0,100,autocorrelated
-0.043032056716793464,0.04680577103514965,0.04483635572882746,0.36015686896851473,-0.1359165860153955,0.04985247258180856,0,100,autocorrelated
-0.03946080193558359,0.03482400026823009,0.034887845514839595,0.25991605656446437,-0.10856789710083262,0.029646293229665423,0,100,autocorrelated
-0.04447331377631948,0.03756168375304075,0.03229704151868534,0.23927396541439158,-0.11901325271769671,0.030066625165057745,0,100,autocorrelated
-0.06867506613501878,0.03905339594898403,0.03656511455741067,0.08178564805110246,-0.14617525938061682,0.008825127110579242,0,100,autocorrelated
-0.001442498244272155,0.0426139428945036,0.041167111773567494,0.9730653100007864,-0.08600848102321214,0.08312348453466782,0,100,autocorrelated
0.018178591149062354,0.03477442693314004,0.03231311841488851,0.6023229021356893,-0.05083012734609306,0.08718730964421777,0,100,autocorrelated
0.03946686577606725,0.045010581746772915,0.04619074160293547,0.3827204926118083,-0.049855168805215726,0.12878890035735022,0,100,autocorrelated
0.060968726494517525,0.045648920327335536,0.03509032921028877,0.18477353782648853,-0.0296200702247969,0.15155752321383195,0,100,autocorrelated
0.021410404710890608,0.03882503598164311,0.03636379999582049,0.5825744717223298,-0.05563661561162542,0.09845742503340663,0,100,autocorrelated
0.037612000519410396,0.041741807575734036,0.0436353450501123,0.3697638789830514,-0.04522325810357533,0.12044725914239612,0,100,autocorrelated
0.03767773906575946,0.039249742729900464,0.038557947763203974,0.33944348123068957,-0.04021209797634868,0.11556757610786761,0,100,autocorrelated
0.018903772172586132,0.04242757028710903,0.04764345684294347,0.656902192271553,-0.06529236023258267,0.10309990457775495,0,100,autocorrelated
-0.0027280764062212713,0.038701701908615674,0.037646296107633107,0.9439474396564137,-0.07953034427479247,0.07407419146234992,0,100,autocorrelated
0.040386762972350866,0.050471152714460926,0.053735714356931995,0.4255333564378091,-0.059771596976896234,0.14054512292159796,0,100,autocorrelated
0.045197178832337606,0.04662886080760135,0.04345366981320052,0.33478359028125637,-0.047336277877339586,0.1377306355420148,0,100,autocorrelated
-0.02277876518440161,0.037716521536800426,0.040011392484003,0.5472746631147907,-0.09762597466836546,0.05206844429956224,0,100,autocorrelated
-0.023136951377950597,0.03834156111699879,0.03870238220153507,0.5476081043648493,-0.09922453156654662,0.05295062881064542,0,100,autocorrelated
-0.02809134866517074,0.04313529695088189,0.0398554497371267,0.5164169952730226,-0.11369194160122678,0.0575092442708853,0,100,autocorrelated
-0.07869548581652018,0.035650748036054,0.03241210585058832,0.029619306254793334,-0.14944323502003565,-0.0079477366130047,1,100,autocorrelated
-0.005354552728615604,0.03675848695572637,0.03293803618192585,0.8844823092293614,-0.07830057376622268,0.06759146830899149,0,100,autocorrelated
0.014440539062935479,0.03823437032057669,0.03549097474895384,0.7064815433496008,-0.061434324478746805,0.09031540260461776,0,100,autocorrelated
-0.02586632556274554,0.03680589548280809,0.032749320887801615,0.4838610033312336,-0.0989064272794086,0.04717377615391752,0,100,autocorrelated
-0.0029640948607865328,0.04378439095202016,0.042709439421180856,0.9461643489017144,-0.08985279371696506,0.083924603995392,0,100,autocorrelated
-0.02233385630589243,0.04241681359760751,0.040285718959802215,0.5997075712231343,-0.10650864241082811,0.061840929799043244,0,100,autocorrelated
0.06714051843843555,0.03851057769896089,0.03575232661527747,0.08439457216715368,-0.009282469656322706,0.1435635065331938,0,100,autocorrelated
-0.03076227302021023,0.03188036007044362,0.0359108967366225,0.33695565747701084,-0.09402781001540983,0.03250326397498937,0,100,autocorrelated
0.05676010979629946,0.03497799074174542,0.03372253329058229,0.1078581593659139,-0.012652574451932477,0.1261727940445314,0,100,autocorrelated
0.030884813615215476,0.04335560864380694,0.04241127450762466,0.4779342849672119,-0.05515298070527998,0.11692260793571092,0,100,autocorrelated
-0.02920430737559513,0.043979259171675014,0.04018101185739459,0.5082193805693098,-0.11647971587158079,0.05807110112039054,0,100,autocorrelated
0.04597560268077292,0.03913332259733221,0.03308966712465033,0.24290331472053825,-0.03168320239721347,0.12363440775875931,0,100,autocorrelated
-0.03384303290189686,0.030353605108930336,0.02767101630347424,0.2675946472036575,-0.09407877436508888,0.026392708561295157,0,100,autocorrelated
-0.023616942551072932,0.037070638332446795,0.031053386670454118,0.5255585656968823,-0.09718241783663617,0.04994853273449031,0,100,autocorrelated
0.03441460496506821,0.041720685927321303,0.04521991634313627,0.4114424299621985,-0.04837873843405861,0.11720794836419503,0,100,autocorrelated
0.020028257534745835,0.03245182400836267,0.0315040897016067,0.5385546155304183,-0.04437133104663264,0.08442784611612432,0,100,autocorrelated
0.01177187931295287,0.039020690987342475,0.034667011155827245,0.763532974481472,-0.06566341200066922,0.08920717062657496,0,100,autocorrelated
-0.038470954967208204,0.04258571169814789,0.03911637947461268,0.3685410307612744,-0.12298091385578075,0.04603900392136434,0,100,autocorrelated
-0.05563915253911414,0.03780128531431093,0.03478347469389542,0.14425601533759502,-0.13065457298086186,0.019376267902633568,0,100,autocorrelated
0.04302009187129089,0.03903699398337863,0.04214374730540095,0.2731460749559442,-0.03444755220737459,0.12048773594995638,0,100,autocorrelated
-0.030181876521413,0.03718736145282813,0.03689473527669167,0.4189786541288857,-0.10397898504055214,0.043615231997726135,0,100,autocorrelated
0.08006872053797391,0.03576534489663251,0.03679740018191648,0.02743599613983956,0.00909355759426092,0.1510438834816869,1,100,autocorrelated
-0.03719787324657903,0.04123456049224624,0.03301491965133398,0.3692133235762244,-0.11902651654103037,0.04463077004787232,0,100,autocorrelated
-0.004673528155639574,0.044608020542140914,0.03510724054863192,0.9167734091423037,-0.09319669312791554,0.0838496368166364,0,100,autocorrelated
-0.008695154319120858,0.04231902680177438,0.03897706194763604,0.8376336421145205,-0.09267588571025301,0.0752855770720113,0,100,autocorrelated
-0.014740508266324955,0.041979940165878596,0.041032289554074404,0.7262429303289563,-0.09804833326429088,0.06856731673164099,0,100,autocorrelated
-0.03362750094862307,0.055570334596464904,0.05086110492475193,0.5464886687920187,-0.1439050213869093,0.07665001948966318,0,100,autocorrelated
-0.02865446848956949,0.04288711030351009,0.046730755627428414,0.5056166647071813,-0.11376254310129291,0.056453606122153936,0,100,autocorrelated
0.0020895913169164428,0.04006683348332813,0.0455367260617465,0.9585132249221092,-0.07742173573268189,0.08160091836651477,0,100,autocorrelated
-0.024269910320523648,0.04251844088866156,0.042477670308635536,0.5694356854835916,-0.10864637247703762,0.060106551835990334,0,100,autocorrelated
-0.01841914931141147,0.040686485746695866,0.03379487287368177,0.6517587318188596,-0.0991601561107249,0.06232185748790197,0,100,autocorrelated
-0.026215007176158232,0.04145110403342959,0.04286180762712326,0.5285773994061014,-0.10847337408055424,0.05604335972823777,0,100,autocorrelated
-0.04354175220613443,0.03548545367788565,0.033975740213231416,0.22275055008724323,-0.11396148013546446,0.0268779757231956,0,100,autocorrelated
0.11648936223384021,0.0518342387918069,0.05029525590069271,0.026860423399815026,0.01362600232651788,0.21935272214116253,1,100,autocorrelated
-0.01091590147448097,0.036896935350823765,0.035804657633890166,0.7679717892883017,-0.08413666884627644,0.06230486589731449,0,100,autocorrelated
0.00397058885269596,0.03928509846098918,0.04456830513265476,0.9197005004886885,-0.07398941048708521,0.08193058819247712,0,100,autocorrelated
0.010286321813040514,0.034068431815985546,0.0316722744099113,0.7633443413320108,-0.057321372349137645,0.07789401597521867,0,100,autocorrelated
-0.019464284886025883,0.03333393276594988,0.034127166190654916,0.5606170846321621,-0.08561438958810094,0.04668581981604917,0,100,autocorrelated
0.02957554886967438,0.036788576992007195,0.03938590132821793,0.4233815143237927,-0.043430184865634505,0.10258128260498327,0,100,autocorrelated
0.06322429403220453,0.04733243617714736,0.04424762590497721,0.18472491784478015,-0.03070538510007295,0.157153973164482,0,100,autocorrelated
0.0019205366804894916,0.037745801558255784,0.0400565096124857,0.9595240663604246,-0.07298477805311743,0.07682585141409642,0,100,autocorrelated
-0.02860083489725113,0.04125359620719169,0.04284459927551398,0.48976549483447673,-0.11046725394848346,0.05326558415398121,0,100,autocorrelated
0.040991236639904984,0.04292169690544397,0.03803668943054437,0.34191558679355527,-0.044185473957715445,0.12616794723752542,0,100,autocorrelated
0.053991428522408395,0.0428105385523834,0.045485770437119516,0.21024107897792907,-0.03096469194127565,0.13894754898609243,0,100,autocorrelated
0.02018999530517231,0.04118494391754594,0.0312568726456124,0.6250686275942494,-0.061540185511586146,0.10192017612193076,0,100,autocorrelated
0.08408284992301163,0.03949290508125932,0.042474614054279096,0.0357554017640235,0.005710465108489965,0.1624552347375333,1,100,autocorrelated
0.0055128125238136615,0.04762567371815889,0.044397997439183025,0.9080851946730477,-0.08899878696501731,0.10002441201264464,0,100,autocorrelated
0.04765128507076297,0.04372090003593113,0.04614459351588995,0.27843115375101085,-0.03911141812878515,0.1344139882703111,0,100,autocorrelated
0.006482480819319531,0.034147650451694156,0.03245433737408414,0.8498296680042998,-0.06128242014720646,0.07424738178584551,0,100,autocorrelated
-0.03133314875546237,0.038608748981443765,0.03574055468526504,0.4190134149123106,-0.10795095456526721,0.045284657054342474,0,100,autocorrelated
-0.028801961430837346,0.04498894849640332,0.04272203386792876,0.5235360592366961,-0.1180810655308284,0.06047714266915371,0,100,autocorrelated
0.03563540429082757,0.03974546044369066,0.03441555853353157,0.3721346406522389,-0.04323816842088001,0.11450897700253515,0,100,autocorrelated
0.012046857217068791,0.04044582176639337,0.041403111963510014,0.7664468727347871,-0.06821655974588156,0.09231027418001914,0,100,autocorrelated
0.07521089068954076,0.03716714729892133,0.031197260985907173,0.04573547046934877,0.0014538965009484456,0.14896788487813306,1,100,autocorrelated
0.10125929992385152,0.03692348655848822,0.03900742919319824,0.007251713958312088,0.02798584254457022,0.17453275730313283,1,100,autocorrelated
-0.0017013994300933907,0.03544014800279336,0.032357163345923166,0.9618078202794944,-0.07203121972170196,0.06862842086151516,0,100,autocorrelated
0.14951082169861252,0.04621642668860408,0.044944701931261065,0.0016589037321615425,0.05779582707518055,0.24122581632204448,1,100,autocorrelated
0.001078054014028741,0.041340385891858795,0.03774111112718725,0.9792485494966826,-0.08096059634180541,0.0831167043698629,0,100,autocorrelated
0.04902893382726374,0.0442506857975151,0.04763239714053068,0.2705818080538814,-0.03878511197396643,0.1368429796284939,0,100,autocorrelated
0.00029391158352883376,0.03801488873182492,0.037341485471872,0.9938469450332815,-0.07514539788842971,0.07573322105548737,0,100,autocorrelated
0.10243495842512394,0.048278956146332555,0.0445477205428576,0.03638235736247842,0.006626941219033483,0.1982429756312144,1,100,autocorrelated
0.027807866293689035,0.043252907322402105,0.03755544046189035,0.5217818212675818,-0.058026120596951905,0.11364185318432997,0,100,autocorrelated
-0.007652772406012177,0.03830050876629886,0.03946449277544071,0.8420442688295682,-0.08365888554071649,0.06835334072869212,0,100,autocorrelated
0.03533363361773628,0.04142291249775901,0.0427601788681981,0.3957407822104507,-0.04686878810163114,0.1175360553371037,0,100,autocorrelated
-0.02479358062606183,0.03668484514065253,0.030595214594693127,0.5007254671195054,-0.09759346187836995,0.0480063006262463,0,100,autocorrelated
-0.005260556782674876,0.03703350199780367,0.03584705061840714,0.8873332438773642,-0.07875233622076214,0.0682312226554124,0,100,autocorrelated
0.033886732617781426,0.03917722256201047,0.034118976116516694,0.3891730972211036,-0.04385919051135946,0.11163265574692231,0,100,autocorrelated
0.007711156202680158,0.038336843568292256,0.04255171271695618,0.8410042903266994,-0.06836706216404308,0.0837893745694034,0,100,autocorrelated
0.04288728632170436,0.04700868497951794,0.044732592432558047,0.3638355520203511,-0.050399919095545885,0.1361744917389546,0,100,autocorrelated
0.07900469334663918,0.035728526543149196,0.034879955758711494,0.0293430855245898,0.008102595227139395,0.14990679146613894,1,100,autocorrelated
-0.06641189642839036,0.05046814220068179,0.04893318107364578,0.1912717587021328,-0.16656428211102167,0.033740489254240946,0,100,autocorrelated
-0.05672510639246093,0.037503619341947125,0.03619411989734372,0.13361896723098515,-0.1311498183997624,0.01769960561484054,0,100,autocorrelated
-0.0389498590441814,0.03487215737684623,0.03561723066518675,0.26675395528116197,-0.10815252042417843,0.030252802335815634,0,100,autocorrelated
0.019842716146142667,0.04252864306282275,0.04000494322300579,0.641840957088473,-0.0645539918929586,0.10423942418524393,0,100,autocorrelated
-0.0260456311750011,0.04307451143370905,0.04038349174646745,0.5467993511094902,-0.11152559723052714,0.05943433488052495,0,100,autocorrelated
0.023665116067332837,0.040237226178438217,0.034659067366704745,0.5577913872420895,-0.056184349740183506,0.10351458187484917,0,100,autocorrelated
-0.031530949964147965,0.04088864215011678,0.036485335723931825,0.44247807334698197,-0.11267312956675415,0.04961122963845823,0,100,autocorrelated
-0.014523941973780308,0.03953100729129556,0.03812024565040397,0.7141081943472706,-0.0929719393840606,0.0639240554365,0,100,autocorrelated
-0.044152389305401635,0.040870304525713816,0.03815969083388088,0.28265790196487434,-0.12525817848918863,0.036953399878385376,0,100,autocorrelated
0.003417851992887848,0.03976378180256694,0.03616478394690603,0.9316784336833355,-0.0754920788592306,0.08232778284500628,0,100,autocorrelated
-0.01398666240639682,0.03314888098014421,0.03041552265667822,0.673996859911595,-0.07976953786215699,0.051796213049363354,0,100,autocorrelated
0.07793806798913164,0.038992380542391694,0.03283175123647396,0.048399473874103434,0.0005589578321347211,0.15531717814612855,1,100,autocorrelated
-0.039551786207010116,0.033353073911006205,0.031719732687089504,0.23854828789393392,-0.1057398758884899,0.02663630347446968,0,100,autocorrelated
0.061122242270642446,0.053182156328862175,0.049905644894938796,0.253229589934063,-0.04441601612021706,0.16666050066150195,0,100,autocorrelated
0.022570136251907763,0.04628469366038748,0.041987909115171765,0.6268960003241026,-0.06928033195524064,0.11442060445905616,0,100,autocorrelated
0.016773890999960562,0.03812497244124724,0.043915380798305585,0.6609267494588182,-0.05888387601060914,0.09243165801053026,0,100,autocorrelated
-0.014708060335364731,0.04550556690799221,0.04237730890387672,0.7472214393124339,-0.10501237685951155,0.07559625618878209,0,100,autocorrelated
-0.1025022325444056,0.03642995037962036,0.03389554028335251,0.005919086360643342,-0.17479628343914153,-0.03020818164966968,1,100,autocorrelated
-0.06778990429233617,0.044417793179085896,0.038711125405011766,0.13018405310047543,-0.15593556925368804,0.020355760669015704,0,100,autocorrelated
0.05080167585710758,0.04215997067321544,0.04374218573302721,0.23111502613895435,-0.03286341382347225,0.1344667655376874,0,100,autocorrelated
-0.029591453876547685,0.03958371300849106,0.035249218821566855,0.45651179672100517,-0.10814404406726467,0.048961136314169304,0,100,autocorrelated
-0.014233075000183663,0.032085962304130466,0.03158100955248054,0.6583154431267269,-0.07790662293669226,0.049440472936324927,0,100,autocorrelated
0.051595452103290085,0.04249152340130005,0.042511279907131494,0.22756913254881936,-0.03272759317560005,0.1359184973821802,0,100,autocorrelated
0.09452151903076605,0.037783316636483474,0.03669358906199553,0.01401745355699595,0.019541756845366007,0.1695012812161661,1,100,autocorrelated
-0.004858799248789323,0.03693812062920968,0.036127791599911044,0.8956186973142131,-0.07816129746514314,0.0684436989675645,0,100,autocorrelated
0.07994135093160029,0.04465597899151081,0.046425793663274824,0.07651634142657873,-0.008676986022615005,0.1685596878858156,0,100,autocorrelated
0.0063077554227166654,0.03982350215344876,0.034112194619306695,0.8744732341556403,-0.07272068852209368,0.08533619936752701,0,100,autocorrelated
0.09008664725241758,0.03932654196342012,0.0404800284628069,0.024121226864244286,0.012044404630864772,0.1681288898739704,1,100,autocorrelated
-0.008414149554078132,0.03898583090388326,0.03842662590097206,0.8295720835849706,-0.0857802621666168,0.06895196305846055,0,100,autocorrelated
-0.07236447443131791,0.0347043241787279,0.03157348042596537,0.03965280591399363,-0.1412340762918768,-0.0034948725707590472,1,100,autocorrelated
0.08077411184458484,0.042816059874457184,0.03983275914004174,0.0621829292312076,-0.004192965503060031,0.16574118919222972,0,100,autocorrelated
0.0019364092757198602,0.038237083460354905,0.033510352275642565,0.9597137273673322,-0.0739438384035516,0.07781665695499133,0,100,autocorrelated
0.033643898628347976,0.03368188289926706,0.032527530084590514,0.3203165791852323,-0.03319670178905845,0.1004844990457544,0,100,autocorrelated
-0.033622229891726044,0.042602752130655355,0.04640154109258318,0.4318984444895897,-0.11816600496401901,0.05092154518056692,0,100,autocorrelated
0.06224474043139104,0.03946256769903221,0.03386758880400871,0.11794665718603599,-0.016067440835448407,0.14055692169823047,0,100,autocorrelated
0.018458864312198175,0.036395605029120155,0.032416221110346116,0.6131728989231322,-0.053767029352259216,0.09068475797665557,0,100,autocorrelated
0.020604917782907385,0.04998121940500036,0.03526014520825303,0.6810542499670678,-0.07858118545887566,0.11979102102469044,0,100,autocorrelated
-0.04595793402607022,0.04244308145895448,0.04599547336770654,0.28154833926828793,-0.13018484784694634,0.03826897979480591,0,100,autocorrelated
-0.0049398359124984415,0.03815132956437376,0.03987621249482053,0.8972431935575578,-0.08064990777610503,0.07077023595110815,0,100,autocorrelated
0.025620781794633098,0.04042886136344895,0.04332579636876239,0.5277366149603753,-0.054608977800660076,0.10585054138992628,0,100,autocorrelated
0.04120385977058163,0.03705904618144323,0.04010075244587998,0.26892560473269367,-0.03233861126858823,0.1147463308097515,0,100,autocorrelated
-0.007048103990564637,0.028668972248804214,0.02618263559151134,0.8063168966165243,-0.0639407463701786,0.049844538389049335,0,100,autocorrelated
-0.0014808548384346153,0.03411001736983234,0.035904416389378906,0.9654597930091011,-0.06917107417879605,0.06620936450192681,0,100,autocorrelated
-0.022764721237481973,0.04468652498011934,0.0445330399221173,0.6115950671741701,-0.11144367571195418,0.06591423323699022,0,100,autocorrelated
-0.029863568413049546,0.0459912885645267,0.041253930920573736,0.5176434376023915,-0.12113178375649929,0.061404646930400195,0,100,autocorrelated
0.04938250086750909,0.0502405684238709,0.05836887355972672,0.3280668463817251,-0.050318272061560046,0.1490832737965782,0,100,autocorrelated
-0.03628296578628972,0.04064790649382131,0.03745056760606207,0.3742495395923837,-0.1169474133138575,0.04438148174127806,0,100,autocorrelated
0.06385488903159767,0.04174802404728344,0.040165941713898055,0.12935444551652264,-0.01899270597685923,0.14670248404005456,0,100,autocorrelated
0.008230677793065827,0.0438685953381147,0.039189039511709434,0.851561538321042,-0.0788251219268373,0.09528647751296895,0,100,autocorrelated
0.009368453718900143,0.03626519939937774,0.03400069820670861,0.7966926181626968,-0.06259865421745939,0.08133556165525968,0,100,autocorrelated
-0.017415538893584673,0.032151972260699185,0.029739034914294762,0.5892799525467275,-0.081220081440572,0.04638900365340265,0,100,autocorrelated
-0.020779832551719973,0.0482197552327837,0.044331050098966644,0.6674582184309978,-0.1164703674716004,0.07491070236816046,0,100,autocorrelated
0.038555629143667836,0.0456713980512071,0.047344180530738265,0.40061574752321205,-0.0520777738871193,0.129189032174455,0,100,autocorrelated
0.013842080334186567,0.0466491974008644,0.0398657206719932,0.7673028490453404,-0.07873173368295508,0.1064158943513282,0,100,autocorrelated
-0.023076250033449604,0.036096311635847825,0.0341510815411569,0.5241215228072335,-0.09470820569963312,0.04855570563273392,0,100,autocorrelated
0.0674745814907957,0.03625327497357764,0.04230523657514386,0.06571350232060795,-0.004468862810650814,0.13941802579224222,0,100,autocorrelated
0.058629656317976765,0.04818980953624471,0.04786498866241772,0.2266632062293579,-0.0370014523417219,0.15426076497767544,0,100,autocorrelated
-0.0322533919860185,0.038598228241609196,0.0440864947617116,0.405402269100692,-0.10885031973002515,0.044343535757988155,0,100,autocorrelated
0.019456681019233965,0.03446301476876569,0.033002099229925495,0.5736582830304318,-0.04893405017080797,0.0878474122092759,0,100,autocorrelated
0.012370341188275166,0.04627639504988212,0.04227980094632213,0.7897889428058013,-0.07946365869640837,0.1042043410729587,0,100,autocorrelated
0.028606407103012033,0.03836381541955469,0.036955333906005604,0.4576569103557879,-0.04752533602472715,0.10473815023075121,0,100,autocorrelated
0.020680277086593254,0.036121874930257064,0.03822501427744253,0.568284978194145,-0.05100240810537332,0.09236296227855983,0,100,autocorrelated
-0.027330383345155307,0.03865745316865077,0.03856133184713782,0.4812512119697704,-0.10404484102936676,0.049384074339056144,0,100,autocorrelated
0.00010812232763832835,0.046173273862094334,0.0460905018441894,0.9981363836866741,-0.09152123691601852,0.09173748157129519,0,100,autocorrelated
-4.083460236316565e-05,0.03385364459257426,0.033554012592721116,0.9990400359250132,-0.06722229051005496,0.06714062130532863,0,100,autocorrelated
-0.05107983094384163,0.04344897250787329,0.04122890627596741,0.2425917446935989,-0.13730290281399626,0.035143240926313,0,100,autocorrelated
0.0325754620377864,0.040797038888771266,0.037944919408269724,0.4265250182703123,-0.04838493387396027,0.11353585794953307,0,100,autocorrelated
0.08038192444218191,0.041186130111116576,0.04394951706555424,0.05383147875592497,-0.001350610337112132,0.16211445922147594,0,100,autocorrelated
0.03391129788170025,0.03748457168947029,0.038097807765183574,0.36785704902865635,-0.04047561467917771,0.1082982104425782,0,100,autocorrelated
0.024280976031281785,0.033301838825637343,0.029538402496105617,0.46766834336117,-0.04180543929075873,0.09036739135332231,0,100,autocorrelated
-0.03233388532295252,0.04484177633757401,0.04011038176269719,0.4725855131246227,-0.12132093106354909,0.05665316041764405,0,100,autocorrelated
0.04868067803636694,0.0410861420136992,0.04427263066875425,0.2389444466495587,-0.03285343361777228,0.13021478969050615,0,100,autocorrelated
0.006790069987161073,0.045243303958660684,0.04902698445846003,0.8810107360061,-0.08299379424953537,0.09657393422385752,0,100,autocorrelated
0.005833830473733342,0.04352729342312661,0.052561720513933444,0.8936561205853535,-0.08054466670374241,0.0922123276512091,0,100,autocorrelated
0.04900308093089041,0.043846399186768206,0.04396016683237981,0.2664668549438848,-0.038008671249052065,0.1360148331108329,0,100,autocorrelated
0.009379118705990099,0.040683177753810695,0.045306151482518084,0.8181524049438336,-0.07135532348910323,0.09011356090108344,0,100,autocorrelated
-0.01930967709232008,0.03740866161241878,0.03706056558336439,0.6068900550362704,-0.09354594857582628,0.05492659439118612,0,100,autocorrelated
0.020902079713375446,0.043438435498972805,0.03362726256687152,0.6314551200715184,-0.06530008180554916,0.10710424123230006,0,100,autocorrelated
-0.005161833418511369,0.038736944366671903,0.03258608897396927,0.8942661463827154,-0.08203403879810915,0.07171037196108641,0,100,autocorrelated
0.030444700058276597,0.041421040987695314,0.03176424976960828,0.4640913114625195,-0.0517540077102788,0.11264340782683199,0,100,autocorrelated
0.0036420023384668675,0.036131915619106,0.03513348858452499,0.9199172398450837,-0.06806060827374046,0.0753446129506742,0,100,autocorrelated
-0.023528975942362248,0.043598220179003645,0.03822206806221475,0.5906436561469155,-0.11004822495852405,0.06299027307379955,0,100,autocorrelated
-0.03531243826405549,0.042656179380474675,0.04804897037624457,0.4097732500404575,-0.11996223797479441,0.049337361446683436,0,100,autocorrelated
0.012513852210357869,0.04014394214719182,0.034815633880534914,0.7559120791697843,-0.06715049447313229,0.09217819889384801,0,100,autocorrelated
-0.014668526387313582,0.04679336788590837,0.04453600000597349,0.7545864356224921,-0.1075284420399139,0.07819138926528672,0,100,autocorrelated
-0.0013609137838257557,0.03380670570201761,0.029620279501576953,0.9679711411452782,-0.06844922099086098,0.06572739342320946,0,100,autocorrelated
0.035910749756438085,0.03717130712453226,0.036876097699280755,0.3363782548171279,-0.037854499470695205,0.10967599898357137,0,100,autocorrelated
-0.05355492484362899,0.03625257340846526,0.039610545459816474,0.14280915000505406,-0.12549697691194284,0.018387127224684843,0,100,autocorrelated
0.036240513965718535,0.03383393401454471,0.03059382632471097,0.28674221327178195,-0.030901826941365673,0.10338285487280274,0,100,autocorrelated
-0.036598781058816796,0.04460690210983888,0.03877185757737003,0.413937480863349,-0.12511972653858938,0.051922164420955805,0,100,autocorrelated
0.0005854091157945739,0.038435783550863495,0.030594342845242734,0.9878789856264141,-0.07568915242628282,0.07685997065787198,0,100,autocorrelated
0.05696941883907032,0.038697585106369885,0.040693854331050695,0.14417927619896548,-0.019824679369427792,0.13376351704756845,0,100,autocorrelated
-0.005519798020185637,0.04490372143245933,0.04250033720980381,0.9024180908862943,-0.0946297717855435,0.08359017574517223,0,100,autocorrelated
0.05621030489109278,0.03747311134103694,0.04154359624884216,0.13682481998245766,-0.0181538649813028,0.13057447476348835,0,100,autocorrelated
0.08493297840756622,0.044727562469897696,0.03981878733236793,0.06051963149352558,-0.0038274136297825057,0.17369337044491495,0,100,autocorrelated
0.07008925923141467,0.04210144333149091,0.03482610866900411,0.0991525862395441,-0.01345968484431874,0.15363820330714806,0,100,autocorrelated
-0.0005383572115424534,0.03043477147511512,0.03043777087536455,0.9859230101431168,-0.060935170686822256,0.05985845626373735,0,100,autocorrelated
-0.04481696551014866,0.032138842006891585,0.033258542485306394,0.1663259600496421,-0.10859545149578645,0.01896152047548913,0,100,autocorrelated
-0.03690978409659172,0.04174348560705674,0.032359666961814734,0.3787498899704209,-0.11974837271812487,0.04592880452494143,0,100,autocorrelated
-0.04103158506119972,0.03709656336315946,0.03752087239434106,0.2714018632179975,-0.11464850772646726,0.032585337604067816,0,100,autocorrelated
0.013076827322446305,0.04384475738474151,0.04692900522317884,0.7661415673185396,-0.07393166675480758,0.1000853213997002,0,100,autocorrelated
-0.021207526505134824,0.038242777436407784,0.03758033878517502,0.5804659922357851,-0.09709907369456952,0.05468402068429987,0,100,autocorrelated
-0.0005135520561330726,0.0411242946994187,0.044126282979202354,0.9900618214837389,-0.08212337647338161,0.08109627236111547,0,100,autocorrelated
0.01834052787436584,0.04197722657864954,0.04246917785066545,0.6631333731334552,-0.0649619120980593,0.10164296784679097,0,100,autocorrelated
0.05360330752706652,0.03989531276469381,0.0382942142653574,0.18218085310469528,-0.02556764223864212,0.13277425729277514,0,100,autocorrelated
-0.014515874428657264,0.03992517999363017,0.03730738521062458,0.7169571001954524,-0.09374609473814402,0.0647143458808295,0,100,autocorrelated
0.019457139188760294,0.03631582897655833,0.03131529580388069,0.5933274775599093,-0.05261044149574551,0.0915247198732661,0,100,autocorrelated
0.06547576297710059,0.035957534714563165,0.03955983704124059,0.07167057947152557,-0.005880794405367984,0.13683232035956916,0,100,autocorrelated
0.020615766902932,0.04501205354895631,0.035245204095478926,0.6479624415855711,-0.06870918842188327,0.10994072222774727,0,100,autocorrelated
0.001315176439383385,0.04486760358820024,0.04946342763561102,0.9766750613749199,-0.08772312263951826,0.09035347551828501,0,100,autocorrelated
0.03530400418834176,0.037870049449883876,0.039985120403900065,0.35350315730236825,-0.03984787644248225,0.11045588481916577,0,100,autocorrelated
-0.016359915106608988,0.04538329133439191,0.03355941549195682,0.7192616161147037,-0.10642157973447465,0.07370174952125667,0,100,autocorrelated
0.04634374450259076,0.03643013696929017,0.03998907825359989,0.2063384770747055,-0.02595067667327223,0.11863816567845376,0,100,autocorrelated
0.0012508451344545798,0.038753533233632766,0.032519942721542294,0.9743168520132851,-0.07565428031173285,0.078155970580642,0,100,autocorrelated
0.01984583447983553,0.04435760733091239,0.04213789934920548,0.6555697027127597,-0.06818039362459896,0.10787206258427001,0,100,autocorrelated
-0.0008997804697124454,0.04422784065411976,0.04664654879219554,0.9838101528053373,-0.08866849082738285,0.08686892988795797,0,100,autocorrelated
-0.02968685588169377,0.03407484139208205,0.035187383734047985,0.3857605599835948,-0.09730726963903212,0.03793355787564458,0,100,autocorrelated
0.05372800638526895,0.0369614820184139,0.035362794336854665,0.14924621467930188,-0.019620851747650825,0.12707686451818873,0,100,autocorrelated
-0.008366886224184128,0.040885770125279,0.03521702952555179,0.8382773914167103,-0.08950336638697144,0.07276959393860317,0,100,autocorrelated
0.028976507911760017,0.03565549423264725,0.03240616714732096,0.4183713984172208,-0.04178065996442708,0.0997336757879471,0,100,autocorrelated
0.012014454124562056,0.03354059455126716,0.03325143654021632,0.7209593218341056,-0.05454576416454885,0.07857467241367297,0,100,autocorrelated
-0.020518663338228257,0.04370108371132316,0.034272630993901425,0.6397388656376368,-0.10724204168652551,0.066204715010069,0,100,autocorrelated
0.01579351485070346,0.03174900778420946,0.03145230150288882,0.6199867022081746,-0.047211357807399906,0.07879838750880683,0,100,autocorrelated
-0.00873958035510729,0.03973757429833103,0.03845791297885369,0.8263812786300304,-0.08759750326800782,0.07011834255779324,0,100,autocorrelated
0.050619104383097684,0.038475926621292435,0.03676632581340904,0.1913763345054791,-0.02573511977576671,0.12697332854196208,0,100,autocorrelated
0.09783828477891986,0.03419926369069837,0.030904949263519062,0.005164911412310488,0.029970959019372467,0.16570561053846725,1,100,autocorrelated
-0.01966707434979554,0.03417531441280995,0.02519526249367147,0.5662884395347811,-0.08748687354681633,0.04815272484722526,0,100,autocorrelated
-0.024589151793150257,0.03757325687006389,0.033966797262424644,0.5143662949334904,-0.09915205720860616,0.04997375362230565,0,100,autocorrelated
-0.031012189865877976,0.03621389871592621,0.030606677113674745,0.39388695370144144,-0.1028774932655381,0.040853113533782154,0,100,autocorrelated
0.048704068542407886,0.046206354732473885,0.0410854458795509,0.2944492828201997,-0.0429909386118813,0.14039907569669707,0,100,autocorrelated
-0.0037567729824021408,0.039892908376001124,0.03351057814034967,0.9251652370128565,-0.08292295131700235,0.07540940535219808,0,100,autocorrelated
0.017794869056143296,0.038569630305818864,0.03209097245556632,0.645555600715658,-0.058745307015023666,0.09433504512731025,0,100,autocorrelated
0.027068385040052868,0.03470451503786584,0.03540767836876903,0.43728986547694604,-0.041801595574253614,0.09593836565435934,0,100,autocorrelated
0.031208743737183728,0.047857215245355904,0.050751085915596135,0.5158490764790868,-0.06376234237671798,0.12617982985108545,0,100,autocorrelated
-0.06100289630206443,0.046719902581408096,0.0394760428702753,0.1947062178618511,-0.15371702244885438,0.03171122984472553,0,100,autocorrelated
-0.039522208191719775,0.040497383915901915,0.03654299715546447,0.3315069804880403,-0.1198879485622501,0.04084353217881056,0,100,autocorrelated
0.05940474268788726,0.036415514767164425,0.033226660563159,0.10603601665310143,-0.012860661203745141,0.13167014657951964,0,100,autocorrelated
-0.006713753021165092,0.03910930481507689,0.04271261637852145,0.8640537950077746,-0.0843248955919383,0.07089738954960813,0,100,autocorrelated
0.025908958906660524,0.03743959379956222,0.035041975360630064,0.49056094972346875,-0.04838869649552609,0.10020661430884713,0,100,autocorrelated
-0.00520517674171872,0.04004384681066583,0.04145584804037023,0.8968432031870421,-0.08467088748753314,0.0742605340040957,0,100,autocorrelated
0.011589096902990599,0.036208850773780756,0.03576023192029821,0.749602303269775,-0.06026618901977005,0.08344438282575126,0,100,autocorrelated
-0.009051440192807094,0.03554907041296701,0.03575329823819389,0.7995515321330897,-0.07959741346246298,0.06149453307684878,0,100,autocorrelated
0.0743705284607175,0.038054677189278185,0.03196398185659806,0.05351496433283195,-0.0011477399101188918,0.14988879683155387,0,100,autocorrelated
-0.0024342091828509545,0.0384003155531711,0.03741851673339472,0.9495847937509382,-0.07863838563783411,0.07376996727213221,0,100,autocorrelated
-0.014222901229701712,0.04358759769167281,0.041341661218878896,0.7448885458349825,-0.1007210702654704,0.07227526780606698,0,100,autocorrelated
0.0244212602748275,0.03713178593769442,0.03101214002058105,0.5122782627328593,-0.04926556044326579,0.09810808099292079,0,100,autocorrelated
0.06936887542633124,0.0435835428060616,0.04353206514206365,0.11468853504673832,-0.017121246820910596,0.15585899767357309,0,100,autocorrelated
-0.03788775672457095,0.04155314795356873,0.038636139208628587,0.3641165864303063,-0.1203486264674052,0.04457311301826329,0,100,autocorrelated
0.06661922479503735,0.04083185531752935,0.03949457052524896,0.10598380686617942,-0.014410263186459119,0.1476487127765338,0,100,autocorrelated
0.016620099943261045,0.040670694250687124,0.03538736983239674,0.6836877584623855,-0.06408956914616634,0.09732976903268842,0,100,autocorrelated
0.014821404397833096,0.049694891794925054,0.04090316951297386,0.7661452826253599,-0.08379649102045172,0.11343929981611792,0,100,autocorrelated
-0.06769097460733856,0.037981041858115246,0.03235584684432267,0.07780861593814939,-0.14306311605998617,0.007681166845309048,0,100,autocorrelated
0.062055820725547536,0.041499270618657796,0.041766990828533274,0.1380371785715501,-0.020298131199624717,0.1444097726507198,0,100,autocorrelated
0.05978934607662379,0.03422003274405697,0.031246973148621873,0.08373474915684967,-0.008119195193373,0.12769788734662058,0,100,autocorrelated
0.001888317071854547,0.037518951174358925,0.034816129580189745,0.9599621057069665,-0.07256682045788486,0.07634345460159396,0,100,autocorrelated
0.015130433049150259,0.049207077927830536,0.04959590510814114,0.759126817920436,-0.08251941162606746,0.112780277724368,0,100,autocorrelated
-0.0003680374984183221,0.033159413194454486,0.030163133771429464,0.9911669962934699,-0.06617181379070028,0.06543573879386363,0,100,autocorrelated
-0.016852993664309045,0.03169668563175085,0.029502241159725173,0.5961399354944754,-0.07975403471371276,0.04604804738509466,0,100,autocorrelated
-0.0517378299540298,0.03391997883782145,0.031662019532888656,0.13040745157506226,-0.11905092401252859,0.015575264104468994,0,100,autocorrelated
0.02649906637746962,0.04239555728744199,0.03931693257162644,0.5333952223260711,-0.05763353727174137,0.11063167002668062,0,100,autocorrelated
-0.007515154922631308,0.03769405515959089,0.040815488464428264,0.8423845192370307,-0.08231778061220396,0.06728747076694136,0,100,autocorrelated
-0.033472148045843586,0.041406074432268666,0.04316497098850692,0.42082567783799507,-0.11564115517224992,0.048696859080562746,0,100,autocorrelated
0.0478347400009388,0.03714773669018635,0.03800671665066792,0.20088671589739485,-0.025883734466348347,0.12155321446822595,0,100,autocorrelated
-0.004308800001046352,0.04262565805147853,0.0369740921571322,0.9196897819424515,-0.08889803112772657,0.08028043112563388,0,100,autocorrelated
0.03209127937053946,0.04395548230791488,0.043831397729659306,0.467079305385821,-0.05513694471314588,0.1193195034542248,0,100,autocorrelated
0.003072527986174134,0.034620872653894914,0.03103591891457962,0.9294634151939787,-0.06563146703933138,0.07177652301167965,0,100,autocorrelated
-0.04030301860226454,0.034288682793086146,0.03308861253124296,0.2426813272498452,-0.10834779366030452,0.027741756455775438,0,100,autocorrelated
-0.039391845722529184,0.040039094223915064,0.03576132435228618,0.32761957111376505,-0.11884812511461237,0.040064433669554006,0,100,autocorrelated
-0.04585875765400459,0.04453166556855117,0.03995940155184708,0.3056383047158176,-0.1342303986662081,0.042512883358198916,0,100,autocorrelated
0.1322601951240705,0.048177424623085725,0.04098770949273029,0.0071932745221770095,0.03665366392146174,0.22786672632667926,1,100,autocorrelated
-0.012620700727775012,0.033218234531851625,0.03018126897052586,0.7048173510701303,-0.07854120604974743,0.05329980459419741,0,100,autocorrelated
-0.028761866251066,0.038021213676825844,0.03330274864030117,0.4511828139872318,-0.1042137273705299,0.04668999486839791,0,100,autocorrelated
-0.01887328643222223,0.032832677087134346,0.031011602452470602,0.5667219797376418,-0.0840286655533413,0.04628209268889684,0,100,autocorrelated
-0.00048677785133136725,0.041938916266982734,0.04080133419868855,0.9907628936986659,-0.08371319225708479,0.08273963655442204,0,100,autocorrelated
0.043454774344237765,0.034218363795971124,0.03982084532596241,0.20711823518788977,-0.024450454952599524,0.11136000364107505,0,100,autocorrelated
-0.040716982141544525,0.04263295399133345,0.042749286219763254,0.34189786334748773,-0.1253206918234163,0.04388672754032724,0,100,autocorrelated
0.054320383064345,0.033052034281616606,0.03046871408945173,0.10348814273852971,-0.011270303270118465,0.11991106939880847,0,100,autocorrelated
-0.010144065551876913,0.036300006432364154,0.03037909577070559,0.7804878256036444,-0.08218024691238315,0.06189211580862933,0,100,autocorrelated
0.07478083673358377,0.0360889735946812,0.03743565869811045,0.040879818542099704,0.003163443171274663,0.14639823029589288,1,100,autocorrelated
0.026711074623375856,0.04000487353617984,0.038589688394925166,0.5058973276727294,-0.052677294927628696,0.1060994441743804,0,100,autocorrelated
-0.003785628349965824,0.035296080172689016,0.03687425856341607,0.9148071334197256,-0.07382955072150243,0.0662582940215708,0,100,autocorrelated
0.009728013410735536,0.03696251744205273,0.036525244121082205,0.792959847478857,-0.06362289948669704,0.08307892630816811,0,100,autocorrelated
0.016551800153923258,0.03410697197008443,0.028760834224773612,0.6285531969031621,-0.051132375689752735,0.08423597599759924,0,100,autocorrelated
0.044823605477692006,0.040645849915099896,0.03942670333441677,0.2728216165557763,-0.035836760836335656,0.12548397179171966,0,100,autocorrelated
0.04257738474398265,0.03786338236330737,0.03710824899836076,0.2635476133228806,-0.032561265270514436,0.11771603475847973,0,100,autocorrelated
0.019648763391438895,0.03459386099338635,0.029130532566154995,0.571344819265504,-0.049001627872897344,0.08829915465577513,0,100,autocorrelated
0.0248779783352533,0.04040586250529202,0.045598707716267624,0.5395184184159718,-0.05530614077453847,0.10506209744504508,0,100,autocorrelated
-0.014697467766876242,0.043501017950200616,0.0408570258490934,0.7361876589014498,-0.10102382212348068,0.07162888658972821,0,100,autocorrelated
-0.018775374208096694,0.041228996170442456,0.041987962757856996,0.6498342788200198,-0.10059297528702246,0.06304222687082908,0,100,autocorrelated
-0.04859473961248792,0.03625387901462253,0.03767220306983035,0.18321417347554725,-0.12053938261372915,0.023349903388753313,0,100,autocorrelated
-0.013431432622919025,0.04534179755286563,0.04404972644367244,0.7676841041915194,-0.1034107541917847,0.07654788894594665,0,100,autocorrelated
-0.0036110584186529616,0.04213607296121467,0.04821773858111164,0.9318798045067427,-0.087228723867532,0.08000660703022608,0,100,autocorrelated
-0.045376496094212536,0.04579641358660747,0.046565817855560285,0.32420835173991225,-0.13625798838629943,0.04550499619787437,0,100,autocorrelated
0.0473655021503123,0.03707492047801152,0.032275665186430914,0.2044221879035272,-0.026208470913759253,0.12093947521438386,0,100,autocorrelated
-0.001360767281051306,0.038036703691738,0.034571234437964435,0.9715344489537671,-0.07684336783097698,0.07412183326887437,0,100,autocorrelated
0.012100525303877431,0.040188905978403,0.03892154294271304,0.7639828638657814,-0.06765305063927765,0.0918541012470325,0,100,autocorrelated
0.009515961711540481,0.037225983183188274,0.03430339314561008,0.7987747280996422,-0.064357790374532,0.08338971379761297,0,100,autocorrelated
0.12204235684374545,0.04266545835015382,0.04046523343857553,0.005170641181608208,0.03737414331966765,0.20671057036782325,1,100,autocorrelated
-0.04849443914060297,0.042415947588383865,0.03909813747627156,0.2556964874531583,-0.1326675066784191,0.03567862839721315,0,100,autocorrelated
0.0010902123784919532,0.04116014688381909,0.042979510588740964,0.9789226948648606,-0.08059075953186925,0.08277118428885316,0,100,autocorrelated
-0.03643277406786957,0.03777523077711671,0.032391713018570016,0.33718828407410606,-0.1113964901285152,0.038530941992776055,0,100,autocorrelated
-0.03605562797117561,0.04012409801907757,0.043898260973817854,0.37106680072984144,-0.11568059462826155,0.043569338685910335,0,100,autocorrelated
-0.007085866787539311,0.0395831653559949,0.043886329873069424,0.8582977514268221,-0.08563737017970133,0.07146563660462271,0,100,autocorrelated
-0.054482703175019326,0.04688223570299815,0.04343117829313682,0.2480098011214219,-0.14751897411838022,0.03855356776834158,0,100,autocorrelated
-0.0065219603253480335,0.0390762551243729,0.03503729685195415,0.8677899468328449,-0.0840675168605403,0.07102359620984423,0,100,autocorrelated
0.013257547261419637,0.030592105202143623,0.028332237417763882,0.6657020289208615,-0.04745148987463188,0.07396658439747116,0,100,autocorrelated
0.06759459418352831,0.038238325217530796,0.0419399337350713,0.08022038878528988,-0.008288117722445018,0.14347730608950165,0,100,autocorrelated
-0.050289080210965245,0.03939780733945859,0.03265844555649237,0.20481534006960617,-0.1284727466518939,0.027894586229963395,0,100,autocorrelated
-0.02334800578846722,0.0364817888736292,0.03662256125252945,0.5236720736649377,-0.09574492848745017,0.04904891691051574,0,100,autocorrelated
-0.01145551805458223,0.038279961308055596,0.0344483881342674,0.7653782482484581,-0.08742085542713157,0.06450981931796712,0,100,autocorrelated
0.0687782159167292,0.03982646115888943,0.048005390492796125,0.0873277692171278,-0.010256100078075633,0.14781253191153404,0,100,autocorrelated
0.0076691508896398666,0.03304385843544693,0.032585422774851686,0.816952036541098,-0.057905310744187484,0.07324361252346721,0,100,autocorrelated
0.04375119008263932,0.040801049772455196,0.04048461770754635,0.28621635640010995,-0.0372171652972416,0.12471954546252025,0,100,autocorrelated
0.009468435847748168,0.041755766051118075,0.042828785355031866,0.8210845902270846,-0.07339452291535062,0.09233139461084694,0,100,autocorrelated
0.041814820069043517,0.03502220588090469,0.029538903872582525,0.23537894451415559,-0.027685607683842935,0.11131524782192997,0,100,autocorrelated
0.06664575650865101,0.034665702417336575,0.034659286477735,0.0574431737825596,-0.0021472017233941237,0.13543871474069613,0,100,autocorrelated
-0.00524919678297117,0.04266062891495,0.04012204565783967,0.9023230926006975,-0.08990782645006372,0.07940943288412138,0,100,autocorrelated
-0.047052596299166874,0.037661151233224464,0.037163144404588115,0.21450668833932843,-0.1217899252177425,0.02768473261940875,0,100,autocorrelated
0.009648516887776834,0.04202533559642403,0.03796337803342186,0.8188903576116512,-0.07374939386468621,0.09304642764023988,0,100,autocorrelated
0.053719188204910326,0.04691804620981673,0.0451513884166912,0.25501514056177166,-0.03938814752375859,0.14682652393357926,0,100,autocorrelated
0.05042036376343304,0.039333887144027066,0.03593979493399501,0.2029176518474412,-0.027636455129981134,0.1284771826568472,0,100,autocorrelated
-0.007181093043096108,0.03779671342228965,0.03838472661620029,0.8497079734386245,-0.08218744071392244,0.06782525462773022,0,100,autocorrelated
-0.008187677573952848,0.03811589576747095,0.03744996693030546,0.8303617900663212,-0.08382743222081905,0.06745207707291336,0,100,autocorrelated
0.0306377087977702,0.03991013812670163,0.03545672912706613,0.4445305596424338,-0.048562661416343064,0.10983807901188346,0,100,autocorrelated
-0.00659945919836291,0.04423439031534864,0.040414486474459985,0.8817079737914278,-0.09438116714557955,0.08118224874885373,0,100,autocorrelated
0.06580588047901013,0.04299665797491982,0.0450827721538205,0.12911759481580826,-0.019519587921334125,0.1511313488793544,0,100,autocorrelated
-0.01726564333857477,0.039269220082494456,0.04164145939183205,0.6611415165943102,-0.09519413255300407,0.06066284587585454,0,100,autocorrelated
-0.00845248543988311,0.04137096557020915,0.04060609594979726,0.838535270521901,-0.0905518201721704,0.07364684929240417,0,100,autocorrelated
0.05565905985832484,0.03407872340775791,0.03544311955835891,0.10562541340334673,-0.01196905763277982,0.1232871773494295,0,100,autocorrelated
-0.04297904908254577,0.03781260723929545,0.04678724332234293,0.2584635613221988,-0.11801693751594672,0.032058839350855184,0,100,autocorrelated
-0.026673571869281355,0.04524161905895021,0.04000154363140341,0.5568288222366634,-0.1164540924773384,0.06310694873877568,0,100,autocorrelated
0.014605691689418023,0.046143059525865525,0.04825575852682106,0.7522730295617447,-0.07696370818733565,0.1061750915661717,0,100,autocorrelated
0.007412408850415865,0.0468564828207521,0.04114620771613479,0.8746295421229655,-0.0855727563362701,0.10039757403710181,0,100,autocorrelated
0.01568301073272016,0.041334917912695536,0.03832743524992713,0.7052019923504698,-0.06634478859642302,0.09771081006186334,0,100,autocorrelated
0.020248343082801698,0.03392850199347748,0.03269360131081352,0.5520208287226622,-0.047081664900705505,0.0875783510663089,0,100,autocorrelated
0.000329809943908698,0.03853843817490383,0.03416648491035826,0.993189226041985,-0.07614846635862316,0.07680808624644056,0,100,autocorrelated
0.016329448516483304,0.04920946939802433,0.0488873318470501,0.7407221173281915,-0.08132514195350224,0.11398403898646883,0,100,autocorrelated
-0.015723501402356132,0.038057773378576194,0.03433617043750758,0.6804006160619565,-0.09124791406008716,0.059800911255374886,0,100,autocorrelated
-0.012254045021013845,0.04165729673135195,0.036469257920581734,0.769255326294531,-0.09492159462377721,0.07041350458174951,0,100,autocorrelated
0.04067493289484553,0.040024086832397485,0.03596259246051551,0.31200737213203356,-0.03875156481719519,0.12010143060688624,0,100,autocorrelated
0.061197520400456215,0.03666456397091331,0.04150285511781911,0.09828549424133454,-0.011562113530566728,0.13395715433147914,0,100,autocorrelated
0.038426085675241334,0.04811290022619345,0.0464049759746594,0.4264160352339018,-0.05705239896171821,0.13390457031220088,0,100,autocorrelated
0.01616268121800842,0.04024274462226737,0.03932610661354911,0.6888310744773112,-0.06369773576168596,0.09602309819770279,0,100,autocorrelated
0.034836196921503346,0.04343962094353699,0.04174594495201143,0.42452497714460224,-0.05136831707357792,0.12104071091658461,0,100,autocorrelated
0.040755992566807134,0.03228629580109333,0.030348530835464852,0.20982544761768365,-0.02331511067445574,0.10482709580807001,0,100,autocorrelated
0.06494826337059449,0.033195505419604296,0.03227264082592465,0.053248002341120634,-0.0009271367678551079,0.1308236635090441,0,100,autocorrelated
-0.10067886806019422,0.039635095456701165,0.038407186164946684,0.01265166049354149,-0.17933342504711292,-0.0220243110732755,1,100,autocorrelated
-0.007152900369221563,0.03889645895596723,0.034612289226231975,0.8544750725878303,-0.08434165725978215,0.07003585652133903,0,100,autocorrelated
-0.0004918060843771901,0.03781077072580981,0.03405007002838773,0.989648621635709,-0.07552605001653626,0.07454243784778189,0,100,autocorrelated
0.054117875458955085,0.044228163083862244,0.04317997677650603,0.22403451686061368,-0.03365147475004562,0.14188722566795578,0,100,autocorrelated
0.06871340143749241,0.0498296795927071,0.04775302719720422,0.17104466342381802,-0.030171975978744728,0.16759877885372954,0,100,autocorrelated
-0.05248028763395002,0.04104279070555654,0.03662662792723369,0.20403221592640972,-0.1339283700279733,0.02896779476007326,0,100,autocorrelated
0.05752132305289849,0.04706914241055826,0.04430633890414557,0.22461614927180934,-0.03588585816862952,0.1509285042744265,0,100,autocorrelated
0.005073025872024822,0.03776076075754852,0.03843541630249909,0.8934041137491184,-0.06986197490572282,0.08000802664977247,0,100,autocorrelated
-0.0569657201740263,0.04514001663656218,0.03636983642031252,0.2099518190162045,-0.14654461408156338,0.03261317373351078,0,100,autocorrelated
0.01945028429879443,0.03462437493970386,0.033001717144076154,0.5755680298262242,-0.04926066089891504,0.0881612294965039,0,100,autocorrelated
0.05914388365013837,0.03790739547360881,0.032642195777769945,0.1219314956048509,-0.01608210894932001,0.13436987624959673,0,100,autocorrelated
0.04545908482006562,0.029251847659461226,0.02528558115677421,0.1233940589307513,-0.012590254841982784,0.10350842448211403,0,100,autocorrelated
0.010819931872109695,0.03895622869659903,0.03566105589407006,0.7817925402653034,-0.06648743612349424,0.08812729986771363,0,100,autocorrelated
0.039741648165064015,0.04256341257965132,0.047557460225941726,0.35275122037527795,-0.04472405884858969,0.12420735517871773,0,100,autocorrelated
0.04593233449284153,0.045527382621978925,0.04346204252661414,0.3155096929012748,-0.04441527460570701,0.13627994359139006,0,100,autocorrelated
0.020538569719412272,0.0369154555093167,0.03598609906425862,0.5792276734418796,-0.05271895030416324,0.09379608974298778,0,100,autocorrelated
0.059801683897673694,0.03803691868829722,0.0331185423297222,0.1191270456402072,-0.015681343305926562,0.13528471110127394,0,100,autocorrelated
0.007241096330997971,0.03844220230925315,0.038920461684834845,0.8509814478403183,-0.06904620302820154,0.08352839569019747,0,100,autocorrelated
-0.009411720697473164,0.03844513298294961,0.03803255285451755,0.8071160708822028,-0.08570483588324283,0.06688139448829651,0,100,autocorrelated
0.05707091651466602,0.04349960849201685,0.03667356011975065,0.1925895050088664,-0.02925264081804438,0.1433944738473764,0,100,autocorrelated
0.018076620521178248,0.03025517971372568,0.030527919849869283,0.5515704017724621,-0.04196379894854104,0.07811703999089753,0,100,autocorrelated
0.0584021956862706,0.03932495219019631,0.03598064845399073,0.1407222462731856,-0.01963689208205964,0.13644128345460083,0,100,autocorrelated
-0.037900580851580754,0.04576790019412373,0.047068704097418694,0.40962375915764127,-0.12872548924426838,0.052924327541106875,0,100,autocorrelated
0.02697406960702823,0.049743181421900304,0.0495181533069298,0.5888657772199768,-0.07173965500437537,0.12568779421843185,0,100,autocorrelated
0.021973598223177685,0.03650594683337603,0.03467461702558559,0.5486185546829151,-0.050471265160688214,0.09441846160704358,0,100,autocorrelated
-0.06005462307020591,0.039285297365437906,0.036788000931575464,0.12956536179034311,-0.1380150171293921,0.017905770988980274,0,100,autocorrelated
0.01004659221752939,0.041120649946769505,0.03635165036066927,0.8074938811448586,-0.07155599930670738,0.09164918374176616,0,100,autocorrelated
-0.0021820078350431663,0.039156281489069945,0.03927293502798967,0.9556738477180424,-0.07988637408647281,0.07552235841638646,0,100,autocorrelated
-0.0003408743361620406,0.0451915236982384,0.04828171252898208,0.9939970414147528,-0.09002198233126874,0.08934023365894464,0,100,autocorrelated
0.049367283572748874,0.038031824405941966,0.043357031779599084,0.19731620011457898,-0.026105634193313715,0.12484020133881146,0,100,autocorrelated
-0.016112479018437806,0.041978296557174194,0.033783802710661746,0.7019368313251333,-0.09941704232842205,0.06719208429154644,0,100,autocorrelated
-0.043218375192407385,0.037256916027075204,0.03806115886684687,0.24886323529175475,-0.11715351250044634,0.03071676211563157,0,100,autocorrelated
-0.040713098519422425,0.03995371576867696,0.04095902996777994,0.3107089059706969,-0.11999994714577639,0.03857375010693154,0,100,autocorrelated
0.011352759370383714,0.034804537775405535,0.0308210957494976,0.7449790268071621,-0.05771571311127295,0.08042123185204038,0,100,autocorrelated
0.06377760924334143,0.03449425913792848,0.031941946821988684,0.06748194453469569,-0.004675125380438169,0.13223034386712101,0,100,autocorrelated
0.01201322708457418,0.04507096291199762,0.04821263156832791,0.790383164640583,-0.07742863195395759,0.10145508612310596,0,100,autocorrelated
-0.0769564768315166,0.045161982930781254,0.03872428943447505,0.09154807928067071,-0.1665789621350258,0.01266600847199259,0,100,autocorrelated
-0.04117925929235161,0.039323198081222754,0.0397959007978133,0.2975831909794019,-0.11921486608851231,0.03685634750380909,0,100,autocorrelated
0.0522024515687451,0.03232819899498817,0.03177952622503529,0.10957676740885126,-0.011951807197038623,0.11635671033452882,0,100,autocorrelated
-0.012410547248671005,0.03474238773985054,0.03542004397584785,0.7216979743159906,-0.08135568500747732,0.056534590510135305,0,100,autocorrelated
0.03510622537156034,0.03665206778540717,0.032645354338548524,0.34050860093177737,-0.0376286102860212,0.10784106102914189,0,100,autocorrelated
0.007610923103065569,0.04571786954018027,0.038199312106206286,0.8681254487640595,-0.08311470108514757,0.09833654729127872,0,100,autocorrelated
0.016519092564588608,0.0449188088890662,0.04292140414619254,0.713849389439249,-0.07262082176737565,0.10565900689655287,0,100,autocorrelated
-0.0059063098903325735,0.05349240885002139,0.048801384635108636,0.9123068663740602,-0.11206025431208637,0.10024763453142123,0,100,autocorrelated
-0.0010964016266399035,0.03594432447009854,0.03895231525194248,0.975728115149385,-0.07242674370890341,0.0702339404556236,0,100,autocorrelated
-0.05239850074649707,0.033377638545203626,0.03532730998709199,0.11966900215948316,-0.11863533814507154,0.013838336652077399,0,100,autocorrelated
-0.06537706530573355,0.037825946823510016,0.034352018269198814,0.08707220875682337,-0.1404414257098639,0.00968729509839679,0,100,autocorrelated
-0.012055375563348812,0.04238003260460511,0.037270402968419346,0.7766589646136636,-0.09615717098472973,0.07204641985803209,0,100,autocorrelated
0.03310542037122566,0.0409017639509584,0.033697990490535845,0.4202524889446164,-0.048062799018094196,0.11427363976054551,0,100,autocorrelated
0.006288144181898887,0.03320022330214702,0.033963607270693516,0.8501705285979242,-0.05959661844091054,0.07217290680470831,0,100,autocorrelated
0.03910930690393546,0.03973477653388264,0.04354617673997392,0.32741201875058423,-0.03974306393647208,0.11796167774434299,0,100,autocorrelated
0.008771871444385921,0.04402530127935338,0.04385454062161419,0.8424830200380988,-0.07859490611582066,0.0961386490045925,0,100,autocorrelated
0.024684601639564756,0.03909078454800626,0.03377846973917912,0.5292043814074121,-0.052889788063959504,0.10225899134308902,0,100,autocorrelated
-0.017040010993804876,0.04175540887028927,0.043272198684504444,0.6840970249510963,-0.09990226094317355,0.06582223895556379,0,100,autocorrelated
0.08091552544424188,0.04470620062249584,0.05135842183401002,0.07337014004172154,-0.007802474702171436,0.1696335255906552,0,100,autocorrelated
-0.07339509900235718,0.03300896746834111,0.03429359389535094,0.028479592594609877,-0.13890032064750954,-0.007889877357204811,1,100,autocorrelated
0.0557982181399041,0.037614207690132434,0.04076717209019212,0.14116800519262293,-0.018845952845209915,0.1304423891250181,0,100,autocorrelated
-0.012093110914817556,0.03311497743256375,0.03308449095278273,0.7157598729485481,-0.07780870588381471,0.05362248405417959,0,100,autocorrelated
-0.0680656360331399,0.03729272969825189,0.03842308178299811,0.07102116045110599,-0.14207184440605253,0.005940572339772715,0,100,autocorrelated
-0.04057021027582942,0.03705331534768025,0.03846618369021198,0.2762378201928053,-0.11410130866190993,0.03296088811025109,0,100,autocorrelated
-0.06485492512755889,0.045852657039622775,0.04038115628762986,0.16040787026265577,-0.15584803072167924,0.026138180466561467,0,100,autocorrelated
0.03236734966070638,0.040929423946656135,0.03988059534168107,0.4309652035023801,-0.04885576008986521,0.11359045941127797,0,100,autocorrelated
-0.002412774125544406,0.032888246193888866,0.027982625502906262,0.9416669421387471,-0.06767842833048938,0.06285288007940058,0,100,autocorrelated
0.019086678080013072,0.03904568601189933,0.0371132998247855,0.6260546810662886,-0.05839821504636469,0.09657157120639084,0,100,autocorrelated
-0.0010301551868688065,0.036832424311290544,0.037372703408720204,0.9777439883762173,-0.07412290250025935,0.07206259212652175,0,100,autocorrelated
-0.0487061064645324,0.05222855709506787,0.046739203905774275,0.35334061630113955,-0.15235197821136087,0.05493976528229609,0,100,autocorrelated
-0.07083575695729932,0.04297033909691816,0.04450385698773099,0.10245652887272837,-0.15610899640081227,0.014437482486213613,0,100,autocorrelated
-0.01217206008165507,0.03368207400642533,0.031827248477918686,0.7185926233616573,-0.0790130397449974,0.054668919581687264,0,100,autocorrelated
-0.013497321782035283,0.029430482975515374,0.02487184908724946,0.647524650170854,-0.07190115741500439,0.04490651385093381,0,100,autocorrelated
0.012405548113154995,0.037324023029852965,0.03223227505991872,0.7403164873492352,-0.06166276085786055,0.08647385708417055,0,100,autocorrelated
0.05627717146947468,0.04522748794154979,0.04436861981292278,0.21635201975125457,-0.03347530639600654,0.1460296493349559,0,100,autocorrelated
