beta_hat,se_classic,se_robust,p_value,ci_low,ci_high,reject,n,scenario
-0.3504139167801705,0.17451444943196046,0.2224984293233941,0.05438640036232665,-0.7078905613430633,0.007062727782722322,0,30,heteroskedastic
-0.15044998689364603,0.12604841893538077,0.09968549225275046,0.24265403272219865,-0.4086484684528789,0.10774849466558684,0,30,heteroskedastic
-0.19808605176853802,0.12480235843596528,0.10939909041227375,0.1236978433704479,-0.45373209410165927,0.05755999056458319,0,30,heteroskedastic
-0.0923093709064267,0.11911905319848938,0.09746826110164486,0.444874253497774,-0.33631369020209995,0.15169494838924658,0,30,heteroskedastic
-0.04832903005871585,0.09423367975417868,0.05891785997644587,0.6120693954685086,-0.24135797266482134,0.14469991254738968,0,30,heteroskedastic
0.06176593485684657,0.09496792680424969,0.10929057767422201,0.5207434629583401,-0.1327670446504665,0.25629891436415964,0,30,heteroskedastic
-0.049750023572140624,0.09948691930659964,0.09765047421371364,0.6209361791814616,-0.2535397395949865,0.15403969245070523,0,30,heteroskedastic
0.06512604139303564,0.08987980572485249,0.10662359693144695,0.47471517399301666,-0.11898439455692127,0.24923647734299254,0,30,heteroskedastic
0.008495290675323192,0.12031263907930448,0.0988311587170396,0.9442099665607084,-0.23795397846295768,0.2549445598136041,0,30,heteroskedastic
-0.012612425831353687,0.07633140362701613,0.0668634503630802,0.8699482091343756,-0.16897021816418892,0.14374536650148154,0,30,heteroskedastic
-0.12843443987187586,0.13199924261554372,0.10605304972687324,0.338887657461732,-0.39882263115711875,0.14195375141336702,0,30,heteroskedastic
0.055908707624222134,0.10071202748531058,0.10394359887213814,0.5832109946043667,-0.150390528741367,0.26220794398981123,0,30,heteroskedastic
0.029466041007261412,0.0770498773073427,0.07561048979155055,0.7050313697482424,-0.1283634779435467,0.1872955599580695,0,30,heteroskedastic
-0.004024382727848996,0.10155596944929426,0.1434867522423066,0.9686715168935138,-0.21205235583972298,0.204003590384025,0,30,heteroskedastic
-0.002614441286688428,0.17494441215888282,0.1013530689207035,0.9881825076331539,-0.36097182457011473,0.3557429419967379,0,30,heteroskedastic
0.058007889266035256,0.09054178627764835,0.09601962722028606,0.5269427438895539,-0.12745855237599824,0.24347433090806875,0,30,heteroskedastic
-0.04535039331354687,0.10776026162091523,0.1006921546382198,0.677080849488235,-0.26608728281955357,0.17538649619245983,0,30,heteroskedastic
0.20146315173074011,0.11560626843769482,0.14685227128831846,0.09236668586265233,-0.03534555417333207,0.4382718576348123,0,30,heteroskedastic
-0.11039918023099704,0.0941806020843933,0.06070630450647658,0.25099131459804647,-0.30331939815924436,0.08252103769725025,0,30,heteroskedastic
0.09383903486706185,0.11253747651775038,0.10712071860352282,0.4114246156346526,-0.1366835357515126,0.3243616054856363,0,30,heteroskedastic
0.05741476009772979,0.09305167142365509,0.09419866335036403,0.5422067165480844,-0.13319294820246969,0.2480224683979293,0,30,heteroskedastic
0.1309545276084803,0.1312890562229014,0.12759696286371155,0.3270876528617713,-0.1379789127980683,0.3998879680150289,0,30,heteroskedastic
-0.15308463913221798,0.13183491693316046,0.1196515418928775,0.25537092065560446,-0.4231362245160866,0.11696694625165066,0,30,heteroskedastic
-0.265878938883386,0.14140746274504482,0.10711247302376257,0.07051718345844712,-0.5555389954734806,0.02378111770670871,0,30,heteroskedastic
-0.036272827156194176,0.10735123526230186,0.13259747552814263,0.7379669490492635,-0.2561718641480347,0.1836262098356464,0,30,heteroskedastic
-0.298077355922344,0.16599340903686058,0.1903006953207934,0.08333957430859927,-0.6380994404843885,0.04194472863970039,0,30,heteroskedastic
-0.21794837001279496,0.11190847930255625,0.09584611588518441,0.06155880527335693,-0.44718249824359646,0.011285758218006509,0,30,heteroskedastic
0.08866423243879809,0.15597773000027018,0.14727483678372602,0.5742662936359553,-0.23084166365476563,0.4081701285323618,0,30,heteroskedastic
-0.03955271746953933,0.11736915001553692,0.09462736251685955,0.7386343243529616,-0.27997252258780253,0.20086708764872388,0,30,heteroskedastic
0.07429410008544157,0.11706891972548468,0.10430798004989013,0.5308289301505635,-0.16551071116249538,0.3140989113333785,0,30,heteroskedastic
0.23179791544727052,0.1623579007328582,0.14585365557354563,0.16443799907515388,-0.1007771679407995,0.5643729988353405,0,30,heteroskedastic
-0.0377891753783609,0.11987702319428087,0.09431991839657194,0.7549223089229244,-0.28334612582667995,0.20776777506995814,0,30,heteroskedastic
0.09683199518586677,0.12026600332576534,0.09420446836847457,0.4275185143349668,-0.14952174494180154,0.3431857353135351,0,30,heteroskedastic
0.09525609905625579,0.15869454548547693,0.1618719039601308,0.5531685158315658,-0.22981494128014537,0.420327139392657,0,30,heteroskedastic
-0.07816618572996079,0.123384688023945,0.1048647717314782,0.5315378875323564,-0.3309082618663879,0.1745758904064663,0,30,heteroskedastic
-0.09065601971660495,0.09056351682482551,0.08748736393313564,0.3253893469385545,-0.27616697436667126,0.09485493493346137,0,30,heteroskedastic
-0.1446987939104052,0.11684296583077018,0.1062895659077584,0.22584898455425287,-0.3840407595866925,0.09464317176588213,0,30,heteroskedastic
-0.04843639918444172,0.1571175420075186,0.1711489528350915,0.7601501615151409,-0.37027709433395706,0.27340429596507365,0,30,heteroskedastic
0.07883756703828478,0.1318749702328035,0.11683370120959444,0.5547645402217538,-0.19129606381062514,0.34897119788719466,0,30,heteroskedastic
-0.04646428800706105,0.14371677900207078,0.11831024000976809,0.7488668945953036,-0.3408547645107116,0.24792618849658954,0,30,heteroskedastic
0.03202666771190869,0.10375291196191666,0.09629575046409168,0.759848415363301,-0.18050153813293462,0.24455487355675198,0,30,heteroskedastic
0.13277393903443335,0.10798293415520488,0.08817002769777565,0.22908581257760233,-0.0884190744810939,0.3539669525499606,0,30,heteroskedastic
-0.051897383066270376,0.11076547998370193,0.08693713266605282,0.6430300423250481,-0.2787901833292636,0.17499541719672282,0,30,heteroskedastic
0.015958077321043238,0.11930613957819057,0.12540036377923225,0.8945511876946112,-0.22842947105094255,0.26034562569302905,0,30,heteroskedastic
-0.172371392275607,0.18665653868846915,0.1768320897461325,0.3636533283746852,-0.5547199791878474,0.2099771946366335,0,30,heteroskedastic
0.008495755140593777,0.17452692737520006,0.1610768680461067,0.9615208749528749,-0.34900644933034597,0.3659979596115335,0,30,heteroskedastic
-0.06059837764185704,0.07939135284684334,0.08535611332413166,0.45167598805576814,-0.22322419181011713,0.10202743652640303,0,30,heteroskedastic
-0.07021145771749694,0.11257456932053499,0.10119847660686938,0.5378804555032439,-0.3008100094982046,0.16038709406321072,0,30,heteroskedastic
0.2757567617180537,0.09706683695422337,0.09827343308563491,0.008293796232740009,0.07692435966954803,0.47458916376655935,1,30,heteroskedastic
-0.13400564802758166,0.11837960020497529,0.1149062685529066,0.26723637861056665,-0.3764952665303188,0.10848397047515546,0,30,heteroskedastic
0.19545396733500903,0.1401579920685785,0.10762273939385128,0.17412562361609862,-0.0916466645979484,0.48255459926796646,0,30,heteroskedastic
0.04759173493668617,0.07998315238986449,0.07143086686030466,0.5566074271428305,-0.1162463256420096,0.21142979551538194,0,30,heteroskedastic
0.00721071834991242,0.10402458860231482,0.07707396623508798,0.945229625963229,-0.2058739918653814,0.22029542856520623,0,30,heteroskedastic
0.04434374890566273,0.11559843946597015,0.12899181278947877,0.7041711016163867,-0.19244892007681572,0.28113641788814114,0,30,heteroskedastic
-0.09648493916006953,0.17204554454702,0.1257946613449719,0.579387342641092,-0.4489042613242371,0.2559343830040981,0,30,heteroskedastic
0.07480072640716504,0.10141202448346665,0.10918088009081384,0.46689902149566154,-0.1329323888086822,0.28253384162301226,0,30,heteroskedastic
0.27060740222506646,0.11272207292136921,0.10634647040439367,0.023254752999309236,0.03970670301496948,0.5015081014351634,1,30,heteroskedastic
-0.03671495075991596,0.10190202622873594,0.07487023050735155,0.7213291122209942,-0.24545178905026493,0.17202188753043302,0,30,heteroskedastic
-0.1267062280481227,0.11373710175206767,0.090859887917628,0.27473933675586315,-0.3596861195641505,0.10627366346790507,0,30,heteroskedastic
-0.036263899257977524,0.11395333981977088,0.10487299478673688,0.7526684809037554,-0.26968673437621654,0.1971589358602615,0,30,heteroskedastic
0.07131958993654489,0.1295790331202782,0.1462938201749432,0.5864134328744973,-0.1941110269339554,0.33675020680704515,0,30,heteroskedastic
-0.25452012878453345,0.11866243487772807,0.08843483190458178,0.040779518051159876,-0.4975891078508847,-0.011451149718182202,1,30,heteroskedastic
0.043989232909667594,0.10079697712509318,0.08298664634216293,0.6658830021388047,-0.16248401490474512,0.25046248072408034,0,30,heteroskedastic
0.03821757974519007,0.12142827992875066,0.10961169682058668,0.7552972485245741,-0.21051697607677486,0.286952135567155,0,30,heteroskedastic
0.06856351038911128,0.1368690765355362,0.12366257570297179,0.6203271473634834,-0.21180008347720092,0.3489271042554235,0,30,heteroskedastic
0.01408007217735871,0.09818205089841636,0.07977111168340952,0.8869952246496942,-0.1870367420790615,0.21519688643377893,0,30,heteroskedastic
-0.10935243255875976,0.13774164467965824,0.10473331506280872,0.43393347142907757,-0.3915034012431946,0.17279853612567508,0,30,heteroskedastic
0.07509379498276371,0.17283881287702407,0.16196348118132678,0.6672749989697284,-0.2789504636939442,0.4291380536594716,0,30,heteroskedastic
-0.07475638449395541,0.09189454865830766,0.08686935752033866,0.4227945603467387,-0.2629938342576834,0.11348106526977259,0,30,heteroskedastic
-0.0012987496345252952,0.12240392111244325,0.1018764884045942,0.9916095563786569,-0.25203181582499573,0.2494343165559451,0,30,heteroskedastic
-0.04524391877566536,0.12206016636263438,0.108329658619201,0.7136736557909388,-0.29527283528160125,0.20478499773027053,0,30,heteroskedastic
0.02084284958188546,0.13476290759399237,0.14094907218342148,0.8781964010775358,-0.255206452782741,0.296892151946512,0,30,heteroskedastic
-0.15326462792858142,0.13893780332506986,0.13148020261455556,0.27936749866857075,-0.4378658165249975,0.13133656066783467,0,30,heteroskedastic
0.2395372298744272,0.13193959299001734,0.11722318384708337,0.08017072955729311,-0.030728774691882038,0.5098032344407364,0,30,heteroskedastic
-0.19190838088704973,0.1487799576602773,0.13054418688026723,0.20764442365221697,-0.4966703087143558,0.11285354694025632,0,30,heteroskedastic
0.07969134741763934,0.11981865499894326,0.11949238059869596,0.5114283422535864,-0.16574604120249645,0.32512873603777515,0,30,heteroskedastic
0.03610390100668537,0.15161886458696938,0.15939682459880344,0.813519911181625,-0.27447326404414873,0.34668106605751947,0,30,heteroskedastic
0.07936769165367481,0.1297010368730485,0.11570798023704995,0.5455227563679121,-0.186312838575326,0.3450482218826756,0,30,heteroskedastic
0.1257492690710718,0.13624760704347927,0.1414015703026619,0.3639203934757257,-0.15334130224930315,0.40483984039144677,0,30,heteroskedastic
-0.013414759344340043,0.09536436217686688,0.08581497121000758,0.8891389613698069,-0.20875979990018242,0.18193028121150231,0,30,heteroskedastic
-0.14824447781434358,0.11114769380124873,0.09669493565984663,0.19303069265571715,-0.37592020759089245,0.0794312519622053,0,30,heteroskedastic
0.0491022517863136,0.12255566925148612,0.12187908271963112,0.6917167335234473,-0.20194165637592637,0.3001461599485536,0,30,heteroskedastic
0.12168619237306916,0.09820829767172293,0.08329285233402763,0.2256088387148585,-0.07948438596124133,0.3228567707073796,0,30,heteroskedastic
0.044970030669817626,0.1583658944283724,0.10514950438225498,0.7785281752104798,-0.279427798494052,0.3693678598336873,0,30,heteroskedastic
0.08374234243286865,0.11184165655565839,0.08310153551703245,0.46024713114617344,-0.14535490560595288,0.3128395904716902,0,30,heteroskedastic
0.0003391728681649605,0.10606663792471892,0.10725000906102483,0.99747125644011,-0.21692848576303955,0.21760683149936946,0,30,heteroskedastic
-0.06910422266639908,0.10274114511140332,0.10077263411552248,0.5067118059266765,-0.2795599180688192,0.141351472736021,0,30,heteroskedastic
0.05950389549495188,0.11600500958482608,0.0994937633358992,0.6120149809116726,-0.1781215946226316,0.2971293856125354,0,30,heteroskedastic
-0.111533367037785,0.13117619741367975,0.12258584555301788,0.402395051691424,-0.3802356266535094,0.15716889257793942,0,30,heteroskedastic
-0.037829939925773534,0.08551774335885795,0.09581289753462739,0.661624403211595,-0.21300509617227098,0.13734521632072388,0,30,heteroskedastic
0.06936769986725569,0.094251074882803,0.10366196403263056,0.46785910097271544,-0.12369687504455631,0.2624322747790677,0,30,heteroskedastic
0.07979203696182956,0.08857969766932304,0.0667945458381844,0.37538099914802203,-0.1016552483620753,0.26123932228573443,0,30,heteroskedastic
-0.18793419551427532,0.12034710730202243,0.09012513770692099,0.12961483116795952,-0.43445406960613664,0.05858567857758601,0,30,heteroskedastic
-0.08075541578838585,0.1252033189917227,0.142204618396635,0.5241810542853939,-0.33722278858749877,0.17571195701072706,0,30,heteroskedastic
0.13025419292540716,0.15197201304592037,0.1085248816679033,0.3986699771071802,-0.18104636395085613,0.4415547498016704,0,30,heteroskedastic
-0.033939213079063946,0.13226713926683026,0.12037773127845723,0.7993667463753704,-0.3048761657780652,0.2369977396199373,0,30,heteroskedastic
0.12713586290810566,0.10026691737597383,0.08589772533610407,0.21524980994863993,-0.07825160673063278,0.3325233325468441,0,30,heteroskedastic
-0.0947147272606506,0.14690348327143568,0.1277667696174567,0.5243426281788982,-0.3956328715484576,0.2062034170271564,0,30,heteroskedastic
0.11952245912124365,0.08584514719167281,0.07669016145759167,0.17479059546310635,-0.05632335347464287,0.2953682717171302,0,30,heteroskedastic
-0.06257370270673099,0.1001539400928458,0.0836386405602936,0.5371770874301922,-0.26772974887184936,0.14258234345838738,0,30,heteroskedastic
0.12181949077205047,0.1038308414772223,0.0811572544174464,0.2505800362299505,-0.09086834644850154,0.33450732799260247,0,30,heteroskedastic
0.07057228057234266,0.12180528111617192,0.09801625375360257,0.5669614687542791,-0.17893452717440128,0.3200790883190866,0,30,heteroskedastic
0.1073269424993809,0.13531138648374252,0.11426968624355932,0.4343403716917753,-0.16984586794013373,0.38449975293889554,0,30,heteroskedastic
0.02154221248173798,0.10742212033563302,0.06276637794613177,0.8425094008861885,-0.1985020260005608,0.24158645096403678,0,30,heteroskedastic
-0.07802853093933543,0.11103442849230566,0.09935908346833017,0.4880186468425636,-0.3054722472481277,0.14941518536945683,0,30,heteroskedastic
-0.1688859499869212,0.1275618662637911,0.08222511038289845,0.1962260130201394,-0.43018458786240066,0.09241268788855828,0,30,heteroskedastic
-0.13260021443352416,0.11882645382076877,0.09184513830614234,0.2739442088141175,-0.3760051710741897,0.11080474220714137,0,30,heteroskedastic
0.03039890078833103,0.1497377422683472,0.1389119951805084,0.8405919616725314,-0.27632495987044703,0.33712276144710907,0,30,heteroskedastic
0.040696608237331705,0.08896339241981445,0.08727946121229871,0.6508750450709353,-0.1415366401537491,0.2229298566284125,0,30,heteroskedastic
-0.06575323865083041,0.13060109437533043,0.11461243075650686,0.6185746036089632,-0.3332774530955319,0.20177097579387113,0,30,heteroskedastic
0.16765229266937326,0.151917667956729,0.15382814246782686,0.2791727183962041,-0.14353694333806893,0.47884152867681545,0,30,heteroskedastic
0.011077896694577602,0.14072851256791313,0.12050730389786274,0.9378166438698604,-0.27719139350375743,0.2993471868929126,0,30,heteroskedastic
-0.17597492358940134,0.1341968859449652,0.1205621999493295,0.20040216176551437,-0.45086478316574985,0.0989149359869472,0,30,heteroskedastic
0.008577703304292833,0.09947406153116696,0.10781778166668606,0.9318968313380085,-0.1951856747595291,0.21234108136811478,0,30,heteroskedastic
-0.06661085742197681,0.12638436699794453,0.1406496058488665,0.6023102123120183,-0.32549749739183753,0.1922757825478839,0,30,heteroskedastic
0.09194884174303083,0.07545160772812595,0.06444951483742563,0.23314675934043327,-0.06260677038719559,0.24650445387325726,0,30,heteroskedastic
-0.09528922078778286,0.15436789698361808,0.10654491391592162,0.5420335810324546,-0.41149752343293866,0.22091908185737297,0,30,heteroskedastic
0.03788547783943351,0.14752072541111697,0.1232113529736811,0.7991996293095593,-0.2642970296555136,0.34006798533438065,0,30,heteroskedastic
0.016802594771536766,0.09568066577809388,0.08226073988295256,0.8618632757866997,-0.17919036434003455,0.21279555388310806,0,30,heteroskedastic
0.12317770428232241,0.08663464696287222,0.08684094389164272,0.16612643630595153,-0.054285325283334684,0.3006407338479795,0,30,heteroskedastic
-0.13987964835201508,0.17882448871851842,0.18733543757956445,0.4406519984547599,-0.5061850081709113,0.2264257114668811,0,30,heteroskedastic
-0.07622240470365817,0.10453517165684177,0.1063599108017474,0.4719621735532986,-0.29035299689432464,0.13790818748700828,0,30,heteroskedastic
0.05008107332864237,0.09002723864115394,0.08762152860433066,0.5824328483589691,-0.13433136526000214,0.23449351191728687,0,30,heteroskedastic
-0.038658681791441746,0.11903110569193497,0.12750065236875993,0.7477632684417629,-0.28248284878658586,0.20516548520370237,0,30,heteroskedastic
-0.2357557183943819,0.12857855809079768,0.11113817260153083,0.07737131099094087,-0.49913695506930655,0.027625518280542743,0,30,heteroskedastic
-0.058955609864451544,0.1545788603879451,0.1433696975549535,0.7057890534787332,-0.37559605145368824,0.2576848317247852,0,30,heteroskedastic
-0.18416294327981728,0.13333611158363987,0.16799472944594415,0.17814388899900882,-0.4572895865069527,0.0889636999473182,0,30,heteroskedastic
-0.0573070829132446,0.13173599469788533,0.0950990179426069,0.6668864900708662,-0.3271560352838933,0.2125418694574041,0,30,heteroskedastic
-0.09133024542176121,0.1124933935541311,0.11070651770136432,0.4237136814760082,-0.3217625161828264,0.139102025339304,0,30,heteroskedastic
-0.0974826752436633,0.12202145173375191,0.129765101899384,0.4310745016660191,-0.3474322884273044,0.1524669379399778,0,30,heteroskedastic
0.017683685853659648,0.14202244844255532,0.11038099191976712,0.9017984769952917,-0.2732361118313175,0.3086034835386368,0,30,heteroskedastic
-0.006310347963169278,0.14226172001610898,0.16130964751147772,0.9649344199862553,-0.29772027124824235,0.28509957532190383,0,30,heteroskedastic
-0.016381475059704644,0.1352377537829241,0.1510062382665087,0.904452435401159,-0.2934034557489932,0.26064050562958385,0,30,heteroskedastic
0.15736493065697768,0.13559450760906966,0.15662339229538638,0.2556225057920114,-0.1203878271176502,0.4351176884316056,0,30,heteroskedastic
0.08351108956767594,0.1648248365095019,0.14647319531177133,0.6163562493295303,-0.2541172826836212,0.4211394618189731,0,30,heteroskedastic
0.0742898731613501,0.16557073901984862,0.18141833939650812,0.6571088919682144,-0.26486641111922427,0.4134461574419245,0,30,heteroskedastic
-0.1341067749989372,0.09969880839104459,0.06790561289560736,0.18938089796117888,-0.33833052613562853,0.07011697613775414,0,30,heteroskedastic
0.07869898626230601,0.09940256214818612,0.06139604175857261,0.4351802465015683,-0.12491793195478404,0.28231590447939603,0,30,heteroskedastic
0.18197185602960642,0.1279014484960658,0.14673192006771998,0.16585492351751008,-0.08002238451569132,0.44396609657490416,0,30,heteroskedastic
0.019299063264181515,0.11229656400708515,0.12478571119969471,0.8647852572934694,-0.21073002044699846,0.2493281469753615,0,30,heteroskedastic
0.07926339739242817,0.10730242847602824,0.10402252024376805,0.4662416570762359,-0.14053566342984142,0.2990624582146978,0,30,heteroskedastic
-0.08493922918157101,0.13689409458148102,0.10569853475931537,0.5399636415070792,-0.3653540701918704,0.19547561182872833,0,30,heteroskedastic
0.030040442415341102,0.0987357953722082,0.06920196977649029,0.763186592804157,-0.172210665975924,0.23229155080660618,0,30,heteroskedastic
0.2004806162774787,0.1366180877100489,0.11977525697156764,0.153396709190283,-0.07936885028619456,0.480330082841152,0,30,heteroskedastic
0.1346848972401772,0.12836021336540696,0.11513730682787571,0.3030252736224216,-0.12824908053988374,0.3976188750202382,0,30,heteroskedastic
-0.04614804280787455,0.10869895993683361,0.13278852918699033,0.6744099464996325,-0.26880776864819966,0.17651168303245054,0,30,heteroskedastic
0.15002613683281812,0.11080167533424518,0.059802448105524784,0.18656273082544783,-0.07694080624472763,0.3769930799103639,0,30,heteroskedastic
0.005105902918268183,0.1133606698360703,0.13569208605667918,0.9643941513038357,-0.2271029027726309,0.23731470860916726,0,30,heteroskedastic
-0.09067158114115347,0.137056632549407,0.12278286648738813,0.513659251490755,-0.3714193660857653,0.19007620380345835,0,30,heteroskedastic
-0.11946943881210761,0.11116915374604017,0.06813780602179488,0.2916993351390975,-0.3471891272928298,0.10825024966861457,0,30,heteroskedastic
0.022699564526023393,0.0851341207426999,0.08799247167057297,0.7917056213382969,-0.1516897764137817,0.1970889054658285,0,30,heteroskedastic
-0.15832160665308664,0.07806588886161268,0.09591695358292761,0.05216564948180209,-0.3182323309278079,0.0015891176216345781,0,30,heteroskedastic
0.05831007575468278,0.11339467616071343,0.099838515440832,0.6111315207877885,-0.1739683887344815,0.29058854024384706,0,30,heteroskedastic
0.1914163380540372,0.09706792208762838,0.09473690072626663,0.058563385207056506,-0.007418286789485085,0.3902509628975595,0,30,heteroskedastic
0.004077399582080268,0.1333569479834626,0.10262886862206577,0.9758253160714644,-0.2690919250752614,0.2772467242394219,0,30,heteroskedastic
-0.13296281404831212,0.11558282512538201,0.10978853600527327,0.2597225365579592,-0.3697234985040154,0.10379787040739116,0,30,heteroskedastic
0.05832885765085079,0.10057823901874487,0.09082085599528451,0.5665962033189808,-0.14769632546433525,0.26435404076603686,0,30,heteroskedastic
0.03208624117806123,0.14070778614921406,0.08169692821067592,0.8212764441592647,-0.25614059287618673,0.32031307523230923,0,30,heteroskedastic
0.009149683087811195,0.15389409573619645,0.12374985266687508,0.9530124904917547,-0.3060880816983347,0.324387447873957,0,30,heteroskedastic
0.18585395333178717,0.12233149878792439,0.11911579451712824,0.13990812605925074,-0.06473076245191339,0.43643866911548773,0,30,heteroskedastic
0.028248058726841607,0.13733534191778296,0.12263023695276443,0.8385237802494099,-0.25307063647843675,0.30956675393211996,0,30,heteroskedastic
0.10494398688305129,0.09687593266769516,0.09558677835478697,0.2879238011534617,-0.09349736546153067,0.3033853392276332,0,30,heteroskedastic
-0.35770114123068786,0.13083110906739306,0.14381384992968357,0.010722999359159931,-0.6256965194133284,-0.0897057630480474,1,30,heteroskedastic
0.23018014084109317,0.11843868605679776,0.10623995368051517,0.06207516067180599,-0.012430509542496165,0.4727907912246825,0,30,heteroskedastic
0.06685594760603206,0.09859098632834735,0.11084451217100419,0.503265243733405,-0.13509853290559193,0.26881042811765604,0,30,heteroskedastic
0.024885237666717366,0.11642916328996705,0.08590049148967503,0.8323008214516866,-0.2136090919296958,0.26337956726313055,0,30,heteroskedastic
-0.04053900604775788,0.10404529276649879,0.058994992187318025,0.6997592147745777,-0.25366612682083106,0.17258811472531527,0,30,heteroskedastic
-0.04333225489722699,0.11164505757401706,0.11795405027324835,0.7008586982981533,-0.27202678817798476,0.18536227838353075,0,30,heteroskedastic
-0.08674109392454417,0.15488290096655563,0.13615433677684133,0.5799035626984201,-0.4040043344064022,0.2305221465573139,0,30,heteroskedastic
-0.09636967965949018,0.13788752680552296,0.12508984911813825,0.49037923282315365,-0.3788194743324066,0.18608011501342625,0,30,heteroskedastic
0.1207572468745157,0.12047471181614001,0.07752327435559644,0.324761051878796,-0.1260240132153894,0.3675385069644208,0,30,heteroskedastic
-0.14343947710913774,0.13195031202776203,0.09338573130883308,0.28627478991659117,-0.41372743862891637,0.1268484844106409,0,30,heteroskedastic
0.04181749339041749,0.11965677069863678,0.0803426424177126,0.7293448056552234,-0.203288290272826,0.28692327705366094,0,30,heteroskedastic
-0.07853960183664904,0.15467179859827299,0.14200010883673966,0.615582914989366,-0.39537041871966705,0.23829121504636896,0,30,heteroskedastic
-0.032064792475219275,0.09603403818560627,0.09004889051054905,0.7409504870513823,-0.22878160215005233,0.1646520171996138,0,30,heteroskedastic
-0.1613153858644193,0.1099569079498024,0.07838580040978553,0.15349793715043444,-0.3865519013985168,0.0639211296696782,0,30,heteroskedastic
0.029302057925396904,0.13132230543608828,0.12987003180432757,0.8250535138394329,-0.2396994904069027,0.29830360625769653,0,30,heteroskedastic
0.033503788700576125,0.19822208374360456,0.11126226385272732,0.8669948919391879,-0.3725357433013584,0.4395433207025107,0,30,heteroskedastic
-0.01024211483585467,0.15155666379167532,0.11762443656876514,0.9466006944578519,-0.32069186733338306,0.3002076376616737,0,30,heteroskedastic
0.09696604364926742,0.1432220509927121,0.11906593096210422,0.5039406780380215,-0.19641102846676667,0.3903431157653015,0,30,heteroskedastic
-0.1758855009588039,0.12075946969071323,0.12641514778360313,0.15637920818516282,-0.42325006111266716,0.0714790591950594,0,30,heteroskedastic
0.1740749812092716,0.11236780966265246,0.08716394302436126,0.13257494802887412,-0.05610004261159435,0.4042500050301375,0,30,heteroskedastic
0.05285782984277093,0.148524684938364,0.12217237966935149,0.724593501846913,-0.25138119551786237,0.35709685520340423,0,30,heteroskedastic
-0.08639966735987058,0.10583040878719405,0.103465254775605,0.42116463526680614,-0.30318343253866903,0.13038409781892785,0,30,heteroskedastic
-0.16073783359878535,0.15808780993853142,0.16783659803956624,0.31797190093829925,-0.48456603250764224,0.16309036531007154,0,30,heteroskedastic
0.21666408944805632,0.13839508603417366,0.12022561973572451,0.1286877638495245,-0.06682539317371228,0.5001535720698249,0,30,heteroskedastic
0.0397712599141847,0.10294921610636612,0.08631186259830176,0.7021804034645085,-0.17111064960031763,0.25065316942868704,0,30,heteroskedastic
0.0067239423171079424,0.0975908366725365,0.060478490748926396,0.9455594570022977,-0.19318182449668905,0.20662970913090492,0,30,heteroskedastic
-0.12157575573388234,0.15095862491636283,0.1004150175430309,0.42739958421881574,-0.43080048112814945,0.18764896966038475,0,30,heteroskedastic
-0.15254584762590173,0.10777214377372439,0.09974899717914006,0.1679644101310073,-0.37330707661858265,0.06821538136677915,0,30,heteroskedastic
-0.12040152079576508,0.16507393853820065,0.13130155960943135,0.47182748074798253,-0.45854015542168447,0.21773711383015434,0,30,heteroskedastic
-0.05454035247870951,0.12585655308486698,0.11652994190019458,0.6680784446241612,-0.3123458146594833,0.20326510970206427,0,30,heteroskedastic
0.17156414903457767,0.10858009999093639,0.10907595175431294,0.12532283206078948,-0.05085210324369813,0.3939804013128535,0,30,heteroskedastic
-0.1803555438084261,0.1118771427046272,0.12152272542528723,0.11815963131547327,-0.40952548192823013,0.048814394311377934,0,30,heteroskedastic
0.0174882411220178,0.1260862878565323,0.07294069625950506,0.890679520961889,-0.24078781140575395,0.27576429364978955,0,30,heteroskedastic
0.2536357373854194,0.1303249973037863,0.10400525094369831,0.06173200974128408,-0.0133229178461024,0.5205943926169412,0,30,heteroskedastic
-0.05435631275873047,0.09556828220196141,0.10015413579699986,0.5740468447920534,-0.25011906455033156,0.1414064390328706,0,30,heteroskedastic
0.09713971957329696,0.13116377120787537,0.12771857549015758,0.4651024630634949,-0.17153708611371232,0.3658165252603063,0,30,heteroskedastic
-0.09856731600044642,0.09501780385853391,0.09508079019902628,0.3084458909439922,-0.293202464021967,0.09606783202107415,0,30,heteroskedastic
0.10051283382378885,0.0779266115198791,0.0958529826668449,0.2076584438385673,-0.05911259374943505,0.26013826139701274,0,30,heteroskedastic
0.12080860215976313,0.07369095018564802,0.062416465921720204,0.11232004650318647,-0.030140466486195838,0.2717576708057221,0,30,heteroskedastic
-0.1790301434059931,0.09585878530759419,0.09091340294845623,0.07231188050798407,-0.37538796383388606,0.017327677021899857,0,30,heteroskedastic
0.08824128384181909,0.14628747384993004,0.14291599619009446,0.5512279042968954,-0.21141502234756263,0.38789759003120083,0,30,heteroskedastic
-0.1885966137353486,0.10492516467920622,0.09915530212561753,0.08305975655955959,-0.4035260704182767,0.02633284294757951,0,30,heteroskedastic
0.016276461011814555,0.16452435905665466,0.09581083654382787,0.9218984094164593,-0.3207364110791219,0.353289333102751,0,30,heteroskedastic
0.2496364943394861,0.10572018249192748,0.10633972289557878,0.025403702931718508,0.03307851749112531,0.46619447118784685,1,30,heteroskedastic
-0.1770592177838931,0.1359611797179074,0.15457604109038392,0.2034324104768624,-0.45556306932496127,0.10144463375717505,0,30,heteroskedastic
-0.02438396737852906,0.10741935254407299,0.11110187382905332,0.8220745821349539,-0.2444225362968293,0.19565460153977116,0,30,heteroskedastic
-0.049215844779813965,0.13252487504968605,0.1298966330943723,0.7131568991269819,-0.3206807452971132,0.2222490557374853,0,30,heteroskedastic
-0.04530273760057811,0.07274519903431179,0.07119246280160642,0.5384822751241032,-0.19431452283377887,0.10370904763262263,0,30,heteroskedastic
-0.024113333272738395,0.09642146197398446,0.11714705595072024,0.8043492442018584,-0.22162374460258671,0.1733970780571099,0,30,heteroskedastic
0.03531914017359675,0.08673516746906183,0.10414569310554615,0.6869525983023637,-0.14234979631483605,0.21298807666202954,0,30,heteroskedastic
0.37815058366449034,0.09930688983547971,0.1113540626917725,0.0007016282528360904,0.17472964129602017,0.5815715260329605,1,30,heteroskedastic
-0.01821444904310398,0.10531441412596754,0.08927134322449172,0.8639325221321998,-0.23394124707271782,0.19751234898650985,0,30,heteroskedastic
-0.05766714645448436,0.13914939614951488,0.07821715875887543,0.681719925361231,-0.34270176330364627,0.22736747039467756,0,30,heteroskedastic
-0.12988063088854232,0.12019283712705102,0.0755184511899265,0.289094169128873,-0.3760844968522262,0.11632323507514156,0,30,heteroskedastic
0.004554029776857052,0.09599640778697306,0.08501039980254531,0.9624996385143296,-0.19208569752066718,0.20119375707438125,0,30,heteroskedastic
0.07193445444842962,0.13529795462540112,0.11739929783450082,0.5991448552031019,-0.2052108420765309,0.3490797509733901,0,30,heteroskedastic
-0.041280115367935646,0.12139749376433506,0.10444751174446901,0.7363635074680792,-0.2899516085908432,0.20739137785497191,0,30,heteroskedastic
-0.15711055711093294,0.11071638019915049,0.11083562541523069,0.16692520853309942,-0.38390278102459036,0.06968166680272447,0,30,heteroskedastic
-0.0656007212943335,0.09639728537126928,0.09652943589062137,0.5017613862798832,-0.2630616090985157,0.1318601665098487,0,30,heteroskedastic
-0.06288024183495185,0.10425965554444132,0.09945452825628834,0.5512887087105647,-0.27644646485329755,0.15068598118339388,0,30,heteroskedastic
-0.11745342640240845,0.12777791298436333,0.0847317426723218,0.36584243777097614,-0.3791946159232696,0.14428776311845265,0,30,heteroskedastic
0.0784353445049853,0.1254240157064467,0.13864903445216611,0.5367979054675686,-0.17848410502073903,0.3353547940307096,0,30,heteroskedastic
-0.007032869243182291,0.09001125242224091,0.06913194447174145,0.9382777776371312,-0.19141256154683506,0.17734682306047045,0,30,heteroskedastic
-0.02663083639966727,0.10716282726545676,0.07779197362445005,0.805554942838319,-0.246143937105199,0.19288226430586447,0,30,heteroskedastic
0.033880867595504745,0.10921787011477528,0.1089365523309885,0.7586958241235964,-0.1898417975592663,0.2576035327502758,0,30,heteroskedastic
-0.08845043041716119,0.16035737807800085,0.1341036273635484,0.5856095271355102,-0.4169276289116982,0.24002676807737586,0,30,heteroskedastic
-0.1901805810143197,0.09949041724581845,0.1113915058668007,0.06621896792606911,-0.39397746224084296,0.01361630021220353,0,30,heteroskedastic
0.14403212119479858,0.09983825876768788,0.07639039087632792,0.16021197546205912,-0.06047728108933492,0.3485415234789321,0,30,heteroskedastic
0.04320750061381304,0.13841791564859643,0.09883146430492053,0.7572374010243058,-0.24032874635318355,0.3267437475808096,0,30,heteroskedastic
0.006621887623117795,0.1225048712769541,0.10124526269126273,0.957275920847708,-0.24431796560530203,0.2575617408515376,0,30,heteroskedastic
0.10721891415132276,0.1477975901919505,0.15253897303788005,0.47419953562568484,-0.19553072513799533,0.40996855344064087,0,30,heteroskedastic
-0.1547211856848846,0.13814766361186911,0.16393987688447018,0.2722419307009709,-0.43770384644976423,0.12826147507999505,0,30,heteroskedastic
0.021617913339011325,0.13738941549691597,0.12237664698874628,0.8760999897164222,-0.25981154657194555,0.30304737324996817,0,30,heteroskedastic
-0.09778256068073608,0.13338803108205274,0.13645729063676335,0.4696099558041976,-0.37101555617921894,0.17545043481774675,0,30,heteroskedastic
-0.06298310320540393,0.15477930626818495,0.12387629096742835,0.6871592743361665,-0.3800341395672674,0.2540679331564595,0,30,heteroskedastic
-0.20076136278604254,0.11434697293289448,0.07980912240212436,0.0900717784159866,-0.43499051878445105,0.03346779321236598,0,30,heteroskedastic
-0.0019166782779474964,0.1353134038289085,0.0914420483713892,0.9887990046726947,-0.2790936210617076,0.2752602645058126,0,30,heteroskedastic
0.10673531735508926,0.075337176060024,0.07056204979688863,0.16758143209277737,-0.04758589212894959,0.2610565268391281,0,30,heteroskedastic
0.1692312183006091,0.15405123672843574,0.18612150837967395,0.28132615601222494,-0.14632843521630845,0.48479087181752667,0,30,heteroskedastic
0.025106392229036933,0.10620854014071453,0.09992123368848622,0.8148526003319776,-0.19245193991484957,0.24266472437292344,0,30,heteroskedastic
0.003249166245195372,0.10837290338219174,0.05425789716807677,0.9762946103974093,-0.21874266301997217,0.2252409955103629,0,30,heteroskedastic
0.08342858601439423,0.09606489040430341,0.1018962744789735,0.39252530543123654,-0.11335142156555827,0.28020859359434674,0,30,heteroskedastic
-0.2466503466947234,0.10260742317868038,0.11978007709838759,0.023089395172658074,-0.45683212513513916,-0.036468568254307665,1,30,heteroskedastic
-0.22634152219406067,0.09708031515509975,0.08332672728819951,0.027149690105856033,-0.42520153308550007,-0.027481511302621275,1,30,heteroskedastic
-0.11012271141121771,0.1292972041139896,0.09309973414454362,0.40160537412509656,-0.3749760277324714,0.15473060491003598,0,30,heteroskedastic
0.054956773678007616,0.09427937719146327,0.08949676326890052,0.5646167603391136,-0.1381657758849934,0.24807932324100862,0,30,heteroskedastic
0.08539962610816662,0.13238871561608956,0.11299918616646312,0.524134409541902,-0.1857863644529308,0.356585616669264,0,30,heteroskedastic
-0.03441475648503881,0.07967201092415738,0.07491363477758599,0.6690820783113419,-0.19761547266327148,0.12878595969319387,0,30,heteroskedastic
-0.04864569577662429,0.11169558125586555,0.07254274736808487,0.6665238307211004,-0.2774437221281103,0.1801523305748617,0,30,heteroskedastic
0.06543645777562113,0.10352973225076088,0.08702575663278894,0.5324784823023048,-0.14663458515498687,0.2775075007062291,0,30,heteroskedastic
0.08887829418228446,0.1062723089734691,0.11380333304206909,0.41005239781312997,-0.12881066249404047,0.30656725085860936,0,30,heteroskedastic
-0.32582412076008505,0.10754638279769548,0.09078230847330028,0.005219858666569231,-0.5461228993571297,-0.10552534216304046,1,30,heteroskedastic
-0.17962441131755746,0.11594896164123927,0.07425368840815616,0.1325714786728999,-0.4171350924272148,0.057886269792099876,0,30,heteroskedastic
0.02879446748234124,0.11040900527287578,0.1018660885908118,0.7961567205238183,-0.19736812743712628,0.25495706240180877,0,30,heteroskedastic
-0.003935456439519026,0.1480627516938602,0.15310541028411281,0.9789835388798636,-0.30722825444307816,0.2993573415640401,0,30,heteroskedastic
-0.08568531612913015,0.12712343114221686,0.1249220697526052,0.5058176117877589,-0.3460858603703631,0.17471522811210277,0,30,heteroskedastic
0.04216633061009698,0.15215792458327823,0.12284922198696056,0.7837220001688423,-0.26951504878703225,0.35384771000722626,0,30,heteroskedastic
0.11203039257494515,0.14054782043709668,0.15602963811632944,0.43210174917036115,-0.17586876657215925,0.3999295517220496,0,30,heteroskedastic
0.00375171628974251,0.11668394022336695,0.09638312400732771,0.9745782956949818,-0.23526450019661171,0.2427679327760967,0,30,heteroskedastic
-0.00725609474262608,0.13436831471118063,0.10942375933182587,0.9573174101736331,-0.28249711022799945,0.2679849207427473,0,30,heteroskedastic
0.0408055284568465,0.07041921592159793,0.06862381818026118,0.5669084009282026,-0.10344169635657606,0.18505275327026904,0,30,heteroskedastic
-0.15432833214639285,0.13423052976577202,0.12170297416009984,0.2599826249903564,-0.42928710796555936,0.12063044367277365,0,30,heteroskedastic
0.05678826255055747,0.1490057208750941,0.19234264630093922,0.7059947458212177,-0.24843612025833395,0.3620126453594489,0,30,heteroskedastic
0.012937036345680143,0.12390239430841496,0.10065480992574183,0.917585854188888,-0.24086551304120749,0.2667395857325678,0,30,heteroskedastic
-0.015543153364394328,0.15038390128369583,0.08354161354833459,0.9184167735076594,-0.32359061076494783,0.2925043040361592,0,30,heteroskedastic
0.046967075755206214,0.09438913759642399,0.0732347483046524,0.6226585357217962,-0.14638030780520267,0.24031445931561507,0,30,heteroskedastic
0.08183084040597173,0.14814187641676851,0.15744508298019655,0.5850698618472465,-0.22162403724508534,0.38528571805702877,0,30,heteroskedastic
-0.06925777406362096,0.08418347882515206,0.10151971979666409,0.41763010714236004,-0.24169981331023116,0.10318426518298923,0,30,heteroskedastic
0.10767485462692737,0.12631338304837753,0.10745954102135828,0.4012016519974848,-0.15106638131368744,0.3664160905675422,0,30,heteroskedastic
-0.04114068959686797,0.09179873284441267,0.057407729650596276,0.6574851223627731,-0.22918186956311654,0.14690049036938058,0,30,heteroskedastic
0.051885947272080686,0.11705468300191375,0.12475670462372132,0.6609820203174849,-0.1878897013696178,0.29166159591377916,0,30,heteroskedastic
0.14705260827499397,0.1202443277205877,0.11792668053696452,0.23154295403613628,-0.09925673138822572,0.39336194793821366,0,30,heteroskedastic
-0.06125503324228747,0.11678579789959498,0.10761116534474638,0.6040536868877144,-0.30047989572007383,0.17796982923549892,0,30,heteroskedastic
-0.11778581220986405,0.10916480936408007,0.11007199683929784,0.28980746187762196,-0.341399787343962,0.1058281629242339,0,30,heteroskedastic
0.22005142949217538,0.15809713619964483,0.0958818977328647,0.17491890673885627,-0.1037958733965525,0.5438987323809032,0,30,heteroskedastic
-0.10199615886561822,0.11864958040043692,0.13585959107909631,0.3972870042292068,-0.3450388067288822,0.1410464889976458,0,30,heteroskedastic
0.03761612818456948,0.12199896460276942,0.11942646991691819,0.7601123355405512,-0.21228742219936858,0.2875196785685075,0,30,heteroskedastic
-0.011137059820677322,0.16530570423471247,0.12245620521356294,0.9467639518592941,-0.34975044495455465,0.32747632531320003,0,30,heteroskedastic
-0.1901066775674909,0.16245946617679674,0.16785591554209442,0.25179293209474896,-0.5228898083362843,0.14267645320130246,0,30,heteroskedastic
0.12076326768174987,0.0979681549167362,0.08143728337625737,0.22794578582511058,-0.07991540051819541,0.3214419358816952,0,30,heteroskedastic
-0.007663606685235037,0.09157158931204644,0.08384174796587761,0.9338985580561131,-0.195239504217572,0.17991229084710195,0,30,heteroskedastic
-0.09373728354839528,0.10258841574201871,0.06480901677582236,0.3686644226822472,-0.30388012701980605,0.11640555992301549,0,30,heteroskedastic
0.06425341440674422,0.1270895241249631,0.1149304084297393,0.6171113658565173,-0.1960776744581892,0.3245845032716776,0,30,heteroskedastic
-0.12633928596294053,0.12463053349443359,0.1166652785912964,0.3194010150587778,-0.38163336085868965,0.1289547889328086,0,30,heteroskedastic
0.02270272683680055,0.07725388329167236,0.07128436082140377,0.7710234005397256,-0.1355446794292774,0.1809501331028785,0,30,heteroskedastic
0.02433145858853012,0.08911493838929724,0.07705260353471459,0.7868303807189418,-0.15821221764874951,0.20687513482580974,0,30,heteroskedastic
-0.0505833233734321,0.10200842144440793,0.08423457243183285,0.6238533247679721,-0.2595381023834164,0.15837145563655222,0,30,heteroskedastic
-0.17706012836253296,0.13841737815421262,0.12177000013824107,0.2113349077883025,-0.46059527432219505,0.10647501759712916,0,30,heteroskedastic
0.01807472626645875,0.13823131016232632,0.11073317991169686,0.8969024000946104,-0.265079276689764,0.30122872922268146,0,30,heteroskedastic
0.05774810916462875,0.08912934768758586,0.09724344985663029,0.522318751966596,-0.12482508318217356,0.24032130151143105,0,30,heteroskedastic
0.18718645584348145,0.0824203138675097,0.08431487915982963,0.03102400172210154,0.01835609628826898,0.3560168153986939,1,30,heteroskedastic
-0.0158793573167366,0.08165988069446187,0.08760729696327146,0.8472218757162122,-0.18315204012941985,0.15139332549594667,0,30,heteroskedastic
0.09608058480193218,0.1122226827916654,0.10102845474916299,0.3991771055991703,-0.13379716009993747,0.32595832970380184,0,30,heteroskedastic
-0.03802019147163113,0.11422985883774588,0.1278343002580428,0.7417348638689124,-0.27200945012113237,0.1959690671778701,0,30,heteroskedastic
-0.07755178367378028,0.09000446544173304,0.08504756176812822,0.3962029398533795,-0.26191757347808947,0.10681400613052892,0,30,heteroskedastic
0.13697226383772623,0.13644391968941672,0.13635090481611647,0.3240373019735596,-0.1425204357086117,0.41646496338406414,0,30,heteroskedastic
0.2037474492313956,0.08127062553385869,0.07716603799647274,0.01825398564538551,0.037272119469672516,0.3702227789931187,1,30,heteroskedastic
-0.19611887454241275,0.1502537482603016,0.11826256503871992,0.20243199557350064,-0.5038997255603193,0.11166197647549378,0,30,heteroskedastic
0.2423349974590059,0.15639924152492618,0.14560733153996755,0.132500430596789,-0.07803432585201217,0.562704320770024,0,30,heteroskedastic
-0.3460791858048367,0.10818970087543517,0.0836454648599809,0.0034153255085468824,-0.5676957417467693,-0.12446262986290413,1,30,heteroskedastic
-0.09133835690416045,0.17408773475315883,0.19456260842160458,0.603943215492764,-0.4479409160714871,0.26526420226316627,0,30,heteroskedastic
0.11550536609900867,0.16158667442124983,0.08953887717380468,0.48063827898991696,-0.21548993180442233,0.4465006640024397,0,30,heteroskedastic
0.22447365063781735,0.12979871376845137,0.10244720397680358,0.09474968833015018,-0.041406961641315104,0.49035426291694983,0,30,heteroskedastic
0.04581317926469979,0.1552124425982612,0.11904231638746683,0.7700459857487665,-0.2721250966490628,0.3637514551784624,0,30,heteroskedastic
0.06220005613452126,0.12967770929026767,0.09722223990159387,0.635201000001274,-0.20343268970731052,0.327832801976353,0,30,heteroskedastic
0.03135071969105441,0.1041074160738658,0.10784388083538719,0.7655341197015738,-0.18190365490850127,0.2446050942906101,0,30,heteroskedastic
-0.11067436102333157,0.11394500471848704,0.09311458751194496,0.3397171745797699,-0.3440801224605732,0.12273140041391005,0,30,heteroskedastic
0.0793597757561066,0.112814163471304,0.11106888917978076,0.4875805612688108,-0.15172956239416868,0.31044911390638186,0,30,heteroskedastic
-0.059870017251121246,0.12285013570312793,0.07940716585567478,0.6298099132923758,-0.3115171125959234,0.19177707809368094,0,30,heteroskedastic
0.18379743123460826,0.14272146600176824,0.12963374406876932,0.20835606233868503,-0.10855423901090092,0.47614910148011746,0,30,heteroskedastic
0.05901586733522177,0.10080765511786746,0.09791379514822533,0.5629473967522347,-0.14747925335584983,0.26551098802629336,0,30,heteroskedastic
-0.24213552778168704,0.10469361262258134,0.10883093949913195,0.028299193000414082,-0.4565906715781274,-0.02768038398524672,1,30,heteroskedastic
0.00812631951687786,0.13626545440769622,0.13676700855967325,0.9528691970838518,-0.2710008104718213,0.287253449505577,0,30,heteroskedastic
0.04003261874710484,0.11477800816451461,0.10692389333543811,0.7298613774223124,-0.19507947289811972,0.2751447103923294,0,30,heteroskedastic
0.12732294291827714,0.10273586412620252,0.09439315880670146,0.22551367317044857,-0.0831219348763419,0.3377678207128962,0,30,heteroskedastic
0.14339855135947616,0.10787055914991205,0.1128137168002207,0.19446030364545172,-0.07756427239264999,0.36436137511160227,0,30,heteroskedastic
0.06731046602299853,0.1130581502703712,0.09060905369141463,0.5563837137446308,-0.16427865642898973,0.29889958847498677,0,30,heteroskedastic
-0.23877861148248805,0.13152795773844347,0.10665323042625502,0.08018425120373955,-0.5082014194596587,0.030644196494682613,0,30,heteroskedastic
-0.05563566142316046,0.13763662799143037,0.12319902917310449,0.689121037749348,-0.3375715131734216,0.2263001903271007,0,30,heteroskedastic
0.13745139121655203,0.11679897575338949,0.09499203070389332,0.24917498070595995,-0.10180046487106054,0.3767032473041646,0,30,heteroskedastic
0.09114124528680528,0.12172370540829172,0.13028710482681116,0.4602488901589208,-0.15819846219731987,0.34048095277093043,0,30,heteroskedastic
0.23625949018494027,0.13184534255259484,0.1581761458973661,0.08395588973360762,-0.03381345111223541,0.5063324314821159,0,30,heteroskedastic
-0.03249012501947117,0.16517971289622,0.13070357027025373,0.8454864995000115,-0.3708454285957762,0.3058651785568338,0,30,heteroskedastic
0.09432173100112295,0.11668650390880994,0.10796843920226463,0.42571295401034037,-0.144699736956802,0.3333431989590479,0,30,heteroskedastic
-0.14861904282073005,0.10750055172710792,0.08593697376581527,0.17774820770998057,-0.368823940725467,0.07158585508400686,0,30,heteroskedastic
0.06208904125794687,0.1422367551460473,0.15379311223744024,0.6658079174365051,-0.22926974380899787,0.3534478263248916,0,30,heteroskedastic
0.2198423463850599,0.13009553886920044,0.10844077093196056,0.10216195694404136,-0.04664628455031106,0.48633097732043085,0,30,heteroskedastic
-0.24344069714193303,0.09015449202634002,0.08566677906291273,0.011621313488549738,-0.4281138024736103,-0.05876759181025576,1,30,heteroskedastic
-0.09509158771989287,0.09523634958524296,0.096243970544346,0.32659791804315363,-0.2901744063688131,0.09999123092902734,0,30,heteroskedastic
-0.17629953113924454,0.1325017489836597,0.15116111391126041,0.19407404097409015,-0.4477170600577338,0.09511799777924476,0,30,heteroskedastic
-0.061812944929997435,0.1118823250720822,0.09896038292729772,0.5850021415360539,-0.2909934986483077,0.16736760878831286,0,30,heteroskedastic
0.21038673516903333,0.11833942478539501,0.07571795560094273,0.08629638008285359,-0.03202058771731092,0.4527940580553776,0,30,heteroskedastic
-0.06015517021201522,0.09190064996149408,0.09131835359482894,0.5180874959893729,-0.24840511792876452,0.12809477750473408,0,30,heteroskedastic
-0.11825119162372233,0.1064817489724844,0.09648095125838703,0.2762167437359485,-0.33636916668980776,0.0998667834423631,0,30,heteroskedastic
-0.09002726715039559,0.15367094817737673,0.15147187135821438,0.5626729865225151,-0.40480793488338096,0.22475340058258975,0,30,heteroskedastic
0.188184382559189,0.1148429925863828,0.09751643665255219,0.1124818190521766,-0.04706082363989578,0.4234295887582738,0,30,heteroskedastic
-0.06520151393313524,0.12494883058225802,0.13837371156425882,0.6058954631943252,-0.32114759085679656,0.1907445629905261,0,30,heteroskedastic
0.1275329243092136,0.1472528493544304,0.13498572279534715,0.39380653400694854,-0.17410086395810082,0.429166712576528,0,30,heteroskedastic
0.006277802489103744,0.09298916503646404,0.06905872083278189,0.9466545975377061,-0.18420186728116578,0.1967574722593733,0,30,heteroskedastic
-0.060560151778588756,0.14090176179441344,0.19448942171342493,0.6706278827844998,-0.3491843269297975,0.22806402337262,0,30,heteroskedastic
0.059599717219597365,0.10166040474928725,0.09423874372645981,0.5623957187910318,-0.1486421819066378,0.26784161634583253,0,30,heteroskedastic
0.04596206607823838,0.1490275365531428,0.10972225179574491,0.7600508208775238,-0.2593070041213711,0.35123113627784786,0,30,heteroskedastic
0.05783693482886727,0.10985389994804251,0.12430150613802614,0.6026942077452184,-0.16718857837876322,0.28286244803649774,0,30,heteroskedastic
-0.23594784277530334,0.10643270270259575,0.09501475616405707,0.034925004529599166,-0.4539653511118704,-0.017930334438736234,1,30,heteroskedastic
-0.11065022705829525,0.13388121899443345,0.12235982122310632,0.4155190955223327,-0.3848934721987458,0.16359301808215532,0,30,heteroskedastic
0.07238471130808405,0.13506990480465492,0.11557421760427007,0.5962557287679852,-0.20429344633537483,0.3490628689515429,0,30,heteroskedastic
0.03280051216009175,0.09142575834278677,0.08990653750620321,0.7224608105352319,-0.1544766641733188,0.2200776884935023,0,30,heteroskedastic
-0.09416115635187086,0.12830197886429254,0.12084075597063162,0.4691094078132648,-0.3569758461639502,0.16865353346020842,0,30,heteroskedastic
-0.013484779955383074,0.10482396945263196,0.09599959652974879,0.8985603991532101,-0.2282069476134809,0.20123738770271474,0,30,heteroskedastic
-0.19488893211505876,0.08361625194182906,0.06480044200256817,0.027193974792725825,-0.36616905976285186,-0.023608804467265654,1,30,heteroskedastic
-0.16763806483007124,0.11296236892138184,0.1385744038018099,0.1489753480206449,-0.39903098808273896,0.06375485842259646,0,30,heteroskedastic
-0.12615636533461336,0.14644752289316626,0.17909219976304777,0.3963109280078577,-0.4261405171271976,0.1738277864579709,0,30,heteroskedastic
-0.19031936474473762,0.1826965129351684,0.12375726032582893,0.3064512576259136,-0.5645562066222237,0.1839174771327485,0,30,heteroskedastic
-0.26584966101028296,0.12193876771290323,0.14529326445412347,0.037807692103912334,-0.5156299036551053,-0.016069418365460664,1,30,heteroskedastic
-0.19984471354365527,0.11546532941506676,0.12276032625228564,0.09449967830715206,-0.4363647189472185,0.03667529185990798,0,30,heteroskedastic
-0.06665740232309002,0.11724819290388462,0.09684849663788124,0.574216893351523,-0.30682943802999374,0.17351463338381368,0,30,heteroskedastic
0.10409150130975885,0.10555742552624475,0.10856753581331761,0.33252303630616786,-0.1121330830077205,0.3203160856272382,0,30,heteroskedastic
0.1082321776760784,0.1630833674929112,0.12556785174829224,0.512334757628226,-0.22582895700441924,0.44229331235657604,0,30,heteroskedastic
0.04747667549530354,0.12463625426346121,0.13832623368661395,0.706136175975927,-0.20782911786457836,0.30278246885518545,0,30,heteroskedastic
-0.09271287317282181,0.1667450043659785,0.1455529356142772,0.5826163452474287,-0.4342745309747713,0.2488487846291277,0,30,heteroskedastic
0.2019588667598281,0.13426193134664396,0.17093239454140866,0.14372323963491085,-0.07306423228186015,0.47698196580151636,0,30,heteroskedastic
-0.24538164408176763,0.1359785594171317,0.11795632211655895,0.08191048597302664,-0.5239210963228491,0.03315780815931388,0,30,heteroskedastic
-0.02419935236382348,0.097776470005493,0.07953236825975937,0.8063297571863479,-0.2244853718226038,0.17608666709495685,0,30,heteroskedastic
0.09917786570599448,0.11003624546177537,0.0970065615148151,0.37510605742546443,-0.12622116535424072,0.32457689676622964,0,30,heteroskedastic
-0.1494289674493211,0.1641029377851862,0.1318309844527338,0.3702890886048129,-0.4855785971980771,0.1867206622994349,0,30,heteroskedastic
0.015798377108658182,0.11467755262501994,0.08814561894235232,0.8914132897520801,-0.2191079406920326,0.250704694909349,0,30,heteroskedastic
-0.06499644223740682,0.09889585395608823,0.09701044092488458,0.5164052187736847,-0.2675754157749974,0.13758253130018377,0,30,heteroskedastic
0.1014326285421515,0.14187952739211887,0.119797848737048,0.4805768641885001,-0.18919440864239873,0.39205966572670176,0,30,heteroskedastic
0.031153337258505436,0.1275206041756526,0.11615696688912383,0.8087795066251585,-0.2300607790609458,0.2923674535779567,0,30,heteroskedastic
-0.06691277618828939,0.07435055774383242,0.0707684198408653,0.3758151247028091,-0.21921298966721542,0.08538743729063664,0,30,heteroskedastic
0.27213141260141144,0.15685081534719214,0.12484687380855153,0.09374276421658925,-0.04916291775218401,0.5934257429550069,0,30,heteroskedastic
-0.06393669122739777,0.1514446346479118,0.10704653054310599,0.6761188088926275,-0.3741569624267518,0.24628357997195627,0,30,heteroskedastic
-0.05593591258973163,0.11300235706906406,0.12752342001829797,0.6244638795918362,-0.2874107478496987,0.17553892267023546,0,30,heteroskedastic
-0.13983666779040074,0.14220153145232634,0.14835214071562366,0.33384699682748953,-0.431123300391567,0.15144996481076553,0,30,heteroskedastic
0.11506071764650748,0.1272579286461844,0.13202183365494033,0.3736278140597872,-0.1456153322424062,0.3757367675354212,0,30,heteroskedastic
0.205927429351278,0.14681764050442048,0.08501931933624125,0.17172513778328266,-0.09481487399950361,0.5066697327020596,0,30,heteroskedastic
0.2122056869631278,0.13652144537080435,0.13272783133264712,0.13132631133870695,-0.06744581674263711,0.4918571906688927,0,30,heteroskedastic
-0.09325530815201502,0.1187288570019102,0.13407734886735803,0.4387873120355298,-0.33646034677191416,0.1499497304678841,0,30,heteroskedastic
0.17212081947828,0.10527288417117359,0.09853181495622766,0.11324408055290236,-0.043520908295335475,0.3877625472518955,0,30,heteroskedastic
0.0606168338691691,0.13623462569041514,0.12782382231775188,0.6597806658896787,-0.2184471463548791,0.3396808140932173,0,30,heteroskedastic
0.022967107360651693,0.11340849422310727,0.13538311958215593,0.8409772114760836,-0.20933966214620592,0.2552738768675093,0,30,heteroskedastic
0.0710599470959237,0.12669330460456674,0.13967439791756203,0.5793394717438882,-0.18845952287371107,0.3305794170655585,0,30,heteroskedastic
0.13654286374391236,0.11464351566553871,0.11656228409650021,0.24364422958052168,-0.09829373250589207,0.3713794599937168,0,30,heteroskedastic
-0.04699848077277676,0.10836870202139798,0.08240480340757406,0.6678364114443587,-0.2689817039404891,0.17498474239493556,0,30,heteroskedastic
0.013718708048553602,0.12457087995644571,0.1131068264779904,0.9130936318059597,-0.24145317211394782,0.26889058821105505,0,30,heteroskedastic
0.04584225571979262,0.09849065046207386,0.0682265947352381,0.6452108555128379,-0.15590669608677854,0.24759120752636377,0,30,heteroskedastic
-0.2660070756453533,0.1410274996541554,0.12623113627932137,0.06967896841064111,-0.5548888131264516,0.022874661835744936,0,30,heteroskedastic
0.10766896261409657,0.1459650292777598,0.11468049198265529,0.4668732673764058,-0.1913268458108185,0.40666477103901166,0,30,heteroskedastic
0.0695330110785683,0.16674994411145203,0.13592765438475277,0.6798656989706928,-0.27203876533328786,0.41110478749042445,0,30,heteroskedastic
-0.15016659192660622,0.11095925412111397,0.1067016465286055,0.18676997186566036,-0.37745632051656947,0.07712313666335702,0,30,heteroskedastic
0.031650431226599676,0.12342272584908577,0.07180068545044384,0.7994865220285965,-0.22116956186250414,0.28447042431570346,0,30,heteroskedastic
0.06694129302139233,0.14292284194378507,0.08683714510545602,0.6431432093027072,-0.2258228771419299,0.3597054631847146,0,30,heteroskedastic
-0.14138276924291163,0.11079229447435807,0.09027518913233894,0.21240211013660357,-0.36833049650006844,0.08556495801424518,0,30,heteroskedastic
-0.09100556403617188,0.08056822591052333,0.08452065701230187,0.2682515704327042,-0.2560420933930605,0.07403096532071674,0,30,heteroskedastic
0.15197103904622541,0.139166328875564,0.11688389539598072,0.28413606037797323,-0.13309826291990554,0.43704034101235634,0,30,heteroskedastic
-0.20581921532980815,0.07249994714313204,0.062426104384468495,0.00833424063739832,-0.35432862483757754,-0.05730980582203876,1,30,heteroskedastic
-0.05800044505808454,0.13374772061446286,0.13995380759989423,0.6678615009129977,-0.33197023116358526,0.21596934104741616,0,30,heteroskedastic
-0.08156568025701649,0.14674620634020047,0.09727950825485977,0.5827429316469437,-0.38216165735564167,0.21903029684160868,0,30,heteroskedastic
-0.13086483503754778,0.1344307540732182,0.11376768845688272,0.33865325698827775,-0.406233751758048,0.14450408168295245,0,30,heteroskedastic
-0.05205264420304716,0.12193290915138463,0.13818370771367972,0.6727199270605824,-0.30182088612861413,0.1977155977225198,0,30,heteroskedastic
-0.019916277712498806,0.15308120761469854,0.16078752121309586,0.8974153673898169,-0.3334889166650878,0.29365636124009015,0,30,heteroskedastic
0.04488633782543441,0.13255167804566376,0.14739389018079818,0.7374127528962653,-0.22663346614024707,0.31640614179111587,0,30,heteroskedastic
-0.024768835654454924,0.11817992725310543,0.12648298125363003,0.8355084477659518,-0.2668494426565585,0.21731177134764865,0,30,heteroskedastic
-0.18636563267442463,0.09392572977009381,0.0869209483325616,0.057115832368611535,-0.378763768333815,0.0060325029849656875,0,30,heteroskedastic
-0.0696636561112603,0.08418417946331444,0.06225534786846736,0.4149427033787516,-0.24210713055008612,0.10277981832756553,0,30,heteroskedastic
-0.17464914533974435,0.13693361501862672,0.1124699531344932,0.21263815020780802,-0.4551449402957398,0.10584664961625112,0,30,heteroskedastic
-0.2136419883861533,0.15230390359375687,0.16026486395506598,0.17168733711531212,-0.5256223922308992,0.09833841545859259,0,30,heteroskedastic
-0.08903529502917908,0.13254342944637978,0.09488421389274827,0.5072515360237964,-0.3605382025051775,0.18246761244681936,0,30,heteroskedastic
0.10560952373581525,0.11598233155993322,0.08578576924719883,0.370296897395508,-0.1319695125536159,0.3431885600252464,0,30,heteroskedastic
0.15798737187813208,0.09472769210894423,0.09172563857833166,0.10650175318628674,-0.036053509163610276,0.35202825291987444,0,30,heteroskedastic
0.287995198713468,0.18288706030626034,0.13894004324768092,0.12655484140855275,-0.08663196175981319,0.6626223591867493,0,30,heteroskedastic
-0.0724774235506152,0.10781597017186172,0.14445128515210603,0.5069452681455875,-0.29332842685023974,0.14837357974900933,0,30,heteroskedastic
-0.14726276466560317,0.1322033112724132,0.12141830841849802,0.274788213307941,-0.41806897164499407,0.12354344231378772,0,30,heteroskedastic
0.07560052319423566,0.118285738423548,0.11007889011447554,0.5279297718278351,-0.1666968281650842,0.3178978745535555,0,30,heteroskedastic
0.06327877394452375,0.15578031571416104,0.19732781178901956,0.6876797379908096,-0.2558227373154816,0.3823802852045291,0,30,heteroskedastic
-0.24966820873986262,0.12935600229528976,0.11870610446271912,0.06378294065572376,-0.5146419676756162,0.015305550195890916,0,30,heteroskedastic
-0.09146017309977297,0.11476702901363504,0.1039936942966958,0.43220328810523256,-0.326549774973925,0.14362942877437904,0,30,heteroskedastic
0.056622340736150654,0.17735178513140923,0.09720738846521608,0.751894841655729,-0.30666632253716364,0.4199110040094649,0,30,heteroskedastic
-0.004469149791855122,0.14280736063519597,0.15316966389794806,0.9752563275338175,-0.29699676721791957,0.2880584676342093,0,30,heteroskedastic
0.07640749522155456,0.1404725464225775,0.15223541874405294,0.5907936709972078,-0.21133747209661718,0.3641524625397263,0,30,heteroskedastic
0.03557936394099136,0.11154104064569577,0.08783926347297757,0.7521091621303172,-0.19290210032092547,0.26406082820290816,0,30,heteroskedastic
0.0756520761989164,0.10931643604835607,0.09086675626105949,0.49460739276941634,-0.14827249211813925,0.29957664451597205,0,30,heteroskedastic
-0.1394091854630253,0.08976441763701479,0.11048539470515904,0.1316409835978992,-0.32328325962977733,0.04446488870372675,0,30,heteroskedastic
0.2429631361706313,0.139300240883857,0.10410745894446903,0.09210006121512734,-0.04238047210965923,0.5283067444509219,0,30,heteroskedastic
-0.11880093315579358,0.11450647228682125,0.11062896953336908,0.3083782467080419,-0.3533568087698974,0.11575494245831024,0,30,heteroskedastic
0.03371430266678083,0.10826857801428545,0.13636418748667922,0.757807020709097,-0.18806382576969705,0.2554924311032587,0,30,heteroskedastic
-0.0387429966344508,0.0999011644920581,0.07901897976110389,0.7010868902446952,-0.24338125545364406,0.16589526218474246,0,30,heteroskedastic
0.01110659497805931,0.11465911678459975,0.12688019998305966,0.9235226731730519,-0.22376195871544977,0.24597514867156836,0,30,heteroskedastic
-0.22259812712244287,0.1297899280356016,0.14083116412692742,0.09738213676439647,-0.48846074264365996,0.043264488398774226,0,30,heteroskedastic
0.014458588843947628,0.1250981980230636,0.11855880276824975,0.9088119895090064,-0.24179345341221153,0.2707106311001068,0,30,heteroskedastic
-0.2553755155530243,0.11404610229981284,0.0987335120783767,0.03326664940145416,-0.4889883659978719,-0.021762665108176676,1,30,heteroskedastic
-0.2506282969798671,0.1401828451902468,0.16232922218124435,0.08462608338270498,-0.5377798382247457,0.03652324426501152,0,30,heteroskedastic
0.04855451115912678,0.13745107429224668,0.12360308103586774,0.7265472354364004,-0.23300125106853997,0.33011027338679355,0,30,heteroskedastic
-0.015451319225849969,0.11777994444453534,0.11701233509400148,0.8965646397165927,-0.25671259858628326,0.2258099601345833,0,30,heteroskedastic
0.12447000111983297,0.10470499593056817,0.10586356931062557,0.24451546966134388,-0.09000846032598483,0.3389484625656508,0,30,heteroskedastic
-0.0202514344211725,0.1378352925206732,0.1147996939364775,0.8842441153344117,-0.30259423201195607,0.26209136316961107,0,30,heteroskedastic
-0.026224210337838387,0.16733102861283158,0.15549001877321128,0.8765896753573962,-0.36898628439230696,0.3165378637166302,0,30,heteroskedastic
-0.25484795871384147,0.11397487577622833,0.12781664943199036,0.03350171895957555,-0.48831490823909335,-0.021381009188589595,1,30,heteroskedastic
-0.10803269411235587,0.16613196639077618,0.1763710829514024,0.5208102177731364,-0.4483386005477093,0.23227321232299752,0,30,heteroskedastic
0.04557514571307458,0.09229857289380587,0.07926570557809086,0.6253131734715103,-0.1434899101801063,0.23464020160625546,0,30,heteroskedastic
0.2049146832285434,0.14877932525700008,0.11101765298223666,0.17932900297268473,-0.09984594917937312,0.50967531563646,0,30,heteroskedastic
0.01944050543985986,0.12011133511106585,0.09230877884479884,0.8725831081664948,-0.22659641121220928,0.265477422091929,0,30,heteroskedastic
0.21603170951516792,0.11221116463045254,0.1175517389071385,0.06441403861837491,-0.013822441503012955,0.4458858605333488,0,30,heteroskedastic
-0.08062532547022817,0.14579203949449174,0.11403527570393235,0.5846412129635489,-0.37926678038763934,0.21801612944718302,0,30,heteroskedastic
-0.14577852890612134,0.11983628813556618,0.06906744089814446,0.23395737387894677,-0.39125203736924774,0.0996949795570051,0,30,heteroskedastic
-0.11656953844751924,0.10617792374222466,0.08653105556440045,0.28161305561288663,-0.33406515574208306,0.10092607884704458,0,30,heteroskedastic
-0.06511665384091173,0.10872154614284844,0.1250088177652009,0.5540344701568926,-0.2878226454269437,0.1575893377451202,0,30,heteroskedastic
-0.14161141673190322,0.11239712561133361,0.10573368197457768,0.21809854051305239,-0.37184649155141614,0.08862365808760969,0,30,heteroskedastic
-0.07542606785279168,0.09563231796442848,0.0672456649900056,0.43690953461888815,-0.2713199909575606,0.12046785525197723,0,30,heteroskedastic
0.3384331352917502,0.12584112897985547,0.1424673488428264,0.011925446620638719,0.08065926795783779,0.5962070026256625,1,30,heteroskedastic
0.010567562232976248,0.1184057759418457,0.08813259550415783,0.9295195903915733,-0.23197567483610798,0.2531107993020605,0,30,heteroskedastic
0.11937201038020545,0.12461956644335671,0.06354380069950206,0.34631605040717073,-0.13589959952979336,0.37464362029020426,0,30,heteroskedastic
-0.08917593482423292,0.1504517316486143,0.14594755499178663,0.5581248698548343,-0.397362336428716,0.21901046678025016,0,30,heteroskedastic
-0.15643076285033658,0.13152218454268855,0.13365745720048003,0.24427607950326152,-0.4258417449720919,0.11298021927141871,0,30,heteroskedastic
0.08151048174723921,0.1185480877593335,0.07190624767144586,0.4973781305406356,-0.16132426786514886,0.3243452313596273,0,30,heteroskedastic
0.02186829070782768,0.18427772756613975,0.09350282007311585,0.9063838685468761,-0.35560752251245126,0.39934410392810665,0,30,heteroskedastic
0.050964049527714224,0.09815903949397646,0.10688999097073187,0.6077021384692991,-0.15010562800350857,0.252033727058937,0,30,heteroskedastic
-0.14856063113141474,0.12298015944109948,0.12134728750813627,0.23714982709961507,-0.4004740680296808,0.10335280576685127,0,30,heteroskedastic
0.02961462734651964,0.10570091710237732,0.10870307088145895,0.7814037532047002,-0.1869038861402971,0.2461331408333364,0,30,heteroskedastic
0.01141309737874984,0.1012742385788662,0.09055917454119078,0.9110764778691121,-0.1960377762060751,0.2188639709635748,0,30,heteroskedastic
0.06067345127819442,0.11966213405037845,0.08853618464424294,0.6160971777028439,-0.18444331871306066,0.3057902212694495,0,30,heteroskedastic
0.12924433970888144,0.12288551058421217,0.11790943246722616,0.30190876073157136,-0.12247521779497383,0.3809638972127367,0,30,heteroskedastic
0.06288500459654114,0.12318956291143981,0.08756378513503257,0.6137209295962434,-0.1894573758658867,0.31522738505896897,0,30,heteroskedastic
0.29483513785304327,0.22161199275254775,0.14998216930115862,0.19411743045230878,-0.15911645080875142,0.748786726514838,0,30,heteroskedastic
-0.10531896992502135,0.1448048664824842,0.12312794350505578,0.4730700911391885,-0.4019382925944487,0.19130035274440602,0,30,heteroskedastic
-0.12035827295129542,0.1359775926443507,0.09239309655047855,0.3836232068993245,-0.3988957448481078,0.15817919894551696,0,30,heteroskedastic
-0.14307640243756875,0.1449197336998205,0.07318375358667595,0.3319604501135349,-0.439931019935346,0.1537782150602085,0,30,heteroskedastic
0.030682861049438966,0.09884891813537562,0.09782395962549133,0.7585543768236642,-0.17179996881779788,0.2331656909166758,0,30,heteroskedastic
0.16824916536838053,0.13055458951097498,0.15012544518978513,0.20803988973565124,-0.09917978818004708,0.43567811891680813,0,30,heteroskedastic
-0.1761453757187843,0.11088798809780713,0.12605010804331754,0.12340329755533766,-0.4032891224776385,0.05099837104006985,0,30,heteroskedastic
0.1491838719120146,0.16915751316852112,0.1689986210939794,0.3853271270306866,-0.1973195861507071,0.4956873299747363,0,30,heteroskedastic
0.16982742170088722,0.10030361351920951,0.07608201038346428,0.10152906802271024,-0.03563521657973154,0.375290059981506,0,30,heteroskedastic
-0.07039118684359164,0.1306178156115833,0.13170343084524497,0.5942086187786562,-0.3379496531880532,0.19716727950086993,0,30,heteroskedastic
-0.01777765202495788,0.10705268015797786,0.0839508710227843,0.8692995022636879,-0.23706512660888174,0.201509822558966,0,30,heteroskedastic
-0.26143061559298997,0.23542951360900674,0.1866629389458064,0.2762544212902487,-0.7436861126590599,0.22082488147308005,0,30,heteroskedastic
-0.018980920223566886,0.0931358553303082,0.09725484097988184,0.8399851738660213,-0.20976107143937883,0.1717992309922451,0,30,heteroskedastic
0.17746005824045263,0.10162013715248804,0.13270625149075324,0.09172157538585342,-0.030699356452916077,0.3856194729338214,0,30,heteroskedastic
0.03904734213743656,0.13248455578897608,0.09766101705092232,0.7703733926053602,-0.23233496811827253,0.3104296523931456,0,30,heteroskedastic
-0.06534064563803325,0.10429696406340716,0.10478300764379342,0.5360705382404801,-0.2789832916930784,0.14830200041701191,0,30,heteroskedastic
0.0055079354653944975,0.09102702750075081,0.07313149508732375,0.9521802459648727,-0.18095247776353557,0.19196834869432455,0,30,heteroskedastic
0.1634902176557497,0.16589863661212942,0.09913159230799011,0.33282678949088884,-0.17633773439463016,0.5033181697061295,0,30,heteroskedastic
0.02650939035936742,0.16895646938911707,0.16751990400858663,0.8764490038903437,-0.3195822481898095,0.3726010289085444,0,30,heteroskedastic
-0.0859120501672893,0.10120470728470057,0.10188142957218253,0.40313990448591164,-0.2932204953525671,0.12139639501798853,0,30,heteroskedastic
-0.06506348372059581,0.14242578792673496,0.12592219167629887,0.6513220855164558,-0.35680948488553454,0.22668251744434295,0,30,heteroskedastic
-0.08632828679282407,0.08040922756028239,0.052017312561363806,0.29216250840733804,-0.2510391227935455,0.07838254920789735,0,30,heteroskedastic
0.07529608016576869,0.11516243958530008,0.0686913101615567,0.5185586809452015,-0.16060348354732332,0.3111956438788607,0,30,heteroskedastic
-0.13619072083389192,0.1272224272357851,0.07062083552979291,0.29353881988695874,-0.3967940493801999,0.1244126077124161,0,30,heteroskedastic
-0.10764278950370329,0.10534285553619466,0.10157627593153193,0.3156080323277384,-0.3234278471211491,0.1081422681137425,0,30,heteroskedastic
-0.2615442259971505,0.1073557296316438,0.10907221064363981,0.021456975604098157,-0.48145246928724894,-0.041635982707052016,1,30,heteroskedastic
-0.08337191760897177,0.12642459807847597,0.13261661986978135,0.514988462505438,-0.34234096721151525,0.1755971319935717,0,30,heteroskedastic
0.04312382116969339,0.10109530131518438,0.11375673045722479,0.6729572974384614,-0.16396051604627243,0.2502081583856592,0,30,heteroskedastic
-0.2519912342040248,0.11191545851975455,0.09443138572291414,0.0323784447345967,-0.4812396587131794,-0.022742809694870192,1,30,heteroskedastic
0.03855754300736462,0.13155791309916312,0.13562955038953445,0.7716190098931776,-0.23092662574463918,0.30804171175936845,0,30,heteroskedastic
-0.018228720159973212,0.08803805188776119,0.09800601244985685,0.8374653417141286,-0.1985664943966035,0.1621090540766571,0,30,heteroskedastic
-0.01792654590779036,0.12546145344122728,0.10453560789690683,0.8874043779513868,-0.27492268315681184,0.23906959134123112,0,30,heteroskedastic
0.10864548562015143,0.12649588382322735,0.08673063595425835,0.3976971412303958,-0.150469586211049,0.36776055745135183,0,30,heteroskedastic
-0.2338396898962678,0.16318432829191012,0.18995432665764467,0.16293572901215206,-0.5681076333984763,0.1004282536059406,0,30,heteroskedastic
0.2625673221755557,0.1360589418729025,0.11193259020233948,0.06381918204610022,-0.01613678606200175,0.5412714304131131,0,30,heteroskedastic
-0.16254612365115964,0.10916217539963916,0.0948218016713076,0.14765672765500354,-0.3861547033536856,0.061062456051366315,0,30,heteroskedastic
-0.012278122155422393,0.12959401416292987,0.14891764457090292,0.9251937612907335,-0.27773942630068194,0.25318318198983714,0,30,heteroskedastic
-0.03791993544215265,0.07764274710908856,0.08267050295550521,0.6290768596307261,-0.1969638931290117,0.12112402224470638,0,30,heteroskedastic
0.033172241822464525,0.17600581150729866,0.1836068829130405,0.851865704959883,-0.3273593194665536,0.3937038031114827,0,30,heteroskedastic
-0.0010972738865164325,0.10366524061629274,0.09247090214477341,0.9916297825660984,-0.21344589312085288,0.21125134534782003,0,30,heteroskedastic
0.07694749108716385,0.13333967731722457,0.13411240524709755,0.5684975715884478,-0.19618645621411224,0.35008143838843997,0,30,heteroskedastic
-0.11591949486458003,0.10361215865426199,0.07368152154794705,0.2727394247086613,-0.3281593806287922,0.09632039089963212,0,30,heteroskedastic
-0.08728861764759074,0.1291411298886576,0.15619182163790013,0.5046386094526916,-0.35182223041102423,0.17724499511584277,0,30,heteroskedastic
-0.08667429719863472,0.12258646269031265,0.0722052940109883,0.48538101734780126,-0.3377812828608874,0.16443268846361792,0,30,heteroskedastic
-0.2130436015240614,0.11886633520610754,0.11756687122971446,0.08389834120980864,-0.4565302514792795,0.030443048431156722,0,30,heteroskedastic
0.10181113998379637,0.11990782735258615,0.14296530406911337,0.4030389601367166,-0.1438089099223922,0.34743118988998495,0,30,heteroskedastic
-0.06509573787701167,0.11428502545150268,0.0962807150896663,0.5734968422668536,-0.299198000212121,0.16900652445809766,0,30,heteroskedastic
-0.027325170733550848,0.1119143310352525,0.09764295563474448,0.8088860276345081,-0.2565712856953992,0.2019209442282975,0,30,heteroskedastic
-0.02044451322903001,0.11921983933877475,0.09724634151178436,0.8650751134368666,-0.26465528357425777,0.22376625711619777,0,30,heteroskedastic
0.0316436666755598,0.09552212789226161,0.07796953723632644,0.7429067457042693,-0.16402454229842756,0.2273118756495472,0,30,heteroskedastic
-0.5216742870749592,0.14025676872714848,0.11343272831358532,0.0008868821841600187,-0.808977253820774,-0.23437132032914443,1,30,heteroskedastic
0.1356741453153469,0.1623345218665458,0.1580028946199553,0.4103605150856362,-0.1968530486360017,0.4682013392666955,0,30,heteroskedastic
0.10926994653360654,0.10444677012913459,0.10667420706179823,0.3044264855461138,-0.1046795633363589,0.32321945640357197,0,30,heteroskedastic
-0.007908752877513494,0.09491960187916583,0.09354859970156401,0.9341894996112049,-0.20234274326315804,0.18652523750813105,0,30,heteroskedastic
0.11757123629173342,0.10158787502226477,0.09679054678497968,0.256913323691944,-0.09052209242367641,0.32566456500714325,0,30,heteroskedastic
-0.030253699793351005,0.09636961861039149,0.09454144608809027,0.755898205683703,-0.2276579148069608,0.1671505152202588,0,30,heteroskedastic
-0.0004027374868838182,0.16883562640512745,0.17908615015100676,0.9981136564521429,-0.34624684040462056,0.34544136543085296,0,30,heteroskedastic
-0.11583404993733798,0.11559595810128459,0.10588906996171307,0.32489648328449794,-0.3526216360746731,0.12095353619999719,0,30,heteroskedastic
0.10562910637841566,0.08768037537852706,0.09699623031956547,0.23840095789384746,-0.07397600074224706,0.2852342134990784,0,30,heteroskedastic
-0.03621410534138966,0.11849239819379133,0.08252076905057003,0.7621517244258625,-0.2789347800499977,0.20650656936721837,0,30,heteroskedastic
-0.13450562156439616,0.09580977295475865,0.07648136185863987,0.17134872286177988,-0.3307630447387046,0.06175180160991228,0,30,heteroskedastic
-0.20087913498730983,0.13686337380816768,0.14500149985401578,0.15332060940869072,-0.48123104734615263,0.079472777371533,0,30,heteroskedastic
-0.03833603308759436,0.11905249755922932,0.1068974289860202,0.7498373684197984,-0.28220401933648054,0.20553195316129183,0,30,heteroskedastic
-0.20556439726924788,0.10905925327960352,0.07675799227652563,0.06986340192513285,-0.42896215056604414,0.017833356027548347,0,30,heteroskedastic
0.1214044772975752,0.12426480938303439,0.12444611080292307,0.33694410422184007,-0.1331404457164571,0.3759494003116075,0,30,heteroskedastic
0.1317563811941212,0.1195190973013585,0.09869400857435115,0.27967877623235976,-0.11306739129890223,0.3765801536871446,0,30,heteroskedastic
-0.15702229300112408,0.10293527362911917,0.1081086326027586,0.13836495109326977,-0.3678756426456594,0.053831056643411285,0,30,heteroskedastic
0.0005802335523296051,0.08538668817482563,0.08413119936046795,0.9946263118099233,-0.1743264683192267,0.17548693542388594,0,30,heteroskedastic
0.06490263772310555,0.11329489172108527,0.10888691094674792,0.5713085047998974,-0.16717142760728437,0.2969767030534955,0,30,heteroskedastic
-0.08355388900450941,0.09846691133357997,0.098269341500347,0.4033291835861337,-0.2852542134107337,0.11814643540171488,0,30,heteroskedastic
0.1149120809437828,0.09793479712024816,0.08481125704169883,0.2505392848850908,-0.08569825690760183,0.3155224187951674,0,30,heteroskedastic
-0.027861874484914617,0.1434782410741005,0.14315761463380972,0.847430032170649,-0.32176372819332183,0.2660399792234926,0,30,heteroskedastic
-0.01650299959289322,0.17183364551969396,0.16101788948359128,0.9241724604346442,-0.36848826627614667,0.3354822670903603,0,30,heteroskedastic
0.17250129567842148,0.1439287404568773,0.1138082581814715,0.24076117048129625,-0.12232336418304007,0.46732595553988304,0,30,heteroskedastic
0.1649881724649721,0.15824907299897253,0.1626022978024913,0.3060590113727627,-0.15917035884860015,0.48914670377854436,0,30,heteroskedastic
-0.14622170176918953,0.14784738166833233,0.10831274365592362,0.3311310877776711,-0.4490733342743287,0.15662993073594966,0,30,heteroskedastic
0.010579557204525919,0.12262157082115174,0.12260888449084575,0.9318593690095213,-0.24059934420367263,0.26175845861272445,0,30,heteroskedastic
0.1267834567728252,0.13017873119203974,0.15114576289593687,0.3384364020012982,-0.1398755859107923,0.3934424994564427,0,30,heteroskedastic
0.14321425588438264,0.0868755376543713,0.09001558450617879,0.11042748363523003,-0.03474221589413318,0.32117072766289845,0,30,heteroskedastic
-0.29027900426499886,0.14826909457332213,0.10398461833717675,0.06028878860270227,-0.5939944764965064,0.013436467966508658,0,30,heteroskedastic
0.11557006266913722,0.13503700525372658,0.10788862443969711,0.3993511946522985,-0.1610407032992382,0.39218082863751264,0,30,heteroskedastic
0.2933773940737014,0.14298715546927926,0.11228014317056915,0.049649516218691014,0.00048148362544286893,0.5862733045219599,1,30,heteroskedastic
0.04145074161980645,0.11101853048572169,0.12341387158134878,0.7116867296114686,-0.18596040909875888,0.26886189233837177,0,30,heteroskedastic
-0.024201474841034555,0.10799317119026779,0.07639055059517004,0.8243052276209828,-0.24541545797229547,0.19701250829022637,0,30,heteroskedastic
-0.0757229835778393,0.10052880567427136,0.07807466927053988,0.45758894943017947,-0.281646907077163,0.1302009399214844,0,30,heteroskedastic
0.1520936497804226,0.11981227183835003,0.12451050603325131,0.21473685840265988,-0.09333066352796679,0.39751796308881204,0,30,heteroskedastic
-0.08449789279572276,0.0968628773394004,0.08490210792576759,0.3904393632094403,-0.28291250251258726,0.11391671692114172,0,30,heteroskedastic
-0.18090378680500793,0.1276004389952447,0.12155545734945299,0.1673010547496755,-0.44228143733907554,0.08047386372905965,0,30,heteroskedastic
0.19695328581885804,0.13903329299220565,0.12467390288245002,0.16763285002495315,-0.08784350449368669,0.48175007613140275,0,30,heteroskedastic
0.016258628848799146,0.12551305378102845,0.11163256354363817,0.8978585522991204,-0.2408432069047901,0.2733604646023884,0,30,heteroskedastic
-0.17117742257856092,0.16444353295821354,0.14901882482944517,0.30680431571819333,-0.5080247299122072,0.1656698847550853,0,30,heteroskedastic
0.09777045004435474,0.11809786386219835,0.09950120910963565,0.4147412356663819,-0.14414205772173483,0.33968295781044433,0,30,heteroskedastic
0.11472409360385441,0.10369658554940264,0.1147197016277768,0.2779927601355286,-0.09768873281532348,0.3271369200230323,0,30,heteroskedastic
0.09051528512316862,0.09023121214126761,0.07403411212088554,0.32438028659787344,-0.0943149742398457,0.2753455444861829,0,30,heteroskedastic
0.029873499828156607,0.11507884937177072,0.10881503059514556,0.7970780602895398,-0.20585483709455768,0.2656018367508709,0,30,heteroskedastic
0.10928375412916423,0.09722743339114419,0.1109488562468187,0.2705569197696168,-0.0898776148076769,0.30844512306600536,0,30,heteroskedastic
-0.11505689100717932,0.10618225852018241,0.12543921507529,0.2877943624805863,-0.3325613876918699,0.10244760567751122,0,30,heteroskedastic
-0.18780160263102563,0.1454876463604352,0.15885284177431852,0.20731532357120272,-0.48581953647872195,0.11021633121667068,0,30,heteroskedastic
0.09899645556481687,0.11934246934033775,0.14174558077126878,0.4138289955579192,-0.14546551095141094,0.3434584220810447,0,30,heteroskedastic
0.04923993511210162,0.11042904664409495,0.11415780206606428,0.6591009577409881,-0.1769637126953026,0.2754435829195058,0,30,heteroskedastic
-0.018111371790303185,0.13924425551882913,0.12883879979334062,0.8974417206706203,-0.3033402992490346,0.2671175556684282,0,30,heteroskedastic
-0.05812150531227951,0.13871693693552445,0.15769757420831987,0.6784177304333419,-0.3422702696189683,0.22602725899440929,0,30,heteroskedastic
-0.06253840108331093,0.15079632371724264,0.1395491337661063,0.6815065523219881,-0.3714306675421783,0.24635386537555642,0,30,heteroskedastic
0.041449405872067996,0.09127864301658493,0.08029769430229804,0.6532591469500505,-0.14552641837648317,0.22842523012061916,0,30,heteroskedastic
0.13257355419983874,0.12339964204006527,0.14191733518387417,0.29184038930097433,-0.12019915385000762,0.3853462622496851,0,30,heteroskedastic
0.11392852031067585,0.0910911429086219,0.07871868843918389,0.22139151634519583,-0.07266322737763645,0.3005202679989881,0,30,heteroskedastic
-0.054218691686475085,0.18302873968753158,0.15379676982439405,0.7692401600997693,-0.4291360692161974,0.32069868584324723,0,30,heteroskedastic
0.07562649645908062,0.08341595232412048,0.06320740584063411,0.37234473208682495,-0.09524333602129936,0.2464963289394606,0,30,heteroskedastic
-0.05914542757539417,0.13495895258057472,0.14639292884688737,0.6645694911003741,-0.3355963098906491,0.21730545473986076,0,30,heteroskedastic
0.007486895824759886,0.15164374631098,0.1496707721311072,0.9609736586764268,-0.30314123712723773,0.31811502877675746,0,30,heteroskedastic
0.0534945911531366,0.13754043474957375,0.137655568385367,0.7002647013614136,-0.22824421767351305,0.33523339997978624,0,30,heteroskedastic
0.025937820472834466,0.08050420800617189,0.061867301520023114,0.7497004899898925,-0.1389675741515779,0.19084321509724683,0,30,heteroskedastic
-0.024969262211362822,0.1289355549255902,0.13488303427657605,0.8478425724317943,-0.28908177375227473,0.2391432493295491,0,30,heteroskedastic
-0.06881286977709271,0.10705704806072909,0.08647708700463755,0.5256034692484064,-0.28810929160420684,0.15048355205002145,0,30,heteroskedastic
-0.130382583394444,0.07078829455053504,0.07244184698116239,0.07611038810859891,-0.27538583150726537,0.014620664718377335,0,30,heteroskedastic
-0.011322782663547342,0.07054752799579543,0.06409475466706784,0.8736406337585642,-0.1558328428461346,0.13318727751903994,0,30,heteroskedastic
0.07970702923902262,0.0964576937428702,0.08069216343187921,0.4155964459879532,-0.11787759950497115,0.27729165798301636,0,30,heteroskedastic
-0.04647419999068991,0.09515024282788667,0.1024078782451136,0.6290490800132396,-0.24138063694288467,0.14843223696150484,0,30,heteroskedastic
0.06726151859648147,0.16116542897307495,0.08626798532248928,0.6796091826586471,-0.26287089712245937,0.39739393431542236,0,30,heteroskedastic
0.0195126509708098,0.12057515722009741,0.13195912156216705,0.8726020396555285,-0.22747436220192213,0.26649966414354176,0,30,heteroskedastic
0.17528889659315455,0.10450721936974669,0.12084553403958402,0.10461634921483008,-0.038784437932996824,0.3893622311193059,0,30,heteroskedastic
-0.15081590556800564,0.09214158883421492,0.07830673177825945,0.11286780040399677,-0.33955939419237235,0.0379275830563611,0,30,heteroskedastic
0.005438620608545684,0.15167442266112,0.13309913595350598,0.9716506379714858,-0.3052523499981629,0.31612959121525425,0,30,heteroskedastic
-0.10041019643289674,0.14158129632233502,0.14121237278426088,0.4840611277615866,-0.3904263349641965,0.18960594209840304,0,30,heteroskedastic
0.04263802095463814,0.10173019472373451,0.09681056458851506,0.6783203010908792,-0.1657468364536805,0.2510228783629568,0,30,heteroskedastic
0.293632499548209,0.1136788136133608,0.10637775533074773,0.015311160740380926,0.06077200587179035,0.5264929932246277,1,30,heteroskedastic
-0.099778706900637,0.1316925070022392,0.1004986300046754,0.45498165808634583,-0.36953857876494395,0.16998116496366994,0,30,heteroskedastic
0.049411982139585704,0.13689907094499976,0.11745421000783292,0.7208553476727587,-0.2310130524892856,0.329837016768457,0,30,heteroskedastic
0.04808348000475415,0.14711282784166602,0.12265224857225583,0.7462139785889849,-0.2532634871958087,0.349430447205317,0,30,heteroskedastic
0.15125190890380857,0.12079850507492833,0.11651506688108579,0.22089157495077258,-0.09619261160986364,0.3986964294174808,0,30,heteroskedastic
0.020162079760989878,0.1278824717605529,0.13052274197793035,0.8758554140227408,-0.24179328870375527,0.28211744822573503,0,30,heteroskedastic
0.10028698829170367,0.0800512954697815,0.07333959054129237,0.22064645345806436,-0.06369065705855802,0.26426463364196534,0,30,heteroskedastic
-0.18679338368704163,0.12722582052111348,0.12637154186240507,0.1531941410640652,-0.4474036630632504,0.07381689568916716,0,30,heteroskedastic
-0.14518789343791513,0.09692267286877834,0.0896635184243775,0.14532928136656256,-0.3437249887442048,0.05334920186837455,0,30,heteroskedastic
0.15847166089848108,0.1325293118099218,0.15594859248906037,0.24182365859266491,-0.11300232791017151,0.42994564970713367,0,30,heteroskedastic
-0.10061464195164765,0.08534597719123847,0.07274256969787136,0.2483579993736068,-0.27543795115367453,0.07420866725037925,0,30,heteroskedastic
0.04351360383504997,0.12945996612119054,0.13163586183674414,0.7392890604806968,-0.22167311534416706,0.30870032301426703,0,30,heteroskedastic
0.07940667025171633,0.1352704874881851,0.10425712293039904,0.5618932324539758,-0.19768236239320625,0.3564957028966389,0,30,heteroskedastic
0.02952417374771051,0.08151276856827494,0.06801501792726944,0.7199197779338001,-0.13744716353504677,0.1964955110304678,0,30,heteroskedastic
0.09655321459810365,0.10977473024460054,0.08694319884873866,0.3865855412478004,-0.12831012682358248,0.3214165560197898,0,30,heteroskedastic
-0.10444742173382399,0.11400987749684423,0.11505907981620875,0.3674241314650223,-0.3379860690335606,0.12909122556591263,0,30,heteroskedastic
0.20720481551269954,0.1191581632159413,0.10332277086800354,0.09303688820931896,-0.036879617022037986,0.4512892480474371,0,30,heteroskedastic
0.027684633615774643,0.12726396073126697,0.134568089385509,0.829367280193749,-0.23300377243930212,0.2883730396708514,0,30,heteroskedastic
0.03941164901907575,0.12353136989097546,0.09861172957643484,0.7520629454350494,-0.21363089130134838,0.29245418933949985,0,30,heteroskedastic
0.03629514972764774,0.17001922027588914,0.16177076343625765,0.8325019440952565,-0.31197343532794236,0.38456373478323785,0,30,heteroskedastic
-0.14469948983488032,0.08221778499009202,0.07215926664836296,0.08933813563502356,-0.31311498779117064,0.023716008121410004,0,30,heteroskedastic
-0.04973802635436278,0.13791129972577706,0.12486512250893463,0.721066076530654,-0.332236517646909,0.23276046493818345,0,30,heteroskedastic
0.09376757516149743,0.1579531540038769,0.12342989131786575,0.5575175440851329,-0.22978479356912812,0.41731994389212296,0,30,heteroskedastic
-0.09116847696049814,0.0791187953180441,0.08508842806474474,0.2589419634575437,-0.25323598234021577,0.07089902841921951,0,30,heteroskedastic
-0.05106772907251911,0.13412431382699289,0.11842783154625099,0.7062628483005657,-0.32580893140411793,0.2236734732590797,0,30,heteroskedastic
0.13277761349578016,0.1073323824142771,0.07793095309385026,0.22633643618030963,-0.08708280518752332,0.3526380321790836,0,30,heteroskedastic
-0.004602868829744783,0.11356655800385142,0.10932858630732145,0.9679581001769051,-0.23723341731393788,0.2280276796544483,0,30,heteroskedastic
-0.06431468609579474,0.16913597543342695,0.17958247394019844,0.7066260155801514,-0.4107740261081315,0.282144653916542,0,30,heteroskedastic
-0.17185384438201246,0.10171374454590806,0.09043474351852004,0.10221414873174801,-0.38020500512858757,0.03649731636456269,0,30,heteroskedastic
-0.07770380878510838,0.13245603287032204,0.11857274054091481,0.5621468403189878,-0.34902769249054166,0.19362007492032487,0,30,heteroskedastic
0.05367044584719807,0.09433692865631908,0.08903324854296062,0.5739440264892341,-0.13956999254743435,0.2469108842418305,0,30,heteroskedastic
0.09234163370729731,0.10457034454067797,0.08866550737886698,0.38472429109569517,-0.12186100686981677,0.3065442742844114,0,30,heteroskedastic
0.16272744571565637,0.1423825758885169,0.17501805473180423,0.2627632578619229,-0.12893003960158497,0.4543849310328977,0,30,heteroskedastic
0.05840875489607254,0.1671675802971016,0.17407471633797847,0.7294014531190154,-0.2840185104611403,0.4008360202532854,0,30,heteroskedastic
0.00865722175545603,0.1330996401271963,0.09950574290378751,0.9486018053622483,-0.26398503165146975,0.2812994751623818,0,30,heteroskedastic
0.005129229544255352,0.09441689105629797,0.09183897813492065,0.9570617342828522,-0.1882750044015689,0.1985334634900796,0,30,heteroskedastic
-0.09964975349730952,0.1230033504303927,0.10730355137270513,0.42469268731430987,-0.35161069498366904,0.15231118798904997,0,30,heteroskedastic
0.13858602594744512,0.14247257572098387,0.13868069082147325,0.339020997322268,-0.15325581566938196,0.4304278675642722,0,30,heteroskedastic
-0.11408334918229181,0.09037627703805363,0.07912604542739245,0.21724846253072203,-0.2992107605159064,0.07104406215132279,0,30,heteroskedastic
-0.14052776629276764,0.07445965089591317,0.06662654829203409,0.0695264486459297,-0.2930514469635368,0.011995914378001543,0,30,heteroskedastic
-0.07475878645781811,0.11243019743053691,0.12198786022449429,0.5115320171548221,-0.3050616058279792,0.15554403291234298,0,30,heteroskedastic
0.047800492837697287,0.14089729283521318,0.11855471920886768,0.7369470190693593,-0.2408145280655693,0.33641551374096385,0,30,heteroskedastic
0.11520627152105375,0.09913264336366046,0.09535659384404511,0.2549879557691387,-0.08785774313010922,0.31827028617221675,0,30,heteroskedastic
0.09042897597823871,0.111629542588885,0.1271629444083744,0.42472517795799025,-0.13823377629616967,0.3190917282526471,0,30,heteroskedastic
0.012821880227555212,0.1413067978227315,0.12329595141613302,0.9283468831628647,-0.27663197361674463,0.30227573407185504,0,30,heteroskedastic
-0.18493348980011706,0.1103721558236635,0.10921938085701267,0.10496114087468193,-0.4110206020446469,0.041153622444412785,0,30,heteroskedastic
-0.06203011756470632,0.1619467316404654,0.08933600856977193,0.7045916360143161,-0.3937629592474335,0.2697027241180208,0,30,heteroskedastic
0.06495726431892901,0.15640004558778914,0.15086955833941826,0.6810676265026666,-0.25541370604020003,0.38532823467805805,0,30,heteroskedastic
0.15050762467045234,0.1324561943439062,0.12396603912566083,0.26547054702525297,-0.12081658979862395,0.4218318391395286,0,30,heteroskedastic
0.027303855747112568,0.17236577493785632,0.1430901148032814,0.8752734732101597,-0.325771428636664,0.38037914013088914,0,30,heteroskedastic
-0.053267363776652935,0.12029463180529142,0.10187844285917157,0.6613071540399591,-0.2996797466862412,0.1931450191329353,0,30,heteroskedastic
-0.014839831778635928,0.07845686956918724,0.07884467784951782,0.851342497624116,-0.17555144372705703,0.14587178016978516,0,30,heteroskedastic
0.02033176633322976,0.12917434707068015,0.08761026341458147,0.8760608528257677,-0.24426988874308903,0.2849334214095485,0,30,heteroskedastic
-0.05580642879815833,0.09747494405903331,0.06869356419973442,0.5715381954766294,-0.25547480035477405,0.1438619427584574,0,30,heteroskedastic
-0.09411691990905713,0.1153853206995692,0.12351314435199989,0.4215709083348682,-0.3304730348883893,0.14223919507027502,0,30,heteroskedastic
-0.09081111746494205,0.12705365787015582,0.16047021951403256,0.48068311018685517,-0.3510687376373788,0.16944650270749465,0,30,heteroskedastic
0.06064904187841941,0.16221943625404336,0.1147898417132025,0.7113169250734748,-0.2716424098823614,0.3929404936392002,0,30,heteroskedastic
-0.11303143248544004,0.14076215720341262,0.12021105316334685,0.4287411076960729,-0.40136964059541536,0.17530677562453525,0,30,heteroskedastic
-0.30407986986074487,0.12349152042662397,0.11896539326871616,0.02021953276150837,-0.5570407822537946,-0.05111895746769507,1,30,heteroskedastic
0.07903770970670258,0.10877672852974307,0.09325391209710857,0.4734991582861061,-0.14378131787474563,0.30185673728815077,0,30,heteroskedastic
-0.0662488059542545,0.14921773455499504,0.1284950804156214,0.6604736252014751,-0.3719074790992133,0.2394098671907043,0,30,heteroskedastic
0.15831909771330804,0.09735445253729139,0.09927383246716565,0.11510813910628448,-0.04110245814964575,0.35774065357626184,0,30,heteroskedastic
0.26294221494410847,0.15232367625412765,0.19848004435304004,0.09533048265867056,-0.04907869135935328,0.5749631212475702,0,30,heteroskedastic
-0.0842867578120488,0.10496843398962225,0.1125409158126133,0.42875444248428596,-0.29930484765945364,0.13073133203535608,0,30,heteroskedastic
-0.03335081481155788,0.1281428760114201,0.12624461336001913,0.796565541903291,-0.2958395972035333,0.22913796758041755,0,30,heteroskedastic
-0.0675077509776161,0.12945257017441955,0.11842788770742836,0.6061287063590992,-0.33267932024664715,0.1976638182914149,0,30,heteroskedastic
0.20475501234775517,0.11141779305055616,0.09972918231870227,0.0767367172679446,-0.023473990660068583,0.43298401535557896,0,30,heteroskedastic
0.05452894387396878,0.13290306745288988,0.11912046296281495,0.6847150644211203,-0.21771064866302592,0.3267685364109635,0,30,heteroskedastic
-0.10616734321007243,0.10150528219069423,0.09399447192321889,0.3045394613202496,-0.3140914881794321,0.10175680175928722,0,30,heteroskedastic
-0.10866880706190166,0.12507483954924828,0.11387017739969474,0.39232657616346933,-0.364873001653476,0.14753538752967274,0,30,heteroskedastic
0.3244196464414098,0.16388828562174465,0.167574267804347,0.057665580287843604,-0.011290288282750749,0.6601295811655703,0,30,heteroskedastic
0.0366689197240072,0.11148262510468436,0.10674625135407598,0.744663379656535,-0.19169288572651,0.2650307251745244,0,30,heteroskedastic
-0.03724405863774268,0.10093214055819001,0.08405026822699556,0.7149027235574117,-0.24399417619382052,0.16950605891833515,0,30,heteroskedastic
-0.23242454946115254,0.14570721530988187,0.15279717442811594,0.12190600363205523,-0.5308922499130119,0.06604315099070679,0,30,heteroskedastic
0.017832808921891947,0.13212978656278748,0.09173499478435654,0.8936056173353211,-0.2528227895172032,0.2884884073609871,0,30,heteroskedastic
0.07812310055059984,0.11799920519078194,0.1111521334438653,0.5133424364187706,-0.16358731408836033,0.31983351518956005,0,30,heteroskedastic
0.053318727992537104,0.10624012897125122,0.07736057374828363,0.6196827480039089,-0.1643043109374217,0.27094176692249594,0,30,heteroskedastic
0.21284508776292735,0.09333274197289056,0.07012129502411907,0.03039107359539386,0.021661632542325587,0.4040285429835291,1,30,heteroskedastic
-0.04977810565118029,0.1084294772407769,0.09318741611988747,0.6497188689894946,-0.27188582121231253,0.17232960990995197,0,30,heteroskedastic
0.1362893359766192,0.1422812405985025,0.10067097413114899,0.3463182794323828,-0.15516057340884074,0.4277392453620792,0,30,heteroskedastic
-0.11989943363209972,0.10790387116949096,0.10489198821401761,0.2759464321186712,-0.3409304939630389,0.1011316266988395,0,30,heteroskedastic
-0.012281591969470675,0.11330078520264285,0.09614638981763822,0.9144529681421155,-0.2443677295495732,0.21980454561063184,0,30,heteroskedastic
-0.10094699389514286,0.12194808782540897,0.0994692872444906,0.4147913167886701,-0.3507463279249843,0.14885234013469853,0,30,heteroskedastic
0.0699975318473807,0.2008630232296041,0.10088433241468847,0.7300835020168798,-0.3414517194587243,0.48144678315348577,0,30,heteroskedastic
-0.0059223223731766925,0.13587556362356637,0.14150330648876006,0.9655434698393427,-0.28425079729514413,0.27240615254879075,0,30,heteroskedastic
0.07057936147706774,0.10994086971533894,0.09205115537322069,0.52611043776243,-0.15462430122301302,0.29578302417714847,0,30,heteroskedastic
0.052501129786454756,0.08465892904502952,0.08849575677517749,0.540174671949045,-0.12091482508612052,0.22591708465903004,0,30,heteroskedastic
0.0010018117979342933,0.10678332738990545,0.08543758959237821,0.9925811028676153,-0.21773391865220773,0.21973754224807632,0,30,heteroskedastic
0.14849875601716198,0.1216565055708239,0.11356943383200672,0.23240266271905308,-0.10070329883996659,0.39770081087429054,0,30,heteroskedastic
-0.05143109695958885,0.1144618594031423,0.08510538652294662,0.6566528363452411,-0.28589558722414865,0.18303339330497093,0,30,heteroskedastic
-0.09806407399574425,0.13732625622660044,0.14120996361366778,0.4810790407204316,-0.3793641580063162,0.1832360100148277,0,30,heteroskedastic
0.14831647624458077,0.10968115411806506,0.06461922130776969,0.1871166001213684,-0.07635518317120854,0.3729881356603701,0,30,heteroskedastic
-0.0003460261793552244,0.13132733647061692,0.09564408737418921,0.9979163894096263,-0.269357880118714,0.2686658277600035,0,30,heteroskedastic
0.016204902386074298,0.10748261743165394,0.10178405385802722,0.8812399290120415,-0.20396325877977162,0.23637306355192023,0,30,heteroskedastic
-0.02264528826750369,0.11796612898307644,0.12462779841187699,0.8491555596472058,-0.2642879493663764,0.21899737283136902,0,30,heteroskedastic
-0.10671671449534507,0.13979438786695017,0.131720303961222,0.4516193666792375,-0.39307253698490024,0.17963910799421007,0,30,heteroskedastic
0.06407240447266019,0.12795778521827886,0.09333596285129955,0.6204741116167034,-0.19803723661676412,0.3261820455620845,0,30,heteroskedastic
-0.08994963251544046,0.08030406127283568,0.07687469956032117,0.27218182381167,-0.25444504514187993,0.07454578011099904,0,30,heteroskedastic
0.10106484738285325,0.11235935695803277,0.11037165612202791,0.37606864511762583,-0.12909286185750224,0.3312225566232087,0,30,heteroskedastic
-0.21194354005902613,0.13561327576329182,0.10088710309499659,0.1293203127292618,-0.489734742654801,0.0658476625367487,0,30,heteroskedastic
0.07877902451036287,0.101344485118568,0.0990604007716969,0.4434772610705786,-0.12881574258807366,0.2863737916087994,0,30,heteroskedastic
-0.15824192120325595,0.06808070166096272,0.06185981681169302,0.027584960067411752,-0.29769891670400334,-0.01878492570250856,1,30,heteroskedastic
0.09005292244389637,0.15450438390699836,0.1891372728012373,0.5646591029842303,-0.22643496098987323,0.40654080587766595,0,30,heteroskedastic
-0.14541650023318442,0.09037886866189183,0.06622700248015966,0.11884248534549925,-0.33054922026757805,0.03971621980120918,0,30,heteroskedastic
0.14640587277203954,0.18332192102056924,0.10002303538253432,0.43122887913157204,-0.22911205949411817,0.5219238050381972,0,30,heteroskedastic
-0.04820216926473984,0.08783962195566017,0.08303080155521164,0.5875251836601543,-0.22813347821130844,0.13172913968182878,0,30,heteroskedastic
0.12671778359119357,0.12785574146498105,0.15151821098730256,0.33012499578548393,-0.13518283034519996,0.3886183975275871,0,30,heteroskedastic
0.046158625961165343,0.16072078602452883,0.10957940223564253,0.7760757827777651,-0.28306297996642477,0.3753802318887554,0,30,heteroskedastic
-0.20682587161194294,0.1269079776273746,0.12666911880371404,0.11435854229068015,-0.46678507933464813,0.053133336110762264,0,30,heteroskedastic
-0.04787735493049024,0.11261068813633453,0.10035377210818698,0.6739711234589797,-0.2785498927514348,0.18279518289045438,0,30,heteroskedastic
-0.281662997681569,0.14490050229508003,0.12377779729643708,0.06202679317397479,-0.578478221432529,0.015152226069391095,0,30,heteroskedastic
0.0343690732294235,0.18744585186201765,0.13107409833967915,0.8558410334328688,-0.3495963484246268,0.4183344948834738,0,30,heteroskedastic
0.1442420700486114,0.16358449971831523,0.1207720289671647,0.3854143234788633,-0.19084558746138763,0.4793297275586104,0,30,heteroskedastic
-0.048450995536056106,0.11972397032610922,0.11640091898197255,0.6887810340364029,-0.2936944313961401,0.1967924403240279,0,30,heteroskedastic
-0.024915986192003428,0.10695761386787807,0.11364790594535719,0.8174932410063477,-0.24400872630834292,0.19417675392433603,0,30,heteroskedastic
-0.007453778831055324,0.12361816452046548,0.1133608986267904,0.952347577250178,-0.26067410989039624,0.2457665522282856,0,30,heteroskedastic
0.07825994305477521,0.09753831988783822,0.08613134539426519,0.4291079331855132,-0.12153824800218169,0.2780581341117321,0,30,heteroskedastic
-0.1660647907360686,0.13088933378368653,0.1589440945769324,0.21497972231339674,-0.4341794368433936,0.10204985537125638,0,30,heteroskedastic
-0.14557883353410017,0.15627337713218417,0.160088477007358,0.35952463127768997,-0.4656903353241278,0.17453266825592745,0,30,heteroskedastic
-0.08694057966555144,0.1508404127571746,0.12194425916314845,0.5689667743570848,-0.3959231584286903,0.22204199909758746,0,30,heteroskedastic
0.1731998149817036,0.10954579889132303,0.11688480135174126,0.12509329052819107,-0.05119458182094805,0.3975942117843552,0,30,heteroskedastic
-0.044624982337750606,0.12195939392799969,0.08192443217258265,0.7171894934733334,-0.2944474758688847,0.20519751119338348,0,30,heteroskedastic
-0.07976322403508293,0.11918089128824871,0.12342677734342178,0.5088097907513931,-0.32389421291545417,0.1643677648452883,0,30,heteroskedastic
0.2588784754556167,0.12391532292497319,0.12143579195634112,0.04590221907224801,0.005049442998237674,0.5127075079129957,1,30,heteroskedastic
-0.16846840322899415,0.13638597507082648,0.0897088436687861,0.2270086755551222,-0.4478424086047832,0.1109056021467949,0,30,heteroskedastic
0.09111064111640722,0.11027474348367854,0.09996651817954202,0.41566721455753497,-0.13477693099519844,0.3169982132280129,0,30,heteroskedastic
-0.06903769755649224,0.10461731540824128,0.11535367198531263,0.5147055798148288,-0.2833365535941793,0.1452611584811948,0,30,heteroskedastic
0.1516423419643456,0.12861102914609826,0.14264705979999567,0.24828979629192313,-0.1118054086521584,0.4150900925808496,0,30,heteroskedastic
0.09071143731892219,0.11314386479492987,0.081711513779036,0.4294580139360705,-0.14105326337732765,0.322476138015172,0,30,heteroskedastic
0.010057662134483301,0.1601144606842717,0.09324394195080532,0.9503597421769943,-0.3179219426358727,0.33803726690483926,0,30,heteroskedastic
-0.14765129056285717,0.0667644740220777,0.06904374068910722,0.03533262353894683,-0.2844121159678842,-0.010890465157830154,1,30,heteroskedastic
-0.005106487670933399,0.10150476120401475,0.1030743053866335,0.9602342265860679,-0.21302956544745805,0.20281659010559122,0,30,heteroskedastic
0.11869091700725812,0.09631842638820666,0.07800963183159888,0.2280937356253352,-0.0786084354928239,0.3159902695073401,0,30,heteroskedastic
0.12039408015439555,0.09829174408127851,0.09174835485637246,0.23083121650812571,-0.08094743040120576,0.32173559070999685,0,30,heteroskedastic
0.08648302739547482,0.11379535322236091,0.1187653081732321,0.4536141299162353,-0.14661618684832173,0.31958224163927135,0,30,heteroskedastic
0.08465894637011741,0.10543945377215265,0.100118551507636,0.4287869385623503,-0.13132398376374954,0.3006418765039844,0,30,heteroskedastic
-0.11053758032996341,0.11320732050761746,0.12488494320516975,0.33721884416037695,-0.34243226416127026,0.1213571035013434,0,30,heteroskedastic
-0.1385742585410406,0.11316187231583766,0.1407134555577857,0.2309417724438276,-0.370375845971724,0.09322732888964277,0,30,heteroskedastic
0.27378646279455426,0.12123553052532049,0.13622169935201633,0.031908480043183786,0.02544673622715246,0.5221261893619561,1,30,heteroskedastic
-0.14905762160214003,0.10528750830310901,0.09135616970017488,0.16788543909219167,-0.36472930555205463,0.06661406234777453,0,30,heteroskedastic
0.11125278496712018,0.10257020116678467,0.09595521991579424,0.28732782362494214,-0.0988527476382964,0.32135831757253674,0,30,heteroskedastic
-0.10428861243132462,0.10672217055618136,0.10433811901884665,0.3368394003152855,-0.32289906878649666,0.1143218439238474,0,30,heteroskedastic
-0.011070804782463112,0.11129326284146375,0.08778999641093124,0.9214705878641144,-0.2390447192206127,0.2169031096556865,0,30,heteroskedastic
-0.12853797652222962,0.07506957537058899,0.06981917290898507,0.09790602178770244,-0.28231103084288045,0.025235077798421213,0,30,heteroskedastic
-0.12787656010891768,0.1582434520017895,0.14723768939282234,0.4258456139567205,-0.45202357733171616,0.1962704571138808,0,30,heteroskedastic
0.020951504412375727,0.14864633658276016,0.1040682875461209,0.8889196419783817,-0.2835367130454498,0.3254397218702013,0,30,heteroskedastic
0.05365524138078512,0.0693307571986523,0.06949942185511386,0.4454740295051408,-0.08836237681100628,0.19567285957257652,0,30,heteroskedastic
-0.1350478834426548,0.08872142623117989,0.06784249621120794,0.1391846184608126,-0.3167854865648636,0.04668971967955399,0,30,heteroskedastic
0.09061690050709659,0.12315154906238646,0.13282358475530331,0.46796228373203763,-0.1616476121154432,0.3428814131296364,0,30,heteroskedastic
-0.04620045331423191,0.11236907204654223,0.11723220385981065,0.6840930798580842,-0.2763780630112733,0.18397715638280954,0,30,heteroskedastic
0.018662854494334982,0.17067298503349412,0.13832368875408166,0.9137059205892865,-0.3309449069597872,0.3682706159484571,0,30,heteroskedastic
-0.14676452419695948,0.09819234469510896,0.10873537282322264,0.1461879976885142,-0.34790242434004104,0.05437337594612204,0,30,heteroskedastic
-0.06019535161817704,0.17941171037468462,0.1094385781882031,0.7397375062348761,-0.42770358047138085,0.3073128772350268,0,30,heteroskedastic
-0.05204006477310233,0.12148886300949127,0.10684816692701021,0.6716716807716473,-0.3008987194103283,0.19681858986412365,0,30,heteroskedastic
0.07240726977677264,0.09394948619879237,0.07464766424881737,0.4473370984052998,-0.12003952872082738,0.26485406827437263,0,30,heteroskedastic
0.062408129568259765,0.098024587031736,0.118561202836655,0.5295186800127987,-0.13838613457907772,0.2632023937155972,0,30,heteroskedastic
-0.0938509916326962,0.10569413939216901,0.09575589373611251,0.38213272377876295,-0.31035562160951724,0.12265363834412485,0,30,heteroskedastic
0.13829992714518524,0.10591626667282862,0.08114394590665534,0.2022652725292851,-0.07865970993972651,0.35525956423009697,0,30,heteroskedastic
-0.21434424589142825,0.14862657855534223,0.156822789097239,0.1603485474620604,-0.5187919908647831,0.09010349908192661,0,30,heteroskedastic
0.1214476204812,0.09744889277662538,0.08085388845102373,0.22299187407068702,-0.07816738744247842,0.3210626284048784,0,30,heteroskedastic
0.2509925758824804,0.09014055066923661,0.09032169495967053,0.009504033015328562,0.06634802812626009,0.4356371236387008,1,30,heteroskedastic
-0.07806762149066934,0.09496510415664104,0.10654681500143381,0.4179847507155531,-0.2725948190664621,0.11645957608512339,0,30,heteroskedastic
-0.006109733003240948,0.11441160258533876,0.11978302939240144,0.957791328629255,-0.2404712768432881,0.2282518108368062,0,30,heteroskedastic
-0.0456573871650608,0.130136688102333,0.10633579418631207,0.7283330707315141,-0.3122303084834599,0.2209155341533383,0,30,heteroskedastic
0.04649239769533424,0.12616968722511349,0.12882284263243163,0.7152786344568937,-0.21195449069466038,0.3049392860853289,0,30,heteroskedastic
-0.18526117641087256,0.15219444794501993,0.12458886498443027,0.23366308912525707,-0.49701737052303585,0.12649501770129076,0,30,heteroskedastic
0.04798789971187247,0.10241880448854107,0.09222264259424434,0.6430216508563981,-0.16180751085658585,0.2577833102803308,0,30,heteroskedastic
-0.034172365459971564,0.10556307784128854,0.10194588054848773,0.7485593054800931,-0.2504085280199543,0.18206379710001117,0,30,heteroskedastic
-0.2130073560744261,0.14866802248910088,0.17624889227167265,0.16299440092896647,-0.5175399950976763,0.09152528294882412,0,30,heteroskedastic
0.050635449325994945,0.1434961107518851,0.1376656035251537,0.7268286766535523,-0.24330300875800775,0.34457390740999766,0,30,heteroskedastic
0.013418548475293612,0.08744758402122188,0.08833194367224817,0.8791465334857309,-0.16570970716651695,0.19254680411710418,0,30,heteroskedastic
-0.09446926359832339,0.10777908482041858,0.085646138023139,0.38821198954502256,-0.3152447106806242,0.1263061834839774,0,30,heteroskedastic
0.03973476228044289,0.12714920304520216,0.1195461829410458,0.7569723634166633,-0.2207185733109228,0.30018809787180856,0,30,heteroskedastic
0.15592150159551235,0.12872975555883331,0.1187547809418853,0.23593079267544562,-0.10776944905275784,0.4196124522437825,0,30,heteroskedastic
-0.03278699253709268,0.1545534035893824,0.15059619714356098,0.8335343829136702,-0.3493752882383463,0.28380130316416097,0,30,heteroskedastic
-0.027627170443071416,0.07450891545298925,0.06178784997220716,0.7135844259830211,-0.18025176498439263,0.12499742409824979,0,30,heteroskedastic
0.04090680195800622,0.11570817858265349,0.059062859431899054,0.7263360772213889,-0.1961106574148207,0.27792426133083314,0,30,heteroskedastic
-0.05125245384310116,0.15925310775710733,0.1435487331861621,0.749971775607611,-0.3774676571258474,0.27496274943964505,0,30,heteroskedastic
0.047325875108950186,0.12447883645078298,0.12263424988551458,0.7066716530196318,-0.2076574624791958,0.3023092126970962,0,30,heteroskedastic
0.05387035349365182,0.127260133818679,0.11368977074567341,0.6753037445399838,-0.2068102134863487,0.31455092047365235,0,30,heteroskedastic
-0.24620750444454315,0.10433996326358494,0.11482966941489596,0.02549636802523884,-0.45993823036832393,-0.03247677852076236,1,30,heteroskedastic
-0.1253445173838097,0.132496001213836,0.13123911491382315,0.35222896987151353,-0.3967502725295427,0.1460612377619233,0,30,heteroskedastic
-0.019945976469234142,0.17988826709301992,0.1864398677542489,0.9125026404469601,-0.3884303875077465,0.34853843456927824,0,30,heteroskedastic
0.03135046976624381,0.10806708130252364,0.09295122012187135,0.7738759089825421,-0.1900149113668129,0.2527158508993005,0,30,heteroskedastic
-0.20759612424181112,0.11960639185600319,0.12149715589557657,0.09361850119964142,-0.45259871152400855,0.037406463040386334,0,30,heteroskedastic
0.05353089790782273,0.13066594755046776,0.10645528358634117,0.6851599546978011,-0.21412616224399822,0.3211879580596437,0,30,heteroskedastic
0.12765545588494276,0.1267111796352399,0.09257406994639616,0.3223449327059634,-0.1319006294251827,0.38721154119506823,0,30,heteroskedastic
0.06672495644185775,0.11586446823539982,0.10685347853717535,0.5692911209434535,-0.17061264777184346,0.3040625606555589,0,30,heteroskedastic
-0.11670541043121407,0.18501917427523812,0.15095680062632336,0.5333031140942641,-0.49570000838567074,0.2622891875232426,0,30,heteroskedastic
0.02741706894659495,0.09309443049197716,0.08473561028463086,0.7705420913984474,-0.16327822733453198,0.2181123652277219,0,30,heteroskedastic
-0.14666031468370028,0.09936111049049551,0.09813901087271816,0.15109340258819726,-0.3501923230291376,0.056871693661737055,0,30,heteroskedastic
-0.11270496686685222,0.17133296682763044,0.15676792604298906,0.5160307186991133,-0.46366463974153804,0.2382547060078336,0,30,heteroskedastic
0.06850644148934454,0.10721244417437241,0.09101212926530616,0.5280299497629166,-0.1511082948467638,0.2881211778254529,0,30,heteroskedastic
-0.0715116401778538,0.12033883149271851,0.09139891672120445,0.5571147636540895,-0.31801456204283285,0.17499128168712524,0,30,heteroskedastic
-0.2303666215961856,0.1213578714983176,0.12228843005774113,0.06801659872845078,-0.4789569522864089,0.01822370909403767,0,30,heteroskedastic
0.035786556802127854,0.13605888240787845,0.11780263539645656,0.7944590030664762,-0.24291742962684962,0.3144905432311053,0,30,heteroskedastic
-0.16517487611032286,0.09953555896100291,0.12322043969112322,0.1081850148038685,-0.36906422594862287,0.03871447372797712,0,30,heteroskedastic
-0.006607229845987729,0.11850840024741671,0.1288874622243156,0.9559343113707445,-0.24936068327552538,0.23614622358354995,0,30,heteroskedastic
-0.08683969591406741,0.1571522376301081,0.13899482500115007,0.5849335606898671,-0.4087514618246842,0.23507206999654934,0,30,heteroskedastic
-0.2000291289035825,0.12723808310178755,0.08451948554490778,0.12716385335969535,-0.4606645270376209,0.06060626923045592,0,30,heteroskedastic
0.12222110707987346,0.0786470208209776,0.075975570341771,0.13140491395227397,-0.03888001205073632,0.28332222621048325,0,30,heteroskedastic
-0.013799997066850318,0.11043704268638406,0.09608861381600758,0.9014496079201122,-0.24002002402438566,0.21242002989068504,0,30,heteroskedastic
-0.12737316939541088,0.11579136750129898,0.11400782550885032,0.28068999640051684,-0.36456103354330943,0.10981469475248767,0,30,heteroskedastic
-0.10770604996552785,0.09360200988599528,0.06453725156554707,0.2595959778074668,-0.29944107550238963,0.0840289755713339,0,30,heteroskedastic
0.02250897748737933,0.1049891450173317,0.06637526983791721,0.8317940408363694,-0.19255153697709948,0.23756949195185817,0,30,heteroskedastic
0.10751153744747198,0.08723571026319213,0.08790984122054052,0.22803879227576096,-0.07118271447523146,0.28620578937017543,0,30,heteroskedastic
0.039922625797908534,0.11041024349186881,0.07079214343791682,0.7203769701274307,-0.1862425054981874,0.26608775709400445,0,30,heteroskedastic
-0.020710596585571873,0.1372566982487901,0.15960925891625707,0.8811446927620099,-0.30186819753762834,0.26044700436648455,0,30,heteroskedastic
-0.036709814057667885,0.13215677139824186,0.12977492474739352,0.783226066271277,-0.30742068842642795,0.2340010603110922,0,30,heteroskedastic
-0.010983045737320245,0.09890140228333283,0.09957698463594566,0.9123685511047025,-0.21357338450806368,0.19160729303342316,0,30,heteroskedastic
0.36095585050718654,0.09867735258908372,0.08030037216980973,0.0010429193709039501,0.15882445673026002,0.563087244284113,1,30,heteroskedastic
0.00016170014870803273,0.13017341233931273,0.12690730237239187,0.9990176838835905,-0.26648644735899735,0.2668098476564134,0,30,heteroskedastic
0.03734515270207041,0.11646017462759184,0.094084520938241,0.750842413693497,-0.20121270073981,0.2759030061439508,0,30,heteroskedastic
0.028085310259353277,0.11581551902231257,0.10337886799605435,0.8101599847718487,-0.20915202603667477,0.2653226465553813,0,30,heteroskedastic
-0.04957511845958251,0.12476658567827112,0.08930787888802127,0.6941274815088255,-0.30514788362036127,0.20599764670119625,0,30,heteroskedastic
0.022478382617274348,0.09923263626015108,0.07165355719089125,0.8224409830431185,-0.1807904581971888,0.22574722343173753,0,30,heteroskedastic
-0.26994305418028697,0.10905449858256602,0.12537003896267251,0.01963055823049484,-0.49333106792171455,-0.04655504043885941,1,30,heteroskedastic
-0.09275858454936574,0.09757148881656619,0.10282624464043154,0.34990487828532024,-0.2926247190768147,0.10710754997808324,0,30,heteroskedastic
0.06752356441552163,0.10924372370479195,0.0721249168534773,0.5415048012233756,-0.1562520594176806,0.29129918824872386,0,30,heteroskedastic
-0.07876474295783134,0.11713001339868359,0.08750802506104306,0.5068054941960836,-0.3186946989222674,0.16116521300660475,0,30,heteroskedastic
-0.07292130795616239,0.14435005374078735,0.13827443300838824,0.6173928690415365,-0.36860898895731853,0.22276637304499372,0,30,heteroskedastic
-0.10088600794838433,0.09886768384987575,0.0914914943674151,0.31626816706932503,-0.30340727763922415,0.10163526174245548,0,30,heteroskedastic
-0.08357110663607789,0.15815460950166235,0.127461818578306,0.6013756601944531,-0.407536138247121,0.24039392497496523,0,30,heteroskedastic
0.08895253831214142,0.14389946372287912,0.09314175481772667,0.541467530120224,-0.2058121508783098,0.38371722750259263,0,30,heteroskedastic
0.022518537710252466,0.0721114167356599,0.07079764938983778,0.7571458743165858,-0.12519500333604636,0.1702320787565513,0,30,heteroskedastic
0.08711236879438383,0.0997047805960387,0.10387676025014028,0.3897120903506702,-0.11712361584966971,0.29134835343843735,0,30,heteroskedastic
-0.017675554985476565,0.13652784276249819,0.13089743432771847,0.8979154019339999,-0.29734016315407596,0.2619890531831228,0,30,heteroskedastic
-0.15661075691365028,0.12167776093161047,0.10355599281197711,0.20860019238028338,-0.40585635140361553,0.09263483757631494,0,30,heteroskedastic
0.0009760472509187518,0.11761597802931834,0.1205157297979237,0.9934376013255344,-0.23994936213356943,0.24190145663540696,0,30,heteroskedastic
-0.10601283335159693,0.10345427140352059,0.1394277847367835,0.3142620640304999,-0.317929301743792,0.10590363504059815,0,30,heteroskedastic
-0.11851049140942779,0.11429545782087103,0.1000592028823272,0.3086646718863969,-0.3526341234844571,0.1156131406656015,0,30,heteroskedastic
-0.06067403791073256,0.09611181391546907,0.10047783089194678,0.5329736638403307,-0.2575501639460749,0.1362020881246098,0,30,heteroskedastic
-0.15080417909860788,0.12702966002560506,0.10889342766285912,0.24514003405444873,-0.41101264191487913,0.10940428371766336,0,30,heteroskedastic
-0.1585022727273087,0.14377761016523763,0.11140185730107793,0.27966806596428967,-0.453017356220034,0.13601281076541655,0,30,heteroskedastic
-0.06706705095261845,0.10661746296409214,0.12091520381739934,0.5344192722855192,-0.28546302352835473,0.1513289216231178,0,30,heteroskedastic
0.12107884348270484,0.08569184905269894,0.07245685592454808,0.16868894503056917,-0.054452952110483704,0.29661063907589336,0,30,heteroskedastic
0.0585960156447559,0.10410825417251099,0.09635421795612846,0.5780249358053164,-0.15466007572205015,0.2718521070115619,0,30,heteroskedastic
-0.012988553390772525,0.11058103127577419,0.1299424779874911,0.9073361645797531,-0.23950352760315163,0.21352642082160656,0,30,heteroskedastic
-0.17936967379457916,0.13509034257357969,0.13658008054939924,0.19497587619264556,-0.45608969630986596,0.09735034872070761,0,30,heteroskedastic
0.19693886939756944,0.11100412127134297,0.09727748345047679,0.08691313515586242,-0.030442765383354886,0.42432050417849376,0,30,heteroskedastic
-0.04468165926607279,0.11931786444361774,0.09873451893221895,0.7108715233828298,-0.2890932249361362,0.1997299064039906,0,30,heteroskedastic
0.015161249725741496,0.12115462610026942,0.09132310019443739,0.9013071402038912,-0.23301275163958285,0.26333525109106587,0,30,heteroskedastic
-0.03946419932229772,0.12444372036952546,0.0983718441586864,0.7535014613947423,-0.294375604878804,0.21544720623420854,0,30,heteroskedastic
-0.08325689821781418,0.17282124860011666,0.10050895656754145,0.6337266112676514,-0.43726517810426446,0.2707513816686361,0,30,heteroskedastic
-0.0785206125835165,0.09326898630654691,0.08969153263660352,0.4069925140206919,-0.26957347024185,0.11253224507481702,0,30,heteroskedastic
0.07023102770139766,0.14330048876928847,0.1504705516736077,0.6278842085097526,-0.223306716916362,0.36376877231915733,0,30,heteroskedastic
-0.21126356651998984,0.13826246433194903,0.16468252436488043,0.1377343266027393,-0.4944813858997644,0.07195425285978474,0,30,heteroskedastic
0.015189805530638666,0.11349050728645971,0.11089998120346593,0.894484829950805,-0.2172849601209106,0.24766457118218793,0,30,heteroskedastic
-0.023192657119356058,0.11930361316670557,0.11055382932747086,0.847266059979428,-0.26757503037201286,0.22118971613330074,0,30,heteroskedastic
0.05591929903546135,0.10529163463401811,0.1089518583866959,0.5995446257201864,-0.15976083732015683,0.2715994353910795,0,30,heteroskedastic
-0.11639328010556227,0.10645166623859449,0.11298820739659632,0.283540103038886,-0.3344496334847029,0.10166307327357835,0,30,heteroskedastic
-0.11015462881137958,0.06991786693110275,0.047089867687783664,0.12637703677444348,-0.25337488677213993,0.0330656291493808,0,30,heteroskedastic
0.029849587571334615,0.12553240478862263,0.097434178720191,0.8137801193673722,-0.2272918869244115,0.2869910620670807,0,30,heteroskedastic
0.06598398617942866,0.113548963150485,0.09434181385142029,0.5658177615204005,-0.16661052088146983,0.29857849324032715,0,30,heteroskedastic
-0.03917654688229913,0.12492296015271168,0.1218394561417542,0.7561449733609636,-0.29506963063331637,0.21671653686871814,0,30,heteroskedastic
0.15822352084226102,0.1009175256148839,0.10888648725185444,0.1281494361319806,-0.04849665935957165,0.3649437010440937,0,30,heteroskedastic
0.037084452643096816,0.1459973056371723,0.15618954625967243,0.801345600431083,-0.26197747090695,0.3361463761931436,0,30,heteroskedastic
0.07742648458314035,0.1245360524144718,0.1246498820698267,0.5391560121085686,-0.17767405459365054,0.3325270237599312,0,30,heteroskedastic
-0.03710820537269586,0.13547042619685906,0.13676027280180839,0.786155930101696,-0.3146067938963875,0.24039038315099578,0,30,heteroskedastic
-0.07049585823016113,0.08933886920084014,0.08688346870919697,0.43669400840372685,-0.25349823594107324,0.11250651948075097,0,30,heteroskedastic
0.03749045090142889,0.1320450201191062,0.06532956353213948,0.7785593625473018,-0.23299151134904494,0.3079724131519027,0,30,heteroskedastic
-0.08519591997435162,0.13467225516753115,0.13777338135951397,0.5321166620960625,-0.3610595292611939,0.19066768931249067,0,30,heteroskedastic
-0.03590111856830764,0.12164423631136129,0.10888644093038308,0.7700703655136363,-0.28507804098672845,0.2132758038501132,0,30,heteroskedastic
-0.03763909772759999,0.10398490887426086,0.0930713001308807,0.7200942781146722,-0.2506425277045636,0.1753643322493636,0,30,heteroskedastic
-0.10380496079115616,0.11211367981759,0.08911957858094753,0.3624150800517487,-0.3334594232224528,0.12584950164014053,0,30,heteroskedastic
-0.1786535333021352,0.08874300037759826,0.08840306431220857,0.05380224605631819,-0.3604353290599455,0.0031282624556751015,0,30,heteroskedastic
0.2969600210768146,0.16826472327885722,0.13352906832140668,0.08849782887463767,-0.04771463979979701,0.6416346819534262,0,30,heteroskedastic
-0.2029404766500282,0.1314877281732381,0.11965015324318741,0.133957400971888,-0.4722808780985208,0.06639992479846443,0,30,heteroskedastic
-0.07910525772659202,0.12172702884289945,0.1132311488868261,0.5210804426892038,-0.3284517729579029,0.17024125750471886,0,30,heteroskedastic
-0.17236289950106432,0.12213036193746078,0.13183565792607646,0.16917122815844013,-0.422535605123797,0.07780980612166838,0,30,heteroskedastic
0.03160524077121918,0.15635603008187182,0.1065967814834773,0.8412716224424197,-0.2886755679112391,0.35188604945367746,0,30,heteroskedastic
-0.09040906016772843,0.10847652643217687,0.0969202461667976,0.41164820483554254,-0.3126131516285401,0.13179503129308323,0,30,heteroskedastic
-0.0914526311895584,0.10654557575271101,0.08831341681156482,0.3979915654494086,-0.3097013494880978,0.12679608710898102,0,30,heteroskedastic
0.020327690871655164,0.1379384284640357,0.07979664915566642,0.8838977181825473,-0.26222637112208796,0.30288175286539826,0,30,heteroskedastic
0.04326347197992794,0.1313540028863619,0.11792745168136017,0.744330659824928,-0.22580300563588887,0.3123299495957448,0,30,heteroskedastic
0.11618331159381896,0.08957091538723234,0.09582767853034985,0.2051802195960395,-0.0672943911825253,0.29966101437016324,0,30,heteroskedastic
-0.11199885916669328,0.12618859604500862,0.1293915725615791,0.382342918418781,-0.37048448051840405,0.1464867621850175,0,30,heteroskedastic
0.07364717465246418,0.10549214239942707,0.0980120757775938,0.49085392560119434,-0.14244368324180312,0.28973803254673147,0,30,heteroskedastic
0.04128432074240879,0.08926775040263957,0.07453152483307961,0.6473129062016363,-0.14157237671435338,0.22414101819917095,0,30,heteroskedastic
-0.0008054400629091125,0.1428207301997245,0.12510215462163984,0.9955403287063525,-0.29336044380043647,0.29174956367461824,0,30,heteroskedastic
0.03773462519908655,0.11507917467549965,0.07788836918383184,0.7454255568274618,-0.19799437807810932,0.2734636284762824,0,30,heteroskedastic
-0.005164502171227249,0.08548950527622409,0.08074075135946815,0.9522574729567649,-0.1802818153275869,0.1699528109851324,0,30,heteroskedastic
0.01060450884390187,0.13900809695737545,0.18803757654714653,0.9397332697197284,-0.27414066973095175,0.29534968741875545,0,30,heteroskedastic
-0.19357372384818344,0.14438458137097793,0.14615436959890613,0.19080049604239033,-0.48933213149361116,0.10218468379724427,0,30,heteroskedastic
-0.07871613076402692,0.15477331391384366,0.1475375514711792,0.6150239347246229,-0.3957548923444615,0.23832263081640767,0,30,heteroskedastic
0.011866905681281879,0.09559199029029058,0.10740668865916732,0.9020903871020803,-0.18394440992777097,0.20767822129033472,0,30,heteroskedastic
0.020108135600343413,0.13961532331313697,0.09206844457041297,0.8865121229212701,-0.2658808897783384,0.30609716097902523,0,30,heteroskedastic
-0.03624513564987449,0.0796854348276406,0.06901993723751998,0.6527223232371266,-0.19947334944787296,0.12698307814812396,0,30,heteroskedastic
0.05374359274989007,0.10992511610143331,0.11637941288538252,0.6287125707264751,-0.1714278001349573,0.27891498563473743,0,30,heteroskedastic
-0.27917128687930665,0.12991899932412285,0.1261802722862171,0.04044093227178384,-0.5452982929497314,-0.013044280808881925,1,30,heteroskedastic
0.2496164300350977,0.15502808458543813,0.1858615417505987,0.1185857867282317,-0.06794420560855097,0.5671770656787464,0,30,heteroskedastic
-0.05136745266095481,0.11659877631964856,0.09083826892609537,0.6629222375665196,-0.2902092187987091,0.1874743134767995,0,30,heteroskedastic
0.11432284332134252,0.1339341099458646,0.14051325672388867,0.4005839567748475,-0.160028744021756,0.388674430664441,0,30,heteroskedastic
0.1658854778334083,0.13876444012252134,0.1132752192502724,0.2419394494452279,-0.11836059234078294,0.4501315480075995,0,30,heteroskedastic
-0.19074517643945033,0.1169057988006141,0.11698748801031951,0.11395891100272318,-0.4302158496199061,0.04872549674100546,0,30,heteroskedastic
-0.2982182717827255,0.09979009373743448,0.10297377952102049,0.005780029634244772,-0.5026290124749031,-0.09380753109054782,1,30,heteroskedastic
0.055427201604050236,0.1334463580156346,0.10185499148156907,0.6810500704284562,-0.21792527120174066,0.3287796744098411,0,30,heteroskedastic
0.15284110402039652,0.18731087142263528,0.17887346016866573,0.42140180190263365,-0.23084782273762028,0.5365300307784133,0,30,heteroskedastic
0.0008924482896382653,0.10796607725495234,0.09137794482610069,0.9934633704613594,-0.22026603543102316,0.2220509320102997,0,30,heteroskedastic
-0.12946152404474834,0.14523534499969956,0.12081398599229558,0.3803155951098146,-0.4269626419832291,0.16803959389373244,0,30,heteroskedastic
-0.19673920905340023,0.11194778618103575,0.09834847272865255,0.08977676938088446,-0.42605385377480076,0.032575435668000335,0,30,heteroskedastic
-0.0792037446422162,0.11440719901542096,0.0845495754253331,0.49445269533191094,-0.3135562681781943,0.15514877889376189,0,30,heteroskedastic
-0.0748071372451643,0.113999136434074,0.09994863306804946,0.5170471553270977,-0.30832378247521186,0.15870950798488329,0,30,heteroskedastic
-0.19202023197914075,0.14027868894582,0.13147316641681367,0.18192902916126377,-0.479368100257432,0.09532763629915048,0,30,heteroskedastic
-0.3071939935720575,0.1076102257453398,0.1028301230259039,0.008020879337235087,-0.5276235485190099,-0.08676443862510502,1,30,heteroskedastic
-0.020597840471836,0.14686090160960735,0.15221888924080476,0.8894633329403041,-0.32142876017944433,0.28023307923577234,0,30,heteroskedastic
0.22098587702861694,0.14839823555515816,0.17419282460902155,0.14762857888471673,-0.08299412851238197,0.5249658825696158,0,30,heteroskedastic
-0.009286520860695941,0.1073010952861632,0.10437065203108123,0.9316480440262892,-0.22908285076732465,0.21050980904593275,0,30,heteroskedastic
-0.006377519910918854,0.1519044697524975,0.16018761514308894,0.9668096063328224,-0.31753972062255437,0.3047846808007167,0,30,heteroskedastic
0.030215376539503694,0.126753614340551,0.13231843314574537,0.8133232756344426,-0.22942763232404106,0.2898583854030484,0,30,heteroskedastic
-0.0222721137324213,0.09395927106402571,0.07015031801235025,0.8143514355640072,-0.21473895561784678,0.17019472815300418,0,30,heteroskedastic
0.02748500879451644,0.09346603363900967,0.07897265675682243,0.7708778392945201,-0.1639714820269055,0.21894149961593837,0,30,heteroskedastic
0.12247380193752387,0.15440687732532052,0.13006403865028895,0.43433812555218687,-0.1938143483179648,0.43876195219301256,0,30,heteroskedastic
-0.17914248328840482,0.1185838141683967,0.12070158468940692,0.1420736382988086,-0.42205041513226865,0.06376544855545901,0,30,heteroskedastic
-0.15266144842320445,0.11717463906671495,0.10479802071338826,0.20323822475217754,-0.39268281592474336,0.08735991907833446,0,30,heteroskedastic
0.0608123798457043,0.11476843320863267,0.08651957675296139,0.6003787616895729,-0.17428009839150932,0.29590485808291794,0,30,heteroskedastic
0.12550090345491105,0.10068128378271973,0.09497031736418139,0.22290266103454717,-0.08073535729072573,0.33173716420054783,0,30,heteroskedastic
-0.05484087825652856,0.11148713378174817,0.09169708172698571,0.6266222934878607,-0.28321191931334333,0.17353016280028621,0,30,heteroskedastic
0.12606999952746423,0.12405313155868178,0.12228604277345397,0.3182079774907334,-0.12804132111940453,0.380181320174333,0,30,heteroskedastic
-0.039259754175693995,0.14583127797014384,0.13537953301084948,0.789739308022894,-0.3379815854668641,0.2594620771154761,0,30,heteroskedastic
0.006488010279804907,0.16467588068782524,0.1590197010877058,0.9688521241099288,-0.33083523980255786,0.34381126036216764,0,30,heteroskedastic
0.08095133714467669,0.10900631994648781,0.100519651728727,0.46389106005801006,-0.14233798713452633,0.3042406614238797,0,30,heteroskedastic
0.06107633794118573,0.126391492361178,0.14321395722191527,0.6326887212851335,-0.19782489767361033,0.3199775735559818,0,30,heteroskedastic
0.03969008539086792,0.1366630817540681,0.08568405136577427,0.773632931988611,-0.24025154729391246,0.31963171807564833,0,30,heteroskedastic
0.012841298819772843,0.1722727813271799,0.14312374834409083,0.9411103211761389,-0.3400434967877528,0.36572609442729853,0,30,heteroskedastic
0.06612891825649268,0.14807336692283482,0.12222391428061176,0.6586021449727877,-0.23718562405790983,0.3694434605708952,0,30,heteroskedastic
0.051198967575887655,0.10735059339704675,0.09205834977890003,0.6371117204576181,-0.16869875461458028,0.2710966897663556,0,30,heteroskedastic
-0.03759466242213621,0.1014737687136447,0.08977449187096684,0.7138080784491533,-0.24545425496004483,0.1702649301157724,0,30,heteroskedastic
-0.07787119999767439,0.09776160682443596,0.12082585501294417,0.4324195661325637,-0.2781267736102277,0.12238437361487892,0,30,heteroskedastic
-0.03610717545542286,0.11720937830738115,0.1332776328584047,0.760318995390282,-0.27619970306564295,0.20398535215479724,0,30,heteroskedastic
-0.20634475675596303,0.08578438826708379,0.08147420528260518,0.023008157907795812,-0.3820661103367936,-0.030623403175132458,1,30,heteroskedastic
0.020269657483251956,0.14046641557505526,0.1033784910547381,0.8862952283754618,-0.26746275136306996,0.30800206632957383,0,30,heteroskedastic
0.050787908204141294,0.13508815825196438,0.12677207390990672,0.7097793016880702,-0.22592763993114867,0.3275034563394313,0,30,heteroskedastic
0.0031940234213852156,0.14049359035885736,0.16056627652524674,0.982023460420701,-0.28459405044615366,0.29098209728892405,0,30,heteroskedastic
0.13759038695843853,0.10157050471904897,0.11525689913590349,0.18636629924132525,-0.0704673603038089,0.34564813422068597,0,30,heteroskedastic
0.005589085249033059,0.08640898497548667,0.08774068029794485,0.9488869794760171,-0.17141169669003178,0.18258986718809792,0,30,heteroskedastic
0.06815500975710226,0.1330370056198051,0.09907640873857496,0.6124578913086831,-0.20435894267756055,0.34066896219176507,0,30,heteroskedastic
0.10175523706770778,0.09171869287485396,0.08826873622640949,0.2766837703931319,-0.08612198845326763,0.2896324625886832,0,30,heteroskedastic
0.04847310626188552,0.11775229423079975,0.10467520670527755,0.683727879481336,-0.19273153420325959,0.2896777467270306,0,30,heteroskedastic
-0.33898250694289517,0.1416197138252774,0.1218601480203675,0.023626912910322397,-0.6290773401615921,-0.04888767372419828,1,30,heteroskedastic
-0.13596898844027538,0.10503944761525663,0.076659199315476,0.20608205181403838,-0.3511325431055945,0.07919456622504373,0,30,heteroskedastic
0.05184299594558837,0.1091457870970725,0.07963875367278443,0.6384793568067468,-0.17173201384091813,0.27541800573209485,0,30,heteroskedastic
0.21145133240504752,0.09602815692447221,0.08675642635921055,0.03607126889381712,0.014746569947524213,0.4081560948625708,1,30,heteroskedastic
0.04157653784719021,0.1425199479050586,0.12375605712575724,0.772647856641833,-0.25036234128981794,0.3335154169841984,0,30,heteroskedastic
-0.0718377721701806,0.1171529307290848,0.12929244100324183,0.544695671623241,-0.3118146721578814,0.16813912781752022,0,30,heteroskedastic
0.05429910942214042,0.11738721089959468,0.08622067248626868,0.6472515380516487,-0.18615769174001384,0.2947559105842947,0,30,heteroskedastic
-0.08015399460348822,0.0935854620583002,0.10034268242519462,0.39900369545438874,-0.2718551234519182,0.11154713424494177,0,30,heteroskedastic
-0.12656899820126047,0.14765000996222516,0.13512288029073813,0.39859947017566233,-0.42901633309402143,0.17587833669150046,0,30,heteroskedastic
0.16023951418679475,0.09075789045064647,0.09162338513427237,0.08837232748758253,-0.025669596786579874,0.34614862516016937,0,30,heteroskedastic
0.09000090720918338,0.11127613278017033,0.09372265275090402,0.42544564188864276,-0.1379379178890734,0.31793973230744016,0,30,heteroskedastic
0.03271757719721382,0.10041964057208237,0.07769990848582449,0.7469916774953498,-0.17298273172715115,0.2384178861215788,0,30,heteroskedastic
-0.09537777436137243,0.13086478902941526,0.1378455146259999,0.47216009431762895,-0.36344214281875453,0.1726865940960097,0,30,heteroskedastic
0.08458991503208278,0.10550151566007668,0.14372915126018315,0.429427706740549,-0.13152014311624105,0.30069997318040664,0,30,heteroskedastic
-0.018035934980200362,0.17033897126852326,0.12948620221273144,0.9164304281658004,-0.3669595002526983,0.3308876302922976,0,30,heteroskedastic
-0.21977819547791186,0.10744793314221922,0.09621462574481374,0.050310744076263084,-0.4398753090975716,0.00031891814174789257,0,30,heteroskedastic
0.06665506557722822,0.10800057152809814,0.10181938560792791,0.5421071983924224,-0.1545740764588961,0.28788420761335254,0,30,heteroskedastic
-0.20448194307008985,0.09500025728176088,0.10529588816903543,0.04012854834315146,-0.39908114855843446,-0.00988273758174521,1,30,heteroskedastic
-0.029507273058064908,0.0998597933181464,0.0847020838051647,0.7698020669846436,-0.234060786869153,0.17504624075302316,0,30,heteroskedastic
0.06456983975062355,0.10482316928632986,0.09712316451359838,0.5428778613895007,-0.1501506888411064,0.27929036834235355,0,30,heteroskedastic
0.05639065899513144,0.12103139825553513,0.09585477268008148,0.6448786530854063,-0.1915309215729712,0.30431223956323405,0,30,heteroskedastic
0.03309135701927306,0.14220647518775406,0.1348134474330753,0.8176874673997901,-0.2582054023648505,0.32438811640339665,0,30,heteroskedastic
-0.32346780437652994,0.1570781782075829,0.20700956999403783,0.04887621133540325,-0.6452278664371289,-0.0017077423159310157,1,30,heteroskedastic
0.13426004417995469,0.19846839243869296,0.16443387708723192,0.5042858031668105,-0.2722840283120852,0.5408041166719946,0,30,heteroskedastic
-0.04368212768260356,0.09473122828151216,0.07101027867512577,0.6482770420441102,-0.23773025224548866,0.15036599688028157,0,30,heteroskedastic
0.046129885108860846,0.11718274559448917,0.09560414257359855,0.6968156041726796,-0.19390808786206595,0.2861678580797876,0,30,heteroskedastic
-0.002511048857069844,0.12581648258069886,0.09363067374090042,0.9842184004871494,-0.2602344303309303,0.25521233261679066,0,30,heteroskedastic
0.007297544269466949,0.11676697110220041,0.12412869400262032,0.9506113381502743,-0.23188875326207928,0.24648384180101315,0,30,heteroskedastic
0.1329643961437957,0.12024515736782092,0.08143105037989051,0.2782337011637315,-0.11334664297474167,0.3792754352623331,0,30,heteroskedastic
0.15393132791505293,0.1147683083279848,0.0988944824655849,0.19062280014619198,-0.08116089451574973,0.38902355034585556,0,30,heteroskedastic
-0.12687320801204074,0.12113295596073288,0.07727872861352718,0.30387820109437463,-0.3750028201087747,0.12125640408469326,0,30,heteroskedastic
0.03342964068611168,0.1071172105561889,0.12192343913118588,0.7572884083888461,-0.18599001842637058,0.25284929979859394,0,30,heteroskedastic
-0.055196377444765646,0.11438958323885126,0.11377188939708464,0.6331807131067693,-0.2895128166982101,0.17912006180867884,0,30,heteroskedastic
-0.08607727526818529,0.11271632960137448,0.09722879966605869,0.4514554459471408,-0.31696620982058743,0.14481165928421688,0,30,heteroskedastic
0.040271973073753735,0.0854546225778488,0.0709742254119813,0.6411011534780156,-0.13477388611412885,0.21531783226163634,0,30,heteroskedastic
-0.09654898135369326,0.14438881691462438,0.13043932715608927,0.5091794647763005,-0.3923160651169758,0.19921810240958926,0,30,heteroskedastic
-0.07457888583635106,0.11445879901180711,0.0926671863540179,0.5199858865776146,-0.3090371071734431,0.15987933550074104,0,30,heteroskedastic
-0.2808666378903226,0.11021147427059039,0.11832786959067078,0.016590890776558283,-0.5066246088939828,-0.055108666886662494,1,30,heteroskedastic
0.009462145571843137,0.08339746143081449,0.09549442552870376,0.9104767177647005,-0.16136981003063067,0.18029410117431693,0,30,heteroskedastic
0.20072671020654637,0.10434207224647828,0.09002488198513907,0.06460825495444546,-0.013008335772855067,0.4144617561859478,0,30,heteroskedastic
-0.04348741368813808,0.11519393525127299,0.12213272017404553,0.7086375972366357,-0.2794514933483446,0.19247666597206844,0,30,heteroskedastic
-0.06637683415382888,0.15207435538646172,0.16062780438520605,0.6658385813977796,-0.3778870298113651,0.24513336150370735,0,30,heteroskedastic
-0.005759140339277435,0.1658992500149541,0.164374264312353,0.9725535513135386,-0.34558834888838413,0.33407006820982926,0,30,heteroskedastic
-0.08990164672569766,0.18290745903065694,0.09269248108090168,0.6268937313044455,-0.46457059209171636,0.284767298640321,0,30,heteroskedastic
-0.0017860008549949631,0.11881139586354374,0.092051529692398,0.9881130652300701,-0.24516011266853988,0.24158811095854993,0,30,heteroskedastic
-0.05672740355831797,0.12214106761309917,0.1054858516125195,0.6459225190984477,-0.3069220387634861,0.1934672316468502,0,30,heteroskedastic
-0.08235321642557064,0.10446261715492344,0.06916038924350436,0.43711537055718974,-0.2963351874563382,0.1316287546051969,0,30,heteroskedastic
-0.059814894887900025,0.13601640052993194,0.11257652240971217,0.6634849783883456,-0.33843186113469503,0.21880207135889496,0,30,heteroskedastic
-0.0913672540717739,0.14744053796128048,0.10347185092364265,0.540473151405114,-0.3933855050217936,0.21065099687824582,0,30,heteroskedastic
0.029903666153266784,0.08362855176094146,0.07353985607699956,0.7233410636585569,-0.14140165653183895,0.20120898883837252,0,30,heteroskedastic
0.0869271520830796,0.12437523917828784,0.10660220219975809,0.49037320240796234,-0.16784397611221685,0.34169828027837607,0,30,heteroskedastic
-0.04581694767728601,0.10908387988498278,0.09692878909613256,0.6776795996571834,-0.2692651462884193,0.1776312509338473,0,30,heteroskedastic
0.21292121104754788,0.14684225886540017,0.12223672590666024,0.1581686610880392,-0.08787152072968382,0.5137139428247796,0,30,heteroskedastic
-0.2001662977917016,0.13584427496177515,0.10511634275012673,0.1517710222770397,-0.47843068079539863,0.07809808521199546,0,30,heteroskedastic
-0.004233489151864915,0.19825007866639213,0.19514887928359254,0.9831144911088641,-0.4103303661535715,0.4018633878498417,0,30,heteroskedastic
-0.03899389682462118,0.10378521972661177,0.09864808231301896,0.7099586561651977,-0.2515882821254014,0.17360048847615903,0,30,heteroskedastic
0.139183747360494,0.11036469994852256,0.1158890105489471,0.21767040051729358,-0.08688809221614882,0.3652555869371368,0,30,heteroskedastic
-0.03331129531154969,0.10650645617305772,0.08789903069136557,0.7567782778761853,-0.2514798807837433,0.1848572901606439,0,30,heteroskedastic
-0.15183648306199424,0.12639135478890687,0.1352092673172662,0.23969045634080433,-0.41073743687276754,0.10706447074877909,0,30,heteroskedastic
0.053859568998798193,0.1107522865917707,0.11667483076355588,0.6305344224783576,-0.17300620582593856,0.2807253438235349,0,30,heteroskedastic
-0.10899204129832561,0.10492844362558487,0.09725886591717207,0.3078188152001745,-0.3239282145984333,0.10594413200178208,0,30,heteroskedastic
0.09247163458156907,0.11166576083754154,0.11544524460326522,0.4146107252771364,-0.1362653074120507,0.32120857657518886,0,30,heteroskedastic
-0.06909699133022586,0.09934085429499016,0.11000770919178464,0.49244079460861867,-0.27258750674012444,0.13439352407967275,0,30,heteroskedastic
-0.11083557301667582,0.17134565692008405,0.15842954425187858,0.5229944191446361,-0.4618212403673737,0.24015009433402204,0,30,heteroskedastic
-0.009601423562557367,0.1085422804344109,0.10159867686043032,0.9301423933505898,-0.23194020599114684,0.21273735886603212,0,30,heteroskedastic
0.06698024565261955,0.14899052174026783,0.1149672881328105,0.6564883249468714,-0.23821300313994465,0.3721734944451838,0,30,heteroskedastic
0.03270857017008482,0.09444161531540214,0.1106271247784365,0.7316790509482405,-0.16074630912466403,0.2261634494648337,0,30,heteroskedastic
0.057994696403347035,0.0827408900963385,0.09074982100564684,0.48913777517965873,-0.11149233378848813,0.2274817265951822,0,30,heteroskedastic
-0.13578797113942265,0.07134205797188463,0.057623628785388153,0.06732328615597827,-0.2819255521994014,0.010349609920556141,0,30,heteroskedastic
-0.11044608524379393,0.13430473164735057,0.11667027865736745,0.4178236125340311,-0.3855568567271206,0.1646646862395327,0,30,heteroskedastic
0.0841917099885246,0.11158781623001834,0.09437640192879977,0.4568551774877446,-0.1443855697143802,0.3127689896914294,0,30,heteroskedastic
