beta_hat,se_classic,se_robust,p_value,ci_low,ci_high,reject,n,scenario
0.007017491736892416,0.01564884441451697,0.013682083739378726,0.6540342292239726,-0.02372840292269862,0.03776338639648345,0,500,non_normal
-0.028781196521251825,0.015157989887460172,0.015369783006161248,0.05817540367939644,-0.05856269015656841,0.0010002971140647583,0,500,non_normal
-0.009906424420185174,0.015190651680856947,0.014762166281173649,0.5146120413843855,-0.03975208995424202,0.019939241113871672,0,500,non_normal
0.01023026851307576,0.015324655360475125,0.0140502470232283,0.5047178267270989,-0.01987867927418798,0.0403392163003395,0,500,non_normal
-0.00150897901413264,0.014880318832852343,0.014548525467850305,0.9192676338076475,-0.030744921504019588,0.027726963475754308,0,500,non_normal
0.005794613271580267,0.014765900957277098,0.015835464804575785,0.6949068868643273,-0.023216527957815702,0.034805754500976234,0,500,non_normal
-0.010720523662308622,0.015043584154720359,0.016200507605090543,0.4764079093934337,-0.04027723989463636,0.018836192570019117,0,500,non_normal
0.008467913520127063,0.015181287798246889,0.01577908941310003,0.577241001778636,-0.021359354428733875,0.038295181468988,0,500,non_normal
-0.005206515645552571,0.015288923082708687,0.016958420554398817,0.7335922410739114,-0.03524525883373837,0.024832227542633232,0,500,non_normal
-0.023016977009555094,0.015442296130241572,0.015321374830256447,0.13672191148551646,-0.05335705820316525,0.00732310418405506,0,500,non_normal
0.007738812086357433,0.015364490715893528,0.014141985929537136,0.6147078305071323,-0.0224484017765972,0.03792602594931206,0,500,non_normal
0.009662751234182972,0.01497763084603223,0.015290431935051743,0.519129995454781,-0.019764383961509528,0.03908988642987547,0,500,non_normal
-0.0203407407464268,0.015029214693672951,0.01440095831928177,0.17653757897937528,-0.04986922473847047,0.009187743245616869,0,500,non_normal
-0.00040302660623206185,0.01558566369769676,0.015884435983550656,0.9793803179941305,-0.03102478764851461,0.030218734436050488,0,500,non_normal
-0.007790139108715044,0.015573550959842445,0.014751099804303246,0.6171439706153451,-0.03838810178274476,0.022807823565314675,0,500,non_normal
-0.0018735720042281356,0.015411232664363523,0.016046033967622202,0.9032871500350359,-0.032152621595481615,0.028405477587025343,0,500,non_normal
-0.002357015347028103,0.015348173375639988,0.016343956183830124,0.8780111879321009,-0.03251216989548826,0.027798139201432058,0,500,non_normal
-0.005003572514875541,0.015556402129493477,0.015371656371666131,0.747859841256485,-0.03556784221340635,0.025560697183655265,0,500,non_normal
-0.017199790578109955,0.015255285117790245,0.013251788268858847,0.2600891174045646,-0.04717244394531281,0.012772862789092902,0,500,non_normal
0.027618622521944504,0.01607871829332342,0.013880062255623826,0.08647062935654642,-0.00397186210509691,0.05920910714898592,0,500,non_normal
-0.017292404706331296,0.015517251063669519,0.019893289426535333,0.265645701251163,-0.04777975277961305,0.01319494336695046,0,500,non_normal
-0.0026127345724920375,0.015527047736417304,0.016249780933265325,0.866439278644259,-0.03311933055062474,0.027893861405640666,0,500,non_normal
-0.008849819441352526,0.01565211274531465,0.015034047164272712,0.5720513689263872,-0.03960213551787099,0.02190249663516594,0,500,non_normal
0.004364852558176199,0.015332635523051828,0.015584898323578882,0.7760097595505303,-0.025759774165592407,0.034489479281944804,0,500,non_normal
-0.02280797414612672,0.015375600248953448,0.01691389559021702,0.13860404905768414,-0.05301701534176674,0.0074010670495133005,0,500,non_normal
0.012848390211960258,0.015767318004450963,0.02101646622427439,0.4155334898632769,-0.018130274128226168,0.04382705455214669,0,500,non_normal
-0.004260139021827055,0.015210402271340615,0.015968843267255107,0.7795319472362743,-0.03414460931094379,0.025624331267289677,0,500,non_normal
0.01668704497518874,0.015929399850949773,0.015248996169595755,0.29534828236735583,-0.014610067887245212,0.04798415783762269,0,500,non_normal
0.027381827974676115,0.01542662089170602,0.016850156079143863,0.07651317861555754,-0.0029274554667159287,0.057691111416068155,0,500,non_normal
0.014296913392593608,0.015304001821846313,0.014559662376921757,0.3506563391591273,-0.015771455582189883,0.0443652823673771,0,500,non_normal
0.018682644807410755,0.015426517288205654,0.016808330712143417,0.22644167144260618,-0.01162643508014535,0.04899172469496686,0,500,non_normal
0.0017693002051757812,0.015458951198375414,0.01776022509459353,0.9089260169127233,-0.02860350385006091,0.032142104260412474,0,500,non_normal
-0.009122242488271596,0.015756121587477516,0.016704542732626625,0.5628745763755416,-0.04007890879156074,0.021834423815017545,0,500,non_normal
0.002072650444128875,0.015362269847269096,0.01700900358317844,0.8927310282591038,-0.02811019999166329,0.03225550087992104,0,500,non_normal
-0.002401444072609259,0.01531346564504053,0.01521541297118473,0.8754509655686968,-0.03248840698975034,0.027685518844531822,0,500,non_normal
-0.010431460045373625,0.015328250253326887,0.015765881738924032,0.4964800031952017,-0.04054747085876281,0.019684550768015563,0,500,non_normal
-0.008587791616740857,0.015383974750656023,0.015133715801284437,0.576938419594283,-0.038813286522338855,0.02163770328885714,0,500,non_normal
0.03466026894850044,0.015763907379191085,0.014996699145806864,0.028357673988903844,0.003688305596718386,0.06563223230028249,1,500,non_normal
0.004586687099300997,0.01563989306238755,0.015232594327909074,0.7694391394639521,-0.026141620489811095,0.03531499468841309,0,500,non_normal
-0.01813107494041157,0.015265892128887936,0.015599227403518282,0.23552359057327418,-0.04812456831581083,0.011862418434987688,0,500,non_normal
-0.02802600672483359,0.015470002540093624,0.016193648889952787,0.07064478392609833,-0.05842052378195814,0.0023685103322909594,0,500,non_normal
0.01477077323709584,0.015465667879423821,0.01520217436486129,0.34000639133992105,-0.015615227343232813,0.04515677381742449,0,500,non_normal
0.0021973860048804597,0.015525725418967263,0.015934069427109628,0.8875069657593364,-0.02830661196461029,0.03270138397437121,0,500,non_normal
0.03284467585936337,0.01517689903124295,0.014742260984874292,0.03092955219235313,0.00302603069212223,0.0626633210266045,1,500,non_normal
-5.211498149673352e-05,0.01566409854589099,0.01548634522701439,0.9973467484861063,-0.03082798002764961,0.030723750064656143,0,500,non_normal
-0.012410070718238755,0.015936642950085345,0.01366204173942468,0.43651865679145585,-0.04372141437990187,0.018901272943424356,0,500,non_normal
-0.003958536408863405,0.015493692655522279,0.01428480024693148,0.7984475189960013,-0.03439959835928163,0.026482525541554815,0,500,non_normal
0.019852683742405466,0.0159347003076288,0.015076934437588037,0.21339519260873183,-0.011454843133893305,0.05116021061870424,0,500,non_normal
0.033674398924448956,0.014505631970282923,0.015542261387940395,0.020664119179335177,0.005174618319857844,0.06217417952904007,1,500,non_normal
0.014819705537845361,0.015513880828087535,0.016961026231300007,0.3399124373647082,-0.01566102090220669,0.04530043197789741,0,500,non_normal
0.015733779388372195,0.015411044688449057,0.014034319958625288,0.3077777216090643,-0.014544900879274274,0.04601245965601866,0,500,non_normal
-0.0254715912352837,0.015099586307264153,0.015967581756419585,0.09224755882611914,-0.05513833707984431,0.00419515460927691,0,500,non_normal
0.0028648122265300825,0.015433079974617257,0.01424737200910845,0.8528120521279228,-0.02745716162685189,0.03318678607991205,0,500,non_normal
0.008606593924807868,0.015432891400433767,0.015305162463718049,0.5773144336348635,-0.021715009429524618,0.038928197279140354,0,500,non_normal
-0.00974001613340652,0.015177337456303609,0.014399252304743973,0.5213325049769408,-0.03955952269145545,0.020079490424642403,0,500,non_normal
-0.007892142352148288,0.014921667797778815,0.011093953905843742,0.5971071122226828,-0.03720932476533162,0.021425040061035048,0,500,non_normal
-0.010366549708419234,0.015290347813944534,0.013815209399852478,0.4980992656149832,-0.04040809212160436,0.019674992704765894,0,500,non_normal
0.01528673438807552,0.015690424436627142,0.014336026578191859,0.33039471400062737,-0.015540854161868012,0.04611432293801905,0,500,non_normal
0.00902265761298501,0.015489565782590652,0.01584119990449983,0.5604942030730018,-0.021410296109306694,0.03945561133527671,0,500,non_normal
0.006018377422829856,0.015543104001745767,0.01668732121435311,0.6987693984810858,-0.024519764925714546,0.03655651977137426,0,500,non_normal
0.006299999817208174,0.01529911725358113,0.014697969543907521,0.6806716615840154,-0.023758772255889748,0.0363587718903061,0,500,non_normal
0.013528314416810072,0.015499482532650464,0.017007317198215677,0.3831798683433518,-0.016924123130908485,0.04398075196452863,0,500,non_normal
-0.014968832070015899,0.01551787899914954,0.016965389377526674,0.33520413956476824,-0.045457413872614046,0.015519749732582246,0,500,non_normal
-0.03493211481986502,0.015198244718987489,0.0160545473615116,0.02195065117000374,-0.0647926986919361,-0.005071530947793942,1,500,non_normal
-0.004973896134402879,0.015493022718769614,0.014705997715221733,0.7483139732728733,-0.035413641833967016,0.02546584956516126,0,500,non_normal
0.016167192496661695,0.015481930370007804,0.016165881354196894,0.2968707871390322,-0.014250759632877447,0.046585144626200836,0,500,non_normal
0.001978660688552284,0.015524406467398574,0.014687498949092046,0.8986318646700298,-0.028522745885374817,0.03248006726247939,0,500,non_normal
0.00020101401635398003,0.015817665538288884,0.01329561185465891,0.9898656877291138,-0.030876570086260074,0.031278598118968035,0,500,non_normal
0.012976082297769044,0.015371574310212096,0.012909092806638933,0.398984812743055,-0.017225048979082808,0.04317721357462089,0,500,non_normal
-0.01272669190722596,0.015440648898230224,0.014083552727742987,0.4102017766768238,-0.043063536719889425,0.01761015290543751,0,500,non_normal
-0.005406997215510634,0.015262933793452626,0.014959099143618537,0.7232964305629128,-0.035394678233955444,0.024580683802934176,0,500,non_normal
-0.0027276654185961584,0.01537140458018255,0.014995147141398824,0.8592265928613374,-0.03292846322024238,0.02747313238305006,0,500,non_normal
-0.011769666464099642,0.015013023705772734,0.013703809311376382,0.4334340881649159,-0.041266339391043,0.017727006462843715,0,500,non_normal
0.009494497955906706,0.014989418144795095,0.01360631058972797,0.526754512840754,-0.019955796205169074,0.038944792116982485,0,500,non_normal
-0.0028227997009307552,0.015721055285590518,0.015195204189512418,0.8575746872414101,-0.033710569873914006,0.0280649704720525,0,500,non_normal
0.02558268331736328,0.01548721030365648,0.015725286322576883,0.09919370450279937,-0.0048456425036428954,0.056011009138369455,0,500,non_normal
-0.020086139369138625,0.015040161458576808,0.015828373798520052,0.1823227385922462,-0.04963613089692628,0.009463852158649026,0,500,non_normal
0.016216219069570815,0.015091201008985668,0.012368852244474702,0.2830975183070656,-0.013434051852578247,0.045866489991719876,0,500,non_normal
0.008883767696574616,0.01560913609593582,0.01573615192773306,0.5695184261993391,-0.021784110481551947,0.03955164587470118,0,500,non_normal
-0.013615122899368847,0.015376798032777672,0.014997946599546931,0.37635051869452407,-0.043826517427581486,0.016596271628843792,0,500,non_normal
-0.0034381586406618423,0.015386825706847298,0.013871578487242377,0.8232783164364115,-0.03366925493102756,0.02679293764970388,0,500,non_normal
0.008698501657582522,0.01565275834920198,0.015156413323191752,0.578653996001141,-0.022055082862060933,0.03945208617722598,0,500,non_normal
-0.009556573844018746,0.015360923490177552,0.016373192951960484,0.5341375850848051,-0.039736779039548156,0.020623631351510664,0,500,non_normal
-0.025102116782453124,0.015477773650453677,0.01426323180983754,0.10547542940943905,-0.055511902043043015,0.005307668478136764,0,500,non_normal
-0.0052772611864840575,0.015081673983475872,0.014905151569152484,0.7265525504603783,-0.0349088139902223,0.024354291617254185,0,500,non_normal
0.00226204392552211,0.01522694442755548,0.014002959374758405,0.8819646478315141,-0.027654927382772306,0.03217901523381653,0,500,non_normal
-0.02636707928775483,0.015905032108266555,0.01500294002359017,0.09799117243857514,-0.05761631589621215,0.004882157320702494,0,500,non_normal
0.004018454147662567,0.015510613971340518,0.01775414072947509,0.7956823469923074,-0.02645585377158685,0.034492762066911986,0,500,non_normal
-0.02107927122070128,0.015416505872737454,0.014417278541120843,0.17214235042084905,-0.05136868129001233,0.009210138848609769,0,500,non_normal
0.02063901808049813,0.01573409597604051,0.01542605970581072,0.19021278837701963,-0.010274373645377033,0.051552409806373295,0,500,non_normal
0.024805900199000395,0.015459243538046282,0.015899380124999037,0.10921583387679183,-0.005567478227383918,0.05517927862538471,0,500,non_normal
0.0031067458453984537,0.015990918961939528,0.016455189683891015,0.8460343962534747,-0.02831123601259456,0.03452472770339147,0,500,non_normal
0.013184933548747215,0.015531549268880293,0.015729073798508603,0.3963375983897909,-0.017330506765698618,0.043700373863193046,0,500,non_normal
0.01688053070864818,0.015127406702931391,0.015016349386188572,0.26500712337638926,-0.012840874951801428,0.04660193636909779,0,500,non_normal
0.0007693344428676226,0.01569074753174295,0.016443887596944994,0.9609141778161001,-0.030058888904645142,0.031597557790380384,0,500,non_normal
-0.005971213524785508,0.015188824190599862,0.0155363073377955,0.6943901924522764,-0.03581328851749327,0.023870861467922257,0,500,non_normal
0.012686959428504981,0.01572615680513199,0.016714132137407398,0.4201999427086959,-0.018210833898793778,0.043584752755803736,0,500,non_normal
-0.028309384159179413,0.016156022253201906,0.015980573678810034,0.08034632104730091,-0.060051750889731824,0.0034329825713729986,0,500,non_normal
-0.004352738254422027,0.015453275420167422,0.01475684988609755,0.7783128624447638,-0.0347143908869548,0.026008914378110745,0,500,non_normal
-0.010106000899542373,0.015437816741378226,0.01536268635009936,0.5130106041809521,-0.040437281263232844,0.020225279464148094,0,500,non_normal
-0.004222024488358782,0.01554129262801315,0.014079510969485464,0.785992235194873,-0.03475660796031799,0.026312558983600423,0,500,non_normal
0.0038621141659618227,0.015686183022665313,0.014952138696221917,0.8056201824772181,-0.026957141112628,0.03468136944455165,0,500,non_normal
-0.00613043358449739,0.01513999644102366,0.015150600189867905,0.6857127978172346,-0.03587657479416222,0.023615707625167445,0,500,non_normal
-0.01362333986404524,0.015500112316276118,0.014523270708379268,0.37986919168099365,-0.04407701477220395,0.016830335044113475,0,500,non_normal
0.006668631047112414,0.016033522889441765,0.015904873593235964,0.6776491637541323,-0.024833056408071763,0.03817031850229659,0,500,non_normal
0.003124383036296235,0.01530902941982939,0.01500665907769196,0.8383684204292009,-0.026953863856235296,0.03320262992882776,0,500,non_normal
-0.008224197896318486,0.015515647767754917,0.014783149610566277,0.5963077535755789,-0.038708395911615595,0.02226000011897862,0,500,non_normal
-0.014358718246241874,0.01573248274874561,0.014417041731383366,0.3618526177500788,-0.04526894040156236,0.016551503909078613,0,500,non_normal
-0.002438196880971119,0.01549585804479015,0.014629025270198113,0.8750366743909597,-0.03288351325609723,0.028007119494154988,0,500,non_normal
-0.015611208913982504,0.01523421427989114,0.014677960750044135,0.3059802817740394,-0.0455424635845612,0.014320045756596194,0,500,non_normal
-0.0010956050567561167,0.015486941930313039,0.015866954276200395,0.9436300636662937,-0.03152340359419245,0.029332193480680214,0,500,non_normal
0.033098710952917776,0.015547926827812638,0.016766269430193714,0.033759408826864505,0.0025510930099917235,0.06364632889584383,1,500,non_normal
0.007062959837106586,0.015439507102939816,0.01548913387755034,0.647539816320815,-0.02327164164583925,0.037397561320052425,0,500,non_normal
-0.020580237001908083,0.015528052347469665,0.015060566927314892,0.18565996151080486,-0.05108880677853808,0.009928332774721917,0,500,non_normal
-0.0019282989123544057,0.015473608382637725,0.01620980219094205,0.9008758137403206,-0.03232990050889179,0.02847330268418298,0,500,non_normal
0.02347085382669609,0.015016245002114495,0.016546956813053272,0.11868055588735316,-0.006032148106745617,0.0529738557601378,0,500,non_normal
-0.0025429752151992294,0.015557977822231384,0.016751923089421965,0.8702292462673769,-0.033110340738677385,0.028024390308278923,0,500,non_normal
-0.01405937451354275,0.015130290393343689,0.015306799367685413,0.3532250548409662,-0.043786445872960204,0.015667696845874705,0,500,non_normal
-0.029175788813682046,0.015477565064193656,0.015735876044339993,0.0600067603399258,-0.05958516425671556,0.001233586629351465,0,500,non_normal
0.012153058154804466,0.015024498978068495,0.01641627257679869,0.4189688531462601,-0.017366160686958537,0.04167227699656747,0,500,non_normal
-0.02348081606275971,0.015674880198538563,0.015561154992123042,0.13476937346425888,-0.054277864242170085,0.007316232116650664,0,500,non_normal
0.0013414028010840734,0.015502959754113302,0.016730993666716352,0.9310833888702715,-0.029117866579194934,0.03180067218136308,0,500,non_normal
-0.008480930568102053,0.015667669933987542,0.014390394586733798,0.5885419650021775,-0.03926381245967153,0.022301951323467423,0,500,non_normal
0.031655444566709205,0.015293910776469936,0.015342876337939591,0.038985451540190855,0.0016069018621555735,0.06170398727126283,1,500,non_normal
-0.037066928851438745,0.015892290793115944,0.016074544790287058,0.02007807051442008,-0.0682911321013254,-0.0058427256015521,1,500,non_normal
0.019140122675473374,0.015391152861932385,0.018220058272557314,0.21423943461067296,-0.011099475345173367,0.049379720696120115,0,500,non_normal
-0.006780493334574971,0.01562096111100766,0.014980822586914768,0.6644301188583899,-0.03747160458078736,0.023910617911637417,0,500,non_normal
-0.007794074084282497,0.01551451706223764,0.015561593633273063,0.6156272476060902,-0.038276050558371556,0.02268790238980656,0,500,non_normal
0.018665002140771884,0.015652120642758564,0.015389649259414986,0.2336369343879156,-0.012087329452162506,0.04941733373370627,0,500,non_normal
-0.015775946750196834,0.01535402084024797,0.015863867197992026,0.30469336931598473,-0.04594259004032382,0.01439069653993015,0,500,non_normal
0.010632756832146902,0.015570323320878652,0.01560503697123074,0.49499638532424717,-0.01995886437378771,0.04122437803808151,0,500,non_normal
-0.005589082340402677,0.015302879452825116,0.013973276574773662,0.7150942205185089,-0.03565524615301695,0.024477081472211594,0,500,non_normal
0.0011066190376502662,0.015565077577177969,0.018614362002920045,0.9433496744064334,-0.029474695651140956,0.031687933726441485,0,500,non_normal
0.009994290597302837,0.015857005848262423,0.015522402132646915,0.5288031014727468,-0.02116058694591825,0.04114916814052392,0,500,non_normal
-0.012467953284999377,0.015122342479875617,0.01426852486332329,0.4100659282153243,-0.04217940906899286,0.01724350249899411,0,500,non_normal
0.017234901155635664,0.015997452894945693,0.015242419451185518,0.281844262708606,-0.014195918175246663,0.04866572048651799,0,500,non_normal
0.014452452285035475,0.015326314580787663,0.016319504394807664,0.34614689054440684,-0.01565975543705764,0.044564660007128595,0,500,non_normal
0.021263787707681458,0.01521321590414621,0.01639301694377876,0.16282001504438692,-0.008626210635492185,0.051153786050855105,0,500,non_normal
0.020263125569037293,0.015797058727605236,0.015505745232907693,0.20018860287753537,-0.010773971529311973,0.051300222667386555,0,500,non_normal
-0.007076771379368776,0.015265012750262678,0.013752213441961945,0.6431410621500939,-0.0370685370053022,0.022914994246564648,0,500,non_normal
0.03154940330253067,0.015092090734272992,0.015395667887631095,0.03708301244506729,0.001897384302425472,0.061201422302635866,1,500,non_normal
0.020795697431624165,0.015474375401499638,0.015024805318081424,0.17959926144083874,-0.009607411156771894,0.05119880602002022,0,500,non_normal
-0.01979336136582177,0.015469933874868388,0.015183451762894202,0.2013263547374282,-0.050187743513701526,0.010601020782057984,0,500,non_normal
-0.003985722811494792,0.015328756766174382,0.01527287812458176,0.79495885686467,-0.034102728790420825,0.02613128316743124,0,500,non_normal
-0.0053777368350274145,0.015552675041524978,0.015109866552072027,0.7296573207156685,-0.035934683778533566,0.025179210108478733,0,500,non_normal
0.01949092619643723,0.015573446956406393,0.01659539946190875,0.2113219418090175,-0.011106832137987313,0.05008868453086177,0,500,non_normal
0.014433880497304848,0.015563487788102263,0.013904300930643326,0.3541580724588077,-0.01614431067091464,0.04501207166552433,0,500,non_normal
0.010888454337436178,0.015137502519012766,0.01686688028091212,0.4722915084163163,-0.01885278696643337,0.040629695641305724,0,500,non_normal
-0.0058498914661419335,0.015595525608695926,0.015453651375859984,0.7077453255877499,-0.0364910285894111,0.024791245657127235,0,500,non_normal
0.00897281001698569,0.01563751525990658,0.01522048951767687,0.5663620320409735,-0.021750825810898246,0.03969644584486963,0,500,non_normal
0.00025351473799544236,0.015640073594732053,0.016497156125815794,0.987073903130425,-0.030475147550051585,0.03098217702604247,0,500,non_normal
-0.015089011226895389,0.01535716075560241,0.017607500514401558,0.32631141169130395,-0.04526182363112246,0.015083801177331683,0,500,non_normal
0.011004162601400289,0.015178398029867063,0.01526261292376796,0.4687996454980349,-0.01881742770687306,0.040825752909673635,0,500,non_normal
-0.0002943184690548436,0.015227854337981163,0.01643758515452666,0.9845874765082747,-0.030213077513833606,0.029624440575723915,0,500,non_normal
0.04268948385445043,0.015096836104504307,0.018557256691475076,0.004877023405030126,0.013028141440463152,0.0723508262684377,1,500,non_normal
-0.00036566879320245596,0.015345308669880561,0.014457209151870385,0.9809982705739119,-0.030515194942582338,0.029783857356177428,0,500,non_normal
0.024569767237855956,0.015895405461961602,0.015874045462109795,0.12280861164358359,-0.006660555523330787,0.0558000899990427,0,500,non_normal
0.013857121521598473,0.01537955886111602,0.01488515077157704,0.36801903494994326,-0.016359697313675804,0.044073940356872746,0,500,non_normal
0.022296357872467414,0.015073969073760482,0.016608578805211313,0.13973785836223776,-0.007320056794792758,0.051912772539727585,0,500,non_normal
-0.009505999304072298,0.015751785712459023,0.014693954402216871,0.5464594673682084,-0.04045414674468733,0.021442148136542737,0,500,non_normal
-0.005055457432185629,0.015523205401566103,0.01680664283237612,0.7448100984882093,-0.03555450422525057,0.025443589360879308,0,500,non_normal
0.013779529763910664,0.01580378093066059,0.015162952813626679,0.3836757347914549,-0.017270774708832877,0.04482983423665421,0,500,non_normal
-0.0018061019656131702,0.015472009168746024,0.01463015224721464,0.9071182935327708,-0.03220456152427543,0.028592357593049088,0,500,non_normal
-0.015904290690170672,0.015670669106642655,0.01395634246370976,0.3106424091407357,-0.0466930651731723,0.014884483792830954,0,500,non_normal
-0.02312200307540766,0.015649818601577048,0.016261270951942054,0.1401841099188841,-0.053869811758292335,0.007625805607477009,0,500,non_normal
0.02847840865206512,0.01541384729245629,0.015443226154729218,0.06525510023934604,-0.0018057780009281786,0.058762595305058424,0,500,non_normal
-0.0006360775149965806,0.015583844679196322,0.013297916991361174,0.9674585681369412,-0.031254264660720586,0.02998210963072742,0,500,non_normal
0.009979521415780762,0.01517419484944092,0.01435233694550597,0.5110579334762567,-0.0198338107400569,0.03979285357161842,0,500,non_normal
0.01436007019709169,0.01543764912187986,0.015914112786175216,0.35271926343106874,-0.015970880838036036,0.044691021232219415,0,500,non_normal
-0.006504330035180268,0.01577436316251337,0.008934904895116383,0.6802709659830022,-0.03749683627205307,0.024488176201692538,0,500,non_normal
-0.03513007031372553,0.014896801108057493,0.0190877202573935,0.018747915326282377,-0.06439839617223603,-0.0058617444552150275,1,500,non_normal
-0.0009835298110567586,0.01571749598136001,0.0148772342858297,0.95012966436848,-0.03186430688026609,0.029897247258152577,0,500,non_normal
0.008411644768130354,0.015734673818566972,0.015455373013079874,0.5931699868674255,-0.02250288226748257,0.03932617180374327,0,500,non_normal
-0.021160100045483785,0.0154964082550441,0.01665496704291684,0.17271737150054114,-0.05160649744014466,0.009286297349177089,0,500,non_normal
-0.005876190704430552,0.015329526967570676,0.016718188629913176,0.7016423946719057,-0.035994709928064625,0.024242328519203517,0,500,non_normal
0.015280096270293642,0.015702368459465002,0.015570235554523474,0.33097217418553315,-0.015570959166932883,0.04613115170752016,0,500,non_normal
0.03059589492366778,0.0157698574975543,0.014864485285887184,0.0529255582263503,-0.00038775885761575465,0.06157954870495132,0,500,non_normal
-0.00978092105371254,0.015677680005382992,0.014997096915703688,0.5329949859058878,-0.04058347012277494,0.021021628015349864,0,500,non_normal
-0.0059343696808755115,0.015391519640328435,0.014119171890232707,0.6999864607333285,-0.03617468832533508,0.02430594896358406,0,500,non_normal
0.01985446370991144,0.016059878387162,0.01753926258752373,0.216938253698724,-0.011699005419059185,0.051407932838882064,0,500,non_normal
0.018933372926130884,0.015300246326908611,0.015022665200324706,0.2165011900234407,-0.011127617481348169,0.04899436333360994,0,500,non_normal
0.022539948100867707,0.015263284882470213,0.01523699866379693,0.14037661490420975,-0.007448422715856447,0.05252831891759186,0,500,non_normal
-0.022082722494494042,0.016224114373454813,0.017181765980593424,0.17409609190507092,-0.05395887246814023,0.009793427479152149,0,500,non_normal
-0.005171386047074484,0.015530880782000014,0.015476118064772365,0.7392937209287685,-0.03568551295928703,0.02534274086513806,0,500,non_normal
-0.042097078772576645,0.015566052012412469,0.014431226429008842,0.007076686481980096,-0.07268030797225947,-0.011513849572893826,1,500,non_normal
-0.003962893891303667,0.015387637022829703,0.015092544412683111,0.7968702352848874,-0.034195584205807525,0.026269796423200195,0,500,non_normal
-0.010002054439076228,0.015295638681645348,0.01431201066164682,0.5134681150084992,-0.040053992026286865,0.020049883148134405,0,500,non_normal
-0.017141116833204517,0.015460981841441061,0.014540846230267383,0.26810796922804264,-0.04751791057203278,0.013235676905623741,0,500,non_normal
0.017910922780377297,0.015633572126298446,0.015772823407807366,0.2524817432584234,-0.012804965819191692,0.04862681137994629,0,500,non_normal
-0.02745443772187322,0.014543995039171751,0.013755607826736477,0.05964981627239117,-0.05602959174341647,0.0011207162996700326,0,500,non_normal
-0.014056903532432075,0.015368246262410186,0.013280362229438783,0.3608065333749403,-0.04425149606403033,0.016137688999166185,0,500,non_normal
0.028798484855157756,0.015567400516368788,0.016272666696718636,0.0649169151754323,-0.001787393802816728,0.05938436351313224,0,500,non_normal
-0.017200360872692808,0.015720162107000057,0.015088805986503081,0.2744140734246983,-0.048086376182880634,0.013685654437495018,0,500,non_normal
-0.00044999590486467875,0.015038979984881611,0.014779130294959952,0.9761412717514562,-0.029997666145226025,0.02909767433549667,0,500,non_normal
0.002531831344598297,0.015437468567787023,0.015682302942121674,0.8697932730720725,-0.0277987649488647,0.03286242763806129,0,500,non_normal
0.009065796194882954,0.015154329539111529,0.015146685052015043,0.549957493547208,-0.02070850581134181,0.03884009820110772,0,500,non_normal
0.005890507656821451,0.014986840998218134,0.015796518843666403,0.6944542062790846,-0.023554723083909754,0.035335738397552656,0,500,non_normal
-0.011996952492277037,0.015742049076777814,0.015795772825043856,0.4463634941533524,-0.042925969985206244,0.018932065000652174,0,500,non_normal
-0.014417026669693994,0.01508406012244269,0.01332209111313782,0.3396476673076193,-0.044053267613679115,0.01521921427429113,0,500,non_normal
-0.010470971898020844,0.014962307253204396,0.013756264527028857,0.48436440216991183,-0.03986800023352538,0.018926056437483692,0,500,non_normal
0.002896040094232025,0.015042762820902974,0.01519305561188668,0.8474130005857746,-0.026659062431526666,0.032451142619990714,0,500,non_normal
-0.014035908535400807,0.0155559063980327,0.01288056222994057,0.3673400590975425,-0.04459920425100554,0.01652738718020393,0,500,non_normal
0.01714021563702897,0.015021233097499453,0.018038231474531548,0.25439094656265093,-0.012372586601866322,0.04665301787592427,0,500,non_normal
-0.03479694852248732,0.015515582968927912,0.014235982659454442,0.02535466086321445,-0.06528101922500296,-0.004312877819971677,1,500,non_normal
0.0015179827818660625,0.01630950679095176,0.01620528644139948,0.9258826057854124,-0.030525941003286195,0.033561906567018324,0,500,non_normal
0.007412540130636264,0.015469837776245403,0.015861247416070947,0.6320345579084815,-0.022981653208532703,0.03780673346980523,0,500,non_normal
-0.004963014067403676,0.01546443873364624,0.014882297872189061,0.7483974964983986,-0.035346599697107364,0.025420571562300015,0,500,non_normal
0.003941177162758799,0.015653155369400464,0.015505046850031547,0.8013137174167426,-0.026813187397945647,0.034695541723463244,0,500,non_normal
-0.013733886667566168,0.015575011831681092,0.01547843850401954,0.3783158838794892,-0.04433471957344639,0.016866946238314057,0,500,non_normal
-0.003840221814378683,0.015138980113348218,0.015793177351724474,0.7998594525743031,-0.03358436620544011,0.02590392257668274,0,500,non_normal
0.00451364673792861,0.015307113270509822,0.014594105364317581,0.7682141656054373,-0.02556083542133758,0.0345881288971948,0,500,non_normal
-0.016579883457995985,0.015524820092889219,0.011961946345626282,0.2860560671731963,-0.04708210269804891,0.013922335782056938,0,500,non_normal
0.009449920061110631,0.015554452426580458,0.015871125684081673,0.5437708926887979,-0.021110518980101762,0.04001035910232302,0,500,non_normal
-0.021684639687130507,0.015436116004547536,0.015678788546918176,0.16070449753601596,-0.052012578546869956,0.008643299172608938,0,500,non_normal
-0.015297066902413031,0.015840053176614684,0.016783151349377454,0.33465269620897276,-0.04641863687078236,0.015824503065956296,0,500,non_normal
-0.010855031613276504,0.015506014421353485,0.014181665774178072,0.4842211113541799,-0.04132030261736229,0.019610239390809286,0,500,non_normal
0.020329681937671495,0.01495609204633352,0.014537521599309178,0.17466958180308415,-0.009055135138606622,0.049714499013949615,0,500,non_normal
0.003798097206000217,0.015302541456898099,0.014692817708657971,0.8040816533728812,-0.02626740253284016,0.03386359694484059,0,500,non_normal
-0.01819691559830426,0.015516628544322604,0.0175268115129423,0.24146216734584197,-0.048683040583557484,0.012289209386948961,0,500,non_normal
0.021651824460891964,0.015710245954648528,0.01754095113151995,0.16876114017456026,-0.00921470819820977,0.0525183571199937,0,500,non_normal
-0.02422579639639066,0.015609825825078404,0.014889908028188457,0.12130748297591903,-0.05489502971225135,0.006443436919470028,0,500,non_normal
-0.02003800379594227,0.014618491991183775,0.014572597848507797,0.17107664327701974,-0.048759524883215784,0.008683517291331246,0,500,non_normal
-0.021778634421251664,0.015295686827508643,0.013716173379709418,0.15511858441064175,-0.051830666602516784,0.008273397760013457,0,500,non_normal
0.017226723493457406,0.015646871403676082,0.015034456599524532,0.2714419202466008,-0.013515294714820717,0.047968741701735526,0,500,non_normal
-0.0008831793730345958,0.015295971191486004,0.012311555803700464,0.953979412170553,-0.030935770255291387,0.0291694115092222,0,500,non_normal
-0.013349550079207134,0.015570586197415078,0.01942677879761888,0.39166004896730144,-0.043941687768920566,0.017242587610506295,0,500,non_normal
0.018740892467688116,0.01592255327167031,0.01605795368196798,0.23975656107885615,-0.012542768653535503,0.05002455358891174,0,500,non_normal
0.009043602439445578,0.01581147922553886,0.018457380402177526,0.5676042068494868,-0.02202182717334768,0.04010903205223884,0,500,non_normal
0.011397551951474811,0.015032681441686927,0.014381447593146237,0.448698946952387,-0.018137743295536038,0.04093284719848566,0,500,non_normal
-0.01615155782343071,0.015554756864561908,0.01531466992224858,0.29960277206151587,-0.04671259500581315,0.014409479358951732,0,500,non_normal
0.0005706011322487358,0.015380923408362097,0.01578966104129885,0.9704217514473843,-0.029648898682194006,0.03079010094669148,0,500,non_normal
0.005969712838072131,0.015427098184693103,0.015261017706904785,0.6989490639370678,-0.024340508359457932,0.036279934035602195,0,500,non_normal
0.00897673631831994,0.01603432325950448,0.016431005890355163,0.5758368626323945,-0.02252652365512725,0.04047999629176713,0,500,non_normal
0.008719888393941765,0.01581748960424489,0.015035771445212412,0.5816880120667225,-0.022357350044197623,0.039797126832081156,0,500,non_normal
0.003919463314268547,0.015869244754690162,0.017387474962012393,0.8050217185534454,-0.027259460485520005,0.0350983871140571,0,500,non_normal
0.005433038069223163,0.015894811941258902,0.009518714122450068,0.7326365399748248,-0.025796118578701788,0.036662194717148114,0,500,non_normal
-0.008251554379801082,0.015518832963499905,0.014813260300639125,0.5951623691749632,-0.03874201047334675,0.022238901713744583,0,500,non_normal
0.001593357194534288,0.015408381367346574,0.014276184610262635,0.9176804162353261,-0.02868009034231797,0.03186680473138655,0,500,non_normal
0.008023848763074697,0.015920259654790252,0.012237267157789857,0.6144825950388313,-0.02325530599965268,0.03930300352580207,0,500,non_normal
0.024292196755318657,0.015340671376260611,0.017465239252687715,0.11393874096899902,-0.0058482183225106454,0.05443261183314796,0,500,non_normal
-0.017004126052464857,0.015291386735408934,0.013902499077302831,0.26667175368150864,-0.04704770967515133,0.013039457570221614,0,500,non_normal
-0.0020968855188472912,0.0152863940845564,0.01544522830213196,0.8909492339144336,-0.032130659885775445,0.027936888848080862,0,500,non_normal
0.008855858881114837,0.015789809310723543,0.015641106264038074,0.5751458190602787,-0.022166995005283185,0.039878712767512856,0,500,non_normal
-0.016264312519818948,0.01571813210431066,0.016172222454766415,0.30128861624943115,-0.04714633940458739,0.014617714364949491,0,500,non_normal
-0.03037706374574384,0.014885114937456435,0.01874817019633732,0.04180069149170568,-0.05962242932931284,-0.0011316981621748434,1,500,non_normal
0.0073039458576763154,0.015157839626354143,0.014862389264324498,0.6301175945037453,-0.02247725255378763,0.03708514426914026,0,500,non_normal
0.025166165566803636,0.015563007061694362,0.015930234102872753,0.10650063640994296,-0.005411081099502103,0.05574341223310937,0,500,non_normal
0.021412504709546754,0.015624985133477869,0.015335688056043597,0.17117897518191716,-0.009286512690481186,0.05211152210957469,0,500,non_normal
-0.000323068089352241,0.015309158221531659,0.01741992271439979,0.983172000287561,-0.030401568043609294,0.029755431864904813,0,500,non_normal
0.0028642600404441432,0.015885079845720528,0.014896794773017044,0.8569815026834557,-0.0283457755799906,0.03407429566087889,0,500,non_normal
0.0027747754957258438,0.015526830758820893,0.015070626578328496,0.8582393300465777,-0.027731394178064764,0.03328094516951645,0,500,non_normal
-0.00728187891601374,0.015348181452822237,0.015381942874349684,0.6353900684976294,-0.03743704933402874,0.02287329150200126,0,500,non_normal
0.00258281990007378,0.01571983228036353,0.016709240166069,0.8695590690738465,-0.028302547386863643,0.0334681871870112,0,500,non_normal
-0.01044786593911715,0.015996411784114397,0.0139927673358284,0.5139686689666212,-0.041876639758963635,0.02098090788072934,0,500,non_normal
-0.02996304342081267,0.015497024289999555,0.016065965758630486,0.05374464124082063,-0.0604106511633654,0.00048456432174005457,0,500,non_normal
9.139499427954917e-05,0.015118544542470577,0.01477656812994523,0.9951790589830768,-0.029612598834039383,0.02979538882259848,0,500,non_normal
-0.01630414903301908,0.01552574775088656,0.014903192440737748,0.2941648488932285,-0.04680819087890224,0.01419989281286408,0,500,non_normal
-0.009057086686049813,0.015619733358975294,0.014969609523020662,0.5622786881216317,-0.03974578571998279,0.021631612347883165,0,500,non_normal
-0.014128246056999678,0.015786255211292854,0.01602386112383013,0.37123475771085024,-0.04514411706569688,0.01688762495169753,0,500,non_normal
0.017363304698075118,0.015367671201667378,0.012321203238729586,0.2590794589103803,-0.012830157989264172,0.04755676738541441,0,500,non_normal
0.013082227459999984,0.016019749324655552,0.01689094218349036,0.4145296733816298,-0.01839239853551429,0.04455685345551426,0,500,non_normal
0.002210203856121265,0.014958904265718418,0.016056003356662116,0.882598513060027,-0.02718013849721102,0.031600546209453545,0,500,non_normal
-0.008342678966138667,0.015275621191668767,0.01606006635312822,0.5852119772775219,-0.03835528741045116,0.021669929478173824,0,500,non_normal
-0.01660631248827149,0.015724984903315642,0.01594365542253377,0.29145908321866354,-0.04750180333438746,0.014289178357844476,0,500,non_normal
0.01532186016695133,0.015556860200474079,0.017408000818107564,0.32515433412429395,-0.015243309521492032,0.04588702985539469,0,500,non_normal
0.014680988613138456,0.015563413658938395,0.016447804575016284,0.34598419589984597,-0.015897056910623004,0.04525903413689991,0,500,non_normal
0.005050712820675626,0.01595459693597768,0.0137920494505752,0.7517041688680167,-0.026295905736969796,0.036397331378321046,0,500,non_normal
-0.00251011704800915,0.015444330012085042,0.012684969367359406,0.8709569754966547,-0.03285419428856392,0.02783396019254562,0,500,non_normal
-0.03666309677432259,0.015603538296635624,0.0158950759399892,0.019179828402863107,-0.06731997673794524,-0.006006216810699946,1,500,non_normal
0.009547637695628549,0.015308267776363854,0.013625561919252639,0.5331157158285075,-0.02052911276629512,0.03962438815755222,0,500,non_normal
0.003270862634532074,0.015787467638676257,0.014122165639741502,0.8359532273085128,-0.02774739047750932,0.03428911574657347,0,500,non_normal
0.02243432021120493,0.015285656045526931,0.014619718961677818,0.14282477086875398,-0.007598004101671076,0.05246664452408094,0,500,non_normal
-0.01114497689432115,0.016166172942408043,0.015625420723825348,0.4908920018023163,-0.04290728707966085,0.020617333291018548,0,500,non_normal
0.027132643001849747,0.01603022579484205,0.016110976605266253,0.09115848224672303,-0.004362566523043836,0.05862785252674333,0,500,non_normal
0.00663808572185441,0.015267664842837824,0.015226358538376486,0.6639099673576134,-0.02335889057374784,0.036635062017456664,0,500,non_normal
0.0139535181798478,0.01564199064728679,0.01540602868665241,0.37279419474079845,-0.01677891061608592,0.044685946975781515,0,500,non_normal
-0.020685817854978458,0.015678907634318444,0.01619967962685894,0.1876615601516655,-0.05149077889446696,0.010119143184510043,0,500,non_normal
0.015489111556843124,0.01614189470442652,0.014257142067277104,0.3377424949233284,-0.016225498227896516,0.047203721341582766,0,500,non_normal
0.003933977581307522,0.015516450716834308,0.013764515641971892,0.7999587429558358,-0.026551798019347206,0.03441975318196225,0,500,non_normal
0.019478505931084928,0.01612686793264925,0.015109619450003414,0.22768615527254138,-0.012206580169355757,0.05116359203152561,0,500,non_normal
0.009851723716911027,0.015935928584003126,0.01628026931681009,0.5367206471727322,-0.021458216401862237,0.04116166383568429,0,500,non_normal
0.0013480421591083084,0.015618915341077727,0.02177456325914323,0.9312560237103562,-0.029339049683172556,0.03203513400138917,0,500,non_normal
-0.0033236837449469765,0.015201742478421144,0.014782398220510641,0.8270213541812758,-0.0331911398013304,0.02654377231143645,0,500,non_normal
-0.005739589832225409,0.015356939992243924,0.014905481467090769,0.7087526022475483,-0.03591196849407605,0.024432788829625234,0,500,non_normal
0.013314758955499058,0.015190586113954211,0.014972148647721116,0.38117335951933384,-0.016530777756707995,0.043160295667706114,0,500,non_normal
-0.0020553237288631274,0.015388664752910952,0.014758611718183585,0.8938037680269919,-0.03229003326472159,0.028179385806995333,0,500,non_normal
0.006931262631697554,0.015627387822457258,0.015856574470023217,0.6575728654035212,-0.023772475425032136,0.03763500068842725,0,500,non_normal
-0.011846955929920088,0.014987853426959455,0.013704374818595363,0.42964875944412684,-0.04129417582886684,0.017600263969026666,0,500,non_normal
-0.024227537846304735,0.015398698791113396,0.014621838645194797,0.1162729358194567,-0.05448196164817612,0.006026885955566649,0,500,non_normal
0.013884190584243068,0.015073309565513676,0.014024577807217355,0.35743849183667764,-0.015730928321455014,0.04349930948994115,0,500,non_normal
0.014030809991673252,0.015356225090833923,0.0199422198760686,0.3613225606993873,-0.01614016407550818,0.044201784058854686,0,500,non_normal
-0.02886892511590476,0.01545115025049987,0.016115927518820607,0.06229330481355565,-0.05922640234474627,0.0014885521129367509,0,500,non_normal
0.01890566807149665,0.015668249719231635,0.015667668688795936,0.2281502888159389,-0.011878352946743644,0.04968968908973694,0,500,non_normal
0.022470614556622463,0.01516305192832174,0.015072181296605845,0.13899081040651687,-0.007320824667708215,0.05226205378095314,0,500,non_normal
0.022075073368723185,0.01636773441773421,0.015399138837656168,0.17804809580013875,-0.010083252504654222,0.05423339924210059,0,500,non_normal
-0.017144709586218936,0.014876955402188741,0.01564974755713552,0.24969565965019466,-0.046374043812764595,0.012084624640326728,0,500,non_normal
-0.020789724680760804,0.015821799131723775,0.015463367340241039,0.18945368363286358,-0.05187543021553613,0.010295980854014519,0,500,non_normal
-0.025959849765200764,0.015604041245381213,0.01839195979775347,0.096809103041662,-0.0566177178918303,0.004698018361428771,0,500,non_normal
0.01678097216279759,0.015682713450052437,0.015955733779359077,0.28512419329012617,-0.014031466311225479,0.047593410636820654,0,500,non_normal
0.006549977143781374,0.01639283339999068,0.0135964783170912,0.6896493837126136,-0.02565766167846812,0.03875761596603087,0,500,non_normal
0.01618930222390906,0.015538268707654105,0.018539554696079465,0.297964171426081,-0.01433934003383934,0.04671794448165746,0,500,non_normal
-0.0025349721395524164,0.015397194390738535,0.013827313887100033,0.8692952708960279,-0.03278644018736132,0.027716495908256485,0,500,non_normal
-0.010703332344946248,0.015619702086752745,0.01683121594010992,0.4935077736262239,-0.041391969937124504,0.019985305247232004,0,500,non_normal
0.015225908604898176,0.016007513498140658,0.014618137519316038,0.34197814882893773,-0.016224677185273463,0.046676494395069816,0,500,non_normal
-0.014850698214733699,0.015218677391844045,0.017312860311084144,0.3296271619526351,-0.04475142695569227,0.015050030526224875,0,500,non_normal
0.009524090743577011,0.015643127168255132,0.01654260171340149,0.5429111135981102,-0.021210571019408164,0.04025875250656219,0,500,non_normal
-0.021245746777884787,0.015398067647718687,0.014816554390167692,0.16827753706041945,-0.051498930547724746,0.009007436991955171,0,500,non_normal
0.013174774010664496,0.015603260164548943,0.017038169108491152,0.3988735092254737,-0.01748155949600503,0.043831107517334024,0,500,non_normal
0.012725993203727035,0.015638725353869478,0.01369631399982213,0.41617780469521026,-0.01800002014293886,0.043452006550392934,0,500,non_normal
-0.007206477078306285,0.014948615843717806,0.016204466816025945,0.6299586196805205,-0.03657660536786075,0.022163651211248178,0,500,non_normal
0.01287833159545132,0.015543536782571185,0.014081448736433563,0.4077656747006395,-0.01766066105445186,0.0434173242453545,0,500,non_normal
-0.00555891312533272,0.014854503915691685,0.014682160204599549,0.7083968907559846,-0.03474413604113206,0.023626309790466614,0,500,non_normal
-0.0019224039514988238,0.015599844020746774,0.016064863204588296,0.9019729025676275,-0.03257202562726881,0.02872721772427116,0,500,non_normal
0.02098625633271415,0.015522301489014404,0.017169073516954247,0.17698684497038755,-0.00951101450812327,0.05148352717355157,0,500,non_normal
0.007382016140525008,0.015432219316421471,0.015969000066413927,0.6326103931611875,-0.022938266744148693,0.037702299025198706,0,500,non_normal
0.006151609015586194,0.015311738084620448,0.014786988096761561,0.6880346951035572,-0.02393195969625212,0.03623517772742451,0,500,non_normal
-0.013197489620860888,0.01616041542198802,0.017813621793026407,0.4145158968903223,-0.04494848778138613,0.01855350853966435,0,500,non_normal
0.002314609108504861,0.01568024990469602,0.013428595087818617,0.882707919902487,-0.02849298914192015,0.03312220735892987,0,500,non_normal
-0.007785503089948796,0.015178997993276442,0.01227500635221275,0.6082397228122512,-0.0376082721697209,0.022037265989823314,0,500,non_normal
0.004936589864032329,0.01556593173313174,0.016673347645368607,0.7512697860856012,-0.025646403018258795,0.035519582746323455,0,500,non_normal
0.019542500519826436,0.015290723328921601,0.01612028687082182,0.20182276442471148,-0.010499779682272819,0.049584780721925695,0,500,non_normal
-0.02496739104396802,0.016131896719939334,0.017588005909798057,0.12232895244738144,-0.05666235739883457,0.006727575310898539,0,500,non_normal
-0.004397015265241137,0.01529812466125596,0.015058777727196038,0.7739088946758838,-0.0344538371535036,0.02565980662302133,0,500,non_normal
-0.025537451212025074,0.015620073459385474,0.012417934212636155,0.10269931851863819,-0.05622681845449205,0.005151916030441909,0,500,non_normal
0.027896066609816764,0.01531842502370418,0.016743570431951602,0.06919469073750498,-0.002200640191916084,0.05799277341154961,0,500,non_normal
0.012751710051900497,0.015606192009872382,0.016713168815410264,0.4142660064651231,-0.01791038376556802,0.043413803869369015,0,500,non_normal
0.026577773789106238,0.01510110080574964,0.014601238504588979,0.07902353176194468,-0.003091947649668452,0.05624749522788093,0,500,non_normal
0.03438052894885859,0.016149143177195225,0.01569996805686645,0.03374942743832003,0.002651677807103299,0.06610938009061387,1,500,non_normal
-0.016214436386120912,0.015595324825798893,0.01488678377441946,0.2989844922394149,-0.046855179023405163,0.014426306251163343,0,500,non_normal
-0.02051230791788501,0.015594282776239084,0.015062940645263872,0.18898965552958935,-0.051151003199776925,0.010126387364006902,0,500,non_normal
0.014215202347056838,0.014773050758868152,0.014330297371587907,0.3363966529832185,-0.014809986376245553,0.04324039107035923,0,500,non_normal
-0.020314300747606095,0.016096440873517952,0.017055950692826373,0.20752627577504307,-0.05193960561883447,0.011311004123622279,0,500,non_normal
0.00100663779081594,0.015084300542732318,0.01624525690994685,0.9468201394043436,-0.028630075516284513,0.030643351097916396,0,500,non_normal
0.00523940475929784,0.015598081428164375,0.01680051415809548,0.7370873037530188,-0.025406753882114417,0.0358855634007101,0,500,non_normal
0.010297722352793175,0.014995490612435764,0.014719880285836543,0.4925780228315958,-0.019164502622179034,0.03975994732776539,0,500,non_normal
0.0026690570251568426,0.015494744058795067,0.01645529310862218,0.8633065377236749,-0.027774070658258244,0.03311218470857193,0,500,non_normal
0.017744233676921652,0.01529796905926053,0.01563921990891771,0.24664213176653363,-0.012312282494034568,0.04780074984787787,0,500,non_normal
-0.0004187430570832644,0.015593685424805888,0.01586407562799566,0.9785874398813236,-0.031056264699327846,0.030218778585161317,0,500,non_normal
0.009071978862253017,0.015594568705571278,0.016821240599319994,0.5610052952763716,-0.02156727819614423,0.03971123592065026,0,500,non_normal
-0.0005084172317371821,0.015975756312760863,0.013702769284092699,0.9746249196279866,-0.03189660844180382,0.03087977397832946,0,500,non_normal
-0.018053731135032672,0.016042237036285475,0.014157763565046996,0.26096699099910703,-0.04957253961422399,0.013465077344158641,0,500,non_normal
-0.006106478913529417,0.015324512911072752,0.013994888387223674,0.6904487711282993,-0.036215146824899215,0.02400218899784038,0,500,non_normal
0.00848615488228074,0.015371475436157387,0.012852840030616071,0.5811469678949973,-0.021714782132861418,0.0386870918974229,0,500,non_normal
-0.018330689094365245,0.015354526118737643,0.012914517208976382,0.2331129608116402,-0.04849832512483815,0.011836946936107654,0,500,non_normal
-0.014675300809451702,0.015492796422660165,0.015009138474001484,0.34397903903764016,-0.045114601896227916,0.015764000277324507,0,500,non_normal
0.006205252229331819,0.015509388020500716,0.014766953580700381,0.6892569852695295,-0.02426664701651144,0.03667715147517508,0,500,non_normal
0.032600547755848565,0.016370900179171824,0.01648205077630566,0.04698586099755889,0.000436001987563904,0.06476509352413323,1,500,non_normal
-0.035277817327743606,0.015209168049401948,0.015603338389281894,0.020770974807172635,-0.0651598626929038,-0.0053957719625834025,1,500,non_normal
-0.0007097049637270411,0.015217504646203178,0.016556901067936204,0.9628209135888486,-0.0306081295656079,0.029188719638153816,0,500,non_normal
0.02245144168947504,0.016345606687031427,0.014956701452054877,0.17020069487433517,-0.009663408968786012,0.05456629234773609,0,500,non_normal
0.012895341877276253,0.015409396822409672,0.014381757456347094,0.40307870975095006,-0.017380100763723927,0.04317078451827643,0,500,non_normal
-0.0032366870290468355,0.015643479272797467,0.01501632479972252,0.8361699716215818,-0.033972040585552414,0.027498666527458745,0,500,non_normal
-0.019622772844108658,0.015486132169421674,0.015148518688202234,0.20570496304895994,-0.05004898041275484,0.010803434724537524,0,500,non_normal
0.034960621352697535,0.015133975514922926,0.015207266297089767,0.02129195434023454,0.005226309691256377,0.0646949330141387,1,500,non_normal
0.009443340438142656,0.015127804720134565,0.015224617438598207,0.5327575876596181,-0.020278847222221917,0.03916552809850723,0,500,non_normal
-0.006507701072371239,0.015804495313174106,0.018039114244394392,0.6806905537659641,-0.03755940912028784,0.02454400697554536,0,500,non_normal
0.01421118498166996,0.015364704052239695,0.01435186106393212,0.35545335516209786,-0.01597644803152047,0.04439881799486039,0,500,non_normal
0.007150081481505883,0.015405822357621083,0.0137123942674199,0.6427677836268729,-0.023118338269180912,0.037418501232192675,0,500,non_normal
-0.015410466321669092,0.015479761959990136,0.014435192457486078,0.31996519869664797,-0.045824158091515466,0.015003225448177282,0,500,non_normal
-0.01887642625497856,0.01511505906186913,0.015342178763449428,0.21230703727977188,-0.04857357202368545,0.010820719513728334,0,500,non_normal
0.0051099881963261075,0.01560335704451592,0.017850621045952943,0.7434327569371855,-0.02554653565419121,0.035766512046843425,0,500,non_normal
0.004949514640215473,0.015825855347821938,0.015553983956995723,0.7546025663425215,-0.02614416030045125,0.03604318958088219,0,500,non_normal
-0.01130242824931953,0.015167005980567036,0.014656332682590964,0.4565033499248865,-0.04110163615423723,0.01849677965559817,0,500,non_normal
-0.007163604833490832,0.015831816173560557,0.0156438253892421,0.6511191455870371,-0.03826899124085689,0.02394178157387523,0,500,non_normal
0.015584953252648248,0.015560918716447079,0.01320724531427866,0.31705000611295436,-0.01498819036034026,0.04615809686563675,0,500,non_normal
-0.012857157593128204,0.01590218297352315,0.0156983110634235,0.4191800909010849,-0.04410079639548743,0.01838648120923102,0,500,non_normal
0.004739913516074394,0.015660400388754495,0.01597863682224714,0.7622687087011035,-0.02602868561658727,0.03550851264873606,0,500,non_normal
-0.0033270380453683844,0.015208554876209767,0.01493851721503445,0.8269258832025537,-0.0332078786852546,0.02655380259451783,0,500,non_normal
0.0011644107736899466,0.01574694580482987,0.015444491971486368,0.9410836956594316,-0.029774227511732133,0.03210304905911203,0,500,non_normal
-0.0015074816043350887,0.01553049917281858,0.015227653196979503,0.9227131260622249,-0.03202085875411261,0.029005895545442438,0,500,non_normal
0.021231148010057977,0.015500552703902683,0.01613692486029255,0.17139701222236434,-0.009223392144838267,0.051685688164954224,0,500,non_normal
-0.00870543748375983,0.014954389029869827,0.013537585067023057,0.560740802367479,-0.038086908577203094,0.020676033609683436,0,500,non_normal
-0.003729423376858257,0.01599449377747564,0.01627220453174245,0.8157258251313748,-0.03515442881429199,0.02769558206057548,0,500,non_normal
-0.016319690829259742,0.01577382183290574,0.017168724998105952,0.30135508475022366,-0.0473111334947498,0.014671751836230321,0,500,non_normal
-0.009977515872936743,0.015822641222720552,0.016015526234280302,0.5286013491125248,-0.04106487589672064,0.021109844150847153,0,500,non_normal
-0.028401784822115524,0.01504644672493743,0.014677763751805989,0.05965985575986634,-0.05796412525774022,0.0011605556135091712,0,500,non_normal
0.007355228888178587,0.015685310074867256,0.015602109488704649,0.6393286882207054,-0.023462311275842297,0.03817276905219947,0,500,non_normal
0.007311599866240935,0.015765541229677504,0.017339233269047565,0.6430145058106906,-0.023663573575284126,0.038286773307765996,0,500,non_normal
-0.03658391616149389,0.015423237119957143,0.01595736929758715,0.018071257650510465,-0.06688655137462145,-0.006281280948366327,1,500,non_normal
0.005378445606154383,0.015242758453841189,0.0159716826679455,0.7243483100544219,-0.02456959613606123,0.035326487348369996,0,500,non_normal
0.014161146351292701,0.01521223533456065,0.013326216809964153,0.3523537389456599,-0.01572692542859068,0.04404921813117608,0,500,non_normal
0.009313918934749735,0.015554981700462265,0.015686015652634458,0.549595846623419,-0.02124755999149091,0.03987539786099038,0,500,non_normal
0.015368962288702725,0.01551270785845084,0.01530282408608003,0.3222967578648245,-0.015109459572178276,0.045847384149583725,0,500,non_normal
-0.02004895985005565,0.015163852916468911,0.016074482493750562,0.1867235706215851,-0.049841972807023974,0.009744053106912672,0,500,non_normal
-0.01741226899827511,0.01543275170515187,0.014893669229718017,0.259750304405655,-0.04773359788784152,0.012909059891291298,0,500,non_normal
-0.0051614074190063615,0.015467043143738951,0.014838689359768767,0.7387437241121619,-0.03555011003474683,0.025227295196734112,0,500,non_normal
-0.011983272414626425,0.015154740784385959,0.014482567494053578,0.4294793388818887,-0.04175838241047342,0.01779183758122057,0,500,non_normal
-0.0047374279175383185,0.01538931445148745,0.015996168916987963,0.758333711022912,-0.0349734139415172,0.025498558106440562,0,500,non_normal
-0.0060936410565620835,0.0151748487766384,0.01509758424281601,0.6881787387625491,-0.03590825800865666,0.023720975895532487,0,500,non_normal
0.007440892767170802,0.015085762158688615,0.015056920501920788,0.622060846934652,-0.022198692233777115,0.03708047776811872,0,500,non_normal
-0.02504179928658295,0.01545656771707894,0.015863472716106948,0.10583527916356661,-0.05540992042320128,0.005326321850035388,0,500,non_normal
0.0007317836166559205,0.015837289288088568,0.01554532506551374,0.9631642897449026,-0.030384356032181568,0.031847923265493405,0,500,non_normal
-0.005182415857470654,0.015099340021477956,0.014689052444256754,0.7315767849007304,-0.034848677814746175,0.024483846099804866,0,500,non_normal
0.018086944906978108,0.01594308759599394,0.016121117854464052,0.2571434732369486,-0.01323706080173304,0.04941095061568926,0,500,non_normal
-0.02148226146081618,0.015526544080063381,0.014012759005736841,0.16710605181627317,-0.05198786788567632,0.009023344964043955,0,500,non_normal
0.021136248275817393,0.015283465562152517,0.015586300514844196,0.1673003492974597,-0.008891772308981357,0.05116426886061615,0,500,non_normal
0.01221019238980876,0.015631749527775688,0.01654056596208981,0.43510608028821307,-0.018502115279392266,0.042922500059009785,0,500,non_normal
0.002071444627906991,0.015424257658779398,0.01546308540651576,0.8932213109862027,-0.028233195677628286,0.03237608493344227,0,500,non_normal
-0.029212505847726077,0.015255053579984627,0.015186112716085238,0.05607276309327434,-0.059184704303576204,0.0007596926081240504,0,500,non_normal
-0.0037642010807515144,0.01550039097849169,0.014821649905743951,0.8082250299010502,-0.03421842348742824,0.026690021325925215,0,500,non_normal
-0.018507363912953753,0.015174863796343929,0.0135671631330345,0.22319133771103755,-0.04832201037484929,0.011307282548941783,0,500,non_normal
-0.024387975677458065,0.015645381817464266,0.018163972055865184,0.11967965227852713,-0.05512706723763734,0.0063511158827212165,0,500,non_normal
0.024874929283150295,0.016000674152454365,0.015262794625515186,0.1206724238584527,-0.006562218977933496,0.05631207754423409,0,500,non_normal
0.02127317358636673,0.015856675399786625,0.016941002686049686,0.1803400672263017,-0.009881054711852091,0.05242740188458555,0,500,non_normal
-0.0150051635487398,0.01512794730420749,0.015431733077725286,0.32173597187919967,-0.0447276313495908,0.014717304252111199,0,500,non_normal
0.005297486810954929,0.015115230858948076,0.016007376204740305,0.7261316196147585,-0.024399996494170132,0.03499497011607999,0,500,non_normal
-0.016754554705857128,0.015394698417901727,0.015735771199491363,0.27697464202243743,-0.047001118818533125,0.013492009406818873,0,500,non_normal
0.027679049798252336,0.015870814125858865,0.015157123160613177,0.0817722537911316,-0.003502957406250111,0.058861057002754784,0,500,non_normal
-0.02372328619420295,0.015613939952873822,0.017346391481538978,0.12930504484693497,-0.054400602697324205,0.0069540303089183075,0,500,non_normal
-0.018836419321052095,0.015843753399005914,0.01338969601690315,0.23505105108197297,-0.04996525926059912,0.012292420618494927,0,500,non_normal
0.008040974690131892,0.015417527925012818,0.011551921627751845,0.6022172182267229,-0.022250443445127197,0.038332392825390985,0,500,non_normal
-0.011293004519998338,0.015328230479680348,0.016929106422234275,0.46162407061043165,-0.04140897648333333,0.01882296744333666,0,500,non_normal
-0.004820261034099087,0.015728161959371097,0.015299717966414259,0.759372428895035,-0.03572199396609828,0.026081471897900103,0,500,non_normal
-0.011501636884085266,0.015589525938776851,0.014680379670470645,0.46099577967937444,-0.042130986221979486,0.019127712453808957,0,500,non_normal
-0.014278771740478457,0.01611411988121819,0.017026630248318686,0.3759896463251281,-0.045938811247315664,0.017381267766358746,0,500,non_normal
-0.018606377403239324,0.015703554685870015,0.0155039626266524,0.23664136458049914,-0.049459763465726406,0.012247008659247754,0,500,non_normal
0.005899155688315453,0.015910353685157582,0.01504538576616391,0.7109630525499786,-0.02536053642971053,0.03715884780634143,0,500,non_normal
-0.015981549074136035,0.015337080089820728,0.01439935052895736,0.29790784754271105,-0.0461149082114979,0.014151810063225828,0,500,non_normal
0.024668274658250028,0.015682101121644754,0.015667065555129745,0.11634902263645391,-0.0061429607502800875,0.05547951006678015,0,500,non_normal
-0.020084347202133403,0.01527609309444661,0.014568113102433828,0.18919678206400695,-0.05009788281222969,0.009929188407962884,0,500,non_normal
-0.023682899543506608,0.015075021716772847,0.015107531653805462,0.11681713358024932,-0.05330138237952832,0.005935583292515104,0,500,non_normal
0.03338993592264112,0.01521402393000501,0.01683268377899109,0.02864743558753286,0.0034983500195634454,0.06328152182571879,1,500,non_normal
0.022403599502838847,0.015405619675458455,0.016576866255240397,0.14650736158698685,-0.007864422030301882,0.052671621035979575,0,500,non_normal
-0.000526686279491935,0.015251616420548137,0.009158344765867925,0.9724658491258282,-0.030492131614206518,0.029438759055222648,0,500,non_normal
0.0012071185557054167,0.015107016069202285,0.014177480377642953,0.9363453101842164,-0.02847422483176921,0.03088846194318004,0,500,non_normal
-0.017940454531009363,0.015939405684339346,0.01921694599535473,0.26090199387513263,-0.04925722624436089,0.013376317182342161,0,500,non_normal
-0.01704839681416788,0.014948191251059522,0.015409458063878754,0.2546266653533134,-0.04641769088997473,0.012320897261638972,0,500,non_normal
0.01806526554462428,0.015055638059145128,0.015574601462648321,0.2307485563306803,-0.011515133463623761,0.04764566455287232,0,500,non_normal
-0.019470572683389573,0.015763769524188887,0.016483570469595227,0.21735819778908208,-0.05044226518607481,0.011501119819295667,0,500,non_normal
0.028858534802503392,0.015614049234366703,0.015018300615886614,0.06516006914721884,-0.0018189964102270431,0.05953606601523383,0,500,non_normal
-0.012691422352019685,0.015389138642835002,0.015116938445607006,0.40993677490810554,-0.042927062957885564,0.01754421825384619,0,500,non_normal
0.0317813009445259,0.015485452747533456,0.015173506106119217,0.040659490409716566,0.0013564282625493813,0.06220617362650242,1,500,non_normal
0.010522995235545576,0.015397281126629369,0.015231026556297425,0.49465172314719996,-0.01972864322564927,0.04077463369674042,0,500,non_normal
-0.015262491694909175,0.014909542018315644,0.01393426075619149,0.3064868696313254,-0.04455585011648235,0.014030866726664003,0,500,non_normal
-0.013521107081198629,0.015724858734463457,0.013688623541227025,0.39028240625366084,-0.04441635003845227,0.017374135876055012,0,500,non_normal
-0.021701897897943294,0.015330845737514014,0.014150560925526724,0.15752626404844822,-0.0518230081602946,0.008419212364408016,0,500,non_normal
-0.009383125052029534,0.015367408501109455,0.015528125803897412,0.5417522190902582,-0.03957607160134182,0.020809821497282756,0,500,non_normal
-0.010201568419836868,0.01595595623105373,0.014524178518772368,0.5228840383444752,-0.041550857637507564,0.02114772079783383,0,500,non_normal
0.003502675028449804,0.015632960809680393,0.015097817163942614,0.8228048044824869,-0.02721201249352876,0.03421736255042837,0,500,non_normal
0.011554150231007424,0.015432573967097293,0.015093257462138101,0.454400008009903,-0.018766829449674397,0.04187512991168925,0,500,non_normal
0.013181617457177448,0.015450060603332044,0.015922023443734255,0.39397199415971496,-0.017173718899395757,0.04353695381375065,0,500,non_normal
-0.01752143958712949,0.015065812833008188,0.008086599834682951,0.2453891832141483,-0.047121829370229164,0.012078950195970183,0,500,non_normal
-0.006714909084142761,0.015905394403064432,0.01631080470414475,0.6730772300945618,-0.0379648575073128,0.024535039339027277,0,500,non_normal
-0.000293936528008085,0.015570915265763525,0.01797403950620531,0.984946564843759,-0.030886720751133773,0.0302988476951176,0,500,non_normal
-0.014188580936044005,0.01582591993239907,0.013330097388456096,0.370397242745504,-0.04528238276854711,0.016905220896459103,0,500,non_normal
0.003355650236571391,0.01601696476977538,0.01637458580006357,0.8341389272187596,-0.0281135048354196,0.03482480530856238,0,500,non_normal
0.010148097427645268,0.015176159608078351,0.014277517144284428,0.5040051308575056,-0.019669094966079475,0.039965289821370015,0,500,non_normal
0.018273893205890377,0.015470652896702165,0.01192070857467272,0.23808814709546303,-0.012121901632215805,0.04866968804399656,0,500,non_normal
-0.016729384090239153,0.015392608601074546,0.012124566451715954,0.27763095355153045,-0.046971842258327526,0.013513074077849224,0,500,non_normal
-0.021690328976710405,0.015807813948730754,0.01222301168795064,0.17064162777377762,-0.05274855727727541,0.009367899323854598,0,500,non_normal
-0.006894226460304482,0.015837586287393113,0.013962963232192682,0.6635275463022102,-0.038010949635253526,0.024222496714644562,0,500,non_normal
-0.015893954504184377,0.0157174958583607,0.01584018542605708,0.3123989074099383,-0.046774731331732176,0.014986822323363423,0,500,non_normal
-0.018142986317145504,0.015537586852142434,0.01767995214415804,0.24349313938991254,-0.04867028890678937,0.012384316272498367,0,500,non_normal
0.006646417440150041,0.015812778110544115,0.015354823577202008,0.6744334367992999,-0.02442156414264743,0.037714399022947515,0,500,non_normal
-0.010673167714324113,0.015419795702035338,0.018121385416242523,0.48915123242548686,-0.04096904143950402,0.0196227060108558,0,500,non_normal
-0.007836658737011698,0.01546393454830941,0.011971468770824029,0.6125404804573813,-0.03821925377412948,0.02254593630010608,0,500,non_normal
0.013995623945159127,0.01618591411704433,0.014978799378762701,0.38763117441252815,-0.017805472495558045,0.0457967203858763,0,500,non_normal
0.0023649760108312512,0.016014805046686505,0.014713341461815362,0.8826595405474065,-0.029099935769014616,0.03382988779067712,0,500,non_normal
0.0038099654022764537,0.015999327845264897,0.013688654344347193,0.8118760117389622,-0.02762453771658914,0.03524446852114205,0,500,non_normal
-0.03431519714063374,0.014959314593399064,0.013794140377274219,0.02221162134795722,-0.06370634568075598,-0.004924048600511502,1,500,non_normal
-0.012364797322662654,0.01535922678035016,0.014534271789697371,0.42118057405769216,-0.0425416689262514,0.017812074280926096,0,500,non_normal
0.017311537877854756,0.015555747421917551,0.016529354013897452,0.2663007901250465,-0.013251445491179185,0.04787452124688869,0,500,non_normal
-0.001502796257140615,0.015908222306051028,0.015385628228825164,0.9247764801244862,-0.03275830077154847,0.029752708257267238,0,500,non_normal
0.0227504417343352,0.01591535485739275,0.015437583112933069,0.15349764261546753,-0.00851907638174175,0.05401995985041215,0,500,non_normal
-0.01642210497040691,0.015254046999612813,0.013242653706226633,0.28219203315956637,-0.046392325758561045,0.013548115817747224,0,500,non_normal
-0.014208776317076338,0.015837116001463536,0.01919073913668409,0.37005529085435673,-0.0453245755029264,0.016907022868773727,0,500,non_normal
0.0022123839741698733,0.01558456933726607,0.017643198722919494,0.887169087410062,-0.028407226935513084,0.032831994883852834,0,500,non_normal
-0.006400722676348145,0.01525234092450043,0.01602935120358218,0.6749184060307256,-0.036367591472221114,0.023566146119524824,0,500,non_normal
-0.015661176448323037,0.015470469765289974,0.013638054011416574,0.31187324935968525,-0.04605661148100468,0.014734258584358607,0,500,non_normal
-0.008324979105606166,0.015457765497959372,0.01739041052733616,0.5904291297890052,-0.03869545356901334,0.022045495357801006,0,500,non_normal
0.005015210023799413,0.015566228922136074,0.015709344150208512,0.7474475294095737,-0.02556836675731384,0.035598786804912665,0,500,non_normal
-0.0023917263718346337,0.015334332582180223,0.014905774696846404,0.8761183032077633,-0.032519687373829195,0.02773623463015993,0,500,non_normal
0.047816136272371676,0.015446763889652571,0.016085946668148512,0.0020751375761200674,0.017467277097680214,0.07816499544706314,1,500,non_normal
-0.003988271278975253,0.01553774663315044,0.014084157860813877,0.7975297091553133,-0.03451588779659429,0.026539345238643784,0,500,non_normal
-0.017455076717529806,0.015528678228177377,0.016747292439510404,0.26153154149944957,-0.04796487618638493,0.01305472275132532,0,500,non_normal
0.027246628719755788,0.015334706755289036,0.015270398950891719,0.07621234870491102,-0.002882067434732037,0.05737532487424361,0,500,non_normal
-0.0006309984626884442,0.015372592689348034,0.0165204897381684,0.9672748957795124,-0.03083413058872811,0.02957213366335122,0,500,non_normal
-0.028213451770513934,0.015326906094882084,0.015458900030169755,0.06624861143467219,-0.05832682166340733,0.0018999181223794646,0,500,non_normal
-0.006009293241136068,0.01568553962807885,0.01666489812795883,0.7018013918757812,-0.03682728441730044,0.024808697935028302,0,500,non_normal
0.003266183986877561,0.015739062604398946,0.01573792027799355,0.8356879264015237,-0.02765696586734733,0.034189333841102454,0,500,non_normal
0.002390559364066301,0.015599305260520174,0.015413672631226286,0.878264931073058,-0.028258003788484008,0.03303912251661661,0,500,non_normal
-0.01187387728334088,0.015108071003561124,0.013437924064364231,0.4322826275090845,-0.04155729334147479,0.017809538774793028,0,500,non_normal
0.005803692896375194,0.016210211633603106,0.015508918297817602,0.7204748347946666,-0.026045141822314294,0.037652527615064685,0,500,non_normal
0.015554497412201988,0.015351270373531834,0.018181393982920454,0.3114383031768463,-0.01460674192874645,0.045715736753150424,0,500,non_normal
0.016085497116311513,0.016401619780378348,0.015996848166368524,0.32720401001509736,-0.016139404650004817,0.04831039888262784,0,500,non_normal
0.01889927342507386,0.015098966529451063,0.0160129207787385,0.21126928928314673,-0.010766254717856593,0.048564801568004315,0,500,non_normal
-0.009863981758370619,0.016234057449645994,0.013532349483556168,0.5437228796052848,-0.041759667281420235,0.022031703764679,0,500,non_normal
0.003676751794782082,0.016209842360989633,0.013980126227138309,0.820655091636457,-0.028171357399608372,0.035524860989172534,0,500,non_normal
0.00834369476148159,0.01511191157336172,0.015714114195959496,0.5811090192615471,-0.021347267013856357,0.03803465653681953,0,500,non_normal
-0.012192882930202712,0.01522115034597061,0.015113710407445571,0.4234854545958108,-0.04209847038053684,0.017712704520131416,0,500,non_normal
0.012731465798024243,0.015450580267087951,0.013527670989522901,0.4103271175558013,-0.01762489156218823,0.04308782315823671,0,500,non_normal
-0.0007036675229221032,0.015200577738107365,0.01328384200533209,0.9630959480726916,-0.030568835168606014,0.029161500122761808,0,500,non_normal
-0.029133711991039403,0.01609028031822777,0.014026554629868274,0.07079903334131932,-0.06074691297913243,0.002479488997053622,0,500,non_normal
-0.00017280483304032653,0.015303569657530101,0.016566121032329562,0.9909951613629073,-0.03024032471774471,0.029894715051664057,0,500,non_normal
0.02031705257966559,0.015423554967714302,0.017589790859575828,0.18835244781643426,-0.009986207121341115,0.05062031228067229,0,500,non_normal
-0.013907301851506217,0.014917820160689607,0.014486207341805094,0.3516534030403474,-0.043216924662108074,0.01540232095909564,0,500,non_normal
3.811740701581065e-05,0.014985881237440888,0.016395621127855982,0.9979715578045409,-0.029405227654302014,0.029481462468333636,0,500,non_normal
0.030844777981355015,0.01546695493763285,0.016206951330525986,0.04667088710257348,0.00045624866758973634,0.06123330729512029,1,500,non_normal
0.003542127178294662,0.015909772630503825,0.014520024642778467,0.8239081876043163,-0.02771642331900185,0.034800677675591175,0,500,non_normal
0.009938969977958578,0.016016841672298807,0.016983401943719393,0.5351911662379718,-0.02152994323962149,0.04140788319553865,0,500,non_normal
-0.0073388989305020694,0.015285536622183715,0.014727026562559042,0.631352552017862,-0.037370988607680185,0.022693190746676042,0,500,non_normal
0.0033240741203101063,0.01569234776784313,0.014601866381379442,0.8323281123778906,-0.027507293273450636,0.03415544151407085,0,500,non_normal
-0.009852903471771483,0.01567927153660792,0.0143100222804963,0.5300279692127503,-0.04065857948427411,0.020952772540731145,0,500,non_normal
-0.02668888037756454,0.015430753539093232,0.016154646463105875,0.08432314482428589,-0.0570062833923811,0.003628522637252017,0,500,non_normal
-0.013150609702039576,0.015879782272477074,0.01842009134567826,0.40799051744232284,-0.044350236973807786,0.018049017569728633,0,500,non_normal
-0.007722220866011256,0.015755522112879308,0.01684959632209668,0.6242592561917597,-0.038677709358188,0.023233267626165482,0,500,non_normal
0.01685050207726379,0.015788101342043517,0.015377915489417547,0.2863574606803558,-0.014168996096486898,0.047870000251014476,0,500,non_normal
-0.02644701126646922,0.015121911591029524,0.014886486625993501,0.08092095193452219,-0.056157620466349464,0.0032635979334110186,0,500,non_normal
0.023020832660613832,0.015468897825559042,0.011150643702045165,0.13733076269641273,-0.007371513920799572,0.05341317924202724,0,500,non_normal
0.021287003627914133,0.015081659325691195,0.015401339471993056,0.1587365083094102,-0.008344520377103152,0.05091852763293142,0,500,non_normal
-0.004318608674482025,0.016163913587702344,0.014907744652360286,0.789444311950867,-0.03607647981755508,0.02743926246859103,0,500,non_normal
-0.0007264787305368016,0.014998974963405094,0.014016114936894888,0.9613888048477752,-0.03019554954568879,0.02874259208461519,0,500,non_normal
-0.0008241493622052169,0.015690694554218787,0.014935090479774477,0.9581316597160493,-0.03165226862271103,0.030003969898300602,0,500,non_normal
0.00031245261864867174,0.015778695316407874,0.016522593823877947,0.984209107328103,-0.03068856516986088,0.03131347040715822,0,500,non_normal
0.017127730590593644,0.01537542535792206,0.01492942280675262,0.2658302983341567,-0.013080966989819236,0.04733642817100653,0,500,non_normal
0.03026823583185843,0.015439067553543807,0.01706779578458981,0.05049485652617249,-6.550205125412448e-05,0.06060197371497099,0,500,non_normal
0.0023903211711798263,0.015011485143710594,0.016555785444313856,0.8735500005841335,-0.02710332888290233,0.03188397122526198,0,500,non_normal
0.012874916910113502,0.014952572076234544,0.01525316076463421,0.38962470334656174,-0.016502984343692278,0.04225281816391928,0,500,non_normal
0.003825568349182056,0.015180790277324756,0.016184026684011615,0.8011445604225359,-0.02600072210092833,0.033651858799292445,0,500,non_normal
0.01912652674863618,0.01517639170678889,0.015893569299544368,0.20815801381813903,-0.010691121658473059,0.048944175155745416,0,500,non_normal
0.028361003691011653,0.015372071877461138,0.015973636250938363,0.06563554148189538,-0.0018411051756110353,0.05856311255763434,0,500,non_normal
-0.008151735930881969,0.015544781304897915,0.016968520324692336,0.6002313339061014,-0.03869317374231565,0.022389701880551713,0,500,non_normal
-0.0013261078418785573,0.015562639611684474,0.015372541257440144,0.9321279033829494,-0.03190263256482558,0.029250416881068466,0,500,non_normal
-0.009492114111764602,0.015476347254963704,0.014552981370911731,0.5399379180475783,-0.03989909687753021,0.02091486865400101,0,500,non_normal
-0.02698947621251503,0.015249183453613056,0.017165493173372015,0.07735622287689316,-0.056950141402247995,0.0029711889772179277,0,500,non_normal
-0.008121195438997038,0.015587387417516627,0.01525078776063603,0.6025909132217535,-0.0387463431408054,0.02250395226281132,0,500,non_normal
-0.005793630358003111,0.015054273226575836,0.01643080910890524,0.7005131825824245,-0.03537134782649704,0.02378408711049082,0,500,non_normal
-0.022580517067635385,0.015586060605139753,0.016316497532585836,0.14803296185627546,-0.05320305792944381,0.008042023794173046,0,500,non_normal
0.000604271229768619,0.015439298922233944,0.015450491929579487,0.9687956388468654,-0.029729921232428888,0.03093846369196613,0,500,non_normal
0.014181589539656687,0.015662003383177636,0.013317569770455968,0.3656504049785503,-0.016590159058637602,0.04495333813795098,0,500,non_normal
-0.01461996590083756,0.01581323372498547,0.01608229544194462,0.35565303954081084,-0.04568884264708917,0.016448910845414045,0,500,non_normal
-0.011041759520068412,0.015596994754017894,0.016743869646870458,0.4793127956841554,-0.041685783130423294,0.019602264090286467,0,500,non_normal
0.015643007608016117,0.015534085942518275,0.015711815316104216,0.31441814407403434,-0.014877416608013325,0.04616343182404556,0,500,non_normal
-0.0036936843098680106,0.015258393041544057,0.01307174160333083,0.8088212556835839,-0.03367244393602607,0.026285075316290048,0,500,non_normal
0.014874117124048977,0.01570896932367743,0.01506085553743633,0.3441718428556816,-0.015989907288416975,0.045738141536514926,0,500,non_normal
-0.002020469903662841,0.015049754680192156,0.015909041514568737,0.8932570084950107,-0.03158930960793041,0.02754836980060473,0,500,non_normal
0.018947849659871622,0.015631054756029186,0.01625794938663737,0.22601342614126074,-0.011763092964194786,0.04965879228393803,0,500,non_normal
-0.03497379537903719,0.015381410776581693,0.019241890968291278,0.023404603336192157,-0.06519425274482003,-0.004753338013254352,1,500,non_normal
0.0360665571702483,0.015783313031768748,0.014941687298485865,0.022726116148909244,0.005056466776356995,0.06707664756413961,1,500,non_normal
0.03347420629442504,0.01527561154066281,0.016328711549718974,0.028888976791105452,0.0034616168118201777,0.0634867957770299,1,500,non_normal
-0.0030612046040359646,0.01550484196341081,0.01645455361115458,0.8435673907262806,-0.033524172034295883,0.027401762826223957,0,500,non_normal
-0.03268369806705413,0.01497072958167108,0.013889939317591358,0.029489194558783294,-0.06209727407962451,-0.0032701220544837477,1,500,non_normal
-0.001670570375881671,0.0159117503601698,0.013804729799898649,0.916426230062759,-0.03293300659575069,0.029591865843987354,0,500,non_normal
0.03216945825335655,0.015233350529583266,0.01660068004310908,0.03520291359357111,0.0022399006266792774,0.06209901588003382,1,500,non_normal
-0.00813950811154161,0.016109497434794836,0.016090615856298323,0.6135987435796261,-0.03979046571769418,0.023511449494610957,0,500,non_normal
0.024902561181285397,0.015665520621339166,0.015071098364997119,0.11255025111622165,-0.005876097871937231,0.05568122023450803,0,500,non_normal
-0.013064734995372123,0.015444937763096576,0.015273698254815669,0.39801976480670964,-0.04341000630803119,0.017280536317286946,0,500,non_normal
0.009094541631246473,0.016144290262562512,0.016420821770699714,0.5734646423224679,-0.022624774799948916,0.040813858062441866,0,500,non_normal
-0.0025377462327217273,0.015946856970870067,0.013542075086853756,0.8736248989160909,-0.033869157779193415,0.028793665313749963,0,500,non_normal
-0.011328598001474555,0.015379897680718228,0.015204259352416627,0.46172175406018723,-0.04154608252882948,0.01888888652588037,0,500,non_normal
-0.0038231083783967544,0.015672381463958895,0.014356914363083987,0.8073783614460066,-0.034615247196570366,0.02696903043977686,0,500,non_normal
-0.012339619499788358,0.015779373100611938,0.015393886302550933,0.43458064263509666,-0.04334196895734567,0.018662729957768957,0,500,non_normal
0.0028415951670844202,0.01631922983494419,0.017306988008227372,0.8618375399634391,-0.029221431861632872,0.03490462219580171,0,500,non_normal
0.008913723999478004,0.015333216651016184,0.015647647960161954,0.5612782195044663,-0.02121204448905626,0.03903949248801227,0,500,non_normal
0.006499087633107369,0.015318942001906007,0.017660920782987897,0.6715654454668507,-0.023598634895851955,0.036596810162066694,0,500,non_normal
0.010708649874899945,0.015340345489952823,0.015309886582225683,0.48545862385541916,-0.019431124921396432,0.04084842467119632,0,500,non_normal
0.0008494168070328628,0.015534191664135768,0.012336712542150864,0.9564149626918119,-0.02967121512437981,0.03137004873844554,0,500,non_normal
-0.01810212158383788,0.01554313913193514,0.015331179629780091,0.24472338134808347,-0.048640332954034825,0.012436089786359066,0,500,non_normal
0.008714048610571103,0.015485334834825925,0.01636971607089221,0.5738725944656158,-0.021710592403712342,0.03913868962485455,0,500,non_normal
-0.013733406906803849,0.015092853500472497,0.015131841830702139,0.3633007715828549,-0.043386924543396106,0.015920110729788405,0,500,non_normal
-0.012758229710912386,0.015277442951826663,0.015177176138809829,0.4040604872285225,-0.04277441743842471,0.01725795801659994,0,500,non_normal
0.003002122498463358,0.01568354864323197,0.014764005521155647,0.8482756880190583,-0.027811956912157848,0.03381620190908456,0,500,non_normal
0.029505219143811136,0.015284301311979005,0.013973391770590851,0.05412145831732447,-0.0005244434712517246,0.059534881758873996,0,500,non_normal
-0.0001869041591416338,0.015478267405242266,0.014869950507018215,0.9903704035498522,-0.030597659519012686,0.030223851200729422,0,500,non_normal
0.0034523159915142224,0.01630279109069757,0.01686078766521357,0.8323791441660591,-0.02857841319555071,0.035483045178579156,0,500,non_normal
-0.006309238259566856,0.015259742478093249,0.01530701903362436,0.6794502366445015,-0.036290649176318156,0.023672172657184444,0,500,non_normal
-0.005313570340013828,0.015728818243703886,0.015490417367320703,0.7356382715920149,-0.03621659269942556,0.025589452019397906,0,500,non_normal
0.0056600689565397475,0.015723929838248846,0.01644814717453392,0.7190256958326608,-0.02523334896210992,0.03655348687518942,0,500,non_normal
-0.003717224989017975,0.015600194717872965,0.01591316863540527,0.8117614179960577,-0.034367535693103,0.02693308571506705,0,500,non_normal
-0.003435311408261644,0.015672881781271516,0.015684767739118262,0.826593219370666,-0.03422843321936322,0.027357810402839928,0,500,non_normal
-0.02316383283545429,0.015360368666931636,0.014497250752248394,0.1321820222990629,-0.05334294794812379,0.00701528227721521,0,500,non_normal
0.012218249478395414,0.01605488686255253,0.017579017122444113,0.44699938509347537,-0.019325412607590547,0.043761911564381376,0,500,non_normal
0.016421686503840974,0.0158963247550511,0.01577632650372331,0.3020822562759783,-0.01481044242831548,0.04765381543599743,0,500,non_normal
-0.021283771210753796,0.015561730701628008,0.016965711088144146,0.17202303777197991,-0.051858510162680865,0.009290967741173276,0,500,non_normal
0.007122825045262765,0.015279248782823752,0.01514944812355059,0.6412930849431836,-0.022896910668806194,0.03714256075933173,0,500,non_normal
0.022106539883586622,0.015276427487576377,0.014486830865722812,0.1484976798371668,-0.007907652721727356,0.052120732488900604,0,500,non_normal
-0.007382218931108842,0.015544420560559777,0.007734972641244807,0.6350584917770439,-0.0379229479740785,0.023158510111860816,0,500,non_normal
0.0028966029757953662,0.01516886027067499,0.015895267595440497,0.8486369546315592,-0.026906248125183163,0.032699454076773896,0,500,non_normal
0.022207215584029775,0.01600313127801749,0.017713415745352214,0.16585527381987236,-0.009234760287433936,0.05364919145549349,0,500,non_normal
0.005959227624466828,0.015722860511744343,0.01687547082934842,0.7048369618085367,-0.02493208934671392,0.03685054459564758,0,500,non_normal
-0.009888855766337199,0.01502307409003182,0.013196239766202895,0.5106852163456743,-0.03940527507502818,0.019627563542353788,0,500,non_normal
-0.0038588101527204767,0.015662935809670195,0.013281595057530984,0.8055006695010465,-0.03463239072569345,0.026914770420252494,0,500,non_normal
-0.009838510817501315,0.01591740762795617,0.01708209020349378,0.5367935953932004,-0.041112062091927304,0.021435040456924678,0,500,non_normal
-0.003505030647815931,0.015767775413223908,0.01533668754358272,0.8241786841103995,-0.034484593676849716,0.027474532381217852,0,500,non_normal
0.013960814874519048,0.015810688801313668,0.015509998197698285,0.3776631072449814,-0.017103061760985888,0.04502469151002399,0,500,non_normal
-0.022757442278140118,0.0152917582264267,0.015216291072973792,0.13732681589492515,-0.05280175578371102,0.007286871227430779,0,500,non_normal
-0.0046134147047459766,0.0152623440977047,0.016149803295739715,0.7625691538060104,-0.03459993712496674,0.025373107715474793,0,500,non_normal
-0.0077232404871477285,0.016403365417133792,0.017476536607958223,0.6379663867649827,-0.039951571974047584,0.024505090999752125,0,500,non_normal
0.0062673212608760735,0.015367635775371459,0.01582642185535413,0.683576699826651,-0.0239260718230386,0.03646071434479074,0,500,non_normal
0.0042325860412768136,0.015209734129233488,0.015258796211032842,0.7809118602211484,-0.025650571522995887,0.03411574360554951,0,500,non_normal
-0.010202220071271768,0.015582189811213345,0.016205093877632904,0.512940044333463,-0.040817155833357946,0.020412715690814414,0,500,non_normal
-0.01573186827251335,0.016122379465140675,0.017747559330519847,0.32964807699923215,-0.04740813570586616,0.015944399160839454,0,500,non_normal
-0.007431830662897425,0.015728304291231274,0.01271719322770508,0.6367675561521189,-0.038333843239850826,0.023470181914055973,0,500,non_normal
0.02381308752142912,0.015330445511554557,0.015947193514157142,0.12098195405401248,-0.006307236401377651,0.053933411444235885,0,500,non_normal
0.005101002214581562,0.01559272899517672,0.015548043374732553,0.7436996135914753,-0.02553464029308613,0.03573664472224925,0,500,non_normal
-0.015745796353490462,0.015573089599667897,0.01627130630215475,0.31246431422020426,-0.04634285257520006,0.01485125986821913,0,500,non_normal
0.00864638181841073,0.015074300531737679,0.014912499229446851,0.566508084278434,-0.020970684077258456,0.03826344771407991,0,500,non_normal
0.00679572108542131,0.01571703401398841,0.018789344858392874,0.665652883006067,-0.024084148338484185,0.037675590509326805,0,500,non_normal
-0.004553747075730315,0.015001597215925677,0.013816588310930225,0.7615969031223488,-0.034027969932632685,0.02492047578117205,0,500,non_normal
-0.015593153286525724,0.015435065163903269,0.016495476886499914,0.31286988118902637,-0.04591902751868649,0.014732720945635042,0,500,non_normal
0.018365730009882952,0.015842709636695755,0.015136805614954412,0.24690805973442193,-0.01276105920916435,0.049492519228930255,0,500,non_normal
-0.00818520657417675,0.015556393621776498,0.017967406748312036,0.5990088461738416,-0.03874945955726435,0.02237904640891085,0,500,non_normal
0.040914609759604495,0.016169175662837897,0.014948749315823866,0.011699993708155481,0.009146400012381317,0.07268281950682767,1,500,non_normal
0.01582063122587633,0.015227270080430684,0.01550512836156917,0.29932425170774135,-0.014096979905316914,0.045738242357069574,0,500,non_normal
-0.006145464190869441,0.015438310482840873,0.01550210019348897,0.6907522358328462,-0.03647771462765908,0.0241867862459202,0,500,non_normal
0.014719718049457813,0.015532482480107523,0.016210512900720037,0.34375544570031247,-0.0157975557814655,0.045236991880381126,0,500,non_normal
0.00036230053839906044,0.015965836831938047,0.01613851624694519,0.9819048582636136,-0.031006401481004194,0.03173100255780231,0,500,non_normal
0.00340255144654619,0.015562971772220354,0.015693386423442524,0.8270269010747687,-0.02717462588515428,0.03397972877824666,0,500,non_normal
0.0160214999988244,0.01556461695902984,0.015171363259932154,0.3038130529886863,-0.01455890969553493,0.04660190969318373,0,500,non_normal
-0.015990958999630205,0.015660268231826837,0.016003972282606867,0.3076950063679176,-0.046759298478424235,0.014777380479163823,0,500,non_normal
-0.0030569790613929736,0.016079131342021866,0.01684226691317932,0.8492918573627306,-0.034648275221314084,0.028534317098528134,0,500,non_normal
0.000967312631656515,0.015797013475529895,0.015118535500638025,0.9511975042701061,-0.03006969555817627,0.032004320821489296,0,500,non_normal
-0.006958906397832548,0.015293791352139891,0.017094416463643635,0.6492966510814815,-0.03700721446474942,0.02308940166908433,0,500,non_normal
0.005465253685510662,0.01509615381700573,0.015262225589851727,0.7174835206915083,-0.02419474821163057,0.03512525558265189,0,500,non_normal
-0.00878415066378006,0.015581987507116084,0.015376525562015074,0.573186553739381,-0.03939868895111994,0.02183038762355982,0,500,non_normal
0.008010532304514525,0.015191955615444397,0.01498329964014128,0.5982285862007857,-0.021837695120657526,0.03785875972968658,0,500,non_normal
-0.011528251466799597,0.015481919753867373,0.012988331124430293,0.45684863090698347,-0.04194618273839379,0.01888967980479459,0,500,non_normal
-0.038181196111696555,0.01567500786566222,0.016042031238314283,0.015208544669364799,-0.06897849512368162,-0.0073838970997114894,1,500,non_normal
0.005792243167679661,0.01555971468333786,0.015564601647296998,0.7098584129898013,-0.024778534834522383,0.0363630211698817,0,500,non_normal
-0.008706366744357886,0.01530397093382556,0.014871030621874653,0.5696832362378546,-0.0387746750322429,0.02136194154352713,0,500,non_normal
0.011210628868483381,0.01573982368107874,0.016133244395760887,0.47664590607872137,-0.01971401630276333,0.042135274039730095,0,500,non_normal
0.011633395749560842,0.015804407861463615,0.016121175010997905,0.4620252216052948,-0.019418140478571027,0.042684931977692714,0,500,non_normal
-0.004199529796641545,0.015718862027785677,0.01564422588285117,0.7894527225318678,-0.03508299079051593,0.026683931197232842,0,500,non_normal
-0.01085970921299851,0.016032943245694927,0.014256315420671463,0.4985065501712478,-0.042360257819517036,0.020640839393520016,0,500,non_normal
-0.0018310338343353562,0.015464857094668272,0.015877202280175768,0.9057987356544056,-0.03221544143424798,0.02855337376557727,0,500,non_normal
0.0069525830325365134,0.015598531960412321,0.01522999743855746,0.6559929730389173,-0.023694460787146366,0.03759962685221939,0,500,non_normal
0.02589714328801175,0.015395909538210895,0.017735781224122428,0.09318030808237915,-0.004351800359948733,0.056146086935972235,0,500,non_normal
0.024804227841716674,0.015408239607329375,0.016607116576514654,0.10807456531589921,-0.00546894117370357,0.05507739685713692,0,500,non_normal
0.02155766393180688,0.015119310822142705,0.01843239669720963,0.15454207880682608,-0.00814783543605574,0.0512631632996695,0,500,non_normal
0.006017908001064894,0.015222757715737742,0.015351953834024447,0.6927737226028203,-0.02389083751131076,0.03592665351344054,0,500,non_normal
0.021990728555846457,0.01552938384062648,0.012873974798338511,0.15737950796848799,-0.008520457257294292,0.052501914368987206,0,500,non_normal
-0.017094407190099095,0.015223034314070088,0.013735265843966196,0.2620081441570276,-0.04700369614600093,0.01281488176580274,0,500,non_normal
-0.031947994736910054,0.015361122052335804,0.01387283206226444,0.03805519191259967,-0.06212859005525233,-0.001767399418567784,1,500,non_normal
0.025651889405497105,0.015472324403483605,0.014947339045209252,0.09796316536511653,-0.004747189507142865,0.05605096831813708,0,500,non_normal
-0.008160980465566129,0.015619496671283479,0.015699296989971055,0.6015637966259899,-0.03884921446996421,0.022527253538831952,0,500,non_normal
-0.02441970493139732,0.01581694135123256,0.01598652589428852,0.12324883383449306,-0.05549586619547086,0.006656456332676218,0,500,non_normal
-0.0007278647677731467,0.01583527407374213,0.014791937101953602,0.963356753524792,-0.03184004504642516,0.030384315510878866,0,500,non_normal
-0.007070400748634765,0.015689185945599128,0.016069777085898348,0.6524347875037662,-0.0378955559869755,0.02375475448970597,0,500,non_normal
0.009830573650342742,0.015736973332586415,0.007797525875664329,0.5324671453126333,-0.021088471330106058,0.04074961863079154,0,500,non_normal
0.004619724992254904,0.015853866589180556,0.015958716926391427,0.7708711700283,-0.026528984726270403,0.03576843471078021,0,500,non_normal
0.009768262845619099,0.014979848575866485,0.014758413216181139,0.5146416660105007,-0.01966322961033245,0.039199755301570646,0,500,non_normal
-0.004654510448354467,0.015419847743939934,0.014145367143371031,0.7628909713437755,-0.034950486422293085,0.025641465525584155,0,500,non_normal
-0.015614737792131916,0.015255774483903336,0.014743016710501735,0.3065544054526466,-0.0455883526360141,0.014358877051750273,0,500,non_normal
0.002485314686200833,0.015943920977082113,0.014841799707400653,0.8761919476680076,-0.02884032839882192,0.03381095777122359,0,500,non_normal
0.014044401533573107,0.015843838827060055,0.013881812061283005,0.3758154945283836,-0.017084606249802126,0.04517340931694834,0,500,non_normal
-0.019373221610047474,0.01567546572877733,0.017492738753544575,0.21708042724989285,-0.05017142020354366,0.011424976983448711,0,500,non_normal
-0.0023471098471293805,0.015988982271986224,0.016385408271678222,0.8833528824450183,-0.03376128661487322,0.029067066920614462,0,500,non_normal
-0.0018420198311062618,0.015442287261539685,0.015143373105393484,0.9050983572900442,-0.032182083600032094,0.02849804393781957,0,500,non_normal
-0.015338660712370574,0.015338619938542348,0.014726498575265406,0.31779486370885696,-0.045475045250543675,0.014797723825802528,0,500,non_normal
0.014777025945471776,0.014894860164959849,0.014304838531669938,0.3216359294044806,-0.014487486466471064,0.04404153835741462,0,500,non_normal
-0.012313428450960527,0.01562201895280127,0.015330906816327,0.43094902159450343,-0.04300661808018263,0.018379761178261574,0,500,non_normal
0.019298694282286984,0.01522897974416874,0.015303650104386656,0.20566358477634125,-0.010622275891900183,0.049219664456474146,0,500,non_normal
0.003608074901802853,0.016020517508523634,0.015450621425734206,0.8219037254201551,-0.027868060374503133,0.03508421017810884,0,500,non_normal
0.011275118853469821,0.015756362227930726,0.01711901664675864,0.47457899539750314,-0.019682020245498616,0.04223225795243826,0,500,non_normal
-0.012870618950923216,0.01582378178718651,0.01615535877326624,0.41639358342185095,-0.04396021988617596,0.018218981984329533,0,500,non_normal
0.023087754291893935,0.015484711191378722,0.015422879747096403,0.1365937686152053,-0.007335661425797318,0.05351117000958519,0,500,non_normal
0.016109505717838847,0.01521800252557941,0.013814642454186553,0.29030330710761637,-0.013789897087061308,0.046008908522739006,0,500,non_normal
0.003017159037051226,0.015105679075751397,0.013354897931106346,0.8417680122543169,-0.026661557507270468,0.03269587558137292,0,500,non_normal
-0.0017579576938976018,0.015326819495198818,0.015067231554410325,0.9087306171603384,-0.03187115744101737,0.028355242053222172,0,500,non_normal
0.011189678280395441,0.01566617860123648,0.01685630256397008,0.4754028966483844,-0.019590273531581447,0.041969630092372326,0,500,non_normal
-0.017172782210933775,0.014868059957534478,0.017909013435169787,0.24863955867448237,-0.04638463921059638,0.012039074788728829,0,500,non_normal
0.006939478145198285,0.01584956670723196,0.015994567615397103,0.6616965029154422,-0.024200783427640454,0.03807973971803703,0,500,non_normal
0.009061385150252186,0.015467132116476047,0.01516575551337243,0.5582432093708153,-0.02132749227369328,0.039450262574197655,0,500,non_normal
0.013396925879082616,0.015929954565291744,0.015853398158035457,0.40075738693985585,-0.017901276852243422,0.044695128610408655,0,500,non_normal
0.013002346650057804,0.015238120723234582,0.014292582232553466,0.3939156090393885,-0.01693658316204251,0.04294127646215812,0,500,non_normal
-0.010908079082489069,0.015606800574741918,0.018099947688333742,0.48492134057048064,-0.04157136857108043,0.01975521040610229,0,500,non_normal
0.03012518474364846,0.015654630415940982,0.016800857558670824,0.05487861138048866,-0.000632077898495835,0.06088244738579276,0,500,non_normal
0.02428886659833087,0.01580319455072744,0.013828324156188749,0.12493836572570173,-0.006760285790899181,0.055338018987560925,0,500,non_normal
-0.0023262986046058733,0.015720935878858314,0.016481727170224992,0.8824227370058011,-0.03321383417452754,0.028561236965315793,0,500,non_normal
0.002332309246839862,0.015832282232217304,0.014447902214298126,0.8829441806820792,-0.02877399284413746,0.033438611337817184,0,500,non_normal
-0.02655512681595901,0.016041978342203472,0.015419021106194856,0.09848303568503682,-0.05807342702880275,0.004963173396884731,0,500,non_normal
-0.011879637474945342,0.01524241977900848,0.016076640601061898,0.43612610034476784,-0.041827013809514584,0.0180677388596239,0,500,non_normal
-0.011820578914503626,0.015542593789181275,0.015544067498945465,0.447298917322836,-0.04235771882853297,0.01871656099952572,0,500,non_normal
0.00447878270891055,0.016280893270318123,0.014352739027101016,0.7833578017969358,-0.027508922976812865,0.03646648839463396,0,500,non_normal
-0.010823621099112534,0.015713026814026972,0.013503621767934303,0.4912503599678969,-0.04169561742104125,0.020048375222816182,0,500,non_normal
-0.005916610912880569,0.015191870081515088,0.013540379901561473,0.6971031040761433,-0.03576467028620734,0.023931448460446203,0,500,non_normal
-0.003152197350344596,0.015721826892104083,0.01858797477032361,0.8411728508290461,-0.03404148352872456,0.027737088828035373,0,500,non_normal
-0.019671207595898084,0.015475616192309725,0.014569693579723906,0.20428297987363642,-0.050076754014368424,0.01073433882257226,0,500,non_normal
0.02614085969071489,0.015312449817146353,0.016167675164149097,0.0884149333782154,-0.003944107389762516,0.0562258267711923,0,500,non_normal
-0.004954172874705714,0.01572934657025655,0.01720264766948055,0.7529211564476168,-0.0358582332578912,0.025949887508479774,0,500,non_normal
0.018156991739998136,0.015446607779417957,0.015689500817599136,0.2403692384805898,-0.01219156071882974,0.04850554419882601,0,500,non_normal
0.022499530322326322,0.01566519544529302,0.016523428273589953,0.151551943832943,-0.008278489844842116,0.05327755048949476,0,500,non_normal
0.0087361047305194,0.0154917127088636,0.01346749966989544,0.5730616398435515,-0.02170106714151432,0.03917327660255312,0,500,non_normal
0.005022600768997602,0.014905407065765788,0.013884308571677925,0.7362852312566908,-0.024262633550108152,0.03430783508810336,0,500,non_normal
0.006105557266673488,0.015210985540288843,0.012877369623712942,0.6883042337546807,-0.023780058993683385,0.03599117352703036,0,500,non_normal
-0.005375152518164512,0.015809840744047374,0.016316641434916394,0.7340090876034226,-0.03643736294249858,0.025687057906169552,0,500,non_normal
0.008709536970442423,0.01622027884412673,0.016161231000607245,0.5915394794184656,-0.02315907718921257,0.04057815113009742,0,500,non_normal
-0.02665890785573512,0.015359002937016513,0.015915968050562848,0.083232134359394,-0.05683533966560018,0.0035175239541299363,0,500,non_normal
0.0060228846793386505,0.015521336516441924,0.014518656323691585,0.6981529492439693,-0.024472490242268125,0.03651825960094543,0,500,non_normal
0.007240957781439487,0.015601888002973373,0.01886956329206768,0.642773327297013,-0.023412679785891587,0.037894595348770564,0,500,non_normal
0.0002705849046071773,0.015416905798463528,0.014368204352487217,0.9860039319046295,-0.03001961091436818,0.030560780723582537,0,500,non_normal
0.048400120828769974,0.01545893272362787,0.018202032245071432,0.0018452074172237867,0.018027353071589987,0.07877288858594997,1,500,non_normal
0.008411558859668048,0.015589897490783159,0.01565390945769023,0.5897472473159662,-0.02221852048093717,0.03904163820027327,0,500,non_normal
-0.0042265866032839255,0.015139563243248243,0.015300520092762445,0.7802264766108876,-0.033971876692392065,0.02551870348582421,0,500,non_normal
0.0036756660908715925,0.015280246655343057,0.015432245373266736,0.8100027602212817,-0.026346030182236073,0.03369736236397926,0,500,non_normal
0.008330995718182693,0.01520077269741211,0.015175204425298593,0.5838935589035851,-0.021534554971647343,0.038196546408012726,0,500,non_normal
-0.017734731961872946,0.015461573066759621,0.0160761656750087,0.2519241686670929,-0.0481126873041323,0.012643223380386405,0,500,non_normal
-0.01723322836879516,0.015555275036022612,0.01524199595260437,0.26845258940910194,-0.04779528362284631,0.013328826885255989,0,500,non_normal
0.005174560210083589,0.01565036563823769,0.014788108737888175,0.7410591888313991,-0.02557432325705336,0.035923443677220536,0,500,non_normal
-0.010035039050899058,0.015317777876082371,0.016034702245396895,0.5126906136623004,-0.0401304743764716,0.02006039627467349,0,500,non_normal
-0.009873355453930435,0.01503101058461872,0.014060395796695447,0.5115706981385955,-0.03940536790292441,0.019658656995063542,0,500,non_normal
0.02238191635076544,0.015866079148357484,0.015582302976070217,0.15896414865690794,-0.00879078785885657,0.05355462056038745,0,500,non_normal
-0.004913756672857327,0.015371590605776782,0.015239986968186812,0.7493564925684442,-0.03511491996624036,0.02528740662052571,0,500,non_normal
0.00890257371241382,0.01535806552757609,0.012340054835502698,0.5624009029554133,-0.021272016332580634,0.03907716375740827,0,500,non_normal
-0.0014684833035839505,0.015119725256352148,0.014414396309604383,0.9226672533101443,-0.031174796926493737,0.02823783031932584,0,500,non_normal
-0.0032991113494208577,0.015687576423275323,0.014598459539308882,0.8335188516143301,-0.03412110429650806,0.027522881597666343,0,500,non_normal
0.0010666392274005822,0.015062235876883033,0.01530721788682906,0.9435730523901262,-0.028526722770559638,0.030660001225360802,0,500,non_normal
-0.002146408272153493,0.014948309285037965,0.013523350956188002,0.8858833482253998,-0.0315159342539191,0.02722311770961212,0,500,non_normal
-0.01727167708244164,0.01564597640757161,0.014804553564756465,0.2701673055855249,-0.048011936856983704,0.013468582692100425,0,500,non_normal
0.00891822468886735,0.015982928748747734,0.01777437225357061,0.5771057952368994,-0.02248405848578553,0.040320507863520226,0,500,non_normal
0.025902157014235615,0.015072537217575708,0.013949230055037103,0.0863269453543851,-0.0037114444293603298,0.05551575845783156,0,500,non_normal
0.013667805369784947,0.015348874376732545,0.014399048426666776,0.3736402965964659,-0.016488726462848862,0.04382433720241875,0,500,non_normal
0.007683119198879228,0.014965287653719893,0.016164233673556586,0.6079020095766203,-0.021719764845702958,0.03708600324346141,0,500,non_normal
0.0014300880062204438,0.0151720871518651,0.014900716650779244,0.9249422592341847,-0.028379103074025698,0.031239279086466586,0,500,non_normal
-0.005835083393833531,0.01505185886161972,0.014555270100676419,0.6984293737290198,-0.03540805726537907,0.023737890477712006,0,500,non_normal
-0.0013143845046313957,0.015888459079339487,0.01545834286936378,0.9341028586999214,-0.032531059437089865,0.02990229042782707,0,500,non_normal
0.012233467909025391,0.015141881897754393,0.017566952104472948,0.41952091019668125,-0.017516377730979013,0.041983313549029795,0,500,non_normal
-0.004969035284313403,0.01571315444700982,0.014745769672464267,0.7519573265681194,-0.03584128237173903,0.02590321180311223,0,500,non_normal
0.02122449737127389,0.01559738715097588,0.01490169867615265,0.17420105845241196,-0.009420297196681145,0.05186929193922892,0,500,non_normal
0.016730684035272437,0.01543091602975788,0.015236477764236828,0.2787868237430471,-0.013587038231287322,0.0470484063018322,0,500,non_normal
0.002070501061405692,0.015912021045645004,0.01599406876487374,0.8965225926994183,-0.029192466984768583,0.03333346910757996,0,500,non_normal
0.015221412705343693,0.015644120922547324,0.015954049182100784,0.33103572398566394,-0.015515201525438845,0.04595802693612623,0,500,non_normal
0.008725714357244655,0.01588027746131189,0.014635222795910547,0.582930190391036,-0.022474885831331247,0.03992631454582055,0,500,non_normal
0.020578658359585725,0.015129186089809394,0.014940176378095275,0.17438329328353933,-0.009146243331628872,0.05030356005080032,0,500,non_normal
0.02544976848739117,0.015668234853767036,0.02274807954418925,0.1049464982917761,-0.005334223324091326,0.05623376029887367,0,500,non_normal
-0.030452460176697033,0.014985855705745493,0.014677153053358628,0.04267576150033797,-0.05989575507489761,-0.001009165278496451,1,500,non_normal
0.0062192335856887035,0.016079958387961373,0.01644055267931225,0.6990922485794802,-0.025373687503630463,0.03781215467500787,0,500,non_normal
0.008686573983703542,0.015593574311263288,0.01422072844201371,0.5777359365408516,-0.021950729349432357,0.03932387731683944,0,500,non_normal
0.027835041249560925,0.01603874185723318,0.016243359484442287,0.08327301778847179,-0.0036769001150938896,0.05934698261421574,0,500,non_normal
-0.02889921117426591,0.016178999368395213,0.01465038216734893,0.07467232390629687,-0.06068672193875474,0.002888299590222923,0,500,non_normal
0.032555404201549794,0.015215490244758451,0.019665970679441386,0.03287070848410461,0.002660937372714736,0.06244987103038485,1,500,non_normal
0.03008127077809658,0.015051014723004063,0.013981715267789952,0.04619251137448737,0.0005099554185962508,0.059652586137596914,1,500,non_normal
0.017263948501299246,0.015721905007426023,0.013516733060113495,0.27269909631060785,-0.013625491153298905,0.0481533881558974,0,500,non_normal
0.026135014877636746,0.015755964666845323,0.015596564036307605,0.09779826745309167,-0.004821343117569092,0.057091372872842584,0,500,non_normal
-0.011297512496370885,0.01611955059935193,0.01592200378130263,0.483719104921267,-0.042968221946830955,0.020373196954089186,0,500,non_normal
0.003078291987555418,0.015973377013691,0.01478149831923294,0.8472615907795964,-0.028305224520876526,0.03446180849598736,0,500,non_normal
0.03267272613887914,0.01565563316939995,0.018601589660022788,0.03739941147195245,0.001913493347923706,0.06343195892983458,1,500,non_normal
-0.010111193110505793,0.015622846431920665,0.014525009278712009,0.5177971224266343,-0.040806008520211365,0.020583622299199775,0,500,non_normal
-0.0408232808190413,0.01554442694494136,0.014123785448800866,0.008899389322593432,-0.07136402240565433,-0.010282539232428264,1,500,non_normal
-0.021580792942835943,0.015381347311782185,0.016498014473034117,0.16122520527763964,-0.05180112561685314,0.00863953973118126,0,500,non_normal
0.002595571145449535,0.01573382781188165,0.01378272327314151,0.8690364580292812,-0.028317293707848884,0.033508435998747955,0,500,non_normal
-0.009164096223882296,0.015967333726496207,0.021929006912366076,0.5662757940252601,-0.04053573925037736,0.022207546802612763,0,500,non_normal
0.00645493125292129,0.015482647554463746,0.013884053651379286,0.6769210230792166,-0.02396442995687642,0.036874292462719,0,500,non_normal
0.006173372184556384,0.015288579001972193,0.015232237752427482,0.6865406310229234,-0.023864694974793144,0.036211439343905916,0,500,non_normal
-0.011547275216124395,0.015591460335110701,0.018009158548528165,0.4592757257710983,-0.042180425137904244,0.019085874705655453,0,500,non_normal
0.0002409036230770316,0.015497795499119013,0.016556455265176656,0.9876041040075767,-0.030208219344096714,0.030690026590250778,0,500,non_normal
-0.0018982227370977678,0.015858143581843315,0.016617144232432882,0.9047689257592069,-0.03305533562983746,0.029258890155641926,0,500,non_normal
0.057696620484141106,0.015574841352327833,0.01566047076477682,0.0002355433973864067,0.02709612252569202,0.0882971184425902,1,500,non_normal
-0.023133822797769453,0.01625044942362576,0.01649336422897142,0.15519414923973307,-0.0550617142711049,0.008794068675565994,0,500,non_normal
0.023054661321940464,0.01594164581460306,0.015658574929861745,0.1487527521215095,-0.008266511662667106,0.054375834306548035,0,500,non_normal
-0.04089557859502082,0.015476310162851874,0.014996024782179804,0.00848963449975246,-0.07130248848446835,-0.010488668705573283,1,500,non_normal
0.013725373208092834,0.015376272046051754,0.01318728644907205,0.3724846758635718,-0.016484987893494875,0.04393573430968054,0,500,non_normal
-0.011228407399720322,0.015623575286017252,0.01658061854628641,0.4726729466740218,-0.04192465481748235,0.019467840018041707,0,500,non_normal
-0.004891377047977018,0.01578002373871371,0.016069037829513192,0.7567113623924042,-0.03589500483957669,0.02611225074362265,0,500,non_normal
-0.006881429539545167,0.015141973808141437,0.015425171757070706,0.6496954093674231,-0.03663145575946994,0.0228685966803796,0,500,non_normal
0.016898041751132943,0.015667874679782028,0.01598080439147534,0.28132598834958167,-0.013885242412480556,0.04768132591474644,0,500,non_normal
-0.001312063116157994,0.015499089370247554,0.014599171318692428,0.9325703229449058,-0.03176372820237692,0.02913960197006093,0,500,non_normal
-0.011438957019239162,0.0159941056722795,0.015428870787821682,0.4748216818000617,-0.042863199931264556,0.01998528589278623,0,500,non_normal
0.008030177856943512,0.015554985331895936,0.015278663699733293,0.6059126959907128,-0.022531308204116432,0.038591663918003456,0,500,non_normal
0.0002690940140095796,0.01538342264309996,0.015691261171611796,0.9860507481543213,-0.02995531614435023,0.030493504172369387,0,500,non_normal
0.0032531001581278104,0.016109821500244342,0.014720521806732285,0.8400517788991742,-0.028398494152046434,0.03490469446830206,0,500,non_normal
-0.012036752883351464,0.015956957952500933,0.013208180923514667,0.4510098544903458,-0.043388010222199555,0.019314504455496623,0,500,non_normal
-0.007926649906668014,0.015110977339888053,0.01436082789981595,0.6001208727193422,-0.03761577615708105,0.02176247634374502,0,500,non_normal
0.008986711616039754,0.015376136631443762,0.016342287652673145,0.5591766402592057,-0.02122338343118877,0.039196806663268274,0,500,non_normal
0.001380863787466712,0.015663282354905404,0.016693470048574337,0.92978551557916,-0.029393397656439234,0.03215512523137266,0,500,non_normal
0.011828927154431202,0.015388925168352122,0.01673640830653816,0.4424566122731829,-0.018406294029796287,0.042064148338658694,0,500,non_normal
-0.0055575342975308795,0.01560932225038075,0.01680451829156705,0.7219618084899688,-0.03622577822055225,0.025110709625490488,0,500,non_normal
-0.0029545299612456707,0.015622090276974135,0.013933070880653941,0.8500717925766759,-0.03364785972385063,0.027738799801359286,0,500,non_normal
-0.011705272447792072,0.015407367982923413,0.016176453845448347,0.4477819622904292,-0.04197672894876341,0.018566184053179273,0,500,non_normal
0.012053051147988554,0.015782923592402777,0.015405669906140944,0.44542156584526593,-0.018956274099198926,0.04306237639517603,0,500,non_normal
0.0012998753441982418,0.015816940359384225,0.014688307712971452,0.9345346272735058,-0.029776283971152204,0.03237603465954869,0,500,non_normal
0.01007064361118934,0.015446768152679903,0.015177066160833886,0.5147290633821742,-0.02027822393923811,0.04041951116161679,0,500,non_normal
-0.027388787916159587,0.01597151937380291,0.013646711283887681,0.0869945181318956,-0.05876865464708708,0.0039910788147679045,0,500,non_normal
-0.016703889837196208,0.015181094746956694,0.013713574960690587,0.271729241299874,-0.04653077849066159,0.013122998816269174,0,500,non_normal
-0.011236269367943728,0.01574672522809929,0.016156384761943404,0.4758321435027214,-0.04217447427766449,0.01970193554177704,0,500,non_normal
0.004436525768785007,0.015762091958202877,0.016773223662470492,0.7784683224224849,-0.026531870754611015,0.03540492229218103,0,500,non_normal
-0.007661780010345573,0.015118000562035317,0.015506666046858675,0.6125205239477831,-0.03736470505909738,0.022041145038406235,0,500,non_normal
0.0016658051388115883,0.01568406698544152,0.014145927313814134,0.9154584864479358,-0.02914929267895524,0.03248090295657841,0,500,non_normal
0.015088402051753887,0.01567830427992854,0.015144982543942547,0.33632850847188933,-0.015715373553844225,0.045892177657352,0,500,non_normal
-0.007004446313231749,0.015117159627403318,0.013579297416987038,0.6433201869471128,-0.03670571914492994,0.02269682651846644,0,500,non_normal
0.00538734987044117,0.0151920889032322,0.016002460715084498,0.7230277938115002,-0.02446113943044353,0.035235839171325875,0,500,non_normal
0.008710526464186115,0.015327590045160804,0.015860647501154502,0.5700937604183308,-0.021404187212482294,0.038825240140854526,0,500,non_normal
0.0016813419355322492,0.015312077662881281,0.01590613138151245,0.9126082978587564,-0.028402893958952895,0.03176557783001739,0,500,non_normal
-0.007826237626832142,0.015868487454654474,0.013312862193861574,0.6220931525987905,-0.03900367352971877,0.023351198276054492,0,500,non_normal
0.025643005158135588,0.015457372718460894,0.014897272820984233,0.09775552623979285,-0.004726697596079212,0.056012707912350385,0,500,non_normal
-0.01800989975912961,0.015549813580738736,0.016505636156574747,0.2473347873778605,-0.04856122467908079,0.012541425160821577,0,500,non_normal
0.01147790271622055,0.015073238908643965,0.01567518015170809,0.44673352392357846,-0.018137077367171198,0.0410928827996123,0,500,non_normal
0.0031696961101650364,0.015796457173073885,0.015363722278787281,0.8410473989988487,-0.027866219090546103,0.034205611310876176,0,500,non_normal
0.004976831289216971,0.015671071152355144,0.014452551422130082,0.7509360531942365,-0.02581273310866892,0.03576639568710286,0,500,non_normal
0.028890502425623958,0.01567376627631939,0.015242619303216185,0.06588811339959307,-0.0019043571873784138,0.05968536203862633,0,500,non_normal
-0.0013977275044431121,0.015420159379750581,0.01488307167775134,0.9278128121693681,-0.031694315761407396,0.028898860752521172,0,500,non_normal
-0.011923499970166864,0.016230962052996706,0.016347940579863943,0.46292007080100295,-0.04381310384675188,0.01996610390641815,0,500,non_normal
0.0026836090351623505,0.01558595243523984,0.016283603174013336,0.8633649728635929,-0.02793871930102694,0.03330593737135164,0,500,non_normal
-0.0006247895593759181,0.015531872446745382,0.017302012153915726,0.967928841931151,-0.031140864833971722,0.029891285715219887,0,500,non_normal
0.017356287054360982,0.015351154631663777,0.0176280145853059,0.258760245904557,-0.012804724884027324,0.047517298992749285,0,500,non_normal
-0.007202319745298794,0.015017116821543414,0.01624038293884252,0.6317171686222613,-0.0367070345763586,0.022302395085761016,0,500,non_normal
-0.006189679063129193,0.01544906801549923,0.016732982916189423,0.6888491787792946,-0.036543065243693246,0.024163707117434863,0,500,non_normal
0.01090867707044111,0.015515153559587214,0.015389289280970343,0.48232308603944596,-0.01957454995480321,0.041391904095685425,0,500,non_normal
-0.0005563328540512005,0.015917161301805566,0.014865944380403577,0.9721322094184139,-0.03182940016188657,0.03071673445378417,0,500,non_normal
-0.029201163552537702,0.015647028955739283,0.016307520080295505,0.06259488780112293,-0.05994349130949624,0.001541164204420839,0,500,non_normal
-0.017460506391012157,0.014992157819259238,0.013022316766368384,0.2447212692898206,-0.046916183297308275,0.011995170515283964,0,500,non_normal
0.023866722155042572,0.015268759593993556,0.014627051975039147,0.11866237601197853,-0.006132405040831991,0.053865849350917136,0,500,non_normal
0.01341168935337781,0.015443763569668843,0.014705876885005556,0.3855821783246828,-0.016931274975680245,0.04375465368243586,0,500,non_normal
-0.009668769442714883,0.015145975116939317,0.0151064386874461,0.5235248724361281,-0.039426657190017735,0.02008911830458797,0,500,non_normal
-0.023549485728824808,0.015793753059326357,0.014549131171790432,0.1365779975932572,-0.0545800880518418,0.0074811165941921845,0,500,non_normal
-0.0051841674229672376,0.015190702568092632,0.01563972723759499,0.7330424705971215,-0.03502993293715977,0.024661598091225298,0,500,non_normal
0.005607040096777859,0.014931480018469747,0.015549070990446718,0.7074351260934513,-0.023729420768906426,0.03494350096246215,0,500,non_normal
0.0020221871229591628,0.014994287674629228,0.014311737994301457,0.8927740242523545,-0.02743767439321046,0.03148204863912878,0,500,non_normal
0.0019452057855255424,0.014928306465137035,0.010033279046155877,0.8963791815325107,-0.02738501987621144,0.031275431447262525,0,500,non_normal
-0.02676762908287704,0.01544073736378923,0.015163617809027885,0.0836129880414746,-0.057104647707272936,0.0035693895415188567,0,500,non_normal
0.024587892258867705,0.015529015490545603,0.015236144902736368,0.11397615336060325,-0.005922569842509762,0.05509835436024517,0,500,non_normal
0.04187087162093403,0.015398042426922368,0.013379834724291963,0.006771815976012524,0.011617737403375784,0.07212400583849228,1,500,non_normal
0.030783481179143198,0.015568154282963854,0.017117140739170394,0.048554594224242575,0.00019612156655532745,0.061370840791731066,1,500,non_normal
0.023201946718120356,0.01568382638725084,0.014840144520107122,0.13967773205891149,-0.0076126783870020115,0.05401657182324272,0,500,non_normal
0.0017357714912071727,0.015210953190704823,0.016693259786492564,0.9091939995673876,-0.028149781210660894,0.03162132419307524,0,500,non_normal
-0.01540402128506593,0.015188835810879367,0.016268269865043827,0.3109953769919719,-0.045246119108589826,0.014438076538457967,0,500,non_normal
-0.009057704418938488,0.01541746717332203,0.017035940639640538,0.5571367320634076,-0.0393490031929824,0.021233594355105426,0,500,non_normal
-0.026081574208498666,0.015454790271449538,0.0198194026344732,0.09211331216120659,-0.056446203128398806,0.004283054711401477,0,500,non_normal
0.032230963040713476,0.015738429056817226,0.013850645772945931,0.0410922672023725,0.0013090579421199504,0.063152868139307,1,500,non_normal
0.005783010635119952,0.015273858847540811,0.015744316486669414,0.7051303447677305,-0.02422613526298294,0.035792156533222846,0,500,non_normal
0.030080453228851875,0.015890271168027877,0.01559816181343685,0.05893596831031462,-0.001139781984893267,0.06130068844259702,0,500,non_normal
-0.017867259355578115,0.015232754416400896,0.015434288994952458,0.2413765858729932,-0.04779564577544772,0.01206112706429149,0,500,non_normal
-0.016559126837890643,0.015231868913289372,0.014991916617587846,0.27750220018712884,-0.0464857734752775,0.013367519799496214,0,500,non_normal
0.012055065735903536,0.014704087900106685,0.013961703960719407,0.4126969597203186,-0.016834628970413337,0.04094476044222041,0,500,non_normal
-0.001026226760635806,0.015157807352097949,0.01480789763125706,0.9460493534598372,-0.030807361761610457,0.028754908240338845,0,500,non_normal
-0.005294230411865078,0.015314843339315768,0.014950839208432678,0.729719609443134,-0.03538390013865533,0.024795439314925175,0,500,non_normal
0.0037158082095351355,0.01565341289438069,0.016583204661369505,0.8124595747774364,-0.027039062320537047,0.03447067873960732,0,500,non_normal
-0.028611575340049752,0.015467379593558362,0.01679839769290412,0.06493445836936648,-0.05900093899186623,0.0017777883117667294,0,500,non_normal
-0.004150700869272952,0.01561622348445649,0.013207386489419937,0.7905077461443883,-0.03483250391591351,0.026531102177367608,0,500,non_normal
-0.0062806224628023585,0.015425309514086306,0.01486925991048429,0.6840628830442217,-0.03658732938946356,0.024026084463858843,0,500,non_normal
-0.006465626387275165,0.015685667181870425,0.016470479626026133,0.680370473768466,-0.037283868173346266,0.024352615398795935,0,500,non_normal
-0.012483331783976976,0.015308605037363405,0.014701048782825592,0.41520722130743004,-0.0425607448757339,0.017594081307779945,0,500,non_normal
0.005403350656663126,0.01597409178457819,0.015244968005222669,0.7353119711289027,-0.025981570189994765,0.03678827150332102,0,500,non_normal
0.022738315601383022,0.01595497415815032,0.0145138188640539,0.1547387403399577,-0.00860904409937023,0.054085675302136274,0,500,non_normal
-0.016797395796172582,0.015455560840901673,0.014209347957328141,0.2776426003677871,-0.047163538683914416,0.013568747091569255,0,500,non_normal
-0.006757026426565803,0.01580624421218267,0.016164715679860914,0.669206554064454,-0.0378121706045418,0.024298117751410196,0,500,non_normal
0.001859118452484947,0.01546754258190184,0.015587790453125177,0.9043772983744756,-0.028530565428883735,0.03224880233385363,0,500,non_normal
0.007471073188838051,0.015081473007293938,0.014311908229111976,0.620549809760202,-0.022160084749160897,0.037102231126837,0,500,non_normal
0.010205873333726754,0.015534761532861175,0.015752187957300077,0.5115036500301343,-0.0203158782409859,0.040727624908439404,0,500,non_normal
0.0024840956689011337,0.015634076017002133,0.014848517873084827,0.8738200881690035,-0.02823278294437654,0.03320097428217881,0,500,non_normal
0.01191335715118146,0.014850954833171061,0.015607482442076825,0.42282297907409727,-0.017264892743835837,0.041091607046198755,0,500,non_normal
-0.011542093625989581,0.015448098175367155,0.014914676143930222,0.45532379699109216,-0.0418935743238389,0.018809387071859744,0,500,non_normal
-0.0112035247981718,0.015360033605671519,0.015632391036738816,0.46610326058639073,-0.04138198160292187,0.018974932006578266,0,500,non_normal
0.005847003313613448,0.0156491476557743,0.015523178231157914,0.708838032046838,-0.02489948713589711,0.036593493763124006,0,500,non_normal
-0.004492887481859338,0.015894727197266006,0.015098943035549293,0.7775508819200583,-0.03572187762995788,0.026736102666239197,0,500,non_normal
-0.00779653017277142,0.015614814647306081,0.012582191539513779,0.617786156491771,-0.03847556522214192,0.022882504876599083,0,500,non_normal
-0.003009572638316453,0.015604016060666604,0.017178349553350823,0.8471381029758073,-0.03366739128355542,0.027648246006922516,0,500,non_normal
0.004568277439365347,0.015785602098977714,0.016863095517407656,0.772399408960869,-0.026446310374106045,0.03558286525283674,0,500,non_normal
0.021032594137157887,0.015139969781353126,0.015203556867908957,0.1653898161937404,-0.008713494693212975,0.05077868296752875,0,500,non_normal
-0.0039582183136225215,0.015154654238398098,0.012642766051792875,0.7940552817929458,-0.03373315826919335,0.025816721641948308,0,500,non_normal
0.025829944925777188,0.015175523216639746,0.014853091376237176,0.08936457960079694,-0.003985997124879702,0.05564588697643408,0,500,non_normal
0.025140617589222532,0.01584613054147952,0.016810663422862814,0.11325018414676193,-0.005992892814810455,0.05627412799325552,0,500,non_normal
-0.006695451965888259,0.015487827021752625,0.014518722440660771,0.6657074965480012,-0.03712498947697943,0.023734085545202913,0,500,non_normal
0.014365471683014476,0.015168877465058576,0.01602612762796045,0.34407977578876703,-0.015437413200439773,0.044168356566468725,0,500,non_normal
0.030553753118344188,0.015505585387587088,0.014906414054515984,0.049334593489946135,8.932505362425208e-05,0.061018181183064124,1,500,non_normal
-0.01427542731571916,0.015922071119394927,0.015122870411249545,0.3703757085421274,-0.04555814113357161,0.01700728650213329,0,500,non_normal
-0.000970820722288504,0.01610295307441412,0.012770413497429354,0.9519501538271897,-0.032608920368482494,0.030667278923905486,0,500,non_normal
0.006658295148930569,0.015153223011528697,0.016071827576568495,0.6605638101591729,-0.023113832819416473,0.036430423117277615,0,500,non_normal
0.028551614144845854,0.016058724752157867,0.011876107418903166,0.07602212658980265,-0.002999588392460034,0.06010281668215174,0,500,non_normal
-0.009791158265454647,0.01493111896424224,0.014179907266145769,0.5122845030188943,-0.039126909753823186,0.019544593222913895,0,500,non_normal
-0.01484660240828322,0.015326042262105355,0.015197005701887515,0.3331564805948435,-0.044958275095245415,0.015265070278678971,0,500,non_normal
-0.02779178156182187,0.015196526069531266,0.01486048716342282,0.06802376722270602,-0.057648988736308256,0.002065425612664519,0,500,non_normal
-0.015951314998355854,0.016125971799046374,0.0149437810063323,0.32306070847439716,-0.047634640430173014,0.01573201043346131,0,500,non_normal
0.004074484684560455,0.015385844783725193,0.015897862458604025,0.7912574360016934,-0.026154684347907978,0.034303653717028884,0,500,non_normal
-0.017860464190969556,0.015170317739113471,0.01378732329995603,0.23962633566545585,-0.04766617883700561,0.0119452504550665,0,500,non_normal
0.0031819306665173998,0.014732476552389783,0.01532343744154011,0.8290912230052654,-0.025763540331613977,0.03212740166464878,0,500,non_normal
0.007921158760409013,0.01588725988725751,0.015566306070818828,0.6182915002050375,-0.023293160072617933,0.039135477593435955,0,500,non_normal
-0.016890535716685553,0.015195843908142078,0.0156971304958884,0.26687945888248493,-0.04674640262209792,0.012965331188726819,0,500,non_normal
8.002148835702973e-05,0.015260522786309077,0.015456538593093413,0.99581825774571,-0.02990292253036464,0.030062965507078696,0,500,non_normal
0.003001624006153071,0.01531364082213458,0.016551406971925274,0.8446824337099564,-0.027085683088253612,0.03308893110055976,0,500,non_normal
-0.017705758611772836,0.01602316712716364,0.0144392281508122,0.2696888682157285,-0.04918709969711083,0.01377558247356516,0,500,non_normal
0.008629039784201629,0.015453038020887377,0.015076724812187964,0.5768194424908364,-0.021732146420711113,0.03899022598911437,0,500,non_normal
0.010198793531109009,0.015635843358668904,0.015095924175265953,0.5145278734589709,-0.020521557447237593,0.04091914450945561,0,500,non_normal
-0.007033018455622686,0.015563599767653471,0.016380787241240598,0.6515457473257714,-0.037611429634431724,0.023545392723186356,0,500,non_normal
-0.034345909950224504,0.015391381092865792,0.0147231019270929,0.02609209826274935,-0.06458595638508323,-0.004105863515365779,1,500,non_normal
-0.021029202123138774,0.015500774415007492,0.0167483383036609,0.17550553649900574,-0.05148417788248559,0.009425773636208046,0,500,non_normal
0.01703812260468841,0.015558309686026244,0.015530733570344462,0.2739960475305839,-0.013529894944524536,0.047606140153901355,0,500,non_normal
-0.01854060855109852,0.01485219146447781,0.012339014477844476,0.21249255217660773,-0.04772128810385175,0.010640071001654702,0,500,non_normal
0.01779785146986815,0.015614329093565936,0.01908214305159093,0.2549004998202537,-0.012880229593140759,0.04847593253287706,0,500,non_normal
0.018954286966934374,0.01607431462797569,0.015632075026748828,0.2388950799068252,-0.012627545607130412,0.05053611954099916,0,500,non_normal
-0.008462001417921547,0.015443598032081686,0.013787377118450137,0.5839858845942401,-0.038804640508828966,0.021880637672985877,0,500,non_normal
0.018271694738008822,0.015871732595467824,0.012363806485435981,0.2501983336866576,-0.012912117019539017,0.04945550649555666,0,500,non_normal
-0.02711630021756266,0.016303828575608807,0.019931539867812383,0.09690435239419071,-0.05914906779167693,0.004916467356551615,0,500,non_normal
0.011749739846695872,0.014941502350714076,0.01437821805452557,0.43201731003076915,-0.0176064122858491,0.04110589197924085,0,500,non_normal
0.003352311808073544,0.015504037904485938,0.015496018867035766,0.8289033578741645,-0.027109075856272077,0.03381369947241917,0,500,non_normal
0.011826896746172225,0.015597449420957395,0.014836389810847082,0.44865499991545565,-0.018818020166042962,0.04247181365838741,0,500,non_normal
0.013999832821007707,0.01571299345624708,0.014339248537127227,0.3733745883033107,-0.01687209796159047,0.04487176360360588,0,500,non_normal
-0.002326316820940618,0.015553004647479865,0.015114934110151006,0.8811616975840812,-0.03288391135411535,0.028231277712234115,0,500,non_normal
-0.004240766322547667,0.015297529546124237,0.01611336727051169,0.7817269609964979,-0.034296418964911486,0.025814886319816148,0,500,non_normal
0.002174989265468747,0.015496349699192993,0.016774745609719293,0.8884363058540443,-0.028271293082228775,0.03262127161316627,0,500,non_normal
0.025407681738178988,0.01512985813627295,0.014910245405975863,0.09371939463695278,-0.004318540348920926,0.0551339038252789,0,500,non_normal
0.0023242319531410994,0.015389385827418892,0.01718837188825708,0.8800145902117769,-0.027911894305912732,0.03256035821219493,0,500,non_normal
0.008759156532492724,0.015103230787800749,0.016231638257858977,0.5622089353909347,-0.0209147497650508,0.03843306283003625,0,500,non_normal
0.008205317997157392,0.015381118100582665,0.014541796002829939,0.5939483951604339,-0.02201456433668078,0.038425200330995564,0,500,non_normal
-0.003992148054286208,0.015390183670736076,0.018131852124710447,0.7954371111567852,-0.03422984186720761,0.026245545758635195,0,500,non_normal
0.0021108977761967376,0.014848487655328863,0.01456876781850573,0.8870091646293314,-0.027062504758336076,0.031284300310729554,0,500,non_normal
-0.008016338925060287,0.015250217096580178,0.014872466376282674,0.5993625452095641,-0.03797903495342522,0.021946357103304646,0,500,non_normal
0.0033490452378438715,0.015407691379127902,0.01664059522263761,0.8280153371101306,-0.026923046652257376,0.03362113712794512,0,500,non_normal
-0.013987287447319956,0.015630964655859274,0.01573639375185804,0.3713023428788206,-0.04469805304807017,0.016723478153430255,0,500,non_normal
-0.0038797677012926625,0.014891149313588488,0.014409401175001033,0.7945535274182072,-0.033136989258886196,0.025377453856300868,0,500,non_normal
-0.046512550567782605,0.015955208678935958,0.017197398943288793,0.003714788807624481,-0.07786037104066572,-0.015164730094899492,1,500,non_normal
0.0005955888684098594,0.01552619087957193,0.015915379014693202,0.9694158103088156,-0.029909323609675915,0.031100501346495633,0,500,non_normal
0.003955068061538491,0.015419917505019259,0.01370719357182429,0.7976777527736151,-0.02634104497471217,0.03425118109778915,0,500,non_normal
0.02532144285533907,0.015421287046107906,0.016128046483236406,0.10122546348783378,-0.004977360971677232,0.05562024668235537,0,500,non_normal
5.832947305334929e-05,0.015541848397493521,0.01571806512335772,0.9970070021460506,-0.030477345940869486,0.030594004886976185,0,500,non_normal
0.002492079233521762,0.015175487509667823,0.014139547625365359,0.8696266254298964,-0.027323792662255427,0.03230795112929895,0,500,non_normal
0.008140949274683887,0.016063463178476036,0.015233352953027718,0.6125200774511119,-0.023419563033527227,0.039701461582895003,0,500,non_normal
-0.006875096869055764,0.015572421532913258,0.013357283468769333,0.6590486023834434,-0.037470840513969296,0.023720646775857765,0,500,non_normal
-0.013894981142972121,0.015560278274827413,0.015862896613567434,0.37230043032876026,-0.04446686645534416,0.016676904169399917,0,500,non_normal
0.01094625632034195,0.015243259161794006,0.015524103008186725,0.47302946428613746,-0.019002769182307644,0.04089528182299155,0,500,non_normal
0.01027621467217382,0.015240372237718966,0.016029767313466413,0.5004488330348588,-0.019667138778204682,0.04021956812255232,0,500,non_normal
0.0026864708924084863,0.01509962410540668,0.01455292216132577,0.8588609703832076,-0.02698034921563623,0.0323532910004532,0,500,non_normal
0.004763277241908109,0.015700568048395466,0.014390848991386344,0.761725097231865,-0.026084240857504735,0.03561079534132095,0,500,non_normal
-0.020642963604560652,0.015570510466714826,0.015473835152190998,0.1855226758851923,-0.051234952503215095,0.009949025294093788,0,500,non_normal
-0.007358239706218798,0.015396619397940427,0.014763425363317616,0.6329220586527605,-0.037608578043262335,0.02289209863082474,0,500,non_normal
-0.02940226926054842,0.01598789846174047,0.0165896259236397,0.06650554422083538,-0.06081431662405229,0.002009778102955443,0,500,non_normal
-0.019356396594706338,0.014980913849997623,0.01518173642216789,0.19693199268059378,-0.04878998203627088,0.010077188846858202,0,500,non_normal
0.0027854179189446358,0.015232546837928919,0.015807017712003033,0.8549825756131122,-0.027142560663409053,0.03271339650129832,0,500,non_normal
0.030668156248803636,0.015214352305857944,0.016779367997583814,0.04436391205821527,0.0007759251728866393,0.06056038732472063,1,500,non_normal
0.009315258622003962,0.015934545140431265,0.016016203126406718,0.5590846760711154,-0.021991963391252936,0.04062248063526086,0,500,non_normal
-0.010833660043461465,0.015126888929742559,0.015093834135199874,0.47421244770116155,-0.04055404841474264,0.018886728327819707,0,500,non_normal
-0.004010726780279281,0.015502933833354018,0.014876599626858113,0.7959677489304808,-0.034469945233032054,0.02644849167247349,0,500,non_normal
-0.031561274871586935,0.015666143536604872,0.016378807154883202,0.04448184364323672,-0.06234115779071518,-0.0007813919524586911,1,500,non_normal
0.024910383121184404,0.015147064368990248,0.01724980193084329,0.1006899024941718,-0.00484964472208519,0.054670410964454,0,500,non_normal
0.006024919000703258,0.015973283076911142,0.01770091978923272,0.7061951210893445,-0.025358412946475364,0.03740825094788188,0,500,non_normal
0.019717770888003246,0.015421928697149277,0.014330961547290617,0.20164962920951582,-0.0105822936158275,0.05001783539183399,0,500,non_normal
0.030649802310749128,0.015481998686450855,0.015650625039388223,0.048286731691442916,0.00023171595723114544,0.061067888664267114,1,500,non_normal
-0.005891842792167489,0.015050937601726027,0.014565848054671732,0.6956245541594754,-0.03546300662848645,0.023679321044151467,0,500,non_normal
-0.02855128675385113,0.015534314873656606,0.014789972426201939,0.06666531224372042,-0.05907216075981246,0.001969587252110206,0,500,non_normal
-0.0028430879765443708,0.015630073842020416,0.015291771676120263,0.8557363470801627,-0.03355210336061881,0.02786592740753007,0,500,non_normal
0.024060898036853635,0.015709223531698447,0.016560326017475282,0.1262459082353792,-0.006803625828020996,0.054925421901728264,0,500,non_normal
0.005144412217085018,0.015516108926218495,0.015659394032643867,0.7403663052461291,-0.025340691854222806,0.03562951628839284,0,500,non_normal
-0.007024236566622324,0.015797457340579996,0.016353820602916947,0.6567705891626286,-0.03806211683542222,0.024013643702177567,0,500,non_normal
-0.008498870587988004,0.016085387831826437,0.015693849458891115,0.5974850756858552,-0.04010245911732469,0.023104717941348683,0,500,non_normal
0.016387369478026863,0.01578443250248107,0.017302938841374335,0.29968160187605464,-0.014624920383613235,0.04739965933966696,0,500,non_normal
0.0011448617831016942,0.01540034169872452,0.015977080457432694,0.9407696808567121,-0.02911278990339868,0.031402513469602066,0,500,non_normal
-0.007438043287944613,0.015875371807112147,0.015220630207472116,0.6396126437603908,-0.038629005146477324,0.023752918570588095,0,500,non_normal
-0.0020213997689552433,0.015217984277984884,0.014966503175487814,0.8943817458561366,-0.03192076672209509,0.0278779671841846,0,500,non_normal
-0.015584068582906266,0.015118817780572329,0.01596206891760914,0.303147641827585,-0.04528859925277534,0.01412046208696281,0,500,non_normal
-0.01889486470072451,0.015332325521090559,0.01669489055598815,0.21839808029057653,-0.049018882351555014,0.011229152950105993,0,500,non_normal
0.0014002285785232648,0.015062427388740522,0.014214422132724105,0.9259713887067581,-0.028193509690249065,0.030993966847295593,0,500,non_normal
0.01638240126342503,0.01527763188490957,0.017780085975579667,0.2840988862127752,-0.013634157668280456,0.04639896019513051,0,500,non_normal
-0.0018498674038565726,0.015203518225868635,0.015887657565464425,0.9032065702921285,-0.03172081234047399,0.028021077532760844,0,500,non_normal
0.0023005087795039784,0.01548073965554503,0.014135812475008147,0.8819258143914963,-0.02811510390691257,0.032716121465920525,0,500,non_normal
-0.0019755236836454214,0.015496222066599908,0.017678333699887416,0.8986086268767413,-0.03242155526661181,0.028470507899320967,0,500,non_normal
-0.017935031053265865,0.01568532351690564,0.015601796233310419,0.2534104701996756,-0.04875259762738357,0.012882535520851845,0,500,non_normal
0.013353647350712877,0.01560433959041798,0.01770314332453435,0.3925393359731686,-0.017304806946040772,0.04401210164746652,0,500,non_normal
-0.020459285893103946,0.0156982715304966,0.015760224000142778,0.19308048183367182,-0.05130229193427581,0.010383720148067915,0,500,non_normal
-0.018996483542291085,0.01598978227735986,0.015236210268327392,0.23538436189346817,-0.05041223211177909,0.01241926502719692,0,500,non_normal
-0.0007935560090830528,0.015515590862482949,0.01606194652214157,0.9592299149732962,-0.03127764222037399,0.029690530202207882,0,500,non_normal
0.0019968972819684704,0.015562235179933813,0.014463528225686868,0.8979500178375888,-0.028578832838152077,0.03257262740208902,0,500,non_normal
0.02106183448459473,0.015650112077810217,0.015566646871927539,0.17898116143270446,-0.009686550802485823,0.051810219771675284,0,500,non_normal
0.020807385975503828,0.015595475146675891,0.014627030169424059,0.18275012302698082,-0.009833652003067416,0.051448423954075076,0,500,non_normal
-0.02564220378479516,0.01606403122339717,0.014443847199234559,0.11106741504685462,-0.0572038321530069,0.0059194245834165785,0,500,non_normal
-0.013278078091712608,0.01591638507169194,0.013108498324047327,0.4045459849811339,-0.04454962030998398,0.017993464126558764,0,500,non_normal
-0.011117248854314584,0.016062774314438127,0.016200473683244176,0.4891891721568249,-0.04267640772449645,0.020441910015867284,0,500,non_normal
0.009049390713251445,0.015879311501968505,0.015605188452290518,0.5690122900968334,-0.022149311617346547,0.04024809304384944,0,500,non_normal
-0.02130133085309465,0.015575124447194078,0.017584997159252633,0.1720382882765797,-0.05190238501906333,0.009299723312874025,0,500,non_normal
0.012348605037040352,0.015301332565952428,0.016470729311431332,0.4200355641230593,-0.01771451954663291,0.042411729620713615,0,500,non_normal
0.0020446084592162742,0.015689995547489902,0.015514597315942704,0.8963715128703966,-0.028782137435519953,0.0328713543539525,0,500,non_normal
-0.004258013921907581,0.015046271192537786,0.015395363315765367,0.777298547623017,-0.03382000948218392,0.025303981638368764,0,500,non_normal
-9.843424349997507e-05,0.01606252633242097,0.01654678712781255,0.9951128949565284,-0.031657105893745666,0.03146023740674571,0,500,non_normal
0.00047509607865991923,0.015662718535715638,0.01502717280673297,0.9758136898926678,-0.03029805760770455,0.03124824976502439,0,500,non_normal
0.010527637961515054,0.01553875707549113,0.016061351700948034,0.4983980846110493,-0.020001963811560778,0.041057239734590883,0,500,non_normal
0.03204274235204716,0.01535690926955486,0.016333830564187236,0.03743821238160647,0.0018704240522613852,0.06221506065183294,1,500,non_normal
-0.010646052198921004,0.015998690720596932,0.015648972691583603,0.5060818357234439,-0.04207930353411443,0.020787199136272427,0,500,non_normal
0.005890606434917763,0.0161123425179891,0.020356574075553704,0.7148218665820042,-0.025765941017096367,0.03754715388693189,0,500,non_normal
-0.0012128977240572444,0.015293687821056102,0.011779929668863555,0.9368202323746498,-0.031261002379417854,0.028835206931303363,0,500,non_normal
-0.017067127127132837,0.015215210743032474,0.014924798250066791,0.26252428549603496,-0.046961044808031066,0.012826790553765389,0,500,non_normal
-0.007366677287062885,0.015141927839904406,0.015442592836435884,0.6268206768204676,-0.03711661319140038,0.02238325861727461,0,500,non_normal
0.007563861113544933,0.015366545964241625,0.015882692638475616,0.6227743111542956,-0.022627390775958885,0.03775511300304875,0,500,non_normal
0.022462210347184017,0.016002111156500905,0.01450806715631351,0.16103058448785187,-0.008977761251768693,0.05390218194613673,0,500,non_normal
-0.0022046342732454406,0.016004151292016912,0.01531702008145782,0.8904905970298365,-0.03364861420597698,0.0292393456594861,0,500,non_normal
0.019639545327821112,0.015721248023610277,0.013610105152507043,0.2121656993010644,-0.011248603525063065,0.05052769418070529,0,500,non_normal
0.02439319510754217,0.014669485744925107,0.01402771948387719,0.0969710989542195,-0.004428515395594773,0.05321490561067911,0,500,non_normal
0.002619638592618884,0.01568883227345093,0.01344957536729069,0.8674577057084074,-0.028204821772265094,0.03344409895750286,0,500,non_normal
0.007333875990417212,0.015588304601597396,0.014930813969306485,0.63822312137832,-0.02329307373870919,0.037960825719543616,0,500,non_normal
0.01879986097468635,0.015459128284454886,0.019383411504825324,0.22452256953838667,-0.01157329100847402,0.04917301295784672,0,500,non_normal
-0.00014246093658506608,0.014743188634487196,0.015080349786890422,0.9922941661021654,-0.02910897838000198,0.028824056506831845,0,500,non_normal
0.010411626180115364,0.01574404868269473,0.0159798573210102,0.508722240640797,-0.020521320016509387,0.041344572376740114,0,500,non_normal
-0.011231515436809987,0.01603620006353846,0.01714045285027089,0.48401391881954625,-0.04273846284030613,0.02027543196668615,0,500,non_normal
-0.03658142150161037,0.015340101612883322,0.01705640170665369,0.017466682543263945,-0.06672071714312125,-0.0064421258600994916,1,500,non_normal
-0.00869459968860304,0.015825563125712743,0.014549776920623406,0.5829757146284533,-0.039787700489100145,0.022398501111894065,0,500,non_normal
-0.006279123607952913,0.015061484784603289,0.01437387117100231,0.6769316531239487,-0.03587100990563131,0.023312762689725486,0,500,non_normal
-0.00816323858700619,0.015445458872123882,0.014031528885666366,0.5973737111140447,-0.038509533742885585,0.0221830565688732,0,500,non_normal
0.0076134468291943706,0.015320766776851508,0.014988886211272676,0.6194531963095015,-0.022487860906235523,0.03771475456462426,0,500,non_normal
0.020713422040964564,0.015447635043887088,0.014693071858786981,0.18057075156739133,-0.009637148724411633,0.05106399280634076,0,500,non_normal
-0.006670553333952823,0.015481944020377602,0.018542330615859203,0.6667564555574226,-0.03708853228290564,0.02374742561499999,0,500,non_normal
0.02064358079273801,0.015260227135846119,0.010924729773399016,0.1767428987470185,-0.00933878234999375,0.050625943935469764,0,500,non_normal
0.011352428114983177,0.015740329482559746,0.017941465786498252,0.4711052841489085,-0.01957321082415091,0.04227806705411727,0,500,non_normal
0.014685617358284072,0.01577593665571504,0.014335309446386498,0.352362957098625,-0.016309980382021486,0.04568121509858963,0,500,non_normal
-0.003594358896638244,0.01606967904009402,0.018503592008339034,0.8231032118644742,-0.035167083750482935,0.027978365957206448,0,500,non_normal
0.015947786927816995,0.015646401136252635,0.014888818278445888,0.3085733533108198,-0.014793307327721862,0.04668888118335585,0,500,non_normal
0.018101034846924154,0.01548616292804449,0.01565266189499128,0.24302239599013062,-0.012325233154387334,0.04852730284823564,0,500,non_normal
-0.013005765650674479,0.015548151107399485,0.019134941730342938,0.4032843715704023,-0.0435538242444479,0.017542292943098937,0,500,non_normal
0.017651697239597322,0.015407069363291068,0.014529507246951642,0.25247444282583936,-0.012619172551741276,0.04792256703093592,0,500,non_normal
-0.016326680767369425,0.014858194980582383,0.01517735266589691,0.27237168971881703,-0.04551915566224818,0.012865794127509326,0,500,non_normal
0.019402019438671952,0.015421117247167031,0.013978726078713694,0.20892846833699136,-0.010896450777745946,0.04970048965508985,0,500,non_normal
-0.005275964005144792,0.01551685604581364,0.0142577367452528,0.7339885853203196,-0.03576253597144614,0.025210607961156553,0,500,non_normal
0.015507499889461675,0.015962557168739313,0.015670137584896607,0.3317748433638621,-0.015854758447804023,0.04686975822672737,0,500,non_normal
