beta_hat,se_classic,se_robust,p_value,ci_low,ci_high,reject,n,scenario
-0.0055936587460446285,0.01841593925535676,0.017425949621287466,0.7614527858115023,-0.041776172509001196,0.030588855016911935,0,500,autocorrelated
-0.012260293482504405,0.01671356126533778,0.016459539373286775,0.46356601524869734,-0.04509807884472523,0.02057749187971642,0,500,autocorrelated
0.019599780230778328,0.017454444912747127,0.016623943293647747,0.2620165468565801,-0.014693648115350611,0.05389320857690727,0,500,autocorrelated
-0.0070925173975482335,0.016861607899771213,0.015764606486383167,0.6742058989697736,-0.04022117575373753,0.026036140958641058,0,500,autocorrelated
0.02325967020152856,0.016078630076342585,0.015259648409713417,0.1486324447018429,-0.008330641102171646,0.05484998150522877,0,500,autocorrelated
0.007968067814777359,0.0163178158217917,0.01589218430935803,0.6255488957727663,-0.02409218104717681,0.040028316676731526,0,500,autocorrelated
-0.004813983984273656,0.01656442691620648,0.015245582081487298,0.7714615523116456,-0.03735875927705676,0.027730791308509445,0,500,autocorrelated
0.03307880215337567,0.01681587962824841,0.016674311042547144,0.04972442097254215,3.9987914870941166e-05,0.06611761639188041,1,500,autocorrelated
0.02064605502664143,0.017776433767483796,0.019032137540201874,0.2460240946078563,-0.014279997374469632,0.05557210742775249,0,500,autocorrelated
0.010432150112353333,0.018865838835716835,0.018718204496965582,0.5805354489771941,-0.026634298894557287,0.04749859911926395,0,500,autocorrelated
0.013220914495073172,0.018196696611020663,0.01686527590600038,0.46783950464588075,-0.022530844697827443,0.04897267368797378,0,500,autocorrelated
0.019437161637854666,0.017006090829632795,0.017394279098463878,0.25360729022490747,-0.013975367963006996,0.05284969123871633,0,500,autocorrelated
0.005335051739508708,0.01653169766888768,0.016248995817932665,0.7470453947094794,-0.027145419125183975,0.03781552260420139,0,500,autocorrelated
-0.012873412052683162,0.018245260971675968,0.018285125919322444,0.48078196986278376,-0.048720587538146135,0.022973763432779806,0,500,autocorrelated
0.029641965664100725,0.017976154774779752,0.017904721345351402,0.09978640122335027,-0.0056764863857621875,0.06496041771396363,0,500,autocorrelated
0.0015393909342197205,0.017862707621479883,0.01740159049827773,0.93135873229845,-0.033556167071048276,0.03663494893948771,0,500,autocorrelated
0.009045451152488695,0.018085615950506607,0.017648769019195664,0.6171931039246491,-0.026488063536446196,0.04457896584142358,0,500,autocorrelated
-0.0026246001290564838,0.01773336146837999,0.016253370070215403,0.8823998862924086,-0.03746602670503227,0.0322168264469193,0,500,autocorrelated
0.01843968131644902,0.01666980154868257,0.01708649824222719,0.26918579646473445,-0.014312127624575711,0.05119149025747375,0,500,autocorrelated
0.01898678543564937,0.019986574694869766,0.019831509007265852,0.3425847497442991,-0.020281617003348323,0.05825518787464706,0,500,autocorrelated
0.0068095064170590695,0.017880749030207678,0.018561894662801764,0.7034925937165505,-0.028321498247244073,0.04194051108136221,0,500,autocorrelated
-0.0032485613807866145,0.01748563277084786,0.017348811602624758,0.852689324437903,-0.03760326572752131,0.031106142965948082,0,500,autocorrelated
0.019265648530602655,0.01700589176213247,0.016998653850738305,0.2578094336512092,-0.014146489954580878,0.05267778701578619,0,500,autocorrelated
-0.005739262986011294,0.017304049365412376,0.01723301778258421,0.740276726680164,-0.03973720333742695,0.028258677365404362,0,500,autocorrelated
0.00905972678152191,0.018035490973111974,0.017651301111462802,0.6156590629864869,-0.026375305410305392,0.044494758973349216,0,500,autocorrelated
-0.0366325400997736,0.01916311437606064,0.018948711882104407,0.05649893476611013,-0.07428305794948034,0.0010179777499331535,0,500,autocorrelated
-0.008449408779016794,0.018445808043216022,0.01857299936161641,0.6471043920323372,-0.04469060691385444,0.02779178935582085,0,500,autocorrelated
-0.00021871534512731515,0.019061579976487077,0.018448590134463157,0.9908497522642856,-0.03766974460187972,0.037232313911625084,0,500,autocorrelated
-0.04212294344349958,0.018023771019438965,0.015907385903332325,0.019830573871021932,-0.07753494898546695,-0.006710937901532203,1,500,autocorrelated
0.01813018869522215,0.016906222766311062,0.016388554265705,0.2840609872796289,-0.015086126228477867,0.051346503618922165,0,500,autocorrelated
0.008360808924270411,0.01783427321223247,0.017823475773690756,0.639413674557735,-0.02667888288869154,0.04340050073723237,0,500,autocorrelated
0.03563216744204593,0.01798416861937767,0.018228553906609612,0.04810635067964921,0.0002979702792980446,0.0709663646047938,1,500,autocorrelated
0.01784415024273848,0.01826099428981726,0.0186207230912937,0.32895795775451064,-0.018033937106208108,0.05372223759168507,0,500,autocorrelated
0.009024492143477664,0.01795403358605263,0.017525212649156584,0.6154365966676132,-0.026250497544543498,0.04429948183149882,0,500,autocorrelated
-0.06034674056608638,0.01740867778563745,0.017701442448912336,0.0005729496334194904,-0.09455024845344451,-0.02614323267872825,1,500,autocorrelated
-0.0182480285348906,0.017601546622098774,0.017665987261801172,0.3003654415551311,-0.052830473343843845,0.01633441627406264,0,500,autocorrelated
-0.015079920435924573,0.018936780604053273,0.018769028225984585,0.4262198833870636,-0.05228575150060642,0.02212591062875728,0,500,autocorrelated
-0.013832664518433829,0.017975178763161622,0.018605329032181695,0.4419361524342955,-0.04914919896022277,0.021483869923355114,0,500,autocorrelated
-0.0014058167202929805,0.018768237811672486,0.017971910958742517,0.9403211456391554,-0.03828050519048615,0.03546887174990018,0,500,autocorrelated
-0.014452585345857296,0.017116558306599063,0.01715215850868697,0.3988721265550327,-0.04808215470506463,0.01917698401335003,0,500,autocorrelated
-0.010212230877781545,0.018638032855500933,0.01891633024343421,0.5839893929807396,-0.04683110059480891,0.026406638839245822,0,500,autocorrelated
0.0361498360408625,0.017826285599928608,0.01780694591699624,0.04310282628670962,0.00112583780117477,0.07117383428055023,1,500,autocorrelated
0.002744038607419298,0.01792541732753962,0.017618170246486934,0.8783965016851976,-0.032474727601954675,0.037962804816793275,0,500,autocorrelated
0.006245694294101015,0.016762247445717877,0.01680228907647195,0.7096011026192,-0.02668774670464436,0.03917913529284639,0,500,autocorrelated
-0.013696426640908657,0.01727695363464844,0.01656009838192252,0.4282968902199211,-0.04764113095382042,0.020248277672003108,0,500,autocorrelated
0.032616580193880515,0.018308147211928152,0.017951215992384504,0.07543463045070248,-0.003354150339298166,0.0685873107270592,0,500,autocorrelated
-0.00803871409284295,0.01904418657766961,0.018551936419505814,0.6731279495181693,-0.04545556986089238,0.029378141675206478,0,500,autocorrelated
-0.021031268442567343,0.018289028501021085,0.017974641668800462,0.25072088547508714,-0.05696443569912283,0.014901898813988144,0,500,autocorrelated
0.0023321195190868556,0.015534756760984451,0.014983786459279091,0.8807285979651518,-0.028189622680133572,0.03285386171830729,0,500,autocorrelated
-0.004621999890647068,0.017465766890114635,0.017735227147807685,0.7914024955358506,-0.03893767296707422,0.029693673185780086,0,500,autocorrelated
0.003876305448189998,0.01690337036876001,0.016304664006413432,0.8187132310232285,-0.02933440525884654,0.03708701615522653,0,500,autocorrelated
0.012984001440871269,0.01590391696406028,0.016273832727253714,0.4146601704932448,-0.018263044200292355,0.04423104708203489,0,500,autocorrelated
0.0027435492324427904,0.017651745299130214,0.01757456713363165,0.8765480607800549,-0.0319375228741675,0.03742462133905308,0,500,autocorrelated
0.03707115445039677,0.01872320322431928,0.017485808003867318,0.04825829849632327,0.0002849471895583003,0.07385736171123525,1,500,autocorrelated
0.000176029931927548,0.016130190671291445,0.01631156232933344,0.9912971715141157,-0.031515584482653666,0.03186764434650877,0,500,autocorrelated
-0.0057479344899733255,0.01819080976508821,0.017415320516602734,0.7521499738598484,-0.04148812756718373,0.029992258587237076,0,500,autocorrelated
0.01740653206428575,0.01755864530691351,0.016282527582122928,0.32200254394243394,-0.017091622858302433,0.051904686986873935,0,500,autocorrelated
-0.013163055532423504,0.017687626049616257,0.01647374105268471,0.4571090778228508,-0.047914623948251855,0.021588512883404843,0,500,autocorrelated
0.02122599382434765,0.01837923586587144,0.01798687381537178,0.24868936570491568,-0.014884407358480081,0.057336395007175384,0,500,autocorrelated
-0.00064792322290496,0.017021666765910444,0.017609499188956424,0.9696514163103911,-0.034091055472967535,0.032795209027157615,0,500,autocorrelated
-0.0014257384791470148,0.016642314191133222,0.017486395335358847,0.9317635916464961,-0.03412354193725578,0.03127206497896175,0,500,autocorrelated
-0.00982772578750156,0.017988690651148453,0.017422549203941796,0.5850851487959546,-0.045170807562351714,0.025515355987348595,0,500,autocorrelated
0.004688598438425428,0.018732883093438433,0.01987538296033187,0.8024685732406579,-0.032116627238621465,0.041493824115472325,0,500,autocorrelated
0.014628232908885333,0.017416102711861562,0.01745576588819676,0.401353071507595,-0.019589863020470978,0.048846328838241644,0,500,autocorrelated
-0.0010043200519148803,0.017641867421296944,0.017244591843234038,0.9546252104442825,-0.03566598470687716,0.0336573446030474,0,500,autocorrelated
0.0053139037185202164,0.016568045554629082,0.015897842309645947,0.7485479769358446,-0.027237981254237036,0.03786578869127747,0,500,autocorrelated
-0.005585573442697389,0.01723369725525158,0.017307397177056604,0.7459926002231811,-0.03944529026074612,0.028274143375351342,0,500,autocorrelated
0.0005038885652405263,0.018273767840071144,0.01962333151574569,0.978012629293667,-0.03539929547584076,0.03640707260632182,0,500,autocorrelated
-0.027150401037682365,0.01782539819625934,0.0185713467566527,0.12836088125653206,-0.062172655760787454,0.007871853685422727,0,500,autocorrelated
0.0017617331502993352,0.01728794536657314,0.016538026207136267,0.9188728655609363,-0.03220456704681521,0.03572803334741388,0,500,autocorrelated
0.001083253662831656,0.017063902699674505,0.01622375378228168,0.949408024732092,-0.03244286117277919,0.034609368498442504,0,500,autocorrelated
-0.007228421896166374,0.016586644255393898,0.015988636969255288,0.6631723278193309,-0.03981684846134881,0.025360004669016056,0,500,autocorrelated
-0.0037435667096777123,0.01672869410146274,0.017035562742921066,0.8230193555024565,-0.03661108414495609,0.02912395072560067,0,500,autocorrelated
0.008515371716109672,0.01710052830226117,0.017198885208540435,0.6187323590860228,-0.02508270286867787,0.042113446300897216,0,500,autocorrelated
0.0005348452718199857,0.018567682443972854,0.01773655392498191,0.9770315161907509,-0.03594580424921037,0.03701549479285035,0,500,autocorrelated
-0.021914218047366273,0.018011491136331943,0.016903523740561775,0.22430236057521769,-0.057302096824287,0.013473660729554453,0,500,autocorrelated
0.03264688093503145,0.017912244639218904,0.01880224496567193,0.06896329105480158,-0.0025460043800883403,0.06783976625015124,0,500,autocorrelated
-0.006281802210943728,0.017213749771895964,0.015816874059191972,0.7153190810816346,-0.04010232743083159,0.027538723008944135,0,500,autocorrelated
0.02962823084993827,0.018094066353763708,0.016982831080555694,0.10216698632760993,-0.005921886675697645,0.06517834837557418,0,500,autocorrelated
-0.000551625956059551,0.018418152860765563,0.017554851871884,0.9761188295576128,-0.0367384888758557,0.0356352369637366,0,500,autocorrelated
-0.0028116861898198624,0.01823777424840728,0.01887285864152916,0.8775395123537069,-0.03864415221822215,0.033020779838582426,0,500,autocorrelated
-0.004481353252698984,0.017984256386157454,0.018501438718696115,0.803322728539099,-0.03981572285426052,0.03085301634886255,0,500,autocorrelated
-0.019370555911948643,0.016324749294083243,0.016194993112625147,0.2359606546522909,-0.05144442723720133,0.01270331541330404,0,500,autocorrelated
-0.025303758019186946,0.017964600170788193,0.017120470427169514,0.15959688637191846,-0.06059950828815489,0.009991992249781,0,500,autocorrelated
-0.002218728417262208,0.018043892522687597,0.017499539156918563,0.9021861251013167,-0.03767026746105807,0.03323281062653365,0,500,autocorrelated
0.010919738677838037,0.0167132687448759,0.016747164024890928,0.5138273955271557,-0.021917471958028015,0.043756949313704094,0,500,autocorrelated
-0.03206354360227294,0.019103787766640356,0.0171727449970467,0.0938989781781456,-0.06959750014972438,0.005470412945178506,0,500,autocorrelated
-0.004762788792153423,0.017611255052966263,0.016687513273135803,0.7869337697723354,-0.03936430813369546,0.029838730549388612,0,500,autocorrelated
-0.025595798341709844,0.017186931676479705,0.01755448398573854,0.13705209435901755,-0.05936363300408445,0.00817203632066476,0,500,autocorrelated
-0.011532781179429191,0.018616669968486516,0.01820729671631236,0.5358790279879349,-0.04810967839955061,0.025044116040692226,0,500,autocorrelated
0.025265646125844393,0.017947511372306754,0.01757834355464931,0.15982838922880396,-0.009996529114575,0.060527821366263786,0,500,autocorrelated
-0.030617458701997072,0.01830663445182529,0.017989937304563643,0.09505801453606105,-0.06658521705642978,0.005350299652435643,0,500,autocorrelated
-0.02737711387136493,0.017012228124845864,0.01667862824331512,0.10819299135154349,-0.06080170165538169,0.00604747391265183,0,500,autocorrelated
-0.009418345385779221,0.015995427883861223,0.016241359625710796,0.5562524602260602,-0.040845186098442954,0.02200849532688451,0,500,autocorrelated
-0.01179189484953256,0.017540209696906974,0.017597997601998077,0.5017185964248241,-0.046253828610466126,0.022670038911401007,0,500,autocorrelated
0.010054815088785926,0.01675027083865435,0.015995225324991126,0.5485941941721462,-0.022855095003178054,0.0429647251807499,0,500,autocorrelated
0.002809620440725564,0.017985790665574413,0.01848994679384423,0.8759281654027024,-0.032527763619417234,0.038147004500868366,0,500,autocorrelated
-0.0023593050056167353,0.01791652750907697,0.017744162434239007,0.8952880866183868,-0.03756060504210564,0.03284199503087217,0,500,autocorrelated
0.0012041142342866205,0.01767908091967467,0.016996248344812472,0.9457257657899834,-0.033530665231630966,0.035938893700204214,0,500,autocorrelated
-0.009790902930235053,0.0183552639629073,0.017490394393668687,0.593986958653645,-0.045854205580813226,0.02627239972034312,0,500,autocorrelated
0.02816876929177365,0.019452884357704314,0.020784753468032015,0.14823204478224966,-0.010051070936962135,0.06638860952050943,0,500,autocorrelated
0.0033633402105799643,0.018263942303178914,0.018567449678378898,0.8539692302582376,-0.03252053921514058,0.039247219636300505,0,500,autocorrelated
-0.018301749264487608,0.018858503839814512,0.018995903218029114,0.33227975607062055,-0.055353786919009024,0.01875028839003381,0,500,autocorrelated
0.020512141399825976,0.018435256129836576,0.016782124748022396,0.2663919967734155,-0.015708324979450176,0.05673260777910213,0,500,autocorrelated
0.01322795764245947,0.019412307521599708,0.019026684784105886,0.4959217693167747,-0.024912159694576125,0.05136807497949507,0,500,autocorrelated
-0.019449370837668376,0.017214084319161594,0.01620599221564156,0.2590824112938966,-0.053270553355610664,0.014371811680273915,0,500,autocorrelated
-0.01287291200500301,0.01886968326863834,0.018533971627477695,0.49542919596270707,-0.049946914319141916,0.024201090309135892,0,500,autocorrelated
0.017460405193937434,0.017750182595928952,0.017207052191507363,0.3257531449535831,-0.017414070507071257,0.052334880894946124,0,500,autocorrelated
-0.0011804657967895023,0.017999969425444066,0.017382965142479775,0.9477373007799832,-0.036545707419178335,0.03418477582559933,0,500,autocorrelated
-0.006304664089608631,0.01716361991421801,0.017638378160750614,0.7135310283402279,-0.04002669722390602,0.027417369044688753,0,500,autocorrelated
0.003793455238260428,0.01813803494202983,0.018689374973444587,0.8344216046861459,-0.03184304908676797,0.039429959563288826,0,500,autocorrelated
-0.01883210925623107,0.018233016943294596,0.017928246857524314,0.3021718848588996,-0.0546552284218246,0.01699100990936246,0,500,autocorrelated
0.01966757883097969,0.018688802028670803,0.017298031903306678,0.29313909627040496,-0.017051039059707538,0.05638619672166692,0,500,autocorrelated
0.014958732778381828,0.01754028497580459,0.017346198408472097,0.3941682492339409,-0.01950334888593648,0.049420814442700134,0,500,autocorrelated
0.016237128079672716,0.017673907391643155,0.01916157712672211,0.35869401769901743,-0.018487486754041882,0.050961742913387315,0,500,autocorrelated
0.00690310846794627,0.01796591664764593,0.01782173932253372,0.7009693411045673,-0.02839522833442424,0.04220144527031678,0,500,autocorrelated
0.004788093029390781,0.017713303293679095,0.01651425891626627,0.7870333225312843,-0.030013924468822985,0.03959011052760455,0,500,autocorrelated
-0.008361374169288765,0.01636673906775034,0.015854675215475445,0.6096642843264192,-0.04051774443975116,0.023794996101173634,0,500,autocorrelated
-0.034300642771995744,0.016738031871327233,0.01649350446842505,0.04095971148322941,-0.06718650648774088,-0.0014147790562506132,1,500,autocorrelated
-0.024983154605308158,0.016778803775343503,0.016865094523831416,0.13712794967304634,-0.05794912447028386,0.007982815259667542,0,500,autocorrelated
-0.010403734441552077,0.018628168934050875,0.01845615310235144,0.5767576085050998,-0.047003224127581594,0.02619575524447744,0,500,autocorrelated
0.01108068493100781,0.01757051299054607,0.01708232624782069,0.5285646105099562,-0.02344078689225079,0.045602156754266404,0,500,autocorrelated
-0.026095017055165294,0.01941054750314776,0.01801727322533536,0.17943982831217217,-0.06423167641533761,0.012041642305007018,0,500,autocorrelated
-0.00627427338942636,0.01771384990098526,0.017634935769986468,0.7233377520291211,-0.04107736482832292,0.0285288180494702,0,500,autocorrelated
-0.004426179202157696,0.01904743026859755,0.018637507540803726,0.816340900661976,-0.04184940797622194,0.03299704957190655,0,500,autocorrelated
-0.0015219518628862404,0.018458806714548533,0.01747477456636779,0.9343210042726269,-0.03778868899401765,0.03474478526824516,0,500,autocorrelated
0.001704407762222233,0.01734584481287025,0.017879121042980256,0.9217651448135762,-0.03237564973412446,0.03578446525856893,0,500,autocorrelated
-0.005943143592388773,0.017811175834425395,0.017736708241048147,0.738765288831059,-0.04093745508676885,0.029051167901991297,0,500,autocorrelated
-0.030064402685683007,0.019775011931216162,0.020261226169491574,0.12906448306119178,-0.06891713951558617,0.008788334144220158,0,500,autocorrelated
-0.0401814776304958,0.018427951932562442,0.017935274868155136,0.029690479518347,-0.07638759316864818,-0.003975362092343428,1,500,autocorrelated
-0.035462555631251835,0.018240601358476997,0.018098654204229937,0.052439533495925006,-0.07130057619301725,0.00037546493051356794,0,500,autocorrelated
-0.021956937356378662,0.017154535855268823,0.017792727093307485,0.20115885961707147,-0.05566112268593501,0.011747247973177683,0,500,autocorrelated
0.023687072501604955,0.01756784145221903,0.017583927145362818,0.17816837490771023,-0.010829150446158016,0.05820329544936793,0,500,autocorrelated
0.00265979538035592,0.019791834808418843,0.019568280615392616,0.8931496535747798,-0.03622599401219303,0.04154558477290487,0,500,autocorrelated
0.013635767235982003,0.017173166338991096,0.01711115325306766,0.4275643569106784,-0.020105022131215025,0.047376556603179035,0,500,autocorrelated
0.00780045623416603,0.01886959761357793,0.018267771362341055,0.6795006606115712,-0.029273377790136598,0.04487429025846866,0,500,autocorrelated
-0.016687893216622392,0.016899185182090114,0.016326217432695474,0.3238786287143295,-0.0498903811242576,0.016514594691012813,0,500,autocorrelated
0.03386611517326866,0.016243716932549564,0.01536245647708767,0.03758946983826186,0.001951451287603094,0.06578077905893423,1,500,autocorrelated
0.009775935022912303,0.018334238947489347,0.019464084999277955,0.5941285258121819,-0.02624605896025673,0.04579792900608134,0,500,autocorrelated
0.0017694278043860461,0.01729237233772054,0.015986443851120045,0.9185405517019902,-0.03220557023551827,0.03574442584429036,0,500,autocorrelated
0.0475252507570354,0.017343156739379726,0.018659395453638105,0.006358963515358223,0.01345047462346461,0.08160002689060619,1,500,autocorrelated
-0.005322500128198742,0.018381276516003228,0.016624992394618253,0.7722726483674344,-0.041436910655890995,0.030791910399493506,0,500,autocorrelated
0.013420126056559161,0.017626214078183402,0.01729005707708411,0.4467946066339935,-0.021210783864974183,0.0480510359780925,0,500,autocorrelated
-0.02798753481949605,0.017970970254664542,0.018060010288903465,0.12001678863317931,-0.06329580064058063,0.007320731001588532,0,500,autocorrelated
0.026744616474580096,0.018333161593182906,0.01807693506177483,0.14524756811985554,-0.009275260788584608,0.0627644937377448,0,500,autocorrelated
-0.0018519597190975162,0.01799502554086732,0.017713293876082392,0.9180717873187246,-0.037207487898731136,0.0335035684605361,0,500,autocorrelated
-0.008243729306236045,0.017735100350884724,0.0170441109947098,0.6422594921581035,-0.04308857233245568,0.026601113719983586,0,500,autocorrelated
0.0025263845802133457,0.01692284007983361,0.016316541022568555,0.8813864644929527,-0.030722579027156607,0.035775348187583295,0,500,autocorrelated
-0.012284671452112799,0.018012770310350874,0.0174031281252175,0.4955573440051726,-0.04767506347209452,0.02310572056786892,0,500,autocorrelated
0.010340344289817845,0.018270581272619952,0.01839405824739183,0.5716786455193064,-0.025556578977970236,0.046237267557605925,0,500,autocorrelated
0.0007823259967737954,0.019025784613173537,0.01859475770294288,0.9672173080235207,-0.03659837471426702,0.03816302670781461,0,500,autocorrelated
0.0028468501074248066,0.016940853006461684,0.015697473508577503,0.8666149644724912,-0.030437504199088656,0.03613120441393827,0,500,autocorrelated
-0.019956853264158213,0.017755546878580594,0.018161239992154177,0.2615636365111992,-0.05484186838040824,0.014928161852091816,0,500,autocorrelated
-0.004560907301962116,0.017713881706113675,0.01730334631062212,0.7969173503360371,-0.03936406122963434,0.030242246625710102,0,500,autocorrelated
0.01912011096675976,0.017843641182718473,0.017764059896895515,0.28444732597230765,-0.01593798646300733,0.05417820839652686,0,500,autocorrelated
-0.003807625905092307,0.016596831114730443,0.016977335511127244,0.8186375788052824,-0.036416066989927255,0.028800815179742638,0,500,autocorrelated
-0.003234694070457164,0.01926490793827929,0.020293097284537195,0.8667253763977947,-0.04108520970007,0.03461582155915567,0,500,autocorrelated
0.014078400647460645,0.01698211334233628,0.016396509461058605,0.40749395028436086,-0.019287019449395953,0.047443820744317244,0,500,autocorrelated
0.03059508597137963,0.01670630980081395,0.017108291860452467,0.06764567350576098,-0.0022284521558076156,0.06341862409856688,0,500,autocorrelated
-0.002305450419970486,0.01679721736044962,0.016571178104591095,0.8908871407788959,-0.03530759817342036,0.03069669733347939,0,500,autocorrelated
0.0053028170000977955,0.01870475284580666,0.019423700949056554,0.7769105974149622,-0.03144714008282643,0.04205277408302203,0,500,autocorrelated
-0.002364104633349639,0.018519732709350544,0.01855880796780574,0.8984748935350331,-0.03875054544154462,0.03402233617484533,0,500,autocorrelated
0.017569810304890958,0.01807584261598592,0.017803584237025417,0.33151990317964264,-0.017944502332717563,0.05308412294249948,0,500,autocorrelated
-0.019369385605450776,0.018439218690236844,0.01911409275046458,0.2940230244075065,-0.055597637381617694,0.016858866170716143,0,500,autocorrelated
0.02487743853622862,0.019390936375363696,0.02022311134363212,0.20010929816641615,-0.013220690076686387,0.06297556714914362,0,500,autocorrelated
0.010403898466125973,0.018320363109590645,0.017342684125446945,0.5703675474466361,-0.025590833117402144,0.04639863004965409,0,500,autocorrelated
0.0011624974460594413,0.01711221484860997,0.016253262070551385,0.9458656141551295,-0.032458538151915836,0.034783533044034726,0,500,autocorrelated
-0.05292616147812912,0.017307062516776196,0.017641944683689785,0.0023475469316566987,-0.08693002188549084,-0.018922301070767387,1,500,autocorrelated
-0.029548180108394023,0.017991468596533215,0.016391996291152653,0.1011499919976656,-0.06489671982083417,0.0058003596040461305,0,500,autocorrelated
-0.03567322293003562,0.019101245586270656,0.01948140864181066,0.06240693835693129,-0.07320218475661298,0.0018557388965417393,0,500,autocorrelated
0.0024766632555866374,0.016226359366272144,0.01624658812985123,0.8787502317641316,-0.02940389754296424,0.03435722405413752,0,500,autocorrelated
0.01067716156161841,0.017178024535720614,0.01707290151030212,0.534516083625896,-0.023073172894080028,0.044427496017316846,0,500,autocorrelated
-0.0010066840714387324,0.018314252157648172,0.01928909307734696,0.95618659973551,-0.036989409229462436,0.034976041086584975,0,500,autocorrelated
0.004012298457433633,0.018115150529567685,0.017315343054655048,0.824802838988046,-0.03157924397032809,0.03960384088519535,0,500,autocorrelated
-0.0009483316397593685,0.017832240882451625,0.017093809621454587,0.9576092327184981,-0.035984030455174655,0.03408736717565592,0,500,autocorrelated
0.00649524712476784,0.017885057455591682,0.017035247629282532,0.7166348849982924,-0.028644222470842456,0.041634716720378134,0,500,autocorrelated
-0.011179314726202504,0.01767120792518684,0.017414919326929488,0.5272664466802877,-0.04589862581293717,0.02353999636053216,0,500,autocorrelated
0.018124847095882288,0.017938684849942474,0.017490682889984663,0.31280502146646405,-0.017119986331963967,0.05336968052372854,0,500,autocorrelated
-0.010604508262391583,0.01668721272628026,0.017531479451021945,0.5254026797038657,-0.04339052562278187,0.022181509097998698,0,500,autocorrelated
0.009305716566626411,0.019370217057987,0.018614539947207704,0.6311442555698759,-0.028751703995738127,0.04736313712899095,0,500,autocorrelated
-0.002137802063809991,0.016400067917661704,0.015469557589034687,0.8963395931641513,-0.034359654824950715,0.030084050697330732,0,500,autocorrelated
-0.01063203509222427,0.017157985935910662,0.016455742225659854,0.535768219444838,-0.04434299892971202,0.02307892874526348,0,500,autocorrelated
0.02261409285882075,0.018876732382450724,0.018086084499502997,0.23149165440978814,-0.014473759124020717,0.05970194484166222,0,500,autocorrelated
-0.01965070474024821,0.01736282228733943,0.017175144705119536,0.25827622259944494,-0.05376411854251684,0.014462709062020417,0,500,autocorrelated
0.014831608404843745,0.01705865151532763,0.018729196977298513,0.38502105257291297,-0.01868418922417405,0.04834740603386154,0,500,autocorrelated
-0.003339960767248129,0.017081316062447054,0.017811703555026384,0.8450554691769823,-0.03690028831552276,0.0302203667810265,0,500,autocorrelated
-0.007424175351460444,0.017921380558709787,0.017943513771594,0.6788594493131994,-0.04263501036374922,0.027786659660828335,0,500,autocorrelated
-0.028960922651792856,0.01901009108800474,0.01856063121663864,0.12828090818490123,-0.06631078968215434,0.008388944378568637,0,500,autocorrelated
-0.03635585456032389,0.019782240463006074,0.018829320898395258,0.06668699577798451,-0.07522279356842432,0.002511084447776535,0,500,autocorrelated
-0.004423577174699529,0.01579235926542335,0.016390395223982036,0.7795104255132315,-0.03545144105650106,0.026604286707102,0,500,autocorrelated
-0.009659801068085155,0.01857522186040442,0.01911549730850659,0.6032689334775994,-0.046155263574487446,0.026835661438317133,0,500,autocorrelated
-0.023592865295374202,0.019212210266282077,0.019203777535397877,0.22002175178115244,-0.06133984375450249,0.01415411316375409,0,500,autocorrelated
0.003183055914972359,0.018288651066220997,0.017742709378782504,0.8619004955089482,-0.032749369780717866,0.039115481610662584,0,500,autocorrelated
-0.018053647050314474,0.016039702314857317,0.015474052476673815,0.2608939607232754,-0.04956747546350492,0.013460181362875974,0,500,autocorrelated
0.0008885537236788749,0.017512975329923474,0.017614092536492203,0.959555532030233,-0.03351987161476577,0.03529697906212352,0,500,autocorrelated
0.037030952089336905,0.01796262324061561,0.019100842372359258,0.039768446965694655,0.0017390859721456361,0.07232281820652817,1,500,autocorrelated
-0.016686869063312314,0.01646987011034399,0.01571292867167499,0.3114683300504694,-0.04904586491351252,0.01567212678688789,0,500,autocorrelated
-0.017276945732628272,0.018450419971095634,0.01817350835394663,0.34952191138820565,-0.05352720510195762,0.018973313636701072,0,500,autocorrelated
0.008369488863647391,0.017028176665337184,0.016302011453101173,0.6232835899474725,-0.025086433639594098,0.04182541136688888,0,500,autocorrelated
-0.027397000245442508,0.016081133722387696,0.01674862764439324,0.08906596400011248,-0.05899223056012709,0.004198230069242078,0,500,autocorrelated
0.013279905576981995,0.015855730290774327,0.01605175085056543,0.40268742181269557,-0.01787246582871721,0.0444322769826812,0,500,autocorrelated
-0.009090035278026662,0.017266357958054892,0.017522037969652578,0.598803490294469,-0.04301392185208417,0.02483385129603085,0,500,autocorrelated
-0.0019079090838158702,0.0171504775623343,0.017051108304913524,0.9114666941485394,-0.03560412092703946,0.03178830275940772,0,500,autocorrelated
-0.0016587051467172494,0.017831048789908155,0.01702260781039897,0.9259223658635938,-0.03669206181144108,0.03337465151800657,0,500,autocorrelated
-0.0008871050657683951,0.01914822681675325,0.019080950293393757,0.9630671439215657,-0.03850837274734268,0.036734162615805886,0,500,autocorrelated
-0.008583243661468577,0.018599975420754054,0.018673833337956042,0.644666288306501,-0.045127340452857025,0.027960853129919867,0,500,autocorrelated
0.010125272094428081,0.017930522275571945,0.01753073765209752,0.5725356567631308,-0.025103524005351027,0.04535406819420719,0,500,autocorrelated
0.008875009846136239,0.01957855926071959,0.018566840148311156,0.650528380167089,-0.029591748763734292,0.04734176845600677,0,500,autocorrelated
-0.008904266988633842,0.018102453082431604,0.017454200824185553,0.6230196552669947,-0.04447086224702314,0.026662328269755453,0,500,autocorrelated
-0.006213169164580106,0.016716532830763426,0.01637033136876128,0.7102906189452712,-0.039056792877233126,0.026630454548072918,0,500,autocorrelated
-0.006529237754830873,0.017702764753181176,0.0168270766915238,0.7124142625004828,-0.0413105497717048,0.028252074262043056,0,500,autocorrelated
-0.015342309603914158,0.016174473630510836,0.014971128159891533,0.3433091987960628,-0.04712092847475487,0.016436309266926546,0,500,autocorrelated
0.004029849049633634,0.01725194194558585,0.0173918979780369,0.8154007220538961,-0.029865713822747005,0.03792541192201427,0,500,autocorrelated
0.019956166889396193,0.01796935823221326,0.018410983752205567,0.2672909215133357,-0.015348931728336936,0.05526126550712932,0,500,autocorrelated
0.018044948331806296,0.017960057399986823,0.017672588827517384,0.3155164214236919,-0.017241876578277512,0.053331773241890104,0,500,autocorrelated
0.013459214246212908,0.017778145102678812,0.01734727152494962,0.44936885705421903,-0.02147020048186872,0.04838862897429454,0,500,autocorrelated
0.010872661656289667,0.015286541149482247,0.014461046963551449,0.47725790569242876,-0.019161401654831326,0.04090672496741066,0,500,autocorrelated
-0.0020214873176139553,0.018721911116833433,0.01769956654163994,0.9140594783485295,-0.03880515592450481,0.03476218128927689,0,500,autocorrelated
-0.00320303552931694,0.01766360265642448,0.016724178703179084,0.8561781413184175,-0.03790740424803825,0.031501333189404374,0,500,autocorrelated
-0.015479710477256662,0.018643806093113124,0.01781437245532492,0.4067743672830253,-0.05210992309927863,0.02115050214476531,0,500,autocorrelated
0.00868823181619172,0.01780929307597208,0.0173249333855807,0.625872062157063,-0.026302380549259614,0.043678844181643056,0,500,autocorrelated
0.010588210727049515,0.016353867318900282,0.016473428002346,0.5176430666950023,-0.021542869916668216,0.04271929137076724,0,500,autocorrelated
0.016552657802637476,0.016690905874002154,0.01715975186655973,0.32181712023111647,-0.016240615629051866,0.04934593123432682,0,500,autocorrelated
-0.008229561365915981,0.01689116399856641,0.016384172048508703,0.6263231743394237,-0.04141628974159263,0.024957167009760667,0,500,autocorrelated
0.0017769786544237567,0.01656412809743309,0.016828231917703038,0.9146110608621706,-0.03076720953746643,0.03432116684631394,0,500,autocorrelated
0.006515110689273716,0.017934327067905577,0.017879708429743377,0.7165528661360596,-0.02872116083432538,0.04175138221287281,0,500,autocorrelated
0.003018942566077625,0.01928733774796194,0.01846931296686675,0.8756829736561953,-0.03487564178499925,0.040913526917154504,0,500,autocorrelated
-0.021721101226688008,0.019816333878855584,0.01958878374910247,0.273555572963038,-0.060655024897970485,0.017212822444594468,0,500,autocorrelated
0.016773924966434463,0.016849050959989762,0.01731818652976879,0.3199565721227128,-0.01633006228065944,0.049877912213528365,0,500,autocorrelated
0.03755551530836394,0.016094259948404705,0.01646419175048816,0.020020430960321713,0.005934495385724499,0.0691765352310034,1,500,autocorrelated
0.01868213880049998,0.018124761276896356,0.018445970276122225,0.30315733853701105,-0.016928286237193828,0.05429256383819379,0,500,autocorrelated
0.0017686519503979977,0.017702885368766998,0.016690089078179655,0.9204579257353896,-0.03301289704461934,0.03655020094541534,0,500,autocorrelated
-0.013465531822933125,0.0194028033950911,0.01847127538533395,0.4880062470756843,-0.051586976032118204,0.02465591238625195,0,500,autocorrelated
-0.007311748708679927,0.01857811632789144,0.01772198209276046,0.6940685882432426,-0.04381289808818889,0.029189400670829035,0,500,autocorrelated
-0.011392709502795379,0.01898907703592449,0.019336486260558623,0.5488049810429297,-0.0487012894058447,0.025915870400253945,0,500,autocorrelated
-0.02404350400114943,0.01889392718103223,0.01921352657007412,0.20377088737489013,-0.06116513927506825,0.013078131272769387,0,500,autocorrelated
-0.010686215011646263,0.01790890866243662,0.017667416475239006,0.5509799954047601,-0.04587254600313563,0.024500115979843102,0,500,autocorrelated
-0.021343913163660147,0.016642899929344875,0.016780202123187815,0.2002766908029712,-0.05404286744446716,0.011355041117146865,0,500,autocorrelated
-0.0018735479613388416,0.018680919241348366,0.01880255583998493,0.9201528188909989,-0.03857667823247923,0.03482958230980156,0,500,autocorrelated
0.02884370678651655,0.01694684380652936,0.01594633571496273,0.08937749073786028,-0.004452417878429038,0.06213983145146214,0,500,autocorrelated
0.02352837697614127,0.016733374332922258,0.01646989075444016,0.16032552532640412,-0.009348335892334941,0.05640508984461748,0,500,autocorrelated
0.004384241227878465,0.018259140985245337,0.017670884328293664,0.810342135231851,-0.031490204861328364,0.04025868731708529,0,500,autocorrelated
0.01763469897943872,0.017711974340716,0.01703788694144845,0.319910014384294,-0.017164707473081926,0.052434105431959366,0,500,autocorrelated
-0.006768855451968375,0.017577873715474476,0.01802001097615645,0.7003439100180755,-0.04130478917843671,0.027767078274499958,0,500,autocorrelated
0.013466817946986885,0.016646696563206186,0.016391648462416895,0.418913887890053,-0.0192395957283715,0.04617323162234527,0,500,autocorrelated
-0.04227088117018926,0.017205678533768642,0.01661748495675667,0.014358211907605382,-0.07607554851388756,-0.00846621382649096,1,500,autocorrelated
-0.012141078808924389,0.018277510014725495,0.01753651684930328,0.5068292523581965,-0.04805161524643016,0.02376945762858138,0,500,autocorrelated
0.022908680155716614,0.018115465810302545,0.01915130432883946,0.20660897264348319,-0.012683481716395467,0.058500842027828695,0,500,autocorrelated
-0.0033526536084554108,0.016410321454445695,0.01583762972441431,0.8382013477771559,-0.03559465189302893,0.028889344676118107,0,500,autocorrelated
-0.027177280655304108,0.018799085545652367,0.018694361507273088,0.14889867898446524,-0.06411257687098375,0.009758015560375533,0,500,autocorrelated
0.006056649339682547,0.018250307062578845,0.018237138570785887,0.7401303591915676,-0.029800440397288904,0.041913739076653994,0,500,autocorrelated
0.0031131196351300936,0.016094615098150192,0.016041046866318496,0.8467040920772736,-0.0285085980640591,0.034734837334319285,0,500,autocorrelated
-0.005928182296052921,0.01772012164768645,0.017031114149920507,0.7381090110677635,-0.040743596080184616,0.02888723148807877,0,500,autocorrelated
-0.012817324560081785,0.018317910822469734,0.017132526453675915,0.48443175725713716,-0.048807238039506026,0.023172588919342457,0,500,autocorrelated
-0.03830964919210618,0.01828510508302799,0.01895496847408477,0.03666405062699698,-0.07423510795638416,-0.0023841904278282047,1,500,autocorrelated
-0.017479820965716594,0.01703191452990347,0.016745835604795877,0.30524934239146284,-0.05094308739718452,0.01598344546575133,0,500,autocorrelated
-0.015315126496981451,0.018195040360571253,0.017966707319819766,0.4003487997501568,-0.05106363159005854,0.020433378596095644,0,500,autocorrelated
0.017276657342086978,0.01953058744672455,0.019594413156664204,0.37680206003653427,-0.021095849174743837,0.05564916385891779,0,500,autocorrelated
-0.017470871037508606,0.01829334929756517,0.017461721256789582,0.34002107802595094,-0.05341252753147173,0.018470785456454517,0,500,autocorrelated
-0.011548249928992671,0.01719839837984943,0.017604501285118014,0.5022309779367196,-0.0453386136704839,0.022242113812498555,0,500,autocorrelated
0.0059221072318015894,0.018508075150709534,0.01816581107542471,0.7491220588159501,-0.030441429516485166,0.04228564398008834,0,500,autocorrelated
0.00511182960407003,0.016842738648978537,0.015968546593098855,0.7616329586814108,-0.027979755599507508,0.038203414807647565,0,500,autocorrelated
0.035855597744885545,0.017815409353274046,0.017869200629148752,0.04469271447614318,0.0008529684909883983,0.07085822699878269,1,500,autocorrelated
0.0001601246648699683,0.018267763457194875,0.017799515137162245,0.9930098044670046,-0.035731262331105657,0.036051511660845595,0,500,autocorrelated
0.02643760386472024,0.01828766422776043,0.01830765798340496,0.14890374300181858,-0.009492882950976621,0.0623680906804171,0,500,autocorrelated
-0.014345767560501956,0.018918382171513655,0.0179864982620626,0.44863142876898754,-0.05151545050754773,0.022823915386543814,0,500,autocorrelated
0.016769627269628204,0.018582655045591204,0.01694616130090677,0.3672624178047841,-0.01974043950547817,0.05327969404473458,0,500,autocorrelated
-0.014397433575738772,0.017340766940618736,0.017509683521746634,0.4067867549860845,-0.0484675143785224,0.019672647227044857,0,500,autocorrelated
0.008174638132324722,0.01809030925778986,0.017823338401405875,0.651552607316144,-0.027368097680388625,0.043717373945038066,0,500,autocorrelated
0.004040155287022552,0.01780751003285568,0.017567495403876268,0.8206107047509412,-0.030946953864109675,0.03902726443815478,0,500,autocorrelated
0.02955173435879078,0.019226933833187482,0.019053396596761536,0.1249291973904438,-0.008224172066204887,0.06732764078378645,0,500,autocorrelated
-0.028668983546334285,0.016161031432780963,0.016200985843128915,0.0766811446893175,-0.06042119200727835,0.0030832249146097793,0,500,autocorrelated
-0.004733200345493634,0.01886175293516345,0.01914457770111589,0.8019626876500389,-0.04179162162430649,0.03232522093331922,0,500,autocorrelated
-2.4235199877223335e-05,0.020218266449435675,0.02059863447906086,0.9990440732202036,-0.03974785146110264,0.039699381061348196,0,500,autocorrelated
-0.003299599276234938,0.01768092241598381,0.017552452569707014,0.8520352236301594,-0.03803799680173808,0.03143879824926821,0,500,autocorrelated
-0.0061689867200916855,0.019239004559428213,0.019360489023311316,0.7486101514077788,-0.043968608971485246,0.03163063553130187,0,500,autocorrelated
-0.011908959710143453,0.019053003375363475,0.018634193460676313,0.5322286638938434,-0.04934313818432695,0.025525218764040042,0,500,autocorrelated
0.012181440755352674,0.0196728473355485,0.020041972489669938,0.5360673089144695,-0.026470569310763147,0.05083345082146849,0,500,autocorrelated
0.023246658937348636,0.017473725965522314,0.01882205578933145,0.1840026761552465,-0.011084651644800363,0.05757796951949763,0,500,autocorrelated
0.00630845645168247,0.0206018720914708,0.020965621225659314,0.7595743120074414,-0.034168844768535545,0.04678575767190049,0,500,autocorrelated
-0.016810779703815344,0.018777574207723836,0.0184361841248328,0.37108151306683046,-0.053703811755291014,0.020082252347660326,0,500,autocorrelated
-0.0027192165195771374,0.01824090606312941,0.018980655286352285,0.8815568134783562,-0.03855783574645143,0.03311940270729716,0,500,autocorrelated
-0.027836733969858224,0.017113726196210176,0.01727795741654718,0.10446025999000227,-0.06146073897138044,0.005787271031663994,0,500,autocorrelated
0.028572755966645016,0.017350505605284797,0.017946235673817288,0.10023067454226231,-0.0055164587702500635,0.0626619707035401,0,500,autocorrelated
0.006448369709094041,0.017972541526581058,0.018042070555952184,0.7199041873719875,-0.02886298325117776,0.04175972266936585,0,500,autocorrelated
0.015036695775858958,0.017169212638411088,0.018038579439572718,0.38156417905095974,-0.01869632560168155,0.048769717153399464,0,500,autocorrelated
0.0256134992122588,0.019055938822312237,0.018870052381243212,0.1795210553166576,-0.011826446648977362,0.06305344507349496,0,500,autocorrelated
-0.021194263465643886,0.016594543510299795,0.01751312560338336,0.2021328973862052,-0.053798210004876335,0.01140968307358856,0,500,autocorrelated
-0.035914903441333634,0.016261675851914858,0.01583384048119461,0.02765989375593108,-0.06786485191596817,-0.003964954966699109,1,500,autocorrelated
0.014051528991182224,0.016305173259283576,0.016381446175619565,0.3892214393381568,-0.01798388053536763,0.04608693851773207,0,500,autocorrelated
0.012185318465732122,0.01760342332527499,0.01637666222024029,0.4891261974911212,-0.022400813575110895,0.046771450506575135,0,500,autocorrelated
-0.015435848268214456,0.017451211396372037,0.01646281175771543,0.37684541702677543,-0.0497229235986692,0.018851227062240284,0,500,autocorrelated
-0.0008832410429703073,0.019990205243768527,0.018957779202046766,0.964775692713146,-0.04015877656291897,0.03839229447697835,0,500,autocorrelated
0.017277639294827334,0.016212276949687972,0.016258044710773262,0.28706966451984617,-0.014575253230886244,0.04913053182054091,0,500,autocorrelated
-0.006558099093069112,0.019320893194391675,0.018918426002740893,0.7344285916846858,-0.04451861113783736,0.031402412951699134,0,500,autocorrelated
-0.013254643240063363,0.01625216009135957,0.01572551428068363,0.41514061094386623,-0.045185895728982337,0.018676609248855613,0,500,autocorrelated
0.013085132715332716,0.01808494800513625,0.019002481313008572,0.46968961546815535,-0.02244706963529454,0.04861733506595997,0,500,autocorrelated
0.024646852447798087,0.018501172657911853,0.018316742531685755,0.18341105542996883,-0.011703122703809417,0.06099682759940559,0,500,autocorrelated
-0.018858029508774025,0.018502789913255078,0.019443683681739803,0.30860325512043096,-0.055211182144999774,0.01749512312745172,0,500,autocorrelated
-0.01620681833699064,0.019563020039165713,0.019246779393084362,0.40781734694684535,-0.05464304643250931,0.022229409758528024,0,500,autocorrelated
0.021267250570877198,0.01932856284271623,0.01993248389671554,0.27173226424688046,-0.016708330330939953,0.05924283147269435,0,500,autocorrelated
-0.00473582736302282,0.0188609466193512,0.01997546941446684,0.8018467733018425,-0.041792664441726766,0.03232100971568113,0,500,autocorrelated
-0.00873868552797161,0.0175463274625666,0.017275772030946757,0.6186792182562676,-0.04321263910158531,0.025735268045642083,0,500,autocorrelated
-0.008336776947210509,0.019385645466296023,0.019288714808905757,0.6673460445751377,-0.046424510304824924,0.029750956410403907,0,500,autocorrelated
0.0037418378993894913,0.017799813952571766,0.017693927404449084,0.8335836589377738,-0.031230150462792892,0.038713826261571875,0,500,autocorrelated
0.016743417632971533,0.01764213646227334,0.016690626325836632,0.3430512384534712,-0.01791877561728509,0.051405610883228155,0,500,autocorrelated
0.01062414096385617,0.01738110143622876,0.017392924142401924,0.5413151712152646,-0.02352518659481079,0.04477346852252313,0,500,autocorrelated
-0.0014195659294642619,0.018509441255529054,0.01805097743960896,0.938897657230594,-0.03778578671714475,0.03494665485821623,0,500,autocorrelated
-0.02987893899595199,0.017477980218516116,0.016577305649554282,0.08797781114162574,-0.06421860807480131,0.004460730082897338,0,500,autocorrelated
0.0007431722953971549,0.016151398945683234,0.016637295286336555,0.9633184333098979,-0.030990110842643078,0.032476455433437385,0,500,autocorrelated
0.008556240968670255,0.01825481547226199,0.018510581758738764,0.6394810056047594,-0.027309706616556857,0.04442218855389737,0,500,autocorrelated
0.027261609490566083,0.01701734616733658,0.017170066225198934,0.10979201287080698,-0.006173033911048672,0.060696252892180835,0,500,autocorrelated
-0.03025013729696536,0.017491493782694875,0.01836701445902316,0.08435363192443172,-0.06461635700215551,0.004116082408224801,0,500,autocorrelated
0.00790897750256276,0.018246697689142128,0.017602701228168906,0.6648777036920794,-0.027941020757713486,0.043758975762839006,0,500,autocorrelated
-0.031216652997031663,0.017170764725334905,0.016257323021252552,0.06966299278654454,-0.06495272382025635,0.0025194178261930267,0,500,autocorrelated
0.005792568810548573,0.01677588204084219,0.017561030716868965,0.7300210616102931,-0.027167660608754512,0.03875279822985166,0,500,autocorrelated
0.028231213962043873,0.018516741654634974,0.01903323434386461,0.127985727464466,-0.008149350204351237,0.06461177812843899,0,500,autocorrelated
0.013004345628567825,0.017624725027226822,0.016853819817674916,0.46095512499849367,-0.0216236386965035,0.04763232995363915,0,500,autocorrelated
0.00043111006695699915,0.01713816765961665,0.017795892041495863,0.9799414318729094,-0.033240916030520685,0.03410313616443469,0,500,autocorrelated
0.001230154286884071,0.018323511977368055,0.017050774721467578,0.9465009443158234,-0.03477076399991854,0.03723107257368668,0,500,autocorrelated
0.0013222630080722414,0.018863816229676155,0.018277754462746335,0.9441460234634234,-0.03574021210590307,0.038384738122047554,0,500,autocorrelated
0.012642412986167533,0.020376849433523064,0.019710963585325602,0.5352584014314785,-0.027392777445929654,0.052677603418264725,0,500,autocorrelated
0.0027767028705066813,0.017268914302832786,0.017043748903179293,0.8723224486348318,-0.03115220625378986,0.03670561199480322,0,500,autocorrelated
-0.012608065331107775,0.018166994237666288,0.017952481602388434,0.48799989441891,-0.0483014671131924,0.02308533645097685,0,500,autocorrelated
-0.007868616082630456,0.01818547141400599,0.018200750336692943,0.665429530238395,-0.04359832069336485,0.027861088528103938,0,500,autocorrelated
0.011409710479069943,0.017224055447182935,0.0182033613592821,0.5080028896893871,-0.02243106270280003,0.04525048366093992,0,500,autocorrelated
0.0031149603266860393,0.01841928823977172,0.018676721155212184,0.8657756063951279,-0.03307413331650395,0.039304053969876025,0,500,autocorrelated
0.023103408379274826,0.01813250473801096,0.01817796699990767,0.20320692420596365,-0.012522230538333935,0.05872904729688359,0,500,autocorrelated
0.005756180344530714,0.017843705475827695,0.01823887097447492,0.7471420301455527,-0.029302043404414405,0.04081440409347584,0,500,autocorrelated
-0.006784586368740297,0.019438839625753827,0.01981303107178336,0.7272201717232946,-0.04497683236510764,0.031407659627627045,0,500,autocorrelated
-0.022990415541171243,0.0156346051740567,0.015499047047157327,0.1420626046177268,-0.05370833380994214,0.007727502727599651,0,500,autocorrelated
-0.027218366676259043,0.01998336907007059,0.018171069104121963,0.17379756800146656,-0.06648047089924902,0.012043737546730944,0,500,autocorrelated
0.00544242370404355,0.016315311087415536,0.01627106982885441,0.7388386657307626,-0.026612904008639787,0.037497751416726885,0,500,autocorrelated
0.012201113147246789,0.018250782021588776,0.017974461055698263,0.5041079575287895,-0.023656909760206783,0.048059136054700365,0,500,autocorrelated
-0.011547904469082066,0.016929497605414408,0.017409209396400952,0.49548186238538017,-0.044809948376490716,0.02171413943832658,0,500,autocorrelated
-0.013054996151291484,0.01770202587293662,0.016910486442479576,0.4611741888535178,-0.047834856461345186,0.021724864158762215,0,500,autocorrelated
0.009783862621502102,0.018011402946763885,0.01849019537963026,0.5872325350072904,-0.025603842885936368,0.045171568128940576,0,500,autocorrelated
-0.011174556871939025,0.017690885712907084,0.01852639085007191,0.5279014192111521,-0.0459325296753062,0.023583415931428153,0,500,autocorrelated
0.00475255525227709,0.017083520278880458,0.01731914133376445,0.7809778991622005,-0.028812103005951144,0.03831721351050532,0,500,autocorrelated
0.011549618768491829,0.018322599437955778,0.016821987044126102,0.5287558846068323,-0.024449506616553984,0.047548744153537645,0,500,autocorrelated
0.016011797198502188,0.01921530579313341,0.019235401307416317,0.4050843288457969,-0.021741263162903743,0.05376485755990812,0,500,autocorrelated
-0.01759329447519982,0.01793533918995622,0.018220815432371938,0.3271040479395535,-0.05283155455444733,0.017644965604047692,0,500,autocorrelated
0.02110818244440789,0.017689062333433214,0.017786208161663382,0.23332396096173438,-0.013646207894226235,0.05586257278304201,0,500,autocorrelated
-0.002991502222447569,0.017241187626858,0.01704454066618641,0.8623218113556341,-0.036865935665588344,0.03088293122069321,0,500,autocorrelated
0.031123572736354965,0.017996477748128927,0.017538366337463397,0.08435257626276084,-0.004234808651496877,0.06648195412420681,0,500,autocorrelated
-0.01911384689005956,0.017600137192311644,0.01791689616855725,0.2780019280735273,-0.05369352253736627,0.015465828757247151,0,500,autocorrelated
0.010341151004428395,0.020104915335734306,0.01950248286226152,0.6072289575223734,-0.02915975990494519,0.04984206191380198,0,500,autocorrelated
0.012607729778199937,0.017137401599951224,0.016812247662029205,0.4622687504945163,-0.02106279121198981,0.04627825076838968,0,500,autocorrelated
-0.005917707648293349,0.017701488257896515,0.017294982412508243,0.7382896627914524,-0.04069651168511993,0.02886109638853323,0,500,autocorrelated
-0.021736988724597714,0.01882621302756772,0.01838148889483382,0.24880271623917288,-0.05872558336150619,0.015251605912310763,0,500,autocorrelated
0.013990234198593146,0.01851102737013609,0.0180757567017838,0.4501394115933355,-0.022379102890287238,0.05035957128747353,0,500,autocorrelated
-0.013655962237462151,0.017902353242324233,0.017687735380140863,0.4459422737604283,-0.04882941353950698,0.021517489064582677,0,500,autocorrelated
-0.006438222932473436,0.01828129818104595,0.017501995206142186,0.7248557298621567,-0.04235620212802296,0.029479756263076095,0,500,autocorrelated
-0.015216427745310665,0.01631263581045434,0.01685803020108303,0.3513752269677025,-0.04726649923705811,0.016833643746436783,0,500,autocorrelated
-0.01370692592002654,0.016517317871382293,0.01610917881286183,0.40702019669003664,-0.04615914423599321,0.018745292395940135,0,500,autocorrelated
0.004152913600520739,0.018848319030914214,0.018412152428511307,0.8257018302695864,-0.0328791135629202,0.041184940763961675,0,500,autocorrelated
0.017316815684977893,0.018494737855972377,0.01896501451556192,0.3495672074862759,-0.019020516760411443,0.05365414813036723,0,500,autocorrelated
0.016259715359843073,0.018040959739458858,0.019463488867327162,0.3678822160056251,-0.019186061530414696,0.05170549225010084,0,500,autocorrelated
-0.015348603075571943,0.01790175949077632,0.019081685914390606,0.3916475495275098,-0.05052088781080438,0.0198236816596605,0,500,autocorrelated
-0.02498870320753037,0.016853049983144405,0.01796240976423771,0.138775845220345,-0.05810054749130999,0.00812314107624925,0,500,autocorrelated
-0.0024917053155268723,0.01778286297188579,0.017804246491222028,0.8886231390102588,-0.037430389425155995,0.03244697879410225,0,500,autocorrelated
0.02891616771932795,0.017330651349887906,0.017719162724880652,0.0958453354836908,-0.005134038588011071,0.06296637402666697,0,500,autocorrelated
0.032558576647532034,0.01509554045186015,0.01512698144118038,0.03149645497093628,0.002899779852803118,0.06221737344226095,1,500,autocorrelated
0.0056102821365240935,0.017934892920226795,0.01925579132340571,0.7545530774855786,-0.0296271011391891,0.040847665412237284,0,500,autocorrelated
-0.026836036231348188,0.016901290099220572,0.0166348942875622,0.11296399749804006,-0.06004265975172551,0.006370587289029141,0,500,autocorrelated
0.018164860194379018,0.018921905557197517,0.01834542743651626,0.3375255635058497,-0.019011745285871864,0.0553414656746299,0,500,autocorrelated
-0.010302503797216377,0.01883375469413501,0.019111910360051845,0.5846077158683937,-0.04730591584042615,0.02670090824599339,0,500,autocorrelated
0.002503055713028289,0.016863927910914525,0.016373547791621302,0.8820661782331143,-0.030630160859495183,0.03563627228555176,0,500,autocorrelated
-0.015102225359996732,0.018479026687149288,0.01904810740566724,0.4141689371906281,-0.051408689459531365,0.021204238739537903,0,500,autocorrelated
-0.01957341781199797,0.016693355308487076,0.016469341431596972,0.24154591882390156,-0.05237150374310606,0.01322466811911012,0,500,autocorrelated
-0.012716730797799607,0.019274269374388902,0.017937383652576636,0.5097015793374041,-0.050585639205873556,0.025152177610274343,0,500,autocorrelated
0.028808827119764124,0.016518415311151353,0.016563098197287664,0.08176859151718868,-0.00364554737889828,0.06126320161842653,0,500,autocorrelated
0.0018265815297830897,0.01914238480371869,0.01965455405026218,0.9240189847067434,-0.0357832081210432,0.03943637118060937,0,500,autocorrelated
0.030401564822890668,0.017682518962995882,0.018041585176442734,0.08618103804856758,-0.004339969500765237,0.06514309914654658,0,500,autocorrelated
-0.022662763757200156,0.018570537750083414,0.01958417510556761,0.222905522739107,-0.05914902320945424,0.013823495695053926,0,500,autocorrelated
0.012057128662674967,0.016368102827671406,0.017424956611861706,0.4616982198178289,-0.02010192104006776,0.04421617836541769,0,500,autocorrelated
0.041092849009109186,0.017775450572112075,0.0178652561469179,0.0211972369576241,0.006168728330272821,0.07601696968794555,1,500,autocorrelated
0.02794519174043758,0.017146342160351193,0.015637879313873768,0.10377505524537714,-0.005742895117299557,0.06163327859817472,0,500,autocorrelated
-0.016078329813360766,0.01859139838325093,0.020157368998192853,0.38755053414617413,-0.052605574964808444,0.020448915338086914,0,500,autocorrelated
-0.010017784240167504,0.016628167766455502,0.01733430053566601,0.5471430681762637,-0.04268779366624235,0.022652225185907336,0,500,autocorrelated
0.023633255345830148,0.01775923240491516,0.016397610075870667,0.18387735238492275,-0.011259000867682153,0.05852551155934245,0,500,autocorrelated
0.019627609353239126,0.017762698813587652,0.01720346305005462,0.2696973741545908,-0.015271457448522919,0.054526676155001175,0,500,autocorrelated
0.03821004085995432,0.017516382302550086,0.01579382480823741,0.029621616584563176,0.0037949217095762655,0.07262516001033237,1,500,autocorrelated
0.0026778449736365485,0.01791414926851886,0.017449375249179916,0.8812337352186728,-0.032518782440916966,0.03787447238819007,0,500,autocorrelated
0.0015694887886482864,0.017873095817519065,0.017454168318788724,0.9300606651718828,-0.0335464793103406,0.03668545688763717,0,500,autocorrelated
0.0024388220701057096,0.017485656996727637,0.016228364145592977,0.8891307426103966,-0.03191592987415938,0.036793574014370806,0,500,autocorrelated
0.027175361697122865,0.01744284546852773,0.01665150195867453,0.11987653037605261,-0.007095276768767467,0.0614460001630132,0,500,autocorrelated
0.01314161837018419,0.01700205060850457,0.016183525208816992,0.4399227333723835,-0.020262973250727047,0.046546209991095426,0,500,autocorrelated
-0.003838322314289393,0.017871856502307066,0.01811741504784018,0.8300352729390347,-0.038951855482369076,0.03127521085379029,0,500,autocorrelated
-0.004738990116434541,0.016826458636799192,0.016817239117890438,0.7783371811694956,-0.037798589345440135,0.028320609112571053,0,500,autocorrelated
0.0006156089430810752,0.017650180527564927,0.017286315330556586,0.9721907300313775,-0.03406238879583546,0.03529360668199761,0,500,autocorrelated
0.019587197487635367,0.020099881540138764,0.01945195143389629,0.3302848289995076,-0.019903823327299366,0.059078218302570096,0,500,autocorrelated
-0.018874708536792247,0.016553506556739855,0.01652143108719812,0.2547409903686367,-0.05139802817362326,0.013648611100038767,0,500,autocorrelated
0.00015787108992958675,0.018613816230881902,0.017344357740099937,0.9932363050765298,-0.03641341928067288,0.03672916146053206,0,500,autocorrelated
0.007876946735383857,0.01876141860164486,0.01875922552251436,0.6747774639718288,-0.02898434376703499,0.04473823723780271,0,500,autocorrelated
0.011476080494964642,0.017451030890556763,0.017375611403388027,0.5110886232905294,-0.022810640188678174,0.045762801178607454,0,500,autocorrelated
-0.032178737159875404,0.018086193562515968,0.017767071090285864,0.07581879171054981,-0.06771338670564211,0.0033559123858913145,0,500,autocorrelated
-0.0086842999451181,0.01757560039613897,0.017107416450430016,0.6214455605632279,-0.04321576719246724,0.025847167302231036,0,500,autocorrelated
-0.00608283749295228,0.018421751899370797,0.01662869319153283,0.7413887308256504,-0.042276771584197334,0.030111096598292777,0,500,autocorrelated
-0.029354927988131465,0.017038146514948962,0.017142196032060592,0.08552839544068731,-0.06283043864355954,0.004120582667296608,0,500,autocorrelated
0.013796739378883609,0.019087588208623534,0.01875375809988629,0.47013465711393154,-0.02370538926542535,0.05129886802319256,0,500,autocorrelated
-0.0159269778654257,0.017974407569015777,0.018358836823752778,0.37599565323672546,-0.05124199711201286,0.019388041381161465,0,500,autocorrelated
0.03880496232647926,0.01888422320661792,0.0182023946078737,0.04041094839859768,0.001702392829381949,0.07590753182357657,1,500,autocorrelated
0.008747578921276384,0.018307629408856347,0.01893719653078862,0.6329946887293387,-0.027222134264021623,0.044717292106574394,0,500,autocorrelated
-0.0001610049317169915,0.017000738913651534,0.0166748080844549,0.9924475663496056,-0.033563019414616715,0.033241009551182726,0,500,autocorrelated
-0.0037755540764483515,0.017664868209277967,0.01731281065389886,0.8308432459202392,-0.03848240927619591,0.03093130112329921,0,500,autocorrelated
0.004295091710316518,0.01736839633982874,0.01747035621298974,0.8047829977324346,-0.029829273650170966,0.038419457070804006,0,500,autocorrelated
-0.016707970340085573,0.019427405607938167,0.01896625240437623,0.39019147168867396,-0.05487775147591854,0.021461810795747396,0,500,autocorrelated
-0.00221464595075389,0.017807860901576912,0.01760639200338488,0.9010777398650227,-0.037202444467340626,0.03277315256583285,0,500,autocorrelated
0.005351563752522062,0.01841155604010659,0.01793041621781552,0.7714298425124215,-0.03082233813656176,0.041525465641605884,0,500,autocorrelated
0.009503528599362644,0.016706619138100523,0.01674602841321083,0.5697156693028309,-0.02332061729485042,0.042327674493575704,0,500,autocorrelated
0.017113369705744445,0.0186273331464499,0.017498881225371153,0.3586849408819215,-0.01948447787580395,0.05371121728729284,0,500,autocorrelated
0.017450201968660758,0.017352464788162655,0.01752767105319173,0.3150807678318387,-0.01664286205120921,0.05154326598853072,0,500,autocorrelated
0.00344264985517632,0.018582602934245768,0.019162074438130148,0.8530989827563232,-0.03306731453473822,0.039952614245090855,0,500,autocorrelated
0.0006796025355950228,0.01975378143019288,0.018385044686428435,0.9725690435378329,-0.03813142190131978,0.039490626972509824,0,500,autocorrelated
0.02770605278525517,0.019020624314213346,0.01984221567355999,0.14584814107416308,-0.009664509285254787,0.06507661485576513,0,500,autocorrelated
-0.043695299360924804,0.018699843094812218,0.01884807538346883,0.01985211703676172,-0.08043561006467359,-0.006954988657176017,1,500,autocorrelated
0.005463623093598704,0.01707470429329274,0.018170059456969364,0.749115065647534,-0.028083714054072062,0.039010960241269474,0,500,autocorrelated
-0.015481135750850476,0.019145331601870746,0.01981180360771472,0.4191247523206989,-0.05309671509088104,0.022134443589180087,0,500,autocorrelated
0.00956375282951449,0.017041231787365368,0.016721773054155797,0.5749050991197522,-0.02391781958090317,0.04304532523993215,0,500,autocorrelated
-0.02381769797977391,0.017620806786818613,0.01773451388124964,0.17709121815486004,-0.05843798398517058,0.010802588025622766,0,500,autocorrelated
-0.00885915787674894,0.016768656139604623,0.015886372219477585,0.5975150210723351,-0.04180519028620351,0.024086874532705627,0,500,autocorrelated
-0.004824059021968132,0.01808542040258466,0.017669969367074215,0.7897817257984406,-0.040357189510277745,0.03070907146634148,0,500,autocorrelated
0.014068015641777957,0.01664469889730976,0.017918197240417613,0.3984078736898454,-0.018634473141518778,0.04677050442507469,0,500,autocorrelated
-0.008598608805216137,0.01684565108621042,0.016954452887538968,0.609972958353686,-0.0416959161877586,0.024498698577326325,0,500,autocorrelated
-0.0038061894725831356,0.018641849005880097,0.01791768518036933,0.8383005793941223,-0.04043255692902531,0.03282017798385904,0,500,autocorrelated
-0.006623668378743152,0.016250974110319574,0.015677330347478802,0.6837528490247753,-0.038552590724479786,0.025305253966993478,0,500,autocorrelated
0.014646628288278691,0.015416146126297025,0.015797363474054887,0.3425305964891404,-0.015642074973176864,0.044935331549734246,0,500,autocorrelated
-0.00854351136043117,0.018139613741459944,0.017804840278938947,0.637856685142961,-0.044183117614246196,0.02709609489338386,0,500,autocorrelated
0.016134014095976146,0.018085881717960006,0.01714314348884087,0.3727820469963201,-0.01940002275663484,0.05166805094858713,0,500,autocorrelated
-0.012229999716550716,0.017150856389437804,0.01645327502013191,0.47612783767040556,-0.04592695585615236,0.021466956423050926,0,500,autocorrelated
-0.0004611525922414263,0.017766330872750632,0.018097326359423918,0.9793023953182326,-0.03536735544222942,0.034445050257746565,0,500,autocorrelated
-0.03837066999173554,0.018235668268560927,0.020177660645958207,0.0358656261353891,-0.07419899831943635,-0.0025423416640347196,1,500,autocorrelated
-0.001584077934359383,0.0159876561186061,0.015572118466602036,0.9211135801520514,-0.0329956491568599,0.029827493288141133,0,500,autocorrelated
-0.0028103388914566957,0.017063693678319575,0.016442600963605593,0.8692493186296097,-0.036336043054663245,0.030715365271749853,0,500,autocorrelated
0.007051247046660767,0.016872788863383854,0.016833703808395783,0.6761956575472542,-0.026099378984605417,0.040201873077926956,0,500,autocorrelated
-0.013542803936040595,0.017308783875616116,0.018523504083754697,0.4343374404574668,-0.04755004636421879,0.020464438492137606,0,500,autocorrelated
0.0036172906235288904,0.0180627999908965,0.01752739407150467,0.8413575125288204,-0.03187139666012622,0.039105977907184,0,500,autocorrelated
0.026271785528523377,0.017744703669733176,0.0168489525304376,0.13936092422200427,-0.008591925512603675,0.06113549656965043,0,500,autocorrelated
-0.007652956087349874,0.01728819277503751,0.017619143456261414,0.6581969937166734,-0.04161974237751909,0.02631383020281934,0,500,autocorrelated
-0.0009132251179463109,0.017078603279661275,0.017134104873166914,0.9573773737792188,-0.034468222756129395,0.03264177252023678,0,500,autocorrelated
0.0060272513788102045,0.018075011600784913,0.01813834661643465,0.7389291832959463,-0.02948542853083746,0.041539931288457864,0,500,autocorrelated
0.014614462708181815,0.018596012816632188,0.01848947689475338,0.4323043660453517,-0.02192184860041433,0.05115077401677796,0,500,autocorrelated
0.003563622199764329,0.01799226941158739,0.01711485120972325,0.8430757552683837,-0.031786490905230905,0.03891373530475957,0,500,autocorrelated
0.016242317520572872,0.018840871690448957,0.019151826710929458,0.3890590348723163,-0.020775077562736544,0.05325971260388229,0,500,autocorrelated
0.015424012431208712,0.018581141840293358,0.01785322994651646,0.40688587575164104,-0.021083081290459754,0.051931106152877174,0,500,autocorrelated
0.0016337971584075724,0.01630661187820666,0.016485378169587638,0.9202319699591288,-0.030404438878822097,0.03367203319563724,0,500,autocorrelated
-0.00018178015004605141,0.016964479344929,0.017148017515918632,0.991454851053328,-0.03351255404477103,0.033148993744678924,0,500,autocorrelated
0.0186678469282517,0.017742725685018248,0.017517115845140187,0.29324517002176287,-0.01619197788919822,0.05352767174570162,0,500,autocorrelated
-0.013197976769950139,0.019568619883162344,0.019355407239777148,0.5003407859255204,-0.05164520709726752,0.025249253557367242,0,500,autocorrelated
-0.0038668547284103575,0.018745670776966664,0.01746705584624899,0.8366565984118333,-0.04069720486578701,0.0329634954089663,0,500,autocorrelated
0.006690674521317069,0.018439640245616673,0.018467202345077913,0.7168769204518394,-0.029538405501138076,0.04291975454377221,0,500,autocorrelated
0.011458481413226113,0.018338843582216557,0.019829414919464564,0.5323751840921267,-0.024572559475293798,0.04748952230174602,0,500,autocorrelated
0.022971331822595323,0.017876963351210265,0.01787184309392125,0.19940066582203447,-0.012152234970604602,0.05809489861579525,0,500,autocorrelated
0.01468056990537328,0.01809299566990714,0.017819964934268843,0.41752638080360793,-0.020867444005951204,0.050228583816697765,0,500,autocorrelated
0.04784510051996447,0.018603242494939425,0.01897221164745309,0.010403995109252969,0.011294584780563784,0.08439561625936515,1,500,autocorrelated
0.01865699257341836,0.01791711155291378,0.018460128870117106,0.29824406667586323,-0.016545454956764495,0.05385944010360121,0,500,autocorrelated
0.016889987253000855,0.01978594979575681,0.01875702630708201,0.3937174415060134,-0.021984239625755745,0.05576421413175746,0,500,autocorrelated
0.010993705712247226,0.018170645297267127,0.01836007596840064,0.5454375667288064,-0.024706869448964303,0.046694280873458754,0,500,autocorrelated
0.02007264384930231,0.016941283298266403,0.01636276396445403,0.2366473797295655,-0.01321255586829393,0.05335784356689855,0,500,autocorrelated
-0.009155613624820206,0.017785512592177182,0.018043487015037617,0.6069356478048574,-0.044099503546725885,0.02578827629708547,0,500,autocorrelated
0.009039453754905686,0.018066651316318766,0.018296046301206428,0.6170572890176453,-0.02645680037794264,0.04453570788775402,0,500,autocorrelated
0.015415270758932533,0.020343081920489538,0.020361106143214066,0.44895023032066916,-0.02455357532394983,0.05538411684181489,0,500,autocorrelated
-0.02587644444863992,0.01826527396106731,0.01827681710383534,0.15719539292615323,-0.061762940234525776,0.010010051337245935,0,500,autocorrelated
-0.022559799396770695,0.018479893087213827,0.02022852856225124,0.2227487424303308,-0.05886796574628697,0.013748366952745585,0,500,autocorrelated
0.02830077356080101,0.01932158376717708,0.019195271264404894,0.14362742359965883,-0.009661095279239293,0.06626264240084132,0,500,autocorrelated
-0.0011671582769137052,0.018054118316021186,0.01738442052606645,0.9484804002953586,-0.03663878833550384,0.03430447178167642,0,500,autocorrelated
-0.011566459329174474,0.016403989151526334,0.01701736678966354,0.48107740243543606,-0.04379601629135037,0.02066309763300142,0,500,autocorrelated
0.012341717652052006,0.018427549495166645,0.018847544265446086,0.503332202017404,-0.02386360720166064,0.04854704250576465,0,500,autocorrelated
0.002647363869555164,0.01754819849176381,0.017571429695873945,0.8801453250718019,-0.03183026578806056,0.037124993527170885,0,500,autocorrelated
0.005992405812571391,0.017743807822782585,0.01734729500619782,0.7357179084250225,-0.028869545123129066,0.04085435674827185,0,500,autocorrelated
-0.006730496590917399,0.016588347551743477,0.016381549230248826,0.6851105501321826,-0.0393222696888374,0.025861276507002595,0,500,autocorrelated
0.006454206137169285,0.017744628054794747,0.018148494130635597,0.716215995871647,-0.028409356340340537,0.04131776861467911,0,500,autocorrelated
-0.025302916600714664,0.018025144119515193,0.01794328022763667,0.16101457958840423,-0.06071761992592932,0.010111786724499989,0,500,autocorrelated
-0.01171575683967355,0.017645633099432116,0.01743242364257809,0.5070317992070794,-0.04638482006926531,0.022953306389918212,0,500,autocorrelated
0.006547597183304479,0.01688314333403759,0.016927522797418566,0.6983159815013906,-0.02662337268010309,0.03971856704671205,0,500,autocorrelated
0.022553686338034264,0.01714173850681852,0.016915746910244944,0.1888742265662528,-0.01112535554214316,0.05623272821821169,0,500,autocorrelated
-0.0007185035020349333,0.01781177137590297,0.018139217202204225,0.9678392761810397,-0.03571398507997198,0.034276978075902104,0,500,autocorrelated
0.01872357781944578,0.01679246575582785,0.01752369251980469,0.2653887493526359,-0.014269234271172056,0.051716389910063616,0,500,autocorrelated
0.01094111741462826,0.018247373705722256,0.017343905171311264,0.5490458310057795,-0.024910209041776092,0.04679244387103262,0,500,autocorrelated
-0.008917330752155289,0.018016455486210392,0.016845566549584304,0.6208503381389836,-0.04431496318080729,0.02648030167649671,0,500,autocorrelated
-0.010108654429330398,0.017459566456052397,0.017520109014427795,0.5628677399800068,-0.04441214527124416,0.02419483641258336,0,500,autocorrelated
-0.0036677820276766046,0.018756745072588763,0.0183578358702515,0.8450463087135631,-0.04051989026537091,0.0331843262100177,0,500,autocorrelated
0.007485134603325379,0.019354347926363452,0.01895606234556776,0.6991125943716979,-0.030541107257512537,0.0455113764641633,0,500,autocorrelated
-0.004529834479025858,0.01797458275344187,0.017717375635941942,0.8011347299472318,-0.03984519791728418,0.030785528959232464,0,500,autocorrelated
-0.02922788075562583,0.0177309973176328,0.01761078461209087,0.09990009193895552,-0.064064662392467,0.005608900881215337,0,500,autocorrelated
0.0028644017743678935,0.01996147668059518,0.01891760461782348,0.8859561302652492,-0.036354689617589454,0.04208349316632524,0,500,autocorrelated
0.015109300956414096,0.02006133441072847,0.01865515511414879,0.45171247280728954,-0.024305984810686746,0.05452458672351494,0,500,autocorrelated
-0.005570398235639411,0.016984525337392805,0.015715903762761406,0.7430729222896858,-0.03894055727321029,0.02779976080193147,0,500,autocorrelated
0.013417429403909508,0.017009513745228654,0.016831176690042624,0.4305930980712257,-0.020001825332658745,0.04683668414047776,0,500,autocorrelated
0.004776723994269784,0.01853834082887826,0.018858301965139476,0.7967701323063483,-0.031646276911761015,0.04119972490030058,0,500,autocorrelated
0.005792055632124924,0.016866245904589957,0.016362565502680195,0.7314341569658408,-0.02734571519293494,0.03892982645718479,0,500,autocorrelated
0.02830740574221504,0.01979065974066009,0.021604225302998825,0.1532460863824104,-0.010576074948900657,0.06719088643333074,0,500,autocorrelated
-0.006765990659966579,0.016112457361681622,0.016211708869798936,0.6747228467319315,-0.03842276374986035,0.02489078242992719,0,500,autocorrelated
0.004943778013271567,0.01719088908603547,0.018742020999263823,0.7737869021090734,-0.028831831925928815,0.03871938795247195,0,500,autocorrelated
-0.010295065553005788,0.01693149424208533,0.017486624876546224,0.5434365788310713,-0.043561032330316614,0.02297090122430504,0,500,autocorrelated
0.0021240192791343406,0.016636831854591014,0.01595285606747179,0.8984619081868872,-0.0305630128186522,0.03481105137692088,0,500,autocorrelated
-0.014226886063923559,0.018350444727805174,0.01799796658084901,0.43853727059791614,-0.050280720175428506,0.021826948047581386,0,500,autocorrelated
0.0005298689295455111,0.018467625301992655,0.01821180267011361,0.9771219113129166,-0.03575419442411206,0.03681393228320309,0,500,autocorrelated
0.013082574830569156,0.018225777522347095,0.01731894452806566,0.47321341297717145,-0.02272632076247471,0.04889147042361302,0,500,autocorrelated
-0.012125844054477478,0.01724940785158674,0.016265178125037867,0.4824019249472643,-0.04601642809359156,0.021764739984636603,0,500,autocorrelated
0.006496994000588823,0.017586238532619623,0.017475016949634586,0.7119596172775349,-0.028055374408209977,0.04104936240938763,0,500,autocorrelated
0.015446201119265455,0.017491211934066653,0.01811853847712278,0.37761722717792845,-0.018919464826937547,0.04981186706546846,0,500,autocorrelated
0.014654964412786136,0.01782429418581621,0.018078567797730486,0.41136199015426367,-0.020365121217963737,0.04967505004353601,0,500,autocorrelated
-0.01392676255601997,0.018344818481435553,0.018904351385138803,0.4481124375118404,-0.04996954256195474,0.0221160174499148,0,500,autocorrelated
0.0019200833040573344,0.019558353727382592,0.01905984236569735,0.921835191745116,-0.036506976706794356,0.04034714331490902,0,500,autocorrelated
0.0016727299047220694,0.01830745852523371,0.018475368681200727,0.9272363183320418,-0.034296647538861,0.03764210734830513,0,500,autocorrelated
-0.004932487962137567,0.01679283167643196,0.016122580852846628,0.7690898077820361,-0.037926018991230964,0.028061043066955834,0,500,autocorrelated
0.01904260118710195,0.017067354577840282,0.0168749332150838,0.26507476473905617,-0.014490295688105656,0.05257549806230956,0,500,autocorrelated
0.030194302479169807,0.016739655594715158,0.015919032007078036,0.07187329277924548,-0.0026947514292131394,0.06308335638755275,0,500,autocorrelated
0.015146131489270263,0.01871760666126985,0.019164810528749184,0.41879133535913926,-0.02162907998597436,0.05192134296451489,0,500,autocorrelated
-0.015244204005043546,0.018457679139594656,0.017766393783988456,0.4092560929274519,-0.05150872574570685,0.021020317735619756,0,500,autocorrelated
-0.02449086448929566,0.018328796199241857,0.018926789484879213,0.18209543525685276,-0.06050216489280837,0.011520435914217052,0,500,autocorrelated
0.008283295204726005,0.018484900430789868,0.017206414272963,0.6542676615964772,-0.028034709267915237,0.04460129967736724,0,500,autocorrelated
-0.013920663451624847,0.01742478580123326,0.017075898298255256,0.42472917231117535,-0.048155819385162314,0.020314492481912617,0,500,autocorrelated
-0.04802085260547074,0.016986316434000687,0.01689124950410716,0.004887211219139697,-0.08139453068036939,-0.014647174530572092,1,500,autocorrelated
0.011536360612242773,0.01688667538643862,0.01665335528358267,0.4948212172454285,-0.021641548812206986,0.04471427003669253,0,500,autocorrelated
0.004835651459108357,0.016978303562523542,0.01649501481868689,0.775905366439061,-0.028522283414833635,0.03819358633305035,0,500,autocorrelated
0.006560059662594365,0.017156043141587814,0.01606161969098179,0.7023455974505026,-0.027147087091151396,0.04026720641634013,0,500,autocorrelated
0.013416802027107296,0.017743125787724905,0.01713655946668213,0.44990540609281204,-0.02144380888772758,0.04827741294194217,0,500,autocorrelated
0.021910222570029326,0.018142525220598688,0.018929918728729147,0.22774661946049432,-0.013735103980347694,0.05755554912040635,0,500,autocorrelated
-0.023764238689677145,0.019539590990526122,0.019588557403036076,0.22448122397896234,-0.06215443481999977,0.014625957440645477,0,500,autocorrelated
-0.005221583446644827,0.018210789051179673,0.018512170261612823,0.7744381536623499,-0.04100103060609098,0.030557863712801323,0,500,autocorrelated
0.005572932537857281,0.017042732773392327,0.01677250610605154,0.7438071050805973,-0.027911588918320428,0.03905745399403499,0,500,autocorrelated
-0.01600657994429993,0.016352158372773835,0.016105946079743683,0.3281212249994775,-0.04813430295494324,0.01612114306634338,0,500,autocorrelated
0.02524800283280289,0.018294739544929425,0.01767467287229366,0.16818462179664764,-0.01069638513435275,0.06119239079995853,0,500,autocorrelated
-0.03782126098754191,0.01632773333477892,0.016428184725044342,0.020942472926661855,-0.06990099517387616,-0.0057415268012076665,1,500,autocorrelated
0.022421616774908653,0.017789178625304637,0.01937089165041043,0.20811258951168737,-0.012529475945195382,0.05737270949501269,0,500,autocorrelated
0.004335200987596483,0.01733446969171619,0.019477172608816505,0.8026198362370203,-0.02972250736478286,0.03839290933997582,0,500,autocorrelated
0.02014247093371445,0.018790109674532665,0.018659558587171426,0.2842518264451988,-0.016775190038070223,0.05706013190549912,0,500,autocorrelated
-0.004168553042091849,0.0171490054075451,0.0165190710764526,0.8080447411174783,-0.03786187248541213,0.029524766401228433,0,500,autocorrelated
-0.00750802252617783,0.016148772463497225,0.01592364088891586,0.6421859662291072,-0.03923614531227913,0.024220100259923476,0,500,autocorrelated
-0.009734500297436895,0.017717511133265487,0.017747844888881523,0.5829579088097865,-0.04454478510212012,0.025075784507246332,0,500,autocorrelated
0.009379726653275064,0.017626437334435717,0.01789448618045537,0.5948665782754745,-0.025251621908520393,0.04401107521507052,0,500,autocorrelated
-0.016380229529975837,0.01919458254905406,0.018831894382054595,0.39386012826960815,-0.05409257412588552,0.021332115065933847,0,500,autocorrelated
0.012042554179109571,0.01719409125560906,0.01805394164288038,0.48401141500043154,-0.021739347187482112,0.045824455545701255,0,500,autocorrelated
0.026567501026526195,0.017395075429336652,0.016953892456979192,0.1273212538392621,-0.007609281781147555,0.06074428383419994,0,500,autocorrelated
0.0006383711317682157,0.018329544588845063,0.017895960808813036,0.97223129406419,-0.03537439966197237,0.03665114192550879,0,500,autocorrelated
-0.017972126473854766,0.018933855191007293,0.019588177315322405,0.34297631485908775,-0.0551722098654839,0.019227956917774368,0,500,autocorrelated
0.0013940007039911773,0.017991239193914835,0.01770178808449591,0.9382710749390757,-0.03395408829218185,0.0367420897001642,0,500,autocorrelated
-0.004799701398441761,0.01725316009576641,0.016410627402342046,0.7809799825833137,-0.038697657617969256,0.02909825482108573,0,500,autocorrelated
-0.005194561755672214,0.016481775012699432,0.01636327693112482,0.7527645679326895,-0.037576947631618576,0.02718782412027415,0,500,autocorrelated
0.001403742498530341,0.018605563144466254,0.01970865552953086,0.9398889964736044,-0.03515133271146151,0.03795881770852219,0,500,autocorrelated
0.01075951800374417,0.017641773324639058,0.017566182225440284,0.5422137236540909,-0.023901961775846196,0.04542099778333454,0,500,autocorrelated
-0.017774478583520242,0.02072407473186891,0.02012441138230986,0.3914856403119269,-0.058491876095149956,0.02294291892810947,0,500,autocorrelated
-0.02817762214111715,0.01797390828930859,0.018430962956830138,0.11758728025279233,-0.0634916604334002,0.007136416151165902,0,500,autocorrelated
0.008786792916300641,0.017223367784818217,0.01695139159157079,0.6101605419766862,-0.025052629188514253,0.042626215021115535,0,500,autocorrelated
-0.016788580947487274,0.01935103516305085,0.019421263061600063,0.38604187466049067,-0.05480831409310358,0.02123115219812903,0,500,autocorrelated
-0.018398358397846683,0.01867686764192254,0.017300189058311103,0.32505919044413323,-0.05509352833365179,0.018296811537958424,0,500,autocorrelated
0.009022591665762827,0.017491015975742413,0.017018644564519486,0.6061940610342587,-0.0253426892734815,0.04338787260500715,0,500,autocorrelated
0.0179258064690166,0.018614634984285224,0.018945889431617124,0.3360172293475041,-0.01864709253831482,0.05449870547634802,0,500,autocorrelated
-0.003447692047529231,0.017716119378789356,0.01679599230966823,0.8457794905608221,-0.038255242417938484,0.03135985832288002,0,500,autocorrelated
-0.011746067558820433,0.019401278795229213,0.01863186409590686,0.5451707877207502,-0.04986451632722344,0.026372381209582574,0,500,autocorrelated
0.02108039734712188,0.017650888398954467,0.01698365757694204,0.23293046801459938,-0.013598991174308614,0.055759785868552375,0,500,autocorrelated
-0.0035665251510437956,0.017347470104134448,0.016787377876867137,0.8371925562093506,-0.03764977592049594,0.030516725618408347,0,500,autocorrelated
-0.025405208273780643,0.018474088847283198,0.018985858559571078,0.16969377979050312,-0.06170197080683872,0.010891554259277438,0,500,autocorrelated
0.0232799031244631,0.01789489941723752,0.017051389153918555,0.19388609643413657,-0.011878903356861644,0.05843870960578784,0,500,autocorrelated
-0.0030701669182385,0.01725403642478682,0.017261035277416497,0.8588431952642405,-0.0369698448955543,0.030829511059077302,0,500,autocorrelated
-0.010757795189735504,0.017084792516550134,0.015369991872305552,0.5291987520814803,-0.04432495306290895,0.022809362683437938,0,500,autocorrelated
0.024710510550109446,0.016435461470097692,0.015955047455576292,0.13334725765405556,-0.007580881303247963,0.05700190240346685,0,500,autocorrelated
-0.0020196326263769333,0.017832300478907635,0.016841071991022808,0.9098724580632938,-0.037055448533272584,0.033016183280518724,0,500,autocorrelated
0.034077518105595624,0.01743072413865018,0.018272932105722353,0.05113899160449964,-0.0001693051109588825,0.06832434132215012,0,500,autocorrelated
0.012722818174873021,0.01725239767094371,0.016721756981539927,0.4611947299815672,-0.021173640078883726,0.04661927642862977,0,500,autocorrelated
-0.0038881683160284994,0.01735138079098603,0.016720843101095808,0.8227837761254642,-0.03797910256438813,0.03020276593233113,0,500,autocorrelated
-0.009311508447001363,0.01953560204690378,0.020014601779024414,0.6338254095962119,-0.04769386734428831,0.029070850450285582,0,500,autocorrelated
-0.0031592822815252643,0.017313959259185507,0.017954484509079886,0.8552879631515282,-0.03717669298755405,0.030858128424503525,0,500,autocorrelated
0.0018852278164734736,0.01942716045931898,0.018711022851246276,0.9227330091182966,-0.03628407166631076,0.04005452729925771,0,500,autocorrelated
0.006039621109009309,0.019121672388745563,0.018410677410577,0.7522470698814638,-0.03152947405268788,0.0436087162707065,0,500,autocorrelated
0.03671240943152215,0.018307829875317247,0.019516292236503134,0.04547321976300288,0.0007423023819536356,0.07268251648109067,1,500,autocorrelated
-0.005956830072729373,0.018788332238016906,0.018875661288206714,0.751338964823131,-0.04287099884570179,0.030957338700243038,0,500,autocorrelated
0.0037215881466184982,0.017211977628036806,0.01714187609751996,0.828904152361908,-0.030095455273145846,0.037538631566382846,0,500,autocorrelated
-0.019232437623271433,0.018383613851474655,0.01826965486615586,0.2959887451875435,-0.055351440405080665,0.0168865651585378,0,500,autocorrelated
-0.010854408170984493,0.01853458532870136,0.016902122014340923,0.5583895092867626,-0.04727003049941719,0.025561214157448206,0,500,autocorrelated
-0.02199839429108733,0.01792157583478585,0.01715489771965247,0.22022175459601598,-0.057209612969895185,0.01321282438772053,0,500,autocorrelated
-0.012880351533747648,0.017109805779155027,0.01602533917214328,0.451922657677733,-0.04649665393905213,0.02073595087155683,0,500,autocorrelated
0.0003229908481625892,0.017724375870256045,0.016673502854481374,0.9854682732242082,-0.0345007813728938,0.03514676306921898,0,500,autocorrelated
0.008969712348501285,0.016956580186185607,0.01619955940537823,0.5970541716619098,-0.0243455417611079,0.04228496645811047,0,500,autocorrelated
0.020606612306456957,0.01612440890762417,0.016240360339820643,0.20185314587000164,-0.011073642451656863,0.05228686706457078,0,500,autocorrelated
0.011143334251219491,0.019087946590233617,0.01869938143097234,0.5596265593810985,-0.026359498519409576,0.048646167021848555,0,500,autocorrelated
-0.018341687889002346,0.018393474449252524,0.017480051297176752,0.3191592282895276,-0.054480064171661124,0.017796688393656432,0,500,autocorrelated
0.022528118725948947,0.017485287095880406,0.017230718547719723,0.19820353028330182,-0.01182590645970176,0.05688214391159965,0,500,autocorrelated
0.0057957871780752734,0.019116474041220792,0.018990008018400596,0.7618771243924929,-0.03176309458759299,0.043354668943743534,0,500,autocorrelated
0.008102415386780323,0.01970121376022906,0.020266561727646102,0.6810553136306035,-0.030605327299712798,0.04681015807327345,0,500,autocorrelated
0.02365920440064139,0.01921801613864404,0.01933442818400999,0.21886840677043407,-0.014099181082246587,0.06141758988352937,0,500,autocorrelated
-0.0019195225035222186,0.01798443218866924,0.01704993627153724,0.9150442201433344,-0.037254237511131966,0.03341519250408753,0,500,autocorrelated
0.0018540303428564251,0.016892691884413846,0.016263255758842042,0.912649162639124,-0.0313356999297062,0.03504376061541905,0,500,autocorrelated
-0.0014411531699603415,0.016379874798965494,0.017513304717236645,0.9299254272344386,-0.03362333172361094,0.030741025383690255,0,500,autocorrelated
-0.028430877363157414,0.019105025138544864,0.01846768853478071,0.13734793136827667,-0.06596726502342608,0.00910551029711125,0,500,autocorrelated
0.004617300438442354,0.018148201440889866,0.019214436288330854,0.7992746310183247,-0.03103917840321665,0.04027377928010136,0,500,autocorrelated
0.022317611660936452,0.017034518270458918,0.01677382396066035,0.19075229698886995,-0.011150770441102291,0.055785993762975196,0,500,autocorrelated
0.008480592583704387,0.01780623104149376,0.01827938207818233,0.6340901606488691,-0.0265040036832402,0.04346518885064897,0,500,autocorrelated
0.002797869563457883,0.01961960691677595,0.02007666865744019,0.8866592009106469,-0.03574953697642601,0.04134527610334178,0,500,autocorrelated
-0.0004976005410268179,0.0189040372710836,0.01911271086011398,0.9790106943793284,-0.03763909950299088,0.03664389842093724,0,500,autocorrelated
0.015860304474149774,0.017896025897010115,0.017043475908993508,0.3759120402237677,-0.019300715245897715,0.05102132419419726,0,500,autocorrelated
-0.004621766131060414,0.017668813728739807,0.01827174823880926,0.7937552537322488,-0.03933637324670271,0.030092840984581884,0,500,autocorrelated
0.014473448647633147,0.017213907673596443,0.016864029029735987,0.4008636631385195,-0.019347386807881124,0.04829428410314742,0,500,autocorrelated
-0.020866699166646848,0.01673950265606479,0.017065440070542247,0.2131469769107308,-0.05375545259050141,0.012022054257207714,0,500,autocorrelated
0.01554635375610786,0.018865537822684398,0.019041432607847485,0.4102993919653024,-0.02151950383876355,0.052612211350979265,0,500,autocorrelated
-0.016208807186448796,0.01705474192206872,0.016964465837232448,0.34237062892194425,-0.049716923485183265,0.017299309112285676,0,500,autocorrelated
0.020252015908449137,0.017200261272142393,0.01756008049657595,0.23958835227926562,-0.013542007930151142,0.05404603974704941,0,500,autocorrelated
0.0309038578868702,0.018257198798961094,0.017657177861271328,0.09113909926081205,-0.0049667723132317924,0.06677448808697219,0,500,autocorrelated
0.015917996614760302,0.018389766098598583,0.017769751499583136,0.38713186587360937,-0.020213093726806165,0.05204908695632677,0,500,autocorrelated
-0.00960441161641503,0.019416119536289977,0.018150147691199856,0.6210570561578231,-0.04775201856731624,0.028543195334486182,0,500,autocorrelated
0.014332192253329764,0.015464822631088206,0.01487895088135513,0.35449962375062005,-0.016052147634643618,0.044716532141303146,0,500,autocorrelated
0.018414518844784122,0.017147152213283487,0.017411737721248155,0.28338255053601275,-0.015275159555527357,0.0521041972450956,0,500,autocorrelated
-0.017058743862026944,0.017098796453668557,0.01715817745934958,0.3189299329516994,-0.05065341581637198,0.01653592809231809,0,500,autocorrelated
0.008726679736167805,0.01881187977778351,0.01883818156548776,0.6429278551177462,-0.02823375380613703,0.045687113278472635,0,500,autocorrelated
0.0012468698712275097,0.01702990321341916,0.017130388927120845,0.9416632355989658,-0.0322124448483366,0.034706184590791625,0,500,autocorrelated
0.04254862211513355,0.01809984416035008,0.01781441185216202,0.01912349533409346,0.006987152707661343,0.07811009152260576,1,500,autocorrelated
0.013190906352335299,0.01838357893203551,0.018154923486248167,0.4733789702228225,-0.022928027821890583,0.04930984052656118,0,500,autocorrelated
-0.017974137334033715,0.01812537925524474,0.019351459798340794,0.32184703616584326,-0.05358577653787923,0.017637501869811795,0,500,autocorrelated
0.016720363754782884,0.019712897660527466,0.019944936944648314,0.39673736394169523,-0.022010334746099626,0.055451062255665394,0,500,autocorrelated
-0.0018405364149019984,0.0177352557735956,0.016735813630019348,0.9173869898750115,-0.03668568480618053,0.03300461197637653,0,500,autocorrelated
0.011471949199232225,0.016811084576623374,0.016668178026022426,0.49530089184447457,-0.021557444014419454,0.0445013424128839,0,500,autocorrelated
-0.009067953154194484,0.018828980889927727,0.018962418088398807,0.6303048528556527,-0.046061985918181156,0.027926079609792185,0,500,autocorrelated
0.015389363631179438,0.015255182875544938,0.014412879558793563,0.3135624924802255,-0.014583088856698356,0.045361816119057236,0,500,autocorrelated
-0.004114853610254693,0.017004091400509052,0.015664125873950777,0.808886001598451,-0.037523454854773264,0.029293747634263876,0,500,autocorrelated
-0.0077086630400385135,0.018414540965024873,0.017491472216838035,0.675675619471873,-0.04388842952747051,0.028471103447393488,0,500,autocorrelated
-0.015242876648783418,0.01818582806873041,0.01772649262324475,0.4023354476688211,-0.05097328199295834,0.020487528695391506,0,500,autocorrelated
-0.008834811227738678,0.017097728720486996,0.016335654676578534,0.6055780463229348,-0.04242738536507849,0.024757762909601133,0,500,autocorrelated
0.0021849995016875057,0.01713294008671305,0.01745382497259491,0.8985707631009151,-0.03147675577952017,0.03584675478289518,0,500,autocorrelated
-0.01154924150550312,0.01828343481053163,0.017756921392821805,0.5278872268801194,-0.047471418620295316,0.024372935609289076,0,500,autocorrelated
0.02794250031730706,0.018131493969988477,0.017669851519881583,0.123926865645365,-0.0076811527049651905,0.06356615333957931,0,500,autocorrelated
0.003743497652206683,0.019572337483811177,0.019544870428754493,0.8483961531264317,-0.034711036790028564,0.04219803209444193,0,500,autocorrelated
0.019806694005446986,0.017383821467398843,0.017173160692742842,0.25509445810734876,-0.01434797770449472,0.05396136571538869,0,500,autocorrelated
-0.00904832810822978,0.01655759321976679,0.016579338776290226,0.5849834962732436,-0.041579676971220066,0.023483020754760504,0,500,autocorrelated
-0.0017852763349087619,0.017428712240324003,0.01741148372374124,0.9184541753151594,-0.036028146696392066,0.03245759402657454,0,500,autocorrelated
0.010470311374419,0.0185520536341303,0.01947294945180472,0.5727531866521558,-0.025979631614656315,0.04692025436349431,0,500,autocorrelated
-0.030856982514229452,0.016132559347447978,0.015598280567980818,0.05635786876410576,-0.06255325075919344,0.0008392857307345271,0,500,autocorrelated
0.004725109965708024,0.0176129904693266,0.01696918460765582,0.7885993944637465,-0.02987981901600885,0.0393300389474249,0,500,autocorrelated
-0.004539444254954424,0.019603943629043687,0.019261837090970436,0.8169766711206753,-0.043056076522829306,0.03397718801292046,0,500,autocorrelated
0.0011941567737126096,0.01915205890683513,0.019145183380767213,0.9503080512906754,-0.03643463996463179,0.03882295351205701,0,500,autocorrelated
0.005032569934460565,0.01724168029997465,0.018162703278675668,0.7704968966022787,-0.028842831482758353,0.038907971351679484,0,500,autocorrelated
-0.01096354478055467,0.01894377728527999,0.017374141410563808,0.5630254476890008,-0.048183122497594044,0.026256032936484708,0,500,autocorrelated
0.006271431455211497,0.01812499208998529,0.01861353169722014,0.7294812051926465,-0.029339447069955917,0.04188230998037891,0,500,autocorrelated
-0.004055329862464119,0.018090172831806448,0.017694604129391424,0.8227145647335603,-0.039597797633729566,0.03148713790880133,0,500,autocorrelated
0.02718004390776756,0.019191780322042856,0.0176857946774404,0.15733228634931087,-0.010526795043494085,0.0648868828590292,0,500,autocorrelated
0.002488712755001097,0.01832571700154672,0.018744785623745614,0.8920307996554145,-0.03351653782876372,0.03849396333876591,0,500,autocorrelated
-0.012113734790194753,0.017814348416517523,0.019166207552067542,0.4968212235182571,-0.04711427958028789,0.022886809999898387,0,500,autocorrelated
-0.01677574417242401,0.019490301819400178,0.019114318631628078,0.3898050137029033,-0.055069099946797345,0.021517611601949326,0,500,autocorrelated
0.002592444141879372,0.0177358114226478,0.017595526826714343,0.8838463095826801,-0.03225379595475286,0.03743868423851161,0,500,autocorrelated
0.003844783771903473,0.01882010188257384,0.01927582603086826,0.8382093002931718,-0.03313180406020495,0.040821371604011905,0,500,autocorrelated
-0.012561901080295503,0.01824451916375176,0.01790766334115681,0.49143962198968616,-0.048407619106811905,0.023283816946220903,0,500,autocorrelated
0.012536794307231171,0.019104708647772396,0.019498822666811702,0.5119889473075729,-0.024998971531279075,0.05007256014574142,0,500,autocorrelated
0.008540487673893975,0.018195769795306474,0.017524913434688205,0.6390130046295907,-0.027209450568042942,0.04429042591583089,0,500,autocorrelated
-0.005525170943747031,0.01923459249385471,0.018759263264771266,0.7740390257423135,-0.043316124637912914,0.03226578275041886,0,500,autocorrelated
-0.03164110809404429,0.020056995136693907,0.01956502650654844,0.11530175955219302,-0.07104786832029164,0.007765652132203073,0,500,autocorrelated
-0.00542753905368427,0.017026846003662322,0.01652173526797864,0.7500394166845595,-0.03888084715406002,0.02802576904669148,0,500,autocorrelated
-0.0031528125832582556,0.01748615907387245,0.017895955599528914,0.8569877933839413,-0.03750855097806223,0.031202925811545715,0,500,autocorrelated
-0.0077744461276862175,0.01611758729934267,0.016006153488730197,0.6297636364916659,-0.039441298206082845,0.023892405950710408,0,500,autocorrelated
0.025749308365649842,0.017889856759866204,0.018820632698779226,0.15068686241148674,-0.009399590610159728,0.06089820734145941,0,500,autocorrelated
0.012637645861395288,0.017586249195082965,0.018206955918636705,0.4727185726794837,-0.021914743496360894,0.047190035219151466,0,500,autocorrelated
-0.0005764813471922075,0.020522451641271547,0.01985770420447181,0.9776014020127695,-0.040897742112858945,0.03974477941847453,0,500,autocorrelated
0.011850861575856426,0.018394461444318878,0.018425224241095325,0.5197018561547135,-0.024289453894485207,0.047991177046198055,0,500,autocorrelated
0.00548405023103035,0.017918079194182406,0.017167985730399064,0.7596850450933219,-0.029720298461674496,0.0406883989237352,0,500,autocorrelated
0.008654324982946113,0.018108043606712688,0.017616391067397374,0.6329117967373665,-0.026923254196433453,0.044231904162325676,0,500,autocorrelated
0.01368501917792959,0.017716637067475855,0.018618510973497808,0.440220963087792,-0.021123548315623065,0.04849358667148225,0,500,autocorrelated
-0.024013440401845353,0.017182305943680837,0.015988273243411986,0.1628651060145644,-0.05777218670666523,0.009745305902974524,0,500,autocorrelated
0.02499997306795916,0.016811698845326354,0.017117164710662106,0.13763231174591567,-0.008030627023359278,0.0580305731592776,0,500,autocorrelated
0.02116095181066592,0.01818264293730325,0.01857024957851881,0.24506252684325053,-0.014563195581628191,0.05688509920296003,0,500,autocorrelated
0.014889183478146304,0.017296061355160118,0.01798008460738694,0.3897390936117564,-0.019093062518130397,0.04887142947442301,0,500,autocorrelated
0.013281745210994974,0.01730897654064349,0.017947245153139422,0.44324731773961756,-0.020725875753673156,0.04728936617566311,0,500,autocorrelated
0.0042237435672301486,0.017961903618093477,0.017747312813315947,0.8141888891377835,-0.031066708679538868,0.03951419581399916,0,500,autocorrelated
-0.02610708801840217,0.018907228331636747,0.01809854558106356,0.16796002556321543,-0.06325485658143201,0.011040680544627667,0,500,autocorrelated
-0.0029374275271423374,0.017036564400653233,0.015468123850713132,0.8631781773477808,-0.03640982974093808,0.030534974686653407,0,500,autocorrelated
0.03751117058347261,0.01889742429074071,0.018122116897190205,0.04769393908772392,0.00038266440178182093,0.07463967676516339,1,500,autocorrelated
0.010709293555225128,0.017479248335787727,0.018218779101069987,0.5403635465287309,-0.023632867043062705,0.04505145415351296,0,500,autocorrelated
0.012594254938423012,0.018062076307138696,0.01826363283765884,0.4859553735640204,-0.0228930104955418,0.048081520372387825,0,500,autocorrelated
0.0023038435559035886,0.01868069963739733,0.018194394533674614,0.9018975402511589,-0.0343988552507934,0.03900654236260057,0,500,autocorrelated
0.0223004223307948,0.01786474994448286,0.018137607083764364,0.21251073919078117,-0.012799148306092953,0.057399992967682556,0,500,autocorrelated
0.012428810314636884,0.019372239241319554,0.018759745750072273,0.5214421352900147,-0.025632583310151835,0.050490203939425604,0,500,autocorrelated
0.018667287756719095,0.018481130537976464,0.018954157336556098,0.31295090623293087,-0.017643309860550044,0.05497788537398823,0,500,autocorrelated
-0.016206092119841052,0.017004508704006664,0.016381021556760904,0.34102871821959213,-0.04961551325680911,0.017203329017127005,0,500,autocorrelated
0.002561920329738458,0.019815520940094564,0.018549810880515164,0.89718151674067,-0.03637040612906947,0.04149424678854639,0,500,autocorrelated
0.00038185487737509125,0.018918135519801395,0.018330315624408358,0.983904202337462,-0.036787343463436394,0.037551053218186574,0,500,autocorrelated
0.032476482416020795,0.0166358191929762,0.01624658162105305,0.05147418016143904,-0.00020856006601457228,0.06516152489805616,0,500,autocorrelated
-0.021799420705795998,0.018574992105933833,0.019559234699929737,0.2411203504824168,-0.05829443180463341,0.014695590393041413,0,500,autocorrelated
-0.02432306338161526,0.017630200092997293,0.016218632228062895,0.16832129898520276,-0.058961804781840134,0.010315678018609616,0,500,autocorrelated
0.011330740683262903,0.01655164425476204,0.015727129594127996,0.49393446682519937,-0.02118892001627424,0.043850401382800046,0,500,autocorrelated
-0.024534683382727886,0.019366886653158034,0.018738956894820784,0.20580582511922163,-0.06258556056889589,0.013516193803440123,0,500,autocorrelated
0.01734358865965429,0.018006746485905927,0.017031109458695647,0.3359288122438061,-0.01803496811761389,0.05272214543692247,0,500,autocorrelated
0.006006884542587397,0.018462768602538204,0.01888707815906987,0.7450519050630734,-0.030267636664323465,0.042281405749498256,0,500,autocorrelated
-0.010600397465752368,0.017475033565810306,0.016619854172231732,0.5443912259451107,-0.04493427714116133,0.023733482209656587,0,500,autocorrelated
-0.004794210335904759,0.01829623330629395,0.018594613806636805,0.7934046253105906,-0.04074153315424453,0.031153112482435016,0,500,autocorrelated
0.01979006620386216,0.017198696006570827,0.017354688767742807,0.2504192073634646,-0.014000882296450967,0.053581014704175284,0,500,autocorrelated
-0.007317326861765682,0.017823128421270772,0.01759741630207292,0.681577405981197,-0.04233512206946817,0.02770046834593681,0,500,autocorrelated
0.024118798225707484,0.018934259447078765,0.019686248206155277,0.2033221422096096,-0.013082079423584372,0.06131967587499934,0,500,autocorrelated
-0.0095612258781307,0.01823428062015098,0.018653390839568972,0.6002653493144691,-0.045386827838905845,0.026264376082644446,0,500,autocorrelated
0.020585010359553083,0.017768654349905117,0.01780676331572466,0.24721473910667593,-0.01432575751657636,0.055495778235682525,0,500,autocorrelated
-0.002793698510216533,0.019035492796206376,0.018024169046166747,0.8833787945890885,-0.04019347326691575,0.03460607624648268,0,500,autocorrelated
0.024527348495250498,0.017586258093199185,0.018123423602554613,0.1637316368124916,-0.010025058344981498,0.059079755335482494,0,500,autocorrelated
-0.03832845335475149,0.01766134203457392,0.017222213476895346,0.030464463261193578,-0.07302838054159726,-0.003628526167905724,1,500,autocorrelated
-0.022847097497208157,0.017207487408046312,0.017781568833105676,0.1848717418574532,-0.05665531880671508,0.01096112381229877,0,500,autocorrelated
-0.018021416983600432,0.01732964497654849,0.017917530707865083,0.2988824182163188,-0.05206964603000808,0.016026812062807216,0,500,autocorrelated
0.009456843106475092,0.017264018774325818,0.017212674748256242,0.5840900333952521,-0.02446244758212158,0.04337613379507176,0,500,autocorrelated
0.0054046764057147645,0.015894730188038338,0.015513200819634714,0.7339777176835154,-0.02582431961847076,0.03663367242990029,0,500,autocorrelated
0.05948387308765874,0.019171185144216955,0.01932760177865423,0.002026048426682742,0.021817498285132783,0.0971502478901847,1,500,autocorrelated
0.004519377292508601,0.01893335234104862,0.018239512214103276,0.8114369796516534,-0.03267971813020415,0.04171847271522135,0,500,autocorrelated
-0.01055678779203181,0.01732218104311703,0.017279253323790895,0.5425123837240763,-0.04459035215746039,0.023476776573396776,0,500,autocorrelated
0.009820434856933978,0.018426249859531674,0.018326979502358405,0.594299735658921,-0.026382336551982986,0.04602320626585094,0,500,autocorrelated
0.0019020042794419875,0.01717513341914554,0.01755851086714335,0.9118657554245927,-0.0318426498868171,0.03564665844570108,0,500,autocorrelated
0.001179369393294243,0.019215044665597265,0.018495114405068947,0.9510832786404296,-0.03657317792066189,0.03893191670725038,0,500,autocorrelated
-0.0012476160043640755,0.017790680363408397,0.0182791383215889,0.9441203266283711,-0.03620165924786278,0.033706427239134626,0,500,autocorrelated
-0.012873728321733773,0.016642095544264393,0.016844188570796642,0.43955562495622147,-0.045571102195815845,0.0198236455523483,0,500,autocorrelated
-0.0071409784501249365,0.016955230773218415,0.017136271757155735,0.6738150743465658,-0.04045358131547336,0.026171624415223485,0,500,autocorrelated
0.005210568222252448,0.01785572191063297,0.01799077344554189,0.7705495629968968,-0.029871264684590882,0.04029240112909578,0,500,autocorrelated
0.04126006028645342,0.016701818994292593,0.01607197051403603,0.013830350900101812,0.008445345421903644,0.07407477515100319,1,500,autocorrelated
-0.004825781729162173,0.016067185843949585,0.016139525040355297,0.7640354193694436,-0.03639360810334971,0.02674204464502537,0,500,autocorrelated
0.017690488779038276,0.019541842608582743,0.018793835687674215,0.3657643146456334,-0.020704131193054948,0.0560851087511315,0,500,autocorrelated
0.020787026997121563,0.019641882245724256,0.01884866001865225,0.2904312153509968,-0.01780414474990549,0.05937819874414861,0,500,autocorrelated
0.0195213022197685,0.016556247755953542,0.016554903902440275,0.23892544666423338,-0.013007403158017725,0.05205000759755472,0,500,autocorrelated
-0.013690603574530136,0.01783267627101746,0.0182491706423658,0.44301402726283035,-0.04872715781483346,0.02134595066577319,0,500,autocorrelated
-0.01874504532943835,0.01680796318608885,0.017173706587486008,0.2652820958352599,-0.051768305825425784,0.014278215166549087,0,500,autocorrelated
0.006513475737387999,0.017485192883013655,0.01602766971375869,0.7096688146870449,-0.027840364344570708,0.0408673158193467,0,500,autocorrelated
-0.00648330697544242,0.016848180599081667,0.016022822652728377,0.7005442914852965,-0.03958558419053094,0.026618970239646097,0,500,autocorrelated
0.002978646236424194,0.018361119699351624,0.017052929685485368,0.8711938904538783,-0.033096161407820124,0.03905345388066851,0,500,autocorrelated
-0.0045878546572893026,0.01748613934370865,0.018503788351866356,0.7931439780716862,-0.03894355428747131,0.029767844972892706,0,500,autocorrelated
0.00601821705852593,0.01878640047797488,0.01811546785931368,0.7488376487711489,-0.030892156310186176,0.04292859042723804,0,500,autocorrelated
-0.001499619387230637,0.017609771385399285,0.01719410358589636,0.9321697121087196,-0.03609822370926607,0.033098984934804794,0,500,autocorrelated
-0.00787129517898097,0.018679469189016102,0.018707900631386904,0.6736539480086912,-0.04457157647577682,0.028828986117814884,0,500,autocorrelated
0.02544453555141236,0.01960216860207898,0.020362758653444415,0.19487204656462684,-0.013068609251789143,0.06395768035461387,0,500,autocorrelated
0.04586326905642874,0.01819413204676374,0.018186272705490097,0.012021013818424282,0.01011654856289803,0.08160998954995946,1,500,autocorrelated
0.026941042078413448,0.018767056424732396,0.0193967970792549,0.15175829827277987,-0.009931325274804552,0.06381340943163144,0,500,autocorrelated
0.015782615369238744,0.017192191763451842,0.017659058399993603,0.359057667634621,-0.01799555399106382,0.049560784729541306,0,500,autocorrelated
0.001458521456512537,0.01721102602680631,0.01832492626265723,0.9324994205431518,-0.03235665231521802,0.0352736952282431,0,500,autocorrelated
-0.002878998632796505,0.017070160557994166,0.01665617945723862,0.8661350789647055,-0.036417408526597875,0.030659411261004868,0,500,autocorrelated
-0.02500642570773727,0.019263363166472938,0.019682772359410388,0.1948421842461105,-0.06285390626396238,0.01284105484848784,0,500,autocorrelated
-0.007283739890643815,0.01783086770516656,0.01709584873754127,0.6830891983573018,-0.04231674077111661,0.02774926098982898,0,500,autocorrelated
0.007930007815103429,0.019499056610727254,0.020048122583176873,0.6844127992241789,-0.030380548839077957,0.04624056446928482,0,500,autocorrelated
-0.014187918045990733,0.01901308675346341,0.019065075604549595,0.45588750755515484,-0.05154367077705881,0.023167834685077347,0,500,autocorrelated
-0.015454893832910639,0.01762868288142009,0.018667020601218737,0.3810776183795864,-0.05009065430840438,0.019180866642583096,0,500,autocorrelated
-0.02596064451526268,0.017650767283683002,0.01748983569019797,0.14197835552400634,-0.0606397950767979,0.008718506046272532,0,500,autocorrelated
0.02239841808464147,0.01786582956200768,0.017096275023875424,0.21053872499455492,-0.012703273718883995,0.057500109888166936,0,500,autocorrelated
-0.02971063948373163,0.01714712948293933,0.016493577806065352,0.0837700766941369,-0.06340027322484985,0.003978994257386594,0,500,autocorrelated
-0.013784629544247142,0.019399537643192133,0.017950732281931593,0.47768655850263664,-0.05189965740336762,0.02433039831487334,0,500,autocorrelated
0.008582435181781603,0.01845060266529853,0.018405657624340717,0.6420220412547525,-0.02766818313397014,0.044833053497533346,0,500,autocorrelated
0.0029829527146752717,0.018671776076884684,0.018233581595319754,0.8731370283092987,-0.033702213624815645,0.039668119054166194,0,500,autocorrelated
-0.007320703595109286,0.016972376495906612,0.016797977945308913,0.6664147315717237,-0.040666993330214354,0.026025586139995782,0,500,autocorrelated
-0.00024886472773251976,0.018001879000262552,0.019350649050104966,0.9889756322884571,-0.03561785816620813,0.03512012871074309,0,500,autocorrelated
0.01075990428779415,0.018283028980127774,0.018685201415563707,0.5564510085615586,-0.025161475476183123,0.046681284051771424,0,500,autocorrelated
-0.018388162177529067,0.0181220146702818,0.019575722520713622,0.3107480473640552,-0.05399319085013639,0.017216866495078254,0,500,autocorrelated
0.0004601271025837326,0.017885929641422528,0.017693669362081034,0.9794864727843227,-0.034681056110528824,0.035601310315696286,0,500,autocorrelated
-0.011007767471784629,0.018072379406802203,0.01873360055369473,0.5427402689513352,-0.046515275807303726,0.024499740863734472,0,500,autocorrelated
0.008502979499474319,0.017275697289039216,0.016817290397480766,0.622799720584136,-0.02543925642224293,0.04244521542119156,0,500,autocorrelated
0.004908775983318212,0.017753846680560258,0.017845446748517818,0.7822858059191911,-0.029972898687602497,0.03979045065423892,0,500,autocorrelated
-0.0011365806699574171,0.01846597942445983,0.019227306662098563,0.9509459051349048,-0.037417410303865056,0.03514424896395023,0,500,autocorrelated
-0.015402562836700093,0.018095126771025795,0.016657133644320313,0.3950676421219478,-0.05095476380546904,0.020149638132068853,0,500,autocorrelated
0.022179102741880896,0.019342900024978682,0.020345048519258065,0.25208618747743,-0.015824646980833197,0.06018285246459499,0,500,autocorrelated
-0.027321492479199135,0.01986766809356773,0.019979050108238597,0.16969594564669127,-0.06635627448328657,0.011713289524888308,0,500,autocorrelated
0.0062582595549121565,0.018423524616844177,0.01709139224060585,0.734234331140267,-0.029939157463458637,0.04245567657328295,0,500,autocorrelated
0.016133978712336444,0.019055134223137888,0.019161498969193,0.39756914603182447,-0.021304386321536212,0.0535723437462091,0,500,autocorrelated
0.012559332894550659,0.01742982270065829,0.01725867159942348,0.471514832837714,-0.021685719231640452,0.04680438502074177,0,500,autocorrelated
0.02591928390501179,0.017353887519899226,0.016470201279674516,0.1359207595763665,-0.008176575411363324,0.0600151432213869,0,500,autocorrelated
-0.024860587623093677,0.017859472113248755,0.01794832695642035,0.16454029611011528,-0.05994978869921026,0.010228613453022908,0,500,autocorrelated
-0.0028840471522974705,0.016797159614744244,0.017341128280912308,0.8637443096093248,-0.035886081450508894,0.03011798714591395,0,500,autocorrelated
-0.015129693031872025,0.01931079653125931,0.020365167013012064,0.43371561026429917,-0.05307036776898622,0.02281098170524217,0,500,autocorrelated
0.017936706261422884,0.01762351494535149,0.018500578393605485,0.3092808834729636,-0.016688900568615394,0.05256231309146116,0,500,autocorrelated
0.007069540794964936,0.018310268885701204,0.017647366171133775,0.6995896871179712,-0.028905358273384803,0.043044439863314674,0,500,autocorrelated
-0.0025001445033743606,0.017462472601468857,0.01805741219648393,0.8862119200651386,-0.03680934516247801,0.03180905615572929,0,500,autocorrelated
-0.035469586626577655,0.016510770129805112,0.01554866784536573,0.03217397136577753,-0.06790894033941725,-0.003030232913738065,1,500,autocorrelated
-0.0075962768908895365,0.019483253999146702,0.019085090797849116,0.6967864408530187,-0.04587578553806592,0.03068323175628685,0,500,autocorrelated
-0.002896500594675694,0.017800712349601313,0.01722159122447725,0.8708062892870305,-0.03787025407252421,0.03207725288317282,0,500,autocorrelated
0.0011862854899869716,0.01774221205600268,0.016299367063392356,0.9467181430412075,-0.03367253018051328,0.03604510116048722,0,500,autocorrelated
0.018351569988226672,0.018363753783408515,0.017851564509825696,0.3181170136720793,-0.017728412943648637,0.05443155292010198,0,500,autocorrelated
0.0023936445270020482,0.018476325285427902,0.019292984799555917,0.8969732052451024,-0.03390751202326193,0.03869480107726602,0,500,autocorrelated
-0.0056157212532078745,0.017237396979201056,0.017764148222274984,0.7447222980348334,-0.03948270706312636,0.028251264556710606,0,500,autocorrelated
0.01738771296215387,0.017310951878342452,0.01712068800720099,0.3156571372927895,-0.01662378902549594,0.05139921494980368,0,500,autocorrelated
-0.016639210031000922,0.017193664619753926,0.01617930900817137,0.3336377902984793,-0.05042027316949649,0.017141853107494647,0,500,autocorrelated
-0.023743422849018918,0.018865631638162548,0.0186396301262073,0.20878103178582533,-0.06080946476681746,0.013322619068779622,0,500,autocorrelated
0.02481965145220498,0.018372225007634253,0.017189452564665197,0.17733024482679197,-0.01127697522414009,0.06091627812855005,0,500,autocorrelated
-0.001015675419590496,0.018763588516507036,0.018982809589693474,0.9568531977095933,-0.037881229238328776,0.035849878399147786,0,500,autocorrelated
0.006183915396347337,0.016638193374738798,0.016112919402838453,0.7102967333872305,-0.026505791733149653,0.03887362252584432,0,500,autocorrelated
0.02100927282552942,0.019963576935031563,0.018299503971976255,0.29313551360897017,-0.018213945018193237,0.060232490669252084,0,500,autocorrelated
-0.006360061801003007,0.016832007629559637,0.015545948175838766,0.705699150609387,-0.03943056335240125,0.026710439750395235,0,500,autocorrelated
0.03543484954646078,0.017452103280925297,0.018308323962639234,0.04284619958198461,0.0011460218956559423,0.0697236771972656,1,500,autocorrelated
0.028225475571129515,0.0178159675474921,0.017818219664932657,0.11376487297709971,-0.006778250388707909,0.06322920153096694,0,500,autocorrelated
0.012119070222556668,0.017440495790460916,0.017488431175451447,0.4874539169784472,-0.02214695173923837,0.04638509218435171,0,500,autocorrelated
0.013406068108643476,0.01721235189285524,0.01642766582655795,0.43643021230818624,-0.020411710643799597,0.04722384686108655,0,500,autocorrelated
0.029958659396736535,0.01786536371112608,0.017746093936104868,0.09418704315522478,-0.005142117131401603,0.06505943592487468,0,500,autocorrelated
0.008330932427366728,0.01550833757269149,0.015025898356975586,0.5913759270240233,-0.02213890296271617,0.03880076781744962,0,500,autocorrelated
-0.0048133116315400085,0.015741800904647125,0.014547986422470153,0.7599103898017604,-0.035741841531009566,0.026115218267929553,0,500,autocorrelated
-0.01746794457182888,0.01840288890919862,0.018257544475137572,0.34298143794191793,-0.05362481781094733,0.018688928667289575,0,500,autocorrelated
0.001302262876314058,0.016423114082450608,0.016617692349245067,0.9368302207686424,-0.030964869583195314,0.033569395335823426,0,500,autocorrelated
-0.01585602401688159,0.017867566790280304,0.01788359526484743,0.37528155804321084,-0.05096112902051659,0.01924908098675341,0,500,autocorrelated
-0.0034324113518790123,0.01779111668011933,0.017266340460286245,0.8470937116011579,-0.03838731184382861,0.03152248914007058,0,500,autocorrelated
0.028935255826980144,0.018354318449852764,0.018732464985278315,0.11554972198458702,-0.0071261891372408764,0.06499670079120116,0,500,autocorrelated
0.037492187398350516,0.01782911754800784,0.017556361464378924,0.03597900108463097,0.0024626251198737806,0.07252174967682726,1,500,autocorrelated
0.0032980403818909073,0.017490099140646934,0.01884880972287385,0.8505096942039492,-0.031065439215700385,0.0376615199794822,0,500,autocorrelated
0.014076303346598665,0.017530178108934796,0.016898650523332434,0.4223719590962972,-0.020365920962384897,0.048518527655582226,0,500,autocorrelated
0.016798579582808365,0.017441930376997303,0.016836445981608952,0.33595738433214917,-0.017470260967079154,0.051067420132695884,0,500,autocorrelated
0.019906898739580885,0.01787012854951947,0.018593637442865216,0.265826728874251,-0.01520323945229628,0.055017036931458055,0,500,autocorrelated
-0.012334775032611232,0.01900257471413233,0.01795710980971308,0.5165660497164248,-0.04966987435021505,0.025000324284992582,0,500,autocorrelated
0.01190472925563048,0.018243788654961558,0.017870107944376476,0.5143565328407269,-0.02393955351178842,0.047749012023049375,0,500,autocorrelated
0.024968553278561338,0.017331397432564646,0.01797978456765479,0.15031076118053613,-0.00908311888649719,0.059020225443619866,0,500,autocorrelated
-0.02758326753993777,0.017516213685074833,0.016671488223548622,0.11595433903269506,-0.06199805540098898,0.006831520321113442,0,500,autocorrelated
-0.008772234231748544,0.017421323994400172,0.018568107170981993,0.6148113218543575,-0.04300058861844955,0.025456120154952456,0,500,autocorrelated
0.02752872769117084,0.017360457780676717,0.016743332771763757,0.11343885599483863,-0.006580040472682076,0.061637495855023754,0,500,autocorrelated
-0.020524589296906766,0.01919807507972397,0.018363629038229405,0.28554424093586744,-0.05824379580397283,0.017194617210159295,0,500,autocorrelated
0.0067072136142612565,0.01903768892528142,0.019004062164315067,0.7247530455885243,-0.030696875962843324,0.04411130319136584,0,500,autocorrelated
0.004862787764641968,0.018068350201761285,0.01771925269664587,0.7879388681239168,-0.030636804234662876,0.04036237976394681,0,500,autocorrelated
0.011498282148929378,0.01643891228638376,0.016731832195113185,0.4845941886553884,-0.020799889657708324,0.04379645395556708,0,500,autocorrelated
0.019139410508530894,0.01766839701858209,0.017480746698830325,0.27921866615117463,-0.015574377880419932,0.05385319889748172,0,500,autocorrelated
0.0005404796520812303,0.017997792592431356,0.017835880773918893,0.9760548950481822,-0.034820485061628124,0.03590144436579059,0,500,autocorrelated
0.004289568156735485,0.017315442011677236,0.01734344723821804,0.8044448133889466,-0.029730755770915898,0.03830989208438687,0,500,autocorrelated
-0.009557064739064928,0.01825148132241102,0.018351522178444355,0.6007672611722554,-0.04541646159010479,0.02630233211197493,0,500,autocorrelated
-0.008292053017628807,0.018434022405620885,0.017410833815940305,0.6530335750834668,-0.04451009545084416,0.027925989415586543,0,500,autocorrelated
-0.0033458984394493024,0.016833859819722474,0.01541877557017206,0.842531583265256,-0.03642003906106434,0.029728242182165736,0,500,autocorrelated
0.0006586009668186591,0.017323579771710576,0.017287501022419584,0.9696888824320045,-0.03337771153520425,0.03469491346884158,0,500,autocorrelated
0.011802834396875773,0.01688360111520246,0.01791486264577176,0.48483407483237073,-0.02136903488703209,0.044974703680783636,0,500,autocorrelated
0.02277260580489318,0.01796065600353609,0.01728482254391592,0.20542036217080079,-0.012515395204919212,0.058060606814705575,0,500,autocorrelated
-0.02089433268531455,0.017694042353678604,0.018275527042304583,0.23821873598646026,-0.05565850746386076,0.013869842093231659,0,500,autocorrelated
0.003879984205048568,0.018372345251362814,0.01819545423351624,0.8328284365361835,-0.032216878718837466,0.039976847128934595,0,500,autocorrelated
0.008653837476941768,0.017964961712147395,0.01691266136915791,0.6302261224501247,-0.026642623126428552,0.04395029808031209,0,500,autocorrelated
-0.026428534162820063,0.01800171663809371,0.016287798864544418,0.14270514166436976,-0.061797208602013196,0.008940140276373066,0,500,autocorrelated
0.026977541264060052,0.017401226388182554,0.01617904035300863,0.12169897638857527,-0.00721132657224087,0.061166409100360974,0,500,autocorrelated
-0.005015765283486167,0.01698246686284559,0.01751825152267489,0.7678499059799608,-0.0383818799558687,0.02835034938889636,0,500,autocorrelated
-0.008981194919218127,0.017779086626583014,0.018187297542256377,0.6136734351977171,-0.04391245949601774,0.025950069657581485,0,500,autocorrelated
-0.025679581886377804,0.01726739098800274,0.016102893690864442,0.137602221552526,-0.05960549809464442,0.008246334321888808,0,500,autocorrelated
0.004741703325004003,0.018470389210681216,0.01814748425312158,0.7975015811508792,-0.03154779038779935,0.04103119703780735,0,500,autocorrelated
0.012708133751525524,0.01768672470751563,0.017281456105428326,0.472778275315899,-0.02204166376234073,0.04745793126539178,0,500,autocorrelated
0.026159237915753718,0.017693798501205525,0.017841216215655313,0.1399219607085773,-0.008604457756332541,0.06092293358783998,0,500,autocorrelated
0.004131456207710392,0.015723982500858255,0.014607818033523403,0.7928529278857104,-0.026762065179220924,0.03502497759464171,0,500,autocorrelated
-0.010502127461044498,0.016567546548395682,0.01678544025900618,0.5264387140225253,-0.043053032016802245,0.022048777094713253,0,500,autocorrelated
0.0063746968477068205,0.017032199298299088,0.016390621075292017,0.7083603271322698,-0.02708912907932909,0.03983852277474273,0,500,autocorrelated
0.014695605557787072,0.017562855848117242,0.01790907456324893,0.4031380914307311,-0.019810821979243477,0.049202033094817625,0,500,autocorrelated
0.01697090582361499,0.017219601629239408,0.01698798392636787,0.32482893062269436,-0.0168611167685183,0.05080292841574828,0,500,autocorrelated
0.015644156141609904,0.018905913442793743,0.01899657944872363,0.40836465510918385,-0.021501029008051814,0.05278934129127162,0,500,autocorrelated
-0.007510564113458506,0.01738265536701889,0.017274093332394273,0.6658758720449721,-0.04166294474052567,0.02664181651360866,0,500,autocorrelated
0.011772102165329968,0.018740335603721976,0.018947598037017593,0.530181049033317,-0.02504776574919197,0.0485919700798519,0,500,autocorrelated
0.0181859880480481,0.017751237648716937,0.017520120800195323,0.30610067161911114,-0.016690560556302234,0.053062536652398434,0,500,autocorrelated
-0.040359990574442055,0.01909358327154409,0.01868510663211156,0.03502904401560723,-0.07787389795257638,-0.00284608319630774,1,500,autocorrelated
0.006084533288872691,0.018900343803037428,0.019539560397386184,0.7476429919292614,-0.031049708972438708,0.043218775550184094,0,500,autocorrelated
0.012479403270043668,0.019562314031032157,0.01893727444141438,0.523811917401576,-0.025955437703772705,0.05091424424386004,0,500,autocorrelated
0.025841565443219562,0.0192119535687881,0.0202145931140534,0.17921242567148493,-0.011904908672335485,0.06358803955877461,0,500,autocorrelated
-0.03934345008413166,0.018072385132681307,0.01723810298064422,0.029950027336001533,-0.07485096966950865,-0.0038359304987546777,1,500,autocorrelated
0.01524583124422697,0.018443555337612997,0.01853252364352906,0.40884774824980996,-0.020990940912095257,0.05148260340054919,0,500,autocorrelated
-0.011490665221627717,0.018089407093808678,0.0174599355744112,0.5255798613019707,-0.047031628517598206,0.02405029807434277,0,500,autocorrelated
0.010317434683430781,0.01644711633852707,0.016695281380114373,0.5307437852940012,-0.021996855944271174,0.04263172531113274,0,500,autocorrelated
0.021406820243240948,0.01859698478095576,0.018834498960728342,0.25024720391435795,-0.015131400721551773,0.05794504120803367,0,500,autocorrelated
0.02895404787720767,0.01661192283068049,0.01613927267905385,0.08195643288606913,-0.0036840444902742006,0.06159214024468954,0,500,autocorrelated
0.010107561592993579,0.016193408186134257,0.017225652728911554,0.5327968207545727,-0.021708258737405624,0.04192338192339278,0,500,autocorrelated
0.010103638558371373,0.018317155336144624,0.018645007295715763,0.5814737528084115,-0.02588479058761882,0.04609206770436157,0,500,autocorrelated
0.0018736617090283347,0.018252841595113554,0.017620409991786178,0.9182817516727646,-0.03398840772281766,0.03773573114087433,0,500,autocorrelated
-0.007740939083576582,0.017537243255062923,0.017094079495249645,0.6591150277856002,-0.042197044560578434,0.026715166393425267,0,500,autocorrelated
0.002242085772960598,0.017931481082192165,0.017903007211863962,0.9005452814146734,-0.03298859413156239,0.03747276567748358,0,500,autocorrelated
0.020285473139801988,0.016959337033160944,0.01675279622154882,0.2322172832884571,-0.013035197454529718,0.05360614373413369,0,500,autocorrelated
-0.025765442248356682,0.018906438843487815,0.017138982742178253,0.1735656701189792,-0.06291165967324372,0.011380775176530356,0,500,autocorrelated
0.012821917320704451,0.01899009133875484,0.018197279511622297,0.4998685043717018,-0.0244886554226562,0.0501324900640651,0,500,autocorrelated
0.014474714505106696,0.01637403742229502,0.015922158253439563,0.37712062583144423,-0.017695995127041158,0.046645424137254546,0,500,autocorrelated
0.0026640745661879826,0.01687252514699636,0.015957256044624824,0.87460413647084,-0.03048603333121125,0.03581418246358721,0,500,autocorrelated
-0.018256396141908188,0.017428405764428705,0.016764820727903293,0.29537342298726926,-0.05249866435825266,0.01598587207443628,0,500,autocorrelated
-0.0066903068316712735,0.019323462907531317,0.019148580231281433,0.729318265865418,-0.04465586769202002,0.03127525402867747,0,500,autocorrelated
0.04990255593920515,0.01777916113751837,0.016759404386282394,0.005199731064957887,0.014971144967866189,0.08483396691054412,1,500,autocorrelated
0.018775981237367918,0.017463908012093587,0.01734616751963073,0.2828368879310409,-0.015536039628946705,0.053088002103682544,0,500,autocorrelated
0.009447317386165973,0.017341886968563695,0.017286976701890264,0.5861564627903968,-0.024624963979183123,0.043519598751515065,0,500,autocorrelated
-0.0172807930481924,0.018261671062934796,0.01715644949201881,0.3444608263655573,-0.05316021007966565,0.018598623983280844,0,500,autocorrelated
0.014396756706195451,0.019941529684370324,0.020613388751857014,0.47066500593178007,-0.024783144044685818,0.05357665745707672,0,500,autocorrelated
0.017827617406815918,0.016436249837275263,0.016118782946646752,0.27860045419971385,-0.014465323382268157,0.05012055819589999,0,500,autocorrelated
-0.023512318205581015,0.01939888108475749,0.019702807090578606,0.2260698588904371,-0.061626056098750354,0.014601419687588324,0,500,autocorrelated
0.003000477207606465,0.01739700780057924,0.01580228707169124,0.8631374233471294,-0.031180102205177165,0.0371810566203901,0,500,autocorrelated
8.426041792257855e-05,0.0171508801298534,0.016349408304428235,0.996082062632839,-0.03361274236539906,0.03378126320124422,0,500,autocorrelated
-0.0061490683586756896,0.016752012211459243,0.016760948546041623,0.7137268570884634,-0.03906239979367332,0.026764263076321942,0,500,autocorrelated
0.018244806806712734,0.019017537747938806,0.01875366331669767,0.3378391996298121,-0.01911969096671412,0.05560930458013959,0,500,autocorrelated
0.02034804385211154,0.017266486134321867,0.017242773175318214,0.23917188518961177,-0.013576094554854385,0.05427218225907747,0,500,autocorrelated
-0.006934468373351664,0.017853292484231155,0.01722732223273997,0.6978756927041827,-0.04201152809143709,0.028142591344733767,0,500,autocorrelated
0.026879345856911166,0.016282401942373476,0.015200750773238939,0.09940539681397909,-0.005111323975611912,0.058870015689434244,0,500,autocorrelated
-0.004261174981636778,0.0184444721768756,0.019691337199522797,0.8173885457239443,-0.04049974848779936,0.0319773985245258,0,500,autocorrelated
0.03220252779400577,0.017055403118877762,0.016515398019671352,0.059591817060986874,-0.001306887583874837,0.06571194317188639,0,500,autocorrelated
0.0023839653037373842,0.01749115263002093,0.015734558784410144,0.891642763618365,-0.031981584125495136,0.036749514732969904,0,500,autocorrelated
0.004700543970536368,0.017845532320201377,0.01908947671748659,0.7923499106702038,-0.03036126905076554,0.03976235699183828,0,500,autocorrelated
-0.0038417924802808014,0.018509107271228908,0.01769714244668119,0.8356556097594203,-0.04020735707598709,0.032523772115425495,0,500,autocorrelated
0.003072938021113421,0.018420746432133674,0.017626536224655667,0.8675798587151368,-0.03311902058945477,0.03926489663168161,0,500,autocorrelated
-0.021689300406246025,0.018571008627560642,0.019140644409172382,0.2434011738187377,-0.05817648500983582,0.01479788419734377,0,500,autocorrelated
-0.015407518726375122,0.018466582645373354,0.018517454146117607,0.40448609683204995,-0.05168953353192691,0.020874496079176665,0,500,autocorrelated
-0.002024559320295027,0.017172918322327174,0.016850875529499685,0.9062003215130289,-0.03576486139948403,0.031715742758893974,0,500,autocorrelated
0.015575626055577304,0.01800241472791431,0.017907320221868497,0.38734753512564457,-0.019794419947899967,0.05094567205905457,0,500,autocorrelated
0.01884561789890595,0.018219465680865344,0.018149640954882182,0.30146655286345275,-0.016950876573124406,0.05464211237093631,0,500,autocorrelated
-0.008315156233127811,0.017083669935598247,0.016900138408359973,0.6266629287117859,-0.04188010852774355,0.025249796061487924,0,500,autocorrelated
-0.01919782604384436,0.016964781886314093,0.017211548439929697,0.258335386965829,-0.052529194353422584,0.014133542265733864,0,500,autocorrelated
0.032906577157723466,0.017871650438878277,0.016373393994362273,0.06617621963361948,-0.0022065511495047083,0.06801970546495165,0,500,autocorrelated
-0.0028078848623354514,0.01829846893947349,0.018442408839347852,0.8781062305552058,-0.038759600116334676,0.03314383039166378,0,500,autocorrelated
0.01413405063449849,0.018771185557812237,0.019441735438225752,0.45182658024437017,-0.02274642938744733,0.05101453065644431,0,500,autocorrelated
0.0025914807682525963,0.019062366304600262,0.019624311211341592,0.891917731112639,-0.03486109341799718,0.04004405495450237,0,500,autocorrelated
-0.018641181924648514,0.01654655802122226,0.015555806141977652,0.26045856122968253,-0.051150849502873574,0.013868485653576543,0,500,autocorrelated
0.006426472388145209,0.017597899647423126,0.018786373763722355,0.7151290605921226,-0.028148807067492888,0.0410017518437833,0,500,autocorrelated
-0.0011991346802315908,0.01754553947951703,0.018917030469364424,0.9455391249872166,-0.03567154007282987,0.03327327071236669,0,500,autocorrelated
-0.010604756272007788,0.019058390440660693,0.018757635916981395,0.5781634291197084,-0.04804951892338452,0.026840006379368942,0,500,autocorrelated
0.0004506627344480202,0.01812960992670272,0.01763965184371818,0.9801783220399212,-0.035169288634535105,0.036070614103431146,0,500,autocorrelated
-0.010301015642668282,0.017152299079793647,0.016195713842757867,0.5484050946270975,-0.044000806292252406,0.02339877500691584,0,500,autocorrelated
-0.00012416623979749283,0.017300523217936282,0.017430679091793248,0.9942764879946652,-0.03411517863180717,0.03386684615221219,0,500,autocorrelated
-0.01316307919840632,0.01666863438077136,0.015038985045346042,0.43008377715237567,-0.04591259495913623,0.01958643656232359,0,500,autocorrelated
-0.0022813816364954873,0.01743302064302035,0.01828907422690425,0.8959345234851698,-0.036532716884710624,0.03196995361171965,0,500,autocorrelated
-0.0036563509710089937,0.017174121262220128,0.016503543233100132,0.8314929660808236,-0.03739901651309984,0.030086314571081855,0,500,autocorrelated
0.028523010747737824,0.017884366423875513,0.01895706518208071,0.11137857201469335,-0.006615101150921253,0.0636611226463969,0,500,autocorrelated
-0.010282034208409108,0.016554011899766293,0.015750329670260136,0.5348046023706285,-0.04280634671238394,0.02224227829556572,0,500,autocorrelated
0.01184916560531892,0.01746906803498125,0.017239921931298596,0.4979002946813753,-0.022472993359116095,0.04617132456975394,0,500,autocorrelated
0.00853747477208484,0.01826094923489569,0.018298740257471628,0.6403278615612498,-0.027340524055700973,0.04441547359987065,0,500,autocorrelated
-0.001692160016645211,0.01827042081699952,0.018770524418494177,0.9262447163048168,-0.03758876803102079,0.03420444799773037,0,500,autocorrelated
0.005333272253987335,0.017613399744889083,0.016884399907431204,0.7621715405994418,-0.029272460847381925,0.03993900535535659,0,500,autocorrelated
-0.0013662335562383472,0.016938018678786276,0.015536504749736084,0.9357441441527855,-0.03464501914867743,0.031912552036200734,0,500,autocorrelated
-0.029600222542876874,0.020024217710051445,0.018843163220918467,0.13998076561802777,-0.06894258368123844,0.009742138595484697,0,500,autocorrelated
-0.005127043275825679,0.018191155198464367,0.017787995151570493,0.7781812524138276,-0.040867915039456235,0.030613828487804876,0,500,autocorrelated
0.009783230038100494,0.017950206473569943,0.017215275186165176,0.5859834283049807,-0.025484240372833734,0.04505070044903472,0,500,autocorrelated
0.00959673792512662,0.017475158394548697,0.01726003162955845,0.583138660747617,-0.02473738700617084,0.043930862856424086,0,500,autocorrelated
0.011458430902405333,0.017641711535314002,0.019049296539670954,0.5163095993747284,-0.023202927477289362,0.04611978928210003,0,500,autocorrelated
0.011512771072507588,0.016132352877900335,0.016926015463739914,0.4757811046697541,-0.020183091513687343,0.04320863365870252,0,500,autocorrelated
0.008652487083804042,0.018651842289243166,0.017526485884464624,0.6429260335850709,-0.027993514566029394,0.045298488733637475,0,500,autocorrelated
-0.01981235187410043,0.01909107794670041,0.017458936320312163,0.29987579182357693,-0.057321336942849375,0.017696633194648516,0,500,autocorrelated
0.006501810027744746,0.017999421442358575,0.01772601656491098,0.7180857330889658,-0.028862354950914014,0.04186597500640351,0,500,autocorrelated
0.014653796457411458,0.01667493066709182,0.016109635042958304,0.3799378503738525,-0.018108089862500176,0.047415682777323095,0,500,autocorrelated
0.010260775782621762,0.016993035383503226,0.016457530778520406,0.5462366544457542,-0.02312610327428911,0.04364765483953263,0,500,autocorrelated
0.025389189331592125,0.017711328252651738,0.01728942373447621,0.1523425147045778,-0.009408947726522236,0.06018732638970649,0,500,autocorrelated
-0.02229844404730071,0.019690478984240235,0.02081699806949395,0.25799107491531187,-0.060985095700935174,0.016388207606333752,0,500,autocorrelated
-0.0024491150321226084,0.019160865611185466,0.018536744083030014,0.8983441265304112,-0.040095214645815586,0.03519698458157036,0,500,autocorrelated
0.021290611720242922,0.01806954889266464,0.01818355455535448,0.23925600385805687,-0.01421133539380827,0.05679255883429411,0,500,autocorrelated
-0.043206937432224424,0.020048661039766987,0.018311991465507268,0.031632370699287725,-0.08259732333335164,-0.0038165515310972092,1,500,autocorrelated
-0.014590174476597146,0.017652515847758517,0.01718672261558223,0.40890444575686313,-0.04927276051013574,0.020092411556941442,0,500,autocorrelated
0.010430701065374954,0.01733998561702679,0.01691712078563999,0.5477538723166424,-0.023637844640489257,0.04449924677123917,0,500,autocorrelated
0.0095853334207469,0.018147533495824153,0.018896575181384205,0.5976032202185768,-0.026069833083203018,0.04524049992469682,0,500,autocorrelated
0.016330855779039172,0.01921626281262608,0.019442684409470803,0.39581932648772167,-0.02142408487587146,0.054085796433949805,0,500,autocorrelated
-0.00919792473987416,0.016872472685686663,0.01660263563389947,0.58589864121786,-0.042347929564493125,0.02395208008474481,0,500,autocorrelated
0.004240918364686068,0.016861617495423163,0.016660573457081863,0.8015211569537332,-0.028887758844454672,0.03736959557382681,0,500,autocorrelated
-0.0186947195800805,0.017992309667732905,0.01785898155824981,0.29929059309734823,-0.05404491177789414,0.016655472617733137,0,500,autocorrelated
-0.0039604109244911045,0.017367247628700774,0.01746686118395681,0.8197094693366838,-0.038082519367445306,0.030161697518463093,0,500,autocorrelated
-0.007223552557362456,0.018986436156068695,0.018877010207742264,0.7037672600827459,-0.04452694382080977,0.030079838706084855,0,500,autocorrelated
0.013723284290238317,0.020039728075549813,0.02134946427956296,0.4937862517770908,-0.025649550667857964,0.05309611924833459,0,500,autocorrelated
0.0019559558000701374,0.017895675538060485,0.01882682134154349,0.9130104140364252,-0.03320437555609098,0.037116287156231255,0,500,autocorrelated
0.02083566178099277,0.01726618097285665,0.017011582850660102,0.2281080800443966,-0.01308787706334634,0.05475920062533188,0,500,autocorrelated
-0.010787038443611363,0.018343509153036917,0.018915816469374225,0.5567602598452634,-0.046827245960999825,0.0252531690737771,0,500,autocorrelated
-0.014568393872227615,0.017229093111521165,0.01680166678582248,0.3981990834784426,-0.048419064749606014,0.019282277005150783,0,500,autocorrelated
-0.0015209447129823127,0.017714843837608525,0.018546845860164363,0.931614539881934,-0.03632598897790921,0.03328409955194458,0,500,autocorrelated
0.03152699529423945,0.017851599262322163,0.017176449572245442,0.07799842551138401,-0.0035467376847545737,0.06660072827323346,0,500,autocorrelated
0.016147505260362467,0.019415628208849282,0.01752455271000982,0.4059906470556873,-0.02199913636036261,0.054294146881087545,0,500,autocorrelated
0.026272745920793712,0.018259339085382294,0.017139020529751466,0.15081662441452842,-0.009602089383474725,0.06214758122506215,0,500,autocorrelated
-0.01694096550192959,0.018040614716737485,0.017799769149206425,0.34816239322123144,-0.05238606451259667,0.01850413350873749,0,500,autocorrelated
-0.0036086886829770487,0.018459327725247852,0.01862167119574079,0.845085934841443,-0.03987644946413995,0.03265907209818585,0,500,autocorrelated
0.026136663416849653,0.01838389600503532,0.01997636587212416,0.15573490503829376,-0.0099828937230594,0.06225622055675871,0,500,autocorrelated
-0.023697225942067864,0.016573933233015082,0.01553327476938607,0.1534046523769388,-0.056260678666069264,0.008866226781933537,0,500,autocorrelated
0.0020641333942947593,0.015677506284542515,0.016026638489532452,0.895304738753282,-0.028738074358660205,0.03286634114724972,0,500,autocorrelated
0.03966568023251352,0.018240836051838082,0.01793783359585519,0.030133567758971053,0.003827198559552547,0.07550416190547449,1,500,autocorrelated
-0.010072052776532486,0.016555739301772687,0.016302488207653933,0.543217964490457,-0.04259975917456853,0.02245565362150356,0,500,autocorrelated
-0.001789202512796427,0.017304729946026713,0.017517944407928386,0.9176920222478302,-0.03578848002747612,0.03221007500188327,0,500,autocorrelated
0.025378840283204293,0.01876005492133866,0.019463914633202548,0.1767293368067253,-0.011479770943356657,0.06223745150976524,0,500,autocorrelated
-0.00773114871565392,0.01705167781209529,0.016261916161865956,0.6504616914502364,-0.04123324483807549,0.025770947406767657,0,500,autocorrelated
0.021819990878396027,0.01795383134220337,0.01899257907403597,0.2248126868834767,-0.013454601453250427,0.05709458321004248,0,500,autocorrelated
0.01191100081938365,0.018004768513730205,0.016975056156158408,0.5085675401231582,-0.023463669758843668,0.047285671397610966,0,500,autocorrelated
0.006359969198333948,0.01755537171695134,0.018131327683178336,0.7172960986666667,-0.028131753974441315,0.04085169237110921,0,500,autocorrelated
0.0027542596195612333,0.017759005368012875,0.017134031607881225,0.8768125170152054,-0.03213755052569858,0.037646069764821044,0,500,autocorrelated
0.02207503207172591,0.01920401120541568,0.017385566253183448,0.25090115864361995,-0.01565583737289445,0.05980590151634627,0,500,autocorrelated
-0.004100251915123319,0.01627388649868842,0.016340633965888265,0.8011814607456301,-0.036074191123481106,0.02787368729323447,0,500,autocorrelated
0.039975325552318454,0.017374028508423293,0.017321785606861977,0.02181140225678943,0.005839894450634611,0.0741107566540023,1,500,autocorrelated
-0.015707301573519065,0.01721736252919153,0.017774137706614405,0.3620552319632945,-0.049534924918501526,0.018120321771463395,0,500,autocorrelated
0.00303316138368696,0.01874850181116411,0.017597863191677502,0.8715435105522724,-0.03380275099693954,0.03986907376431345,0,500,autocorrelated
0.003131989758086191,0.01856173690020703,0.017576056194558157,0.8660746529015595,-0.03333697832133252,0.039600957837504905,0,500,autocorrelated
-0.019827781811777627,0.017346731086586395,0.017326860172737168,0.25357657763472286,-0.053909580604644014,0.01425401698108876,0,500,autocorrelated
-0.017919295546068116,0.017679075017173508,0.016301166713535143,0.31127165206680013,-0.05265406341511157,0.01681547232297534,0,500,autocorrelated
-0.006568715270072283,0.019409411306912525,0.019096194944958435,0.7351822613776063,-0.04470314230120892,0.03156571176106436,0,500,autocorrelated
-0.020085147774442993,0.01748645687174008,0.01895748707236418,0.25126755582746946,-0.05444147126432654,0.014271175715440551,0,500,autocorrelated
0.0029184486641056096,0.018070444445269486,0.01893086116365466,0.8717619784254333,-0.03258525797705962,0.038422155305270836,0,500,autocorrelated
0.009615719095723323,0.01760536158621839,0.016629193835936876,0.5851859214622281,-0.02497422112195435,0.044205659313400994,0,500,autocorrelated
0.007817283197243539,0.01703148469177732,0.01772144540235468,0.6464415254460505,-0.02564513871450157,0.04127970510898865,0,500,autocorrelated
0.007735811374762158,0.018304867075394252,0.018798188375166024,0.6727625775952608,-0.028228474546298916,0.043700097295823234,0,500,autocorrelated
-0.012454596938239413,0.01762607308334217,0.017557599805359182,0.4801450697560383,-0.04708522984171179,0.02217603596523296,0,500,autocorrelated
0.012849049106912694,0.016911160226731274,0.017186677483728912,0.4477354489026122,-0.020376966637751764,0.046075064851577155,0,500,autocorrelated
-0.014726379642020403,0.01787133733820021,0.018792992875970766,0.4103213806070243,-0.049838892788140784,0.02038613350409998,0,500,autocorrelated
-0.0067900642142293965,0.019128455176131928,0.016962047539906204,0.7227609178614937,-0.044372485782717755,0.030792357354258962,0,500,autocorrelated
-0.012499903335083863,0.019299551484214632,0.020854984365930595,0.5174914196459675,-0.05041848448990408,0.025418677819736356,0,500,autocorrelated
-0.004930257588054368,0.018052692298975073,0.018152333680687357,0.7848866961912588,-0.040399085895363625,0.030538570719254886,0,500,autocorrelated
-0.025088503694783233,0.016719531215095132,0.017273301092573745,0.13410553151620092,-0.05793801845001868,0.007761011060452214,0,500,autocorrelated
-0.005187309368781188,0.01754519821689375,0.017747335620374845,0.7676175059317375,-0.03965904426940008,0.02928442553183771,0,500,autocorrelated
-0.020263979159824773,0.01813094975677088,0.01704833916933006,0.26425719676199455,-0.055886562945173364,0.015358604625523818,0,500,autocorrelated
-0.005350154764775366,0.01871414069122332,0.01856602558547041,0.7750825168157717,-0.042118556513555776,0.03141824698400505,0,500,autocorrelated
-0.0212209145742863,0.018100637607434477,0.018181942897202003,0.2416030701403088,-0.05678394289817614,0.014342113749603543,0,500,autocorrelated
-0.0015930987797044245,0.018599072475548626,0.018314836989502127,0.9317753044010401,-0.038135421519448286,0.03494922396003943,0,500,autocorrelated
-0.02331504518889362,0.017019759238394938,0.018261737630296107,0.1713413480521101,-0.056754429645285404,0.010124339267498162,0,500,autocorrelated
-0.0034224745710963035,0.0192690130342717,0.019218954498547436,0.8590972041807635,-0.041281055642834255,0.03443610650064165,0,500,autocorrelated
-0.025950902191403107,0.019678128714339296,0.02015500816015568,0.18785253517561157,-0.06461328878831302,0.01271148440550681,0,500,autocorrelated
0.02781872555469235,0.017482894813880625,0.016692358714204172,0.11219985075706168,-0.00653059942125514,0.06216805053063984,0,500,autocorrelated
-0.012433609162587947,0.015183436092725424,0.01581070788284189,0.4132391689991878,-0.04226509794935776,0.017397879624181864,0,500,autocorrelated
-0.015082036701185218,0.017972344755697357,0.017543803655083953,0.4017708146319918,-0.0503930030580311,0.02022892965566066,0,500,autocorrelated
0.005416402164670171,0.019208793632322273,0.019585577921642405,0.7780797173234061,-0.03232386350052677,0.0431566678298671,0,500,autocorrelated
0.017818085319538657,0.017108010292176894,0.017800512295526007,0.2981463922945838,-0.015794689422506475,0.05143086006158379,0,500,autocorrelated
0.0038055711147275025,0.01807699397161313,0.018415841761568297,0.8333478499569181,-0.03171100363616505,0.039322145865620065,0,500,autocorrelated
0.0003361180568928375,0.017634687918198434,0.017768674083652493,0.9848008339195417,-0.034311440748453464,0.034983676862239146,0,500,autocorrelated
-0.015271694907604383,0.01659558363903658,0.015630954316906226,0.357899971504023,-0.04787768502831329,0.017334295213104527,0,500,autocorrelated
0.02997016596748308,0.01738924532025809,0.018597425499405965,0.085420886050674,-0.004195162197609063,0.06413549413257522,0,500,autocorrelated
0.0008578139605538593,0.017864631948642542,0.01783802846554352,0.9617215909048267,-0.0342415248453066,0.03595715276641431,0,500,autocorrelated
-0.012499895229315697,0.017451189075648663,0.017335415211417377,0.474155721755502,-0.04678692670537509,0.0217871362467437,0,500,autocorrelated
-0.005290757964315622,0.017803499802313116,0.018463130898045414,0.7664566972870289,-0.04026998805917019,0.029688472130538948,0,500,autocorrelated
-0.0639926126108195,0.01855230196163497,0.018614624607682033,0.0006097241713159513,-0.10044304349862378,-0.027542181723015216,1,500,autocorrelated
-0.011202636544857052,0.01863218215973245,0.018564261709139083,0.5479457389511059,-0.0478100111718306,0.025404738082116497,0,500,autocorrelated
-0.019974865280285324,0.01807870437053488,0.018938495061807222,0.26974352168417626,-0.05549480051861587,0.015545069958045221,0,500,autocorrelated
-0.03011993778904829,0.018733875908864685,0.019249496481587986,0.10851729848866933,-0.06692711408926603,0.006687238511169452,0,500,autocorrelated
0.002240459502134018,0.018246838742373334,0.017993666488579217,0.9023259588823006,-0.03360981589092425,0.03809073489519228,0,500,autocorrelated
-0.024404724740446856,0.01891004430199556,0.01714737443577138,0.1974518784753747,-0.061558025950215534,0.012748576469321826,0,500,autocorrelated
-0.033237995939646374,0.017949166846907203,0.018195129291338187,0.0646483975846777,-0.06850342375554858,0.002027431876255828,0,500,autocorrelated
-0.011564229819500236,0.016094756851366757,0.015739027775941758,0.4727803812868485,-0.04318622602675997,0.020057766387759503,0,500,autocorrelated
-0.0070345403769945195,0.016712054648418715,0.016730658850661387,0.6739906215730855,-0.03986936563022205,0.025800284876233016,0,500,autocorrelated
-0.024082948862848313,0.018583233645044887,0.01752897434743948,0.1955928730748014,-0.060594152434856864,0.012428254709160237,0,500,autocorrelated
0.0013264180526144104,0.019185327595114716,0.017781773182283796,0.9449082357481519,-0.03636774297450508,0.0390205790797339,0,500,autocorrelated
