beta_hat,se_classic,se_robust,p_value,ci_low,ci_high,reject,n,scenario
-0.02601212597412683,0.015674579467469425,0.015003372947543097,0.09764256301685752,-0.05680858329548227,0.00478433134722862,0,500,baseline
-0.010679814949937274,0.015050643520898332,0.015168395271585939,0.4782893309473635,-0.04025040099418992,0.01889077109431537,0,500,baseline
0.007939963856564248,0.014806690999984825,0.014781670445211031,0.5920310169870623,-0.02115131915985649,0.03703124687298499,0,500,baseline
-0.0067942985874754475,0.015265100104548634,0.014691532221739865,0.6564502310315959,-0.03678623584177981,0.02319763866682892,0,500,baseline
0.012834525955657683,0.014247843613056976,0.014165507687302972,0.3681275267409606,-0.01515876781413652,0.04082781972545189,0,500,baseline
0.013044051217708623,0.013773297173580381,0.013474477299117164,0.3440707510874127,-0.014016882663217597,0.040104985098634846,0,500,baseline
-0.0031639837884596908,0.014706555384477127,0.014172630636441428,0.8297454253637149,-0.032058526457509035,0.02573055888058965,0,500,baseline
0.025307447286322587,0.014547241280327456,0.014353753021784318,0.08253421854245466,-0.0032740847517673914,0.05388897932441257,0,500,baseline
0.012053080352188428,0.015338725826313657,0.01534856793510943,0.4323618284423185,-0.018083512227816786,0.04218967293219364,0,500,baseline
0.007784115683086715,0.015619703947527779,0.015556604102137581,0.618455757015858,-0.022904525565028783,0.038472756931202216,0,500,baseline
0.004671384312018763,0.015635275951133832,0.016256249210170933,0.7652385664030927,-0.026047851858624457,0.035390620482661984,0,500,baseline
0.024832785465069396,0.014468855356192472,0.014480749242208393,0.08673042535516619,-0.0035947386921566654,0.05326030962229546,0,500,baseline
-0.0024522030795414793,0.014149867083560386,0.013802904675920168,0.8624843116277272,-0.03025299854241789,0.02534859238333493,0,500,baseline
-0.009967288295453233,0.015513045637528353,0.015139826905588474,0.5208377203083541,-0.040446373804055455,0.020511797213148986,0,500,baseline
0.034049930664184214,0.016148690871275757,0.016342922414081675,0.035484363999032084,0.002321968185501129,0.0657778931428673,1,500,baseline
0.01394475363198877,0.0153269766999709,0.015507884042722696,0.36335881875926157,-0.01616875498147502,0.04405826224545256,0,500,baseline
-0.0011207830478420556,0.01544790736525201,0.015114502355007756,0.9421914203092288,-0.03147188885361981,0.029230322757935696,0,500,baseline
0.0016741993289298707,0.014905154891158174,0.01479888841039767,0.9106121609112825,-0.02761053953289379,0.030958938190753533,0,500,baseline
0.014355020195326203,0.014907862833827284,0.014534564019556433,0.33605698127607186,-0.014935039067023103,0.04364507945767551,0,500,baseline
0.022469345203109774,0.017533595820972792,0.01808452829442787,0.20061360820572557,-0.011979594017947397,0.056918284424166944,0,500,baseline
0.006533265464278806,0.015408362416355325,0.016101756047676632,0.6717432313038614,-0.023740144838822183,0.036806675767379796,0,500,baseline
-0.0014153046599175746,0.015024058856044254,0.015293482761348925,0.9249861479729209,-0.03093365877678229,0.02810304945694714,0,500,baseline
0.021307067793940482,0.015078128447303123,0.01510494789363404,0.15824781794173162,-0.00831751895666364,0.050931654544544604,0,500,baseline
-0.008795790206863566,0.015120090899766845,0.015039517419805241,0.5610126903454602,-0.038502822223644075,0.020911241809916943,0,500,baseline
0.019460130998161462,0.01525474346943918,0.015604184123168217,0.20266429917675383,-0.010511458171410994,0.04943172016773392,0,500,baseline
-0.03695145652615331,0.01691450103583304,0.018208289582707548,0.029383533679401462,-0.07018403608869467,-0.003718876963611957,1,500,baseline
-0.014125413641944806,0.015357766241928424,0.015335780929688105,0.3581450267644942,-0.04429941566876025,0.016048588384870638,0,500,baseline
0.003845243129182954,0.016711568678801685,0.016732246469561687,0.8181126776354044,-0.028988627320593464,0.03667911357895937,0,500,baseline
-0.03786705135956185,0.015484880962002208,0.01452834818040736,0.014813589069715357,-0.06829080063221524,-0.007443302086908472,1,500,baseline
0.026000251453584425,0.014601536025941173,0.014237865398022978,0.07557886298708523,-0.0026879555877831127,0.054688458494951964,0,500,baseline
0.002645726937498998,0.015549947577390163,0.01588883437021839,0.8649661576255363,-0.027905861250896835,0.03319731512589483,0,500,baseline
0.002322539042751103,0.01563906031814779,0.015785576254554543,0.8820013072529134,-0.028404132421290293,0.0330492105067925,0,500,baseline
0.012687131998666754,0.015667799812939812,0.015992973243395395,0.418465804861474,-0.018096005071143315,0.04347026906847683,0,500,baseline
-0.00035250072850757583,0.015154188021359321,0.015211993607756642,0.9814514421626355,-0.030126524689287795,0.029421523232272644,0,500,baseline
-0.060782765531052635,0.015441711000097917,0.01526015340629982,9.453594007466688e-05,-0.09112169709665945,-0.030443833965445827,1,500,baseline
-0.0163727363083899,0.015456672998789002,0.015920172690535302,0.28999190962156995,-0.04674106429608819,0.013995591679308389,0,500,baseline
-0.012535429559419414,0.015619893069289984,0.015037862785551786,0.4226293766159953,-0.04322444238243364,0.018153583263594817,0,500,baseline
-0.012624844462568176,0.015737441944063107,0.015501293492427863,0.42281005297683993,-0.0435448101422531,0.018295121217116746,0,500,baseline
-0.010645943353957694,0.015797537407799104,0.015872714936148096,0.500688242827021,-0.04168398093394422,0.020392094226028838,0,500,baseline
-0.01298583385587321,0.014974814280718443,0.014956486504690699,0.38626196935021806,-0.04240743523589564,0.016435767524149214,0,500,baseline
-0.022742192573323668,0.01583717619563676,0.015798956099276,0.15163004161051816,-0.05385811002501241,0.008373724878365078,0,500,baseline
0.020630825152825584,0.015367383501932903,0.014999133687517516,0.1800431878079099,-0.009562072279629994,0.05082372258528116,0,500,baseline
0.006862080647920612,0.015376101684455221,0.014645905799594542,0.6555873872978462,-0.023347945737597187,0.03707210703343841,0,500,baseline
-0.005364477307852986,0.014844777714830856,0.014552860065099276,0.7179751258962783,-0.03453059077766488,0.02380163616195891,0,500,baseline
-0.01436473579518702,0.014907508940298488,0.014796218430348267,0.3357188698346051,-0.04365409974912448,0.014924628158750439,0,500,baseline
0.03449331993207609,0.016241717571731887,0.016184050724012397,0.034183498981526506,0.0025825842685500283,0.06640405559560215,1,500,baseline
-0.002433883951471455,0.015670884701346786,0.01576194626640739,0.8766379084220716,-0.033223082021792805,0.028355314118849898,0,500,baseline
-0.018779329937758677,0.016196165851820942,0.015881303397950363,0.24681119122856532,-0.05060056836143449,0.013041908485917141,0,500,baseline
0.00444687442355155,0.013643617500154798,0.013187002617859649,0.7446136632500471,-0.022359272747696966,0.03125302159480006,0,500,baseline
-0.011575939906209882,0.015075754548262143,0.015045561770974497,0.44293936874163053,-0.04119586256482656,0.018043982752406797,0,500,baseline
-0.012922745897021805,0.01493695986597806,0.015357861762499344,0.38737173667262303,-0.04226997323272639,0.016424481438682782,0,500,baseline
0.02540822417696128,0.013946363670909767,0.014051255625103287,0.06907698558713347,-0.0019927401979135846,0.05280918855183614,0,500,baseline
0.005423060968428301,0.015026547725491092,0.015135941453576602,0.7183282440375796,-0.024100183127262136,0.034946305064118735,0,500,baseline
0.019900396498196953,0.016025667916486307,0.01624529449075132,0.21490127813499896,-0.011585857985411483,0.05138665098180539,0,500,baseline
-0.009508824212668545,0.014309904760893524,0.014585948386257099,0.5066827154445583,-0.03762405193894491,0.018606403513607817,0,500,baseline
-0.0059525444127984765,0.014812083452388701,0.015060257095562876,0.6879514943531656,-0.035054422190670904,0.02314933336507395,0,500,baseline
0.018033251423201953,0.014912409511583506,0.014685689575273263,0.22712977265604645,-0.01126574087417799,0.047332243720581896,0,500,baseline
-0.01233138248873822,0.015643078219164525,0.01518061388266966,0.43089841546207586,-0.0430659480795369,0.01840318310206046,0,500,baseline
0.001422110840296479,0.015313110609674899,0.015277883785836539,0.9260451077337662,-0.028664154525021412,0.03150837620561437,0,500,baseline
0.006144631150486338,0.015139205883211224,0.015000075465444854,0.6850084891740342,-0.023599956819426116,0.03588921912039879,0,500,baseline
-0.007944523048623978,0.014874053893898564,0.015011257729848203,0.593497162863955,-0.03716815656872253,0.02127911047147457,0,500,baseline
-0.0128389050466746,0.015912636063142954,0.01579591880697334,0.42014549939396073,-0.04410308144170231,0.01842527134835311,0,500,baseline
0.00794568356505963,0.01568599285283219,0.015674534354205447,0.6126972958555326,-0.02287319807944567,0.03876456520956493,0,500,baseline
0.014970473117748743,0.014923375619048712,0.014934703299312919,0.3162727912778331,-0.0143500647184595,0.04429101095395699,0,500,baseline
0.003595202145867434,0.01495085660983057,0.014441606606597018,0.8100664487864357,-0.02577932866422049,0.03296973295595536,0,500,baseline
0.011600534824855489,0.01516763660522836,0.014966628300973152,0.4447401009390305,-0.018199912092917936,0.04140098174262891,0,500,baseline
0.003837956666544594,0.015091061109482816,0.015136995796397112,0.7993534280066109,-0.025812039389597516,0.033487952722686704,0,500,baseline
0.0024959106552442647,0.016020134601790453,0.016303610539442463,0.8762550971564519,-0.028979472309276194,0.033971293619764725,0,500,baseline
-0.020410105574625102,0.015190996081731786,0.01565680858187969,0.17970064490571422,-0.05025644776650652,0.009436236617256313,0,500,baseline
0.0038381987432155474,0.015294774037846492,0.014969286916693877,0.8019575270672712,-0.026212040044617094,0.03388843753104819,0,500,baseline
-0.00716548551621379,0.014800787084441734,0.01424247803845218,0.6285073779828887,-0.036245168879614875,0.021914197847187292,0,500,baseline
0.0011102075742427352,0.014896460070348701,0.015276175007297514,0.9406199649907532,-0.02815744823418664,0.03037786338267211,0,500,baseline
-0.005431132467584293,0.01399240199587869,0.01417796859052597,0.698071869360684,-0.03292255013423612,0.022060285199067532,0,500,baseline
-0.0062366073459555246,0.014961292045541698,0.0147256330488846,0.6769681007524666,-0.03563164106338935,0.023158426371478302,0,500,baseline
-0.00317232404901939,0.01588000346539061,0.015324013093360593,0.8417432033197207,-0.03437238590712758,0.0280277378090888,0,500,baseline
-0.023077401588821992,0.015401215837126071,0.015082180603430534,0.13465923885406797,-0.0533367707291164,0.007181967551472417,0,500,baseline
0.022436346372007514,0.015213248350250612,0.015608821319589452,0.14090090726862542,-0.007453715719292292,0.05232640846330732,0,500,baseline
-0.0034472724007259363,0.015000710244988074,0.014782715970732767,0.818335887531051,-0.032919752591250434,0.02602520778979856,0,500,baseline
0.016277897941146518,0.015085975995872846,0.014823319886379697,0.2811062163335265,-0.013362107194053268,0.0459179030763463,0,500,baseline
-0.005805812705309124,0.015388516471120675,0.014652119873494804,0.7061246541420257,-0.03604023090615376,0.024428605495535514,0,500,baseline
-0.0031362209834661404,0.015627323033229865,0.016151593075068242,0.8410242381044731,-0.0338398317462751,0.027567389779342817,0,500,baseline
-0.008661116315022857,0.01592764443201924,0.016540471344933992,0.586837005392002,-0.03995478023745256,0.022632547607406843,0,500,baseline
-0.008168550526819016,0.014436756745580908,0.01405188283009002,0.5717735980484233,-0.03653300929247745,0.020195908238839416,0,500,baseline
-0.031186117090609013,0.01607014240006364,0.015849171359891088,0.052867780558076984,-0.06275975232584917,0.00038751814463114376,0,500,baseline
0.014924827554650777,0.014968029300564787,0.015269092180357435,0.3191935461412854,-0.014483443110365103,0.044333098219666654,0,500,baseline
-0.005147043204406489,0.014303163863821166,0.014319877933234134,0.7191092645040771,-0.033249026827424616,0.022954940418611642,0,500,baseline
-0.01906485386946084,0.016163244321317896,0.01626792648047777,0.23875474326349577,-0.050821410078778384,0.012691702339856701,0,500,baseline
-0.004185430217007992,0.015485426345222472,0.014831587628329377,0.7870553730131069,-0.03461025102533488,0.026239390591318898,0,500,baseline
-0.01862001593656766,0.014977130210383976,0.01436003723704704,0.21436810297324185,-0.04804616751388577,0.010806135640750447,0,500,baseline
-0.018794908874060223,0.015724870563367046,0.015661709428732774,0.2325642610815584,-0.04969017507202187,0.012100357323901426,0,500,baseline
0.020653754509437218,0.015499545663081036,0.015912660244024202,0.18329240589273021,-0.009798807073099297,0.05110631609197373,0,500,baseline
-0.020227908748029107,0.01602305778578068,0.015583087095663544,0.20738674440304794,-0.05170903500608955,0.01125321751003134,0,500,baseline
-0.02165449082816715,0.014670659997332865,0.013544648550521147,0.1405649725841239,-0.05047850843078546,0.0071695267744511584,0,500,baseline
-0.007513787264502386,0.014109226518411436,0.014186704913541324,0.5945866398237383,-0.03523473462474083,0.02020716009573606,0,500,baseline
0.00047736939832404655,0.015538951414862327,0.01563820386294042,0.9755044912603892,-0.030052614200890303,0.031007352997538394,0,500,baseline
-0.002876391043553715,0.014820423700914529,0.0142800542841094,0.8461901001666841,-0.03199465523283247,0.026241873145725042,0,500,baseline
-0.00732152325297815,0.015369312408564111,0.015298633778865643,0.634017702433801,-0.037518210483486567,0.022875163977530266,0,500,baseline
-0.007667526624585566,0.016033998614655095,0.01605896659497827,0.6327146746842949,-0.03917014875564155,0.023835095506470422,0,500,baseline
0.0003944968899312678,0.015349071847689764,0.015112276633745335,0.9795055815592658,-0.029762422921590193,0.03055141670145273,0,500,baseline
-0.008555498235675876,0.015596274529021617,0.015348159893380207,0.5835530169508382,-0.03919810679190407,0.02208711032055231,0,500,baseline
0.010154966981918721,0.016322678974193258,0.01655074823550819,0.5341355311194738,-0.0219148367051389,0.04222477066897634,0,500,baseline
-0.0016066828197336003,0.01553452302597942,0.016056921045542336,0.9176660418559515,-0.03212796579067796,0.028914600151210765,0,500,baseline
0.004329520005280007,0.015151964659329756,0.01522996838686715,0.7751961982493443,-0.025440135629447476,0.034099175640007494,0,500,baseline
0.019780158848716745,0.016017573315639355,0.015010825653059058,0.21744870630461977,-0.01169019185705612,0.05125050955448961,0,500,baseline
0.00214219623892002,0.017118555398661507,0.016367101054443545,0.9004641303648568,-0.03149129688491497,0.03577568936275501,0,500,baseline
-0.017165504966831183,0.014938146096817897,0.014564707602728929,0.2510640962909273,-0.046515062936509595,0.01218405300284723,0,500,baseline
-0.01571995410089126,0.015948276778520867,0.016121445256474277,0.324767065170103,-0.047054155198802794,0.015614246997020274,0,500,baseline
0.016897854753695596,0.01561504194770055,0.016137587958791357,0.2797085350129631,-0.01378162688162076,0.04757733638901195,0,500,baseline
0.00010788013004405309,0.01589611994769766,0.015425143834267388,0.9945878598791873,-0.031123846409121098,0.03133960666920921,0,500,baseline
-0.006802910138483737,0.014225026541337546,0.014566443885311642,0.6326925929021765,-0.03475137431799362,0.02114555404102614,0,500,baseline
-0.0025826297972902316,0.015695954274096764,0.0161823971723035,0.8693719467894883,-0.0334210830344798,0.02825582343989934,0,500,baseline
-0.0012070993690491726,0.01599487309001917,0.016327246428023377,0.9398727487344708,-0.032632850056623905,0.030218651318525563,0,500,baseline
0.00202868438894391,0.01578362465091752,0.01493403279889436,0.8977806900243304,-0.02898201825523683,0.03303938703312465,0,500,baseline
0.004436290782001015,0.015282534240638693,0.015872722126949713,0.7717190328158205,-0.025589899999113853,0.03446248156311588,0,500,baseline
0.01627815010443521,0.015510396111907106,0.015750938128346745,0.2944574082727953,-0.014195729777892577,0.04675202998676299,0,500,baseline
0.008859144879179342,0.015121320671531642,0.015053003166868337,0.5582275505842003,-0.020850303318127615,0.038568593076486295,0,500,baseline
0.0004121708564841305,0.0151940874220781,0.014509557937630056,0.9783692621854703,-0.029440245012285305,0.030264586725253565,0,500,baseline
-0.0016580276175520818,0.014163016190169327,0.013674410352572336,0.906853832220425,-0.029484657642774272,0.02616860240767011,0,500,baseline
-0.04397787958713238,0.015112774919563324,0.01466851724055581,0.003776267250132906,-0.07367053761240841,-0.01428522156185635,1,500,baseline
-0.014521606787513429,0.014868537203334099,0.01489317097897265,0.3292083172181902,-0.043734401450603005,0.014691187875576148,0,500,baseline
-0.013065713234608638,0.016570889615281983,0.017151508945660976,0.4307947533287073,-0.04562318604420057,0.019491759574983294,0,500,baseline
0.004910827303746423,0.01539074062007489,0.015040075700047215,0.7498021141320419,-0.025327960769252488,0.03514961537674534,0,500,baseline
-0.01801447255685738,0.016771788984308082,0.016560788103764996,0.28330084614710405,-0.05096666018842842,0.01493771507471366,0,500,baseline
0.00044137101323043224,0.016049101755166762,0.0160766468033645,0.9780709272674981,-0.031090924846754055,0.03197366687321492,0,500,baseline
-0.019156889999530267,0.016607406200942604,0.016377153762246254,0.24925243229089605,-0.05178610836849449,0.013472328369433954,0,500,baseline
-0.007916632024434388,0.01600766071424017,0.014893625237638241,0.6211339820032803,-0.039367507055815654,0.02353424300694688,0,500,baseline
-0.01469778357867995,0.014878495314007815,0.014505286936545195,0.3237037845718562,-0.04393014333000688,0.01453457617264698,0,500,baseline
-0.008363717158261333,0.01570495305294727,0.01564434936530861,0.5945806957246239,-0.03921985064705759,0.022492416330534927,0,500,baseline
-0.024169564193700886,0.01712003752048146,0.016519613082139943,0.15864204399161774,-0.057805969300053044,0.009466840912651271,0,500,baseline
-0.02972917205274415,0.015493316551294071,0.015801618778977105,0.055576057548881716,-0.06016949505652355,0.0007111509510352512,0,500,baseline
-0.026128153626352766,0.01552751148579507,0.014751391627452827,0.09305985204460587,-0.056635660750966293,0.0043793534982607615,0,500,baseline
-0.02462331793657317,0.015670500702228064,0.015926838772711796,0.11674422870084619,-0.05541176154885655,0.006165125675710207,0,500,baseline
0.0060975907437709025,0.01533153329100091,0.014726855902158343,0.6910102215974419,-0.02402487038171899,0.03622005186926079,0,500,baseline
-0.011431284408651684,0.016546544091010147,0.016478024147934627,0.4899777265938565,-0.04394092461764596,0.021078355800342598,0,500,baseline
0.01312822968321424,0.01524517529575417,0.01476154930014272,0.3895753812799314,-0.016824560522523478,0.04308101988895196,0,500,baseline
0.009056449405006663,0.01627631117975142,0.016200515133915187,0.5781743584303195,-0.022922253668756866,0.04103515247877019,0,500,baseline
-0.007748952306217454,0.015242680703378614,0.014783669778799571,0.6114175922007208,-0.037696841289068306,0.022198936676633398,0,500,baseline
0.028471018344595287,0.014369593576793918,0.014259856353405796,0.04810294377833404,0.00023851767487226283,0.05670351901431831,1,500,baseline
0.004674150902909836,0.015941252810884345,0.016631964996908152,0.7694830076901935,-0.026646249931971126,0.0359945517377908,0,500,baseline
0.015760487175320775,0.015405963868543574,0.015107241464571125,0.30679881363443545,-0.014508210607391953,0.0460291849580335,0,500,baseline
0.033343248496309916,0.014697504271558777,0.014915546387674384,0.023717810167929086,0.004466488901650495,0.062220008090969336,1,500,baseline
-0.01270471199425316,0.01549230212507087,0.015001034202654254,0.412570744737228,-0.04314304191528649,0.017733617926780177,0,500,baseline
0.008985475268518776,0.015639392457351235,0.016451641731247153,0.5658610668213346,-0.021741848762363403,0.039712799299400955,0,500,baseline
-0.03029680919326925,0.015957899591470766,0.01551449658856665,0.05820196512715573,-0.06164991660690925,0.0010562982203707535,0,500,baseline
0.018609701621013792,0.01589065584755144,0.01566041583876249,0.24211471571083756,-0.012611289387587241,0.04983069262961483,0,500,baseline
-0.011690029172560314,0.015300146095594106,0.015601875051170024,0.4452011392512756,-0.04175082265166845,0.018370764306547816,0,500,baseline
-0.015009427571050622,0.015074113648900917,0.014338632241843926,0.3198752077312779,-0.044626126290725175,0.01460727114862393,0,500,baseline
0.0038260975112692306,0.014961026218579445,0.01494671489559547,0.7982590249146609,-0.025568413925569133,0.03322060894810759,0,500,baseline
-0.016224556686391958,0.01602713075899566,0.016001385656171707,0.31187750367302514,-0.047713685273704454,0.015264571900920537,0,500,baseline
-0.0008305234710123781,0.015611317577123196,0.015686037618462406,0.9575938191062099,-0.031502687690268386,0.029841640748243633,0,500,baseline
0.0083262725506996,0.015915931862995,0.015673581216361414,0.601108990436068,-0.02294437923077748,0.03959692433217668,0,500,baseline
-0.012656057317279375,0.015152911757763104,0.01464177585605592,0.4039927898752206,-0.042427573753219566,0.017115459118660813,0,500,baseline
-0.013151636531443817,0.015140778508319014,0.015130072276080792,0.38547148801922404,-0.042899314299211136,0.016596041236323505,0,500,baseline
0.004940941630549394,0.014994742358812636,0.015070102682924918,0.7419075684358638,-0.02451981322136031,0.034401696482459096,0,500,baseline
0.010820779893930118,0.015649483945919595,0.01534003046515805,0.48960723506785664,-0.019926371277938483,0.04156793106579872,0,500,baseline
-0.01571896494005276,0.014858754849378706,0.01523551499140948,0.29061733723526184,-0.044912539830980994,0.013474609950875474,0,500,baseline
0.00441286852758201,0.016653313223005194,0.01721008869416688,0.7911311076305438,-0.02830654515722052,0.03713228221238454,0,500,baseline
-0.00110320775992766,0.014939900371737973,0.014737340304488682,0.9411649244815317,-0.030456212421928388,0.028249796902073066,0,500,baseline
0.023263221765316415,0.014808346286925005,0.01459675352457472,0.11682858483204173,-0.0058313134578836905,0.052357756988516524,0,500,baseline
0.0019550729499832583,0.015374991429251701,0.015385599335392814,0.8988656545839679,-0.028252772073855143,0.03216291797382166,0,500,baseline
0.009358995235735915,0.016229875824754554,0.015690604465875998,0.5644349089694328,-0.02252847448587735,0.04124646495734918,0,500,baseline
-0.008310495373093366,0.015988039368555872,0.016025777397804905,0.6034377566217333,-0.03972281958171042,0.023101828835523686,0,500,baseline
0.013982874164148057,0.015416210059037944,0.015668859765569233,0.36483271562879094,-0.016305954708455868,0.044271703036751986,0,500,baseline
0.002867988696611916,0.01630322651664362,0.01747944082427575,0.8604319113137666,-0.029163595988783417,0.03489957338200725,0,500,baseline
0.013836687544292656,0.01617416803457611,0.016904504085767824,0.3926965144173534,-0.01794133091030205,0.04561470599888737,0,500,baseline
0.010462815557927007,0.015349668742785576,0.015376435918845266,0.49578894444142796,-0.01969527699665794,0.040620908112511955,0,500,baseline
-0.001158865482991967,0.015252468584913538,0.015020505084118849,0.939466413470297,-0.03112598509825515,0.028808254132271213,0,500,baseline
-0.04337187135302843,0.014889650170973746,0.014890236948644582,0.0037418863419635784,-0.07262614748668575,-0.014117595219371115,1,500,baseline
-0.03017807162529136,0.015659661332582113,0.014531786769617206,0.054533017853144614,-0.060945218705480544,0.0005890754548978222,0,500,baseline
-0.033186275271606835,0.016410778679878744,0.017031003079640804,0.04368726313508913,-0.06542917188481268,-0.000943378658401002,1,500,baseline
-0.011361530286980087,0.013937882885792077,0.014306950669322173,0.4153734491143617,-0.03874583213272806,0.016022771558767884,0,500,baseline
-0.0036663574146622033,0.015006025574114425,0.014914343016456007,0.8070792248152352,-0.03314928083952855,0.02581656601020414,0,500,baseline
-0.006733977277303812,0.015338534357716972,0.015145533019868573,0.6608349132591773,-0.0368701936714931,0.02340223911688548,0,500,baseline
0.0022495448888620565,0.01578029214676746,0.015547132283083314,0.8867000287540316,-0.02875461025450416,0.03325370003222827,0,500,baseline
-0.0012161116418887793,0.015022194498430829,0.014443727895901827,0.9355107985207416,-0.030730802782672206,0.028298579498894645,0,500,baseline
0.00215075771028473,0.0158839997095664,0.014948382137072442,0.8923471429474091,-0.02905715572454109,0.033358671145110555,0,500,baseline
-0.0064563270036712105,0.015611650029555725,0.015242762429773453,0.6793756676875653,-0.03712914440518139,0.024216490397838974,0,500,baseline
0.012701273534264786,0.015725793518363004,0.015476852694923009,0.41966538441432344,-0.01819580602935695,0.04359835309788652,0,500,baseline
-0.015775225893309704,0.014745955748470943,0.014911427159631707,0.2852275042337369,-0.0447471799934408,0.013196728206821388,0,500,baseline
-0.008100791690136928,0.017165604774024245,0.016767527705341293,0.6371906176755988,-0.04182672455587135,0.025625141175597492,0,500,baseline
-0.004250659676450811,0.01492444448717849,0.014881276486123305,0.7759066399703267,-0.03357329755954128,0.02507197820663966,0,500,baseline
-0.0017137304689004646,0.014568939216102826,0.014555780279844726,0.9064090129440434,-0.03033789328725823,0.0269104323494573,0,500,baseline
0.014518078809104074,0.016776976839595416,0.016673065914865597,0.3872593984229251,-0.01844430160398798,0.047480459222196125,0,500,baseline
-0.008142015379040914,0.015193406763303108,0.015074716405532575,0.5922728957398298,-0.03799309393098103,0.021709063172899196,0,500,baseline
0.01063953541554299,0.015068949783036965,0.016515149941672035,0.4804829432817673,-0.01896701765556584,0.04024608848665182,0,500,baseline
-0.013062392299119333,0.015399402714643387,0.015437319759814366,0.39671173216600775,-0.043318199126991114,0.017193414528752452,0,500,baseline
0.006126619511455624,0.015717521662566066,0.015884948651495978,0.6968544058103037,-0.02475420801462038,0.03700744703753163,0,500,baseline
-0.019504606135916445,0.015838514360980993,0.01607392832568553,0.21872949844281186,-0.05062315273322266,0.01161394046138977,0,500,baseline
-0.027315390447872435,0.01653642479920311,0.01658279514987807,0.09919921881400909,-0.05980514888977341,0.005174367994028539,0,500,baseline
-0.002718546847013637,0.013684369175510542,0.013462458488793287,0.8426092158959178,-0.029604760423454807,0.024167666729427537,0,500,baseline
0.0009497995951603892,0.016033951878670148,0.016054875981727883,0.9527872815599391,-0.030552730711884066,0.03245232990220484,0,500,baseline
-0.026452613338378818,0.01640355512449762,0.01616438788173095,0.10746174769459757,-0.058681317550731735,0.005776090873974099,0,500,baseline
0.007463695397763332,0.015390596779281245,0.015353730344595942,0.62792388284495,-0.022774810065620963,0.03770220086114763,0,500,baseline
-0.014566780498147913,0.013976896168647807,0.013857992740820025,0.29782266982071953,-0.042027733261576064,0.012894172265280238,0,500,baseline
-0.0023755400527149754,0.015057956973274505,0.014557609987417754,0.874710033960135,-0.03196049512195116,0.02720941501652121,0,500,baseline
0.03608112549418152,0.015233734230705148,0.0158955052560518,0.01824108305368719,0.006150813994952278,0.06601143699341076,1,500,baseline
-0.008147280779543534,0.014548332201672178,0.0141763085136637,0.5757211804875091,-0.036730956193326836,0.02043639463423977,0,500,baseline
-0.014391993251411337,0.016048620787970487,0.015797900779159633,0.37027257748432596,-0.045923344136395775,0.017139357633573105,0,500,baseline
0.0004552569931216548,0.01462566497995717,0.01483460418937602,0.9751805142535346,-0.028280357144819336,0.029190871131062647,0,500,baseline
-0.013179775296186389,0.014130175373646794,0.014407301957543814,0.3514063789747045,-0.04094188168895428,0.014582331096581504,0,500,baseline
0.010719252862294163,0.014583726901741968,0.014886096900350533,0.46267655556267495,-0.01793396389850669,0.03937246962309501,0,500,baseline
-0.01247277599420913,0.015289646778008197,0.015723659995841282,0.415023905375847,-0.04251294105476167,0.017567389066343413,0,500,baseline
0.007185733196086706,0.01470678549763702,0.014972344630998237,0.6253401024929899,-0.021709261585258374,0.03608072797743178,0,500,baseline
-0.006673080984953691,0.015583986179012532,0.015412215263609743,0.6686897984126958,-0.03729154614088268,0.023945384170975303,0,500,baseline
-0.008149206113978881,0.016690415788043075,0.016245469846223937,0.6255829896486161,-0.04094151665467941,0.02464310442672165,0,500,baseline
-0.00023264354485217427,0.015694989583730144,0.015705824397229076,0.9881794936131372,-0.03106920141727195,0.0306039143275676,0,500,baseline
0.010888394949972634,0.015453059608735333,0.015311099459453498,0.48138176317914094,-0.019472833669426544,0.04124962356937181,0,500,baseline
0.01864092447355295,0.016343882563153746,0.016614657147054204,0.2546077514768942,-0.013470538731314152,0.05075238767842005,0,500,baseline
-0.014791465421040538,0.01563775924220484,0.01510226527870047,0.3446677954681596,-0.04551558061045702,0.015932649768375946,0,500,baseline
-0.0039205862410949584,0.014453807649013812,0.013983051597405172,0.7863116411518069,-0.03231854558142283,0.02447737309923291,0,500,baseline
0.005972021014999092,0.01509308184614808,0.014452637677680978,0.6925110314951708,-0.02368194526124357,0.03562598729124176,0,500,baseline
-0.014779462035056302,0.014430649463726972,0.013369908966539066,0.3062514373907787,-0.04313192158597634,0.013572997515863734,0,500,baseline
-0.007098573320714653,0.01512167578744479,0.015156757599402784,0.638967530561847,-0.03680871922809964,0.022611572586670334,0,500,baseline
0.023776812779789117,0.015437546789544584,0.015244639323942495,0.12414827774440367,-0.006553937199010273,0.05410756275858851,0,500,baseline
0.013597506153958366,0.015649282782870352,0.014755141836672281,0.3853258223283814,-0.017149249785025456,0.04434426209294219,0,500,baseline
0.017641382710831967,0.015510403327795786,0.01548571347497331,0.2559220920245325,-0.012832511348833606,0.04811527677049754,0,500,baseline
0.0004956103400690817,0.013776384812392411,0.013425100116954275,0.9713164251674014,-0.026571389945196457,0.02756261062533462,0,500,baseline
0.004131160668222882,0.015747386295283414,0.01567838372620578,0.7931682322327714,-0.0268083430659649,0.03507066440241066,0,500,baseline
-0.009455920369440022,0.015241299085677363,0.014679707442957397,0.5352688451083603,-0.03940109483413366,0.020489254095253623,0,500,baseline
-0.022699895377811922,0.01594649133651732,0.0156498711256765,0.15521627468887728,-0.05403058854821727,0.00863079779259342,0,500,baseline
0.0063301106647891126,0.015987561340677064,0.015298762439029973,0.6923190677097849,-0.0250812743438195,0.037741495673397726,0,500,baseline
0.0031738033585402108,0.01410620941905824,0.013889641916302355,0.8220767364344649,-0.024541216188983524,0.030888822906063946,0,500,baseline
0.016948935413101357,0.014976035212420725,0.014888298039796258,0.2582896211752318,-0.012475064779032083,0.0463729356052348,0,500,baseline
0.00013201318582081815,0.015261201787102422,0.015618260896405986,0.9931016505219946,-0.029852264892229,0.030116291263870634,0,500,baseline
-0.006398524637484405,0.0143806098095643,0.014130104111328572,0.6565556276614153,-0.034652669329176836,0.02185562005420803,0,500,baseline
0.005374386166247667,0.01543067821321644,0.01580757294420223,0.7277678705468924,-0.024942868852882334,0.03569164118537767,0,500,baseline
0.011927166557851716,0.01632176717546558,0.015826471060213572,0.46527420340409176,-0.020140845682701015,0.04399517879840445,0,500,baseline
-0.02429265585219854,0.016592071634339792,0.015995088276600622,0.14379420704719073,-0.056891745800371304,0.008306434095974227,0,500,baseline
0.01218695979826301,0.014940958650904933,0.01577485370789537,0.4150762437220781,-0.017168124106071908,0.041542043702597925,0,500,baseline
0.023743908372628828,0.01455155478280469,0.014251102553188025,0.1033728824841,-0.0048460985719312975,0.05233391531718895,0,500,baseline
-0.00307422157086911,0.01582386067671884,0.016071761769907336,0.846037752977209,-0.034163977503461375,0.028015534361723157,0,500,baseline
0.0015119251502938927,0.015571475491118147,0.015435808311349719,0.9226893652520151,-0.029081959769425268,0.03210581007001305,0,500,baseline
-0.00557329271819506,0.01669309274174381,0.01651304041530056,0.7386195613575434,-0.03837086277418702,0.0272242773377969,0,500,baseline
0.0016875768667251943,0.01589422775099344,0.01604681873879443,0.9154858995919075,-0.029540431999811736,0.03291558573326212,0,500,baseline
-0.005038783555722205,0.01697316469627519,0.01675464652970147,0.7666913302711407,-0.0383866218988178,0.028309054787373392,0,500,baseline
-0.02465054589197707,0.016419777873885377,0.01681227723581464,0.1339190849294248,-0.05691112357246302,0.0076100317885088795,0,500,baseline
0.000755921172282863,0.015668792103145965,0.015098253528655336,0.9615413305763927,-0.030029165488777647,0.031541007833343376,0,500,baseline
-0.03284090702393426,0.01417812354196768,0.014047173930707974,0.02094649881485441,-0.060697219052164075,-0.004984594995704448,1,500,baseline
-0.010087899209843494,0.016153959994174953,0.01621298404278135,0.5325953686406751,-0.041826214139692675,0.021650415720005686,0,500,baseline
0.025079699611939107,0.015196957793597976,0.014687966533452985,0.09950993993011437,-0.004778355787651029,0.05493775501152924,0,500,baseline
0.016232282143768532,0.014544641433349631,0.014696054870055479,0.2649467388922202,-0.01234414187361436,0.04480870616115143,0,500,baseline
-0.010423098876226262,0.015544557588062015,0.01543092138820248,0.5028305491084739,-0.040964097142471304,0.020117899390018776,0,500,baseline
0.014907079642813622,0.015525585829613203,0.015167041651031799,0.33743955621636357,-0.015596644070031598,0.04541080335565884,0,500,baseline
-0.013101553671072338,0.01595088360628407,0.01585273233680374,0.4118294195892046,-0.04444087650511212,0.018237769162967446,0,500,baseline
0.014162090634109541,0.013931489460716168,0.014191309746835879,0.3098599627044205,-0.013209649800157111,0.041533831068376194,0,500,baseline
-0.028602056138044805,0.01496380406570159,0.014563666629244649,0.056524823439684665,-0.05800202531941277,0.0007979130433231583,0,500,baseline
-0.008198561791087937,0.015766778948100274,0.015553366818251146,0.6033018551962275,-0.03917616702624815,0.022779043444072278,0,500,baseline
0.020682083820884847,0.015373931281548315,0.015446345039612062,0.1791503987395825,-0.009523678289433006,0.0508878459312027,0,500,baseline
-0.005374076271187378,0.014861184234998564,0.014266766139605955,0.7177906588430454,-0.0345724242707476,0.02382427172837285,0,500,baseline
-0.025496390294073922,0.015657511123911432,0.015569792090212767,0.1040765869297384,-0.05625931277546631,0.00526653218731846,0,500,baseline
0.00037559322780484836,0.015588010214742369,0.014809020685467394,0.9807864768536423,-0.03025077810799141,0.031001964563601107,0,500,baseline
0.0043116485146928426,0.014499320030629353,0.014536478648760821,0.7663087984311436,-0.024175730776002765,0.03279902780538845,0,500,baseline
0.005292460807994475,0.015076850201119506,0.01438160853943166,0.7257125980238543,-0.024329614522502863,0.03491453613849181,0,500,baseline
-0.011513228863077507,0.015802927526051107,0.015327368903330585,0.4666191888409694,-0.04256185661851655,0.01953539889236154,0,500,baseline
-0.04330261011147646,0.01575987335317499,0.015781791628694673,0.006220071559523193,-0.07426664765508639,-0.01233857256786653,1,500,baseline
-0.017159379244251222,0.014519445521886186,0.014800076730288431,0.23784092437099916,-0.045686299872170495,0.01136754138366805,0,500,baseline
-0.01720665847970421,0.015484622763780355,0.01545039754028678,0.26701441612824545,-0.04762990046024578,0.013216583500837362,0,500,baseline
0.004641569200707157,0.016569876030990097,0.016238100773317495,0.779501040430928,-0.027913912180313985,0.0371970505817283,0,500,baseline
-0.007220432491219758,0.015972942803346636,0.015672088652918813,0.6514359334439512,-0.03860309588966132,0.024162230907221804,0,500,baseline
-0.019771976404907795,0.014960537165167292,0.014655041377196414,0.18690528412619994,-0.04916552697944255,0.009621574169626959,0,500,baseline
-0.001411757560313995,0.01649132959240921,0.0169430030345714,0.9318139954135879,-0.03381291569148202,0.03098940057085403,0,500,baseline
0.005119944854206139,0.014600958951560446,0.013825165755469793,0.7259931247617926,-0.023567128386629513,0.03380701809504179,0,500,baseline
0.02386518330254859,0.015278289453590072,0.0149950232746135,0.1189155736212946,-0.006152667579977459,0.05388303418507463,0,500,baseline
-0.004201537821540453,0.015973533763906398,0.015484414644007512,0.7926353140690126,-0.03558536230323117,0.027182286660150268,0,500,baseline
0.016188474180282474,0.015641387566782513,0.015885666157752245,0.3011820290302211,-0.014542769719874622,0.04691971808043957,0,500,baseline
-0.007349226183494039,0.015752643021271745,0.015201343256711311,0.6410335815457132,-0.038299058012153865,0.02360060564516579,0,500,baseline
0.017892089455544945,0.016595873916881,0.01602172160708354,0.28150896659032704,-0.014714470985360783,0.05049864989645067,0,500,baseline
-0.005782503161812115,0.015178775781235738,0.014979807422465564,0.7033955494433661,-0.03560483565292537,0.02403982932930114,0,500,baseline
0.010390303856788,0.01636987518035563,0.016428537425865836,0.525901866383746,-0.021772228056364987,0.04255283576994098,0,500,baseline
-0.02568078285136103,0.015589247806019859,0.015092135681668914,0.10011908423747397,-0.05630958573098515,0.004948020028263091,0,500,baseline
0.024520851407206605,0.016046745824651622,0.015295519329979631,0.12712538972242363,-0.007006815664253624,0.056048518478666834,0,500,baseline
-0.029252908920936634,0.014173955642444877,0.014209404646528596,0.03954948005033722,-0.05710103211449691,-0.0014047857273763627,1,500,baseline
-0.014513871598536544,0.017108910053865455,0.017873959918375506,0.396666005071972,-0.04812841413744657,0.01910067094037348,0,500,baseline
-0.0060198048184111255,0.01741425769517874,0.018189302149332853,0.729727284241922,-0.04023427577156647,0.028194666134744216,0,500,baseline
-0.01245764610311397,0.014817750597007108,0.014221602268829821,0.40090576185496685,-0.04157065834094029,0.016655366134712357,0,500,baseline
0.009557101109485391,0.016430079422679163,0.016552978841972293,0.5610432945498318,-0.022723716425500654,0.041837918644471436,0,500,baseline
-0.016745582747002146,0.016175036216929218,0.016647275578205438,0.3010437554352727,-0.04852530695331034,0.015034141459306042,0,500,baseline
0.015416956457120774,0.016577332686115213,0.01721588361135004,0.3528205077579595,-0.017153175304907224,0.04798708821914877,0,500,baseline
0.007818014455357836,0.015518798317837054,0.01584375393040988,0.6146408320696483,-0.022672373568503438,0.038308402479219114,0,500,baseline
-0.0027106917306620793,0.017086121031987388,0.017138696273317527,0.8740099329504698,-0.03628045978990457,0.030859076328580412,0,500,baseline
-0.017359437045704227,0.01689658767340658,0.016530949243819534,0.30473416535286085,-0.050556821526770296,0.015837947435361845,0,500,baseline
-0.006399264688266479,0.015603422422984146,0.01579188497665639,0.6818948066846673,-0.037055916990408964,0.024257387613876007,0,500,baseline
-0.011053852198024747,0.014705284903987691,0.014731862027061594,0.4525911041010482,-0.039945898704529394,0.017838194308479903,0,500,baseline
0.01854364683669276,0.014821520354462025,0.014504613967989428,0.21147452911407297,-0.010576771990561572,0.0476640656639471,0,500,baseline
0.0007986912618139135,0.015131984607255894,0.01509869363710386,0.9579270400359159,-0.028931708785722335,0.030529091309350165,0,500,baseline
0.008749731996454128,0.014570517243686958,0.015421249486742061,0.5484400048543091,-0.01987753123421438,0.037376995227122636,0,500,baseline
0.014675835998265167,0.015754239198459464,0.015832742564559295,0.35202134707377863,-0.016277131901939097,0.04562880389846943,0,500,baseline
-0.007109189623805004,0.014097710822810288,0.014318394449137437,0.6142878606354171,-0.03480751164797989,0.020589132400369886,0,500,baseline
-0.03352005735449631,0.014797771141971196,0.014800690592760114,0.023928563643732286,-0.06259381517815514,-0.004446299530837486,1,500,baseline
-7.705634160731735e-06,0.013897533188305425,0.014222590877417585,0.9995578265252631,-0.027312730856305742,0.02729731958798428,0,500,baseline
0.013215346229389212,0.015298193310743129,0.015174515560179458,0.3880860933490895,-0.016841610537196856,0.04327230299597528,0,500,baseline
-0.011547541254986185,0.015285898727292357,0.014739633923682913,0.4503436560423597,-0.04158034237418718,0.018485259864214808,0,500,baseline
0.010386171290626413,0.01662093692088586,0.016046616724950297,0.5323328523814936,-0.022269631411277933,0.043041973992530756,0,500,baseline
0.0016302241672366113,0.014414571951866439,0.014832490413656332,0.9100003657733002,-0.026690647269381917,0.029951095603855137,0,500,baseline
0.0009726605417848813,0.01636131255797033,0.015971488478750552,0.9526184858224953,-0.03117304805337128,0.033118369136941044,0,500,baseline
-0.0126752360225897,0.014293411071185294,0.014106329594121265,0.3756206908749731,-0.04075805795372334,0.01540758590854394,0,500,baseline
0.012348222288021647,0.01579136006640942,0.016298356536642904,0.43460931483183696,-0.018677678428525475,0.04337412300456877,0,500,baseline
0.021347498227758208,0.0152790305509702,0.015163660117650917,0.1629827826328196,-0.008671808717680751,0.051366805173197166,0,500,baseline
-0.004863580989096146,0.01575089668247943,0.016039538193130618,0.7576170920289204,-0.03580998171785325,0.026082819739660958,0,500,baseline
-0.013240671786748094,0.01723669877018116,0.01723109047933302,0.44275177379861497,-0.04710628579818693,0.020624942224690745,0,500,baseline
0.01098457054084588,0.016037928221507087,0.016091102584114475,0.4937180595680891,-0.020525772241979948,0.04249491332367171,0,500,baseline
-0.006355375368841808,0.015289022483641742,0.015179323467929788,0.6778215813063739,-0.03639431385391573,0.023683563116232115,0,500,baseline
-0.008996425886871235,0.015879396870045748,0.015747922687913377,0.5712771736645823,-0.040195295943458484,0.022202444169716014,0,500,baseline
0.008453816390579277,0.016091579834496515,0.015945659246146684,0.5995691945588761,-0.023161937807785953,0.0400695705889445,0,500,baseline
-0.00885987184570998,0.01556976427201827,0.015155023712406545,0.5695832214584823,-0.039450394666555214,0.021730650975135254,0,500,baseline
0.013412673619339092,0.01557583991411896,0.014919690742869293,0.38958613962515243,-0.01718978625238792,0.04401513349106611,0,500,baseline
0.005919383002225387,0.014902611725098727,0.01488798755161801,0.6913869132624023,-0.02336035920210112,0.0351991252065519,0,500,baseline
0.0014274142369279058,0.015845040128485033,0.015877338779721827,0.9282551968353543,-0.029703953790187275,0.03255878226404309,0,500,baseline
-0.029023126892167607,0.015254821202707882,0.014636228431819161,0.05767524633201198,-0.05899486878732336,0.0009486150029881443,0,500,baseline
-0.0026306208286195933,0.014543939759794138,0.015036558883099424,0.8565400481316812,-0.03120566624061469,0.025944424583375505,0,500,baseline
-0.00025377998235228067,0.015581357874136796,0.015642203093924736,0.987011623693614,-0.030867081205232794,0.03035952124052823,0,500,baseline
0.019117654989940256,0.014447060176651998,0.014812438431871416,0.18634605824764716,-0.009267047328401862,0.047502357308282374,0,500,baseline
-0.03673942753512597,0.014700234989960382,0.015170002768279891,0.012766843360926625,-0.06562155227868052,-0.00785730279157141,1,500,baseline
-0.00793539222671024,0.015509770009364963,0.015560101976268368,0.6091309668279408,-0.038408041980966146,0.02253725752754566,0,500,baseline
-0.019440164263363712,0.015693733793088565,0.015583692280982407,0.2160322257299754,-0.05027425483495553,0.011393926308228108,0,500,baseline
0.005530118183079756,0.015392642019877327,0.01500710036525498,0.7195452165605175,-0.024712405644233208,0.03577264201039272,0,500,baseline
0.01460743315340539,0.0158559749912844,0.015834417621049538,0.35736216095532836,-0.01654541902492511,0.045760285331735887,0,500,baseline
0.009566793437322352,0.015621915307277233,0.014999358225494627,0.540555516120377,-0.021126192555498264,0.04025977943014297,0,500,baseline
-0.007791430225810048,0.01478887621061385,0.01423617705162053,0.5985365344624304,-0.03684771183108028,0.021264851379460187,0,500,baseline
0.0004791953799429729,0.01534110478646065,0.014805582602326558,0.97509381164168,-0.02966207123580196,0.03062046199568791,0,500,baseline
-0.02148754930609936,0.015996972843376846,0.016687195468248966,0.1798106102880671,-0.05291742546095053,0.009942326848751817,0,500,baseline
0.028716291699572495,0.016814038161799414,0.017096692705364677,0.08828256743983558,-0.004318904538014062,0.06175148793715905,0,500,baseline
0.0065238406890752,0.015152827334043746,0.015092133029858049,0.6669919059847946,-0.023247509876292483,0.03629519125444288,0,500,baseline
-0.008151611187942056,0.015942923379785246,0.015969270236318778,0.6093678605417545,-0.039475294254666345,0.023172071878782237,0,500,baseline
-0.0008764067758991621,0.01534203255721445,0.01551857081545617,0.9544688890312272,-0.031019496219011344,0.029266682667213023,0,500,baseline
0.00432906424183779,0.015150610176688131,0.015392707947568831,0.7751996712017857,-0.02543793018804194,0.03409605867171752,0,500,baseline
0.0044189293103418445,0.015641014277925126,0.01589776392512258,0.7776607277842108,-0.026311581174645233,0.03514943979532892,0,500,baseline
0.011885387158538572,0.01591915540095632,0.015870831073675703,0.45565183807982323,-0.019391598033634192,0.04316237235071134,0,500,baseline
0.014946445664480846,0.01585520940130372,0.015912864814138342,0.3462998500278298,-0.016204902329369643,0.04609779365833133,0,500,baseline
-0.017635700098807834,0.01673437115054204,0.017276410835891345,0.2924576235699626,-0.050514371453720536,0.015242971256104867,0,500,baseline
-0.010077159192981815,0.013668288854995953,0.014066190775814228,0.4613080579899236,-0.03693177913684936,0.016777460750885737,0,500,baseline
-0.027708550022263273,0.0173459144690307,0.017596026988704612,0.11080847199565386,-0.061788744374783815,0.006371644330257269,0,500,baseline
0.0040498601862636666,0.014515896646495188,0.014316986419175481,0.7803646083461622,-0.024470087827829216,0.03256980820035655,0,500,baseline
0.002410714726390338,0.01590814639058516,0.015146727241492401,0.8796114138816259,-0.028844640633942313,0.03366607008672299,0,500,baseline
-0.0030062908776166183,0.01422387697425718,0.014827619303198588,0.8326965470056091,-0.03095249645787017,0.02493991470263693,0,500,baseline
-0.007499844665067542,0.015220271323057005,0.01517361753910437,0.6224038276822331,-0.03740370506481639,0.022404015734681305,0,500,baseline
0.011096298399855816,0.015523817386122032,0.01586495196704853,0.4750725960014579,-0.01940395078312313,0.041596547582834764,0,500,baseline
-0.014058536545004769,0.01575660787340598,0.0165142727509353,0.3726999529061946,-0.04501615827321443,0.01689908518320489,0,500,baseline
-0.0034711756556361287,0.014924885877201161,0.015412325061709054,0.8161859356320088,-0.032794680754910835,0.025852329443638574,0,500,baseline
0.021662654285298764,0.016324720318329752,0.01565560020780956,0.18512182998733676,-0.010411160110161476,0.053736468680759,0,500,baseline
0.020523781937312302,0.016248245995035927,0.01602089341605334,0.2071305380766363,-0.011399780373976515,0.05244734424860112,0,500,baseline
-0.0111379111711268,0.015621437065646676,0.014715641942223487,0.47618657800663455,-0.04182995754397258,0.019554135201718982,0,500,baseline
0.01536033464776734,0.015426634010516475,0.014905209534684619,0.31987837235924027,-0.014948974568663016,0.045669643864197695,0,500,baseline
-0.001309939470093665,0.01490924660638008,0.01477882256902295,0.9300225708849437,-0.03060271748432101,0.02798283854413368,0,500,baseline
0.02192299327172218,0.01610901913778235,0.016180765003435786,0.17415632797207725,-0.009727024605644521,0.053573011149088884,0,500,baseline
-0.014095041366389503,0.015282901454327286,0.015064038446595552,0.35683162748368247,-0.044121953626553426,0.015931870893774423,0,500,baseline
-0.0031149076569466387,0.016993071754870227,0.015959550966749992,0.8546336564135865,-0.03650185817410012,0.030272042860206846,0,500,baseline
0.002037089287134107,0.014854418541504663,0.015457040735992304,0.8909779905168971,-0.027147965890671845,0.03122214446494006,0,500,baseline
0.0034235589613610604,0.014950125315128624,0.014254615955869278,0.8189639535293268,-0.02594953504551791,0.03279665296824003,0,500,baseline
-0.016069439180421356,0.016573903494427222,0.016747109640616865,0.3327351446507244,-0.04863283347585989,0.01649395511501718,0,500,baseline
0.0031632798491456784,0.015493527174303998,0.015263947672616173,0.8383057568529677,-0.027277456973872037,0.033604016672163395,0,500,baseline
-0.018257921673867313,0.0156978884796121,0.015010917771094128,0.24535349061758735,-0.04910017512003394,0.012584331772299309,0,500,baseline
-0.004980228378484131,0.01592558147113843,0.015955260347670235,0.7546252374275788,-0.036269839121250966,0.026309382364282707,0,500,baseline
-0.02476251758341394,0.014421871895847272,0.014795409378662713,0.08659885685031603,-0.05309773150454509,0.0035726963377172086,0,500,baseline
-0.03150660051523117,0.015078832354414007,0.014580278123534676,0.037173315706774436,-0.06113257025957644,-0.0018806307708859084,1,500,baseline
0.012631916389297778,0.01644041829556722,0.01647105824443155,0.4426463224265197,-0.01966921433229137,0.04493304711088693,0,500,baseline
0.013376233155829684,0.01569520942995632,0.015774072416196175,0.3944853354191682,-0.01746075665704092,0.04421322296870028,0,500,baseline
0.011522701219018022,0.01550322563721116,0.015591675736715847,0.45768359737452546,-0.018937090552148258,0.041982492990184306,0,500,baseline
0.0036603511476450967,0.015791176257323843,0.01600583244855646,0.8167907125928757,-0.02736518843202617,0.034685890727316364,0,500,baseline
-0.02882004050529813,0.014592350054700233,0.014768047668815657,0.04881883307917291,-0.05749019951087218,-0.00014988149972408604,1,500,baseline
-0.015411238134588383,0.01516318154819567,0.015427563363074055,0.3099519129905106,-0.04520293202813834,0.014380455758961574,0,500,baseline
0.027496236826569903,0.015617462244486525,0.014970976749654096,0.07891845071953524,-0.0031880000601922087,0.058180473713332015,0,500,baseline
0.03189880381836157,0.013753093191231934,0.014231124772396435,0.02077746271924096,0.004877565489166524,0.05892004214755661,1,500,baseline
0.010282082670823176,0.01617138262041384,0.016535861195508737,0.5251860599610746,-0.02149046317198321,0.042054628513629566,0,500,baseline
-0.014963418267335406,0.015586681432978672,0.01511521346699959,0.3375144857324748,-0.04558717889380067,0.01566034235912986,0,500,baseline
0.011261726557805982,0.01682087254937277,0.016307131908902085,0.5034810835812984,-0.02178689746747066,0.04431035058308262,0,500,baseline
-0.011957543840730488,0.016070927230365926,0.01653941141902296,0.45719825735628006,-0.04353272106266056,0.019617633381199588,0,500,baseline
0.0008057057360955379,0.014696039036438279,0.014756494901410235,0.9563001199313055,-0.028068175054003427,0.029679586526194505,0,500,baseline
-0.009524264386859913,0.016143274169272998,0.01655663147407347,0.555469346160939,-0.041241584459959055,0.022193055686239232,0,500,baseline
-0.017856232769886377,0.015243548921935012,0.014836118068070298,0.24199977358117888,-0.04780582757558072,0.012093362035807964,0,500,baseline
-0.015550606273085313,0.0156504651475653,0.014853977277974634,0.32089071424768195,-0.04629968525007738,0.015198472703906757,0,500,baseline
0.02934211554993466,0.014639938059734544,0.015094024551776808,0.045584125613567034,0.0005784585357480609,0.05810577256412126,1,500,baseline
0.006160773177645577,0.016603262720787066,0.01707140155139425,0.7107521406085924,-0.026460304334331903,0.03878185068962306,0,500,baseline
0.012242402488057066,0.01556342249868541,0.015883116219301514,0.43188214940411995,-0.018335660403499952,0.042820465379614085,0,500,baseline
-0.0229004635396214,0.016345069084565438,0.017150727229052642,0.16181821387395748,-0.05501425794936018,0.00921333087011738,0,500,baseline
0.009494750632385127,0.014570514698019862,0.015298070787380214,0.5149331382043894,-0.019132507596712,0.03812200886148225,0,500,baseline
0.027266172709775556,0.01576811183855701,0.016259694574139668,0.08439353004623938,-0.0037140513072250296,0.058246396726776145,0,500,baseline
0.028716119823649626,0.015076906086599591,0.013930191326988707,0.057402392517270175,-0.000906065307229021,0.05833830495452827,0,500,baseline
-0.01517107364921384,0.01562932526921609,0.015639307872506156,0.3321788542851084,-0.04587861828311803,0.015536470984690354,0,500,baseline
0.0012289877253665645,0.014989290317191619,0.015417209554397439,0.9346867692246582,-0.028221055287833564,0.030679030738566697,0,500,baseline
0.0234991855443348,0.014944840736856256,0.014334203914434138,0.11649416921402722,-0.0058635256456039085,0.05286189673427351,0,500,baseline
0.0062896813374464944,0.01600773102801864,0.015473704835975042,0.6945502241188387,-0.02516133184215638,0.03774069451704937,0,500,baseline
0.03036946723347536,0.015497104224210224,0.014891692544236905,0.05058977537688133,-7.829755893713763e-05,0.06081723202588786,0,500,baseline
0.00418503080105425,0.014996810650042429,0.015690560480902612,0.78031356317682,-0.02527978770326276,0.03364984930537126,0,500,baseline
0.010496413806782394,0.01558467970740417,0.015086567231613088,0.5009363114537042,-0.020123413951413444,0.04111624156497823,0,500,baseline
-9.702881791237745e-05,0.015189052714446113,0.01577845624971613,0.9949056458413147,-0.029939552800329408,0.02974549516450465,0,500,baseline
0.023020755913296845,0.01536899914279462,0.015051221355222365,0.13480070030851726,-0.007175315831742222,0.05321682765833591,0,500,baseline
0.013002785470617097,0.014961141049741245,0.01486327812167216,0.38520899004654874,-0.016391951579481312,0.042397522520715505,0,500,baseline
-0.008573035398169513,0.015267476078171081,0.01573660529791382,0.5746938153014673,-0.03856964082047241,0.02142357002413338,0,500,baseline
-0.0018319717682775908,0.014805904722784933,0.014771644770857266,0.901576992145411,-0.03092170995523228,0.027257766418677103,0,500,baseline
0.006166186450177233,0.015350968247966798,0.014968435438715531,0.6880914075957965,-0.02399445929289583,0.036326832193250294,0,500,baseline
0.01651912997784523,0.017199262777541847,0.016981820708817,0.33729199978089863,-0.017272932079489073,0.05031119203517953,0,500,baseline
-0.02078904536193041,0.014194862526268443,0.014202224622459955,0.143675488226451,-0.048678245125151204,0.007100154401290391,0,500,baseline
-0.016766667146654056,0.016393901765567123,0.015649820514150998,0.30692826558763314,-0.04897640502839965,0.01544307073509154,0,500,baseline
0.005812020249238646,0.015861964341010292,0.01560912584338638,0.7142129935644173,-0.025352599437980933,0.03697663993645823,0,500,baseline
0.003431324568988154,0.01502824972844737,0.014359100896048032,0.8194873408650366,-0.026095263518259606,0.03295791265623591,0,500,baseline
-0.031112646773301764,0.01592986889115074,0.01616998456889008,0.051367259069676534,-0.06241068117730314,0.00018538763069961273,0,500,baseline
-0.011488585220518883,0.015097662676297158,0.014806822227729869,0.4470463418146695,-0.041151551632329794,0.018174381191292027,0,500,baseline
0.0022120803683068737,0.015708074303734876,0.01571194385563061,0.8880655981534549,-0.028650185563587414,0.03307434630020116,0,500,baseline
-0.03712067412119343,0.015038882058541349,0.015113280156318416,0.0139099750206797,-0.0666681519618566,-0.007573196280530256,1,500,baseline
0.004526190611980303,0.015567188411725845,0.01562493601527298,0.7713620698950989,-0.026059271315733726,0.03511165253969433,0,500,baseline
-0.02152280762193444,0.015955758108655925,0.016094257270743415,0.17798039447344444,-0.05287170758080677,0.009826092336937889,0,500,baseline
0.038456271741104456,0.01595242375584648,0.015664795815537803,0.016283824827694627,0.007113922915179809,0.0697986205670291,1,500,baseline
0.012774968415032312,0.015949547546398646,0.016194050162607238,0.42353608301329526,-0.018561729410067,0.044111666240131624,0,500,baseline
0.0022775944696099624,0.014979977460353755,0.014543066481841107,0.8792149253541865,-0.027154151210718024,0.031709340149937947,0,500,baseline
0.0027514162048379236,0.014772587286817577,0.014914302005472814,0.8523234001751003,-0.026272861916859187,0.031775694326535035,0,500,baseline
0.005900113028531151,0.015492917744213025,0.01618998309866617,0.7034944207432055,-0.024539426423429437,0.03633965248049174,0,500,baseline
-0.00883823328523273,0.016434518314860914,0.016202559877166085,0.5909659012220739,-0.04112777208472945,0.023451305514263988,0,500,baseline
-0.0023136879338810368,0.01569315745424916,0.01565823470841229,0.8828499973278907,-0.03314664615008768,0.028519270282325603,0,500,baseline
-0.0029231311187247356,0.01577610138882239,0.015296019001299366,0.8530781483230473,-0.0339190525165881,0.028072790279138622,0,500,baseline
-0.004011058932568864,0.014445088425045221,0.014547010916726074,0.7813760793502791,-0.03239188727366442,0.024369769408526695,0,500,baseline
0.022724598152503567,0.01574965009129556,0.016287356850914144,0.14968754432421802,-0.008219353349958759,0.0536685496549659,0,500,baseline
0.021793253241910723,0.015466543829225366,0.01453248135104621,0.1594421863633664,-0.00859446835114015,0.05218097483496159,0,500,baseline
0.002269273898276711,0.015728639163995292,0.015503561920247008,0.8853404561455914,-0.028633396616250487,0.03317194441280391,0,500,baseline
-0.0008432680785427393,0.01625800222901388,0.015629156921482097,0.958654767370275,-0.03278599884305499,0.031099462685969515,0,500,baseline
0.014632894665364809,0.016435832446364675,0.017193875763991666,0.37373233088974445,-0.017659226059526096,0.04692501539025572,0,500,baseline
-0.05318742655952831,0.016174751243838086,0.016533125574953608,0.0010792127276232058,-0.08496659086809524,-0.021408262250961367,1,500,baseline
-0.012657950918809195,0.014774366535870463,0.01491625750078849,0.39199467410719613,-0.04168572480048092,0.016369822962862532,0,500,baseline
-0.015816481042159256,0.016550467821761,0.016577437482907475,0.33971194484651657,-0.048333830357918404,0.016700868273599893,0,500,baseline
0.0016179615532795925,0.014976437106248503,0.014566319054517,0.9140123846742996,-0.0278068282553243,0.031042751361883485,0,500,baseline
-0.010901889015750241,0.015151684075593785,0.014958357128498882,0.47216015915602627,-0.040670993376673674,0.018867215345173195,0,500,baseline
-0.018552696085914998,0.014364723198092679,0.014193895203064362,0.19711364268250953,-0.04677562773274188,0.009670235560911886,0,500,baseline
-0.003979512151642828,0.015331931032611395,0.015257720319292102,0.7953126657639877,-0.034102754735579985,0.02614373043229433,0,500,baseline
0.018134366264475253,0.014873249675429752,0.01506744928355604,0.22332249993296427,-0.011087687176246797,0.0473564197051973,0,500,baseline
0.0038457463581178485,0.014454505378469188,0.014481201598660341,0.7903041455314039,-0.02455358383847056,0.03224507655470626,0,500,baseline
-0.013113129445464266,0.015490724374756279,0.015154783626711544,0.39767213665300793,-0.043548359498949134,0.017322100608020606,0,500,baseline
-0.0010426301351900641,0.014687571159016225,0.014845959229555955,0.9434364087940368,-0.02989987375641493,0.027814613486034805,0,500,baseline
0.01340359125639796,0.01419012906359762,0.014259364853374947,0.34533573260934036,-0.014476308488189054,0.041283491000984975,0,500,baseline
-0.0152766743124393,0.016277873439074404,0.015831272570517967,0.34844592338728764,-0.047258446817996194,0.016705098193117593,0,500,baseline
0.013348906880487111,0.015932584375151642,0.015751044747113065,0.402524240240397,-0.01795446274078846,0.04465227650176268,0,500,baseline
-0.0197756380634255,0.014844384723987877,0.01488216122266262,0.18340491816331078,-0.04894097940880825,0.009389703281957245,0,500,baseline
0.00310926909534261,0.015438058597841189,0.014943305832860231,0.840465818469757,-0.027222486453168927,0.03344102464385415,0,500,baseline
-0.028225194703954605,0.015857308133262544,0.016588605462648086,0.07569402635134599,-0.05938066615829939,0.002930276750390183,0,500,baseline
0.0007801887288828302,0.013920307082041722,0.013693337249201569,0.9553269999191192,-0.026569581250079837,0.028129958707845498,0,500,baseline
0.0042826446972610566,0.014847443488332134,0.014789269417294108,0.7731274884767106,-0.024888706321668556,0.03345399571619067,0,500,baseline
0.00417743629100072,0.014614491748426855,0.014703684870462867,0.775117957153576,-0.024536225363386944,0.03289109794538839,0,500,baseline
-0.015680891992735677,0.014935685891135198,0.015077728324655666,0.29427591638478484,-0.04502561630040317,0.013663832314931817,0,500,baseline
-0.020509076069018597,0.01568476484673602,0.01529512549184141,0.19161931858604284,-0.05132554500207543,0.010307392864038235,0,500,baseline
0.02200966921209708,0.01573465725127725,0.015737851649594917,0.1624948477908041,-0.008904825273115886,0.05292416369731004,0,500,baseline
0.004510166293855824,0.015094596654455906,0.015041088568812217,0.7652223047879998,-0.02514677618532095,0.0341671087730326,0,500,baseline
-0.003688137338828882,0.01502791853236315,0.015024267305837983,0.8062330914519364,-0.03321407471221897,0.025837800034561202,0,500,baseline
0.011368059290935024,0.015556774487702714,0.016844578091589655,0.46527762514139215,-0.0191969419942851,0.041933060576155146,0,500,baseline
-0.00829653363012258,0.016075239825641994,0.01603157047722295,0.6060091927194642,-0.039880183976109304,0.023287116715864142,0,500,baseline
0.00945627018931761,0.016322996835367705,0.016630159991680625,0.5626339201885541,-0.022614158011980617,0.04152669839061583,0,500,baseline
0.021050656351970187,0.01573856425803827,0.016021283405373128,0.181663234742747,-0.009871514381732872,0.051972827085673245,0,500,baseline
0.0024886067256813596,0.0160497484644279,0.0161705795980401,0.8768401442798964,-0.029044959749199135,0.034022173200561855,0,500,baseline
-0.004533083295734877,0.01456967905621158,0.013870548626025471,0.7558309935976634,-0.033158699706795476,0.02409253311532572,0,500,baseline
-0.003363807485972474,0.014580818760458714,0.014842828785490491,0.8176419457470132,-0.03201131050822614,0.025283695536281195,0,500,baseline
0.010203682575972317,0.015240516787927608,0.014732309035366998,0.503480309446141,-0.019739954877836096,0.040147320029780734,0,500,baseline
-0.015228885458467602,0.0164434327524954,0.016654719910055647,0.3548229351992759,-0.04753593880109602,0.01707816788416082,0,500,baseline
-0.007502443371300637,0.016661919770655745,0.015303513431425676,0.6527082244489217,-0.04023876667578097,0.02523387993317969,0,500,baseline
0.0007725454535740337,0.01549865924747185,0.015533684730495505,0.9602651315372599,-0.029678274553660004,0.031223365460808068,0,500,baseline
0.011814363756855606,0.015995867535110488,0.016512136951550103,0.4605048454496101,-0.019613340755756457,0.04324206826946767,0,500,baseline
0.01817717387148151,0.015470682264447233,0.015194733605942423,0.2405788906914076,-0.012218678666578248,0.04857302640954127,0,500,baseline
0.006836529147975569,0.015358493774186034,0.01529415840901911,0.6564190928281256,-0.023338902289827768,0.03701196058577891,0,500,baseline
0.03198321689242241,0.01572506263445944,0.01564812648520991,0.042491105160668244,0.00108757332489803,0.06287886045994678,1,500,baseline
0.006169707306475507,0.015940353048676324,0.014723468939783383,0.6988848310542024,-0.025148925730519953,0.03748834034347097,0,500,baseline
-0.0014660603860973424,0.016561686984974372,0.016425991418779012,0.9294980220436168,-0.034005452429178074,0.03107333165698339,0,500,baseline
0.00549649616016281,0.01577035215227814,0.01578833593696711,0.7275868481339742,-0.025488129488539756,0.036481121808865376,0,500,baseline
0.013321397074898714,0.014649912535240143,0.014496019354902565,0.36362331017505267,-0.015461857180148388,0.042104651329945814,0,500,baseline
-0.009717480042209584,0.015359352129928118,0.01603492102321328,0.527236200355738,-0.03989459792500065,0.02045963784058148,0,500,baseline
0.0014342054586558243,0.01567255171742625,0.015571029475369792,0.9271236383156758,-0.029358267863142086,0.03222667878045373,0,500,baseline
0.0180862943575138,0.017204862860790395,0.017665445031853935,0.29366209661526227,-0.015716770401686786,0.051889359116714384,0,500,baseline
-0.01755959614749324,0.015682607567225827,0.015902021623153528,0.26338731961045353,-0.048371826589399244,0.01325263429441276,0,500,baseline
-0.029104455023866667,0.015429752711350947,0.015743185600666006,0.05984213941541191,-0.059419891673402725,0.0012109816256693877,0,500,baseline
0.04019709779372474,0.016469221007660458,0.015593226655055215,0.015004588601975387,0.00783937726087082,0.07255481832657866,1,500,baseline
-0.007007061164352332,0.015796946018971865,0.015797450715089218,0.6575456982849832,-0.0380439368196559,0.02402981449095123,0,500,baseline
-0.013513476239257737,0.01489379645481555,0.014703609697843255,0.3646751154746667,-0.0427758987384135,0.01574894625989802,0,500,baseline
-0.0070593025048570094,0.01570055776407146,0.015976197660001506,0.6531792787361984,-0.03790680039825756,0.023788195388543543,0,500,baseline
-0.0037102589036151577,0.01549295922670219,0.01488726747182255,0.8108316822211926,-0.03414987985783932,0.026729362050609003,0,500,baseline
0.0008846716770881239,0.015464850152323389,0.015277514853814109,0.9544045865085329,-0.02949972228292888,0.03126906563710513,0,500,baseline
-0.008930439588225269,0.014452468095591715,0.01416730655811493,0.5369118887724535,-0.037325767055724976,0.019464887879274438,0,500,baseline
0.01696504908186708,0.016054468099713393,0.016094747196448517,0.29115254061854196,-0.014577790244444208,0.048507888408178365,0,500,baseline
-0.025012552490363403,0.015570034907185292,0.01566165059670832,0.10880793259638996,-0.05560360703867144,0.005578502057944638,0,500,baseline
-0.015075802506330777,0.015696727347782307,0.01527407218570032,0.33729868350838577,-0.04591577463152704,0.01576416961886548,0,500,baseline
-0.0016803839167007675,0.015211820776504785,0.01542302399377067,0.9120845801832012,-0.03156764119821109,0.02820687336480955,0,500,baseline
0.019952488507934168,0.01478466156089736,0.013988589586616692,0.17777682431253986,-0.009095512410738527,0.04900048942660686,0,500,baseline
-0.020345755533727687,0.015431164551357625,0.015351582944630142,0.18794746608968885,-0.050663966080362575,0.009972455012907201,0,500,baseline
0.013828388406996123,0.015333237609450599,0.016120357249666723,0.36756877493712736,-0.016297421259391258,0.04395419807338351,0,500,baseline
-0.007067028957163523,0.01569499613848198,0.015006663773105909,0.6527097403928593,-0.037903599707959756,0.023769541793632706,0,500,baseline
0.0005187778094271449,0.01580415575296279,0.01562735089090967,0.9738269708592668,-0.030532263091305214,0.0315698187101595,0,500,baseline
-0.012705255475746167,0.015412295393826684,0.01576482836597176,0.4101305814010239,-0.042986393053004265,0.017575882101511932,0,500,baseline
-0.018596192328756606,0.01614249685076631,0.015768428991405323,0.24987288304461053,-0.05031198517388348,0.013119600516370272,0,500,baseline
0.019481057767640392,0.016113860568572797,0.015928430967947983,0.22725081565132912,-0.012178472257533636,0.05114058779281442,0,500,baseline
0.006218084672942198,0.01619912092294478,0.015771271246111666,0.7012510717126317,-0.025608959694168067,0.038045129040052465,0,500,baseline
-0.02781186870701073,0.015395805125341902,0.015548452809311887,0.07145042233724737,-0.058060607210937185,0.0024368697969157187,0,500,baseline
-0.016831062609857866,0.017129299481699813,0.01656659203857703,0.3262868377744801,-0.050485665052474454,0.01682353983275872,0,500,baseline
0.021190057345314695,0.017006598424325267,0.016560702083732542,0.21335377872860878,-0.012223469546626817,0.05460358423725621,0,500,baseline
0.0004321086601070871,0.01512195218789879,0.014534799793605247,0.9772150576295808,-0.029278580302024786,0.03014279762223896,0,500,baseline
0.004556911830586097,0.014274760066068537,0.014336988830770466,0.7496870223603724,-0.023489265743723127,0.03260308940489532,0,500,baseline
0.0043755765873241,0.015586410271370059,0.016559592956398625,0.7790339066670319,-0.026247651277358036,0.03499880445200624,0,500,baseline
0.0025073845315603882,0.014778983958828604,0.015322474132258084,0.8653473804499972,-0.026529461380998046,0.031544230444118825,0,500,baseline
0.0009970886044693567,0.017054482684557507,0.017559200592497704,0.9534017731329656,-0.03251051836022099,0.0345046955691597,0,500,baseline
-0.014572993052265816,0.01419501522502636,0.014739353636262142,0.30509428768007485,-0.04246249282868895,0.013316506724157316,0,500,baseline
0.012961284011438187,0.015382001293371667,0.01579299060815941,0.3998417874561032,-0.017260333565702012,0.04318290158857839,0,500,baseline
-0.00482262317643102,0.014576033817150265,0.01464629456639593,0.7408895737137013,-0.033460725034035285,0.023815478681173247,0,500,baseline
-0.0053372096223212664,0.014338852347680953,0.014197615952185626,0.7098872938482559,-0.033509311800821714,0.022834892556179185,0,500,baseline
-0.003130801500496852,0.015779711860589147,0.01569812701820301,0.842807797317949,-0.034133816532987256,0.027872213531993553,0,500,baseline
0.002443192660984331,0.016451193679601676,0.016151906378826044,0.881999168160553,-0.029879108877673765,0.03476549419964243,0,500,baseline
0.004329525975842529,0.016616883003981387,0.01630464093285058,0.7945473850604718,-0.02831831183748589,0.03697736378917095,0,500,baseline
0.007532636664043538,0.014762179294191248,0.014418382637778187,0.6100912754015919,-0.02147119246880619,0.036536465796893264,0,500,baseline
0.0008109840462432408,0.015624191567769063,0.015662318407414947,0.9586246739397619,-0.029886474204301065,0.031508442296787544,0,500,baseline
0.015164083728875833,0.015909913715721175,0.016562453678045253,0.34099080400674064,-0.016094743964047125,0.04642291142179879,0,500,baseline
0.0028250306466470945,0.015186649683636668,0.014883827080001648,0.8525043032341395,-0.02701277200746135,0.032662833300755534,0,500,baseline
-0.013761156910082874,0.016372225941124374,0.016006456615124717,0.40102116198480753,-0.045928307454557844,0.018405993634392097,0,500,baseline
-0.0034560208806411995,0.01702466234657318,0.016868912578225828,0.8392172835447849,-0.03690503866480847,0.029992996903526078,0,500,baseline
-0.01236287703070053,0.0159303222416818,0.016125285467587708,0.43808228896723866,-0.04366180215016323,0.018936048088762165,0,500,baseline
-0.0030268205330933294,0.015418919403321206,0.015347250498567477,0.8444510429652164,-0.03332097256002886,0.027267331493842202,0,500,baseline
0.005132000663729118,0.014810557986192848,0.014663179404595888,0.7291061222094767,-0.02396687997124112,0.034230881298699355,0,500,baseline
0.015085306703050633,0.014621224952659996,0.01450586293193593,0.302694598532537,-0.013641583940174161,0.04381219734627543,0,500,baseline
0.008426233162430874,0.016406043348454278,0.017108302979663828,0.6077556646497693,-0.023807359760528043,0.04065982608538979,0,500,baseline
-0.01766152095859622,0.015060412002104727,0.014703944648540659,0.24147209000442516,-0.04725129951867944,0.011928257601487007,0,500,baseline
-0.010695267734332842,0.016095524365272076,0.016343192141313547,0.5066861824701027,-0.042318771906082325,0.020928236437416644,0,500,baseline
0.002577935732530845,0.0159812827526029,0.015704035842003687,0.871914912642429,-0.028821113489330467,0.03397698495439216,0,500,baseline
-0.01691794606184465,0.014922006942948342,0.014870188260106658,0.25744151695101924,-0.046235794806763444,0.01239990268307414,0,500,baseline
-0.04004468715954578,0.015007097848179102,0.015313477411213281,0.007870262744212259,-0.06952971732306742,-0.010559656996024146,1,500,baseline
0.008495955790491859,0.014452232341510609,0.014656383856883688,0.5568896494294687,-0.019898908481774304,0.036890820062758026,0,500,baseline
-0.00834410138217046,0.014522467089381829,0.014423907009902199,0.5658449735860168,-0.03687695860153809,0.02018875583719717,0,500,baseline
-0.012890120208855048,0.014586095582375908,0.01396338320878737,0.3772702572696077,-0.0415479908088356,0.01576775039112551,0,500,baseline
0.00857309616392666,0.015205938489651703,0.01441004200510123,0.5731445799221655,-0.021302603959294415,0.03844879628714773,0,500,baseline
0.007766330589893195,0.015571492758109536,0.015877274102008964,0.6181735403820096,-0.022827588254957065,0.038360249434743456,0,500,baseline
-0.008554002873087278,0.016482466590381602,0.016281551500874396,0.6040080926769115,-0.04093774751866555,0.023829741772490993,0,500,baseline
-0.0029884394630677637,0.015962137767293397,0.0161451040171413,0.8515640004253652,-0.03434987378596316,0.028372994859827635,0,500,baseline
-8.786253748391346e-05,0.015226627054520483,0.014968920343269274,0.9953982856307183,-0.030004210290604325,0.0298284852156365,0,500,baseline
0.0016760667012766066,0.014823109523629656,0.01403046355083662,0.9100196771231779,-0.0274474744285919,0.030799607831145114,0,500,baseline
0.0013103798445578234,0.015803708063251487,0.01607882189747579,0.9339516691675986,-0.029739781462746466,0.03236054115186211,0,500,baseline
-0.041627427461775314,0.014232571584072734,0.013930529990611996,0.0036039416057613545,-0.06959071568087517,-0.013664139242675458,1,500,baseline
0.01801691280253109,0.015015434604693073,0.015318482699572951,0.23075146650157594,-0.011484496911505052,0.047518322516567235,0,500,baseline
-0.008910922339562675,0.015027532533795152,0.015473064752402508,0.5534683418803401,-0.03843610132651884,0.020614256647393494,0,500,baseline
0.0051617840603646326,0.016459803398606653,0.01617242118163226,0.7539566422461488,-0.02717743332885493,0.037501001449584195,0,500,baseline
0.00275938773559763,0.015434526691054282,0.015580919570830663,0.8581830025011996,-0.027565428537965463,0.03308420400916072,0,500,baseline
0.00033306499488768796,0.01436968376014129,0.014668933915390517,0.9815173236109204,-0.027899612861573532,0.028565742851348906,0,500,baseline
-0.013510313466715914,0.015220665471828324,0.01531485775177644,0.37516850157351567,-0.04341494826592086,0.016394321332489033,0,500,baseline
0.010939682671541343,0.015090108828222409,0.015251187008046195,0.46881878860497905,-0.018708442400485695,0.04058780774356838,0,500,baseline
-0.007723883868401893,0.016243174205539522,0.016571226509093942,0.6346279707294383,-0.039637481437153725,0.02418971370034994,0,500,baseline
0.014155875097894847,0.014337924368588132,0.014470445616652783,0.32397358083220884,-0.014014403843906564,0.04232615403969626,0,500,baseline
0.02566919996994882,0.015077313412386568,0.015036031076299552,0.08928478523188206,-0.003953785449782265,0.05529218538967991,0,500,baseline
-0.0015635322842941727,0.015224048152892402,0.014961355395917211,0.9182412398651403,-0.03147481316885266,0.02834774860026431,0,500,baseline
-0.013889013576600332,0.01602777318490865,0.0163573631612475,0.3866009121252021,-0.045379404363147746,0.017601377209947085,0,500,baseline
0.005325952159711888,0.015516367330350936,0.015801098513206144,0.7315572288436798,-0.0251596596082683,0.03581156392769208,0,500,baseline
-0.012256713379521798,0.015629726165176914,0.01499127420697161,0.4333000255638664,-0.042965045669348334,0.018451618910304737,0,500,baseline
-0.00035390200213766907,0.014232798344058365,0.013884123582561268,0.9801724102161306,-0.02831763574542107,0.027609831741145733,0,500,baseline
-0.00994807987923611,0.016662902127680183,0.017373105210592266,0.5507655916546257,-0.04268633325885754,0.022790173500385324,0,500,baseline
0.009905106002347699,0.015589987533737,0.01606401236034252,0.5254916823570416,-0.020725150249159073,0.04053536225385447,0,500,baseline
-0.030881986243537482,0.017600728590422103,0.017225146340195636,0.07994517349930366,-0.06546282383376627,0.0036988513466913037,0,500,baseline
-0.008169368809046087,0.01564765552198954,0.015268432732675532,0.6018449528509553,-0.038912927605141916,0.022574189987049742,0,500,baseline
0.005388911362009646,0.015382387187252673,0.01576805945514088,0.7262391964238861,-0.024833464395881855,0.03561128711990115,0,500,baseline
-0.014779901168147688,0.016967117337610756,0.017092981243829495,0.3841242563369218,-0.04811585802993129,0.018556055693635914,0,500,baseline
-0.013032994134364944,0.015859979905562403,0.01574547086097507,0.41161043775947603,-0.044193714923900874,0.01812772665517099,0,500,baseline
0.007097382661124021,0.015121069566007119,0.014751621994352334,0.639010323834921,-0.022611572179370064,0.03680633750161811,0,500,baseline
0.012215727992949448,0.015862938231149856,0.016074525947814014,0.4416177071292573,-0.018950805134192464,0.04338226112009136,0,500,baseline
0.002062575750828629,0.015178921277696543,0.01499373792505777,0.8919677262508945,-0.02776004260285305,0.03188519410451031,0,500,baseline
-0.01080814123254841,0.016685290037032913,0.01653723374577307,0.5174356881442537,-0.04359038101042229,0.02197409854532547,0,500,baseline
0.01187663372580651,0.015096757875488476,0.014363738314901764,0.4318311517945791,-0.017784554988583764,0.041537822440196784,0,500,baseline
-0.012328631498497514,0.015045686449321135,0.014829214245534317,0.4129427767546252,-0.04188947819098108,0.01723221519398605,0,500,baseline
-0.02061857120818409,0.01580528165385141,0.01622848713066096,0.19265317313837377,-0.05167182421028328,0.010434681793915102,0,500,baseline
0.018775196200000763,0.015551163693763762,0.015049892541012988,0.22788289666112813,-0.011778781339642101,0.04932917373964363,0,500,baseline
0.0048708166182525724,0.015334298527239965,0.015024238108148145,0.7508896824824084,-0.025257077474673303,0.034998710711178445,0,500,baseline
-0.004599153389622057,0.014946934017132645,0.013774412485280182,0.7584401897822405,-0.033965977328922065,0.024767670549677948,0,500,baseline
0.027935612869332306,0.014544136887599656,0.01376276911293681,0.05533421540158237,-0.0006398198473469216,0.056511045586011534,0,500,baseline
-0.005625794553911018,0.015182628737453345,0.014343779498082897,0.7111365880547424,-0.03545569709830467,0.024204107990482636,0,500,baseline
0.014859145017125349,0.015578488492198894,0.016512145023495902,0.3406351906476339,-0.015748518619204746,0.04546680865345544,0,500,baseline
0.012125905364743974,0.014915171111241651,0.014783457557282201,0.41661150093777677,-0.017178512755139676,0.04143032348462762,0,500,baseline
-0.012339372773262717,0.015609090095201032,0.015222158675725527,0.4295976318538034,-0.0430071605719524,0.018328415025426967,0,500,baseline
-0.00028158021373837164,0.01742386632939578,0.01767162016338389,0.9871127366157404,-0.03451492962511301,0.03395176919763627,0,500,baseline
-0.0011710512496847254,0.014879925976677495,0.015527345671788957,0.9373028000565167,-0.03040622187973025,0.028064119380360797,0,500,baseline
-0.008703678571845754,0.016029010807394082,0.01581596911467796,0.5873759337988836,-0.0401965009635365,0.022789143819844992,0,500,baseline
0.007133601402920259,0.016198340051061445,0.016320921396016718,0.6598451079506051,-0.024691908754760118,0.03895911156060063,0,500,baseline
0.023379312486866772,0.015530967417873099,0.015638091515122837,0.13287188305869213,-0.007134984642222945,0.05389360961595649,0,500,baseline
-0.007633008307776501,0.016232387677880603,0.01634675816206603,0.6383942471887807,-0.039525413165145996,0.02425939654959299,0,500,baseline
0.01431299269380458,0.015027958947644238,0.015192886144455185,0.34134388981672625,-0.015213024085063767,0.04383900947267293,0,500,baseline
-0.020300947942970167,0.015880552474169838,0.015705851181261103,0.2017205424457117,-0.05150208846002889,0.010900192574088561,0,500,baseline
-0.013503010466003749,0.015904858186194387,0.014220526014876325,0.39629669806904577,-0.044751905362985886,0.01774588443097839,0,500,baseline
-0.017758360808323784,0.01573358029940064,0.015968528963996358,0.25957135587784314,-0.04867073936420199,0.013154017747554425,0,500,baseline
-0.009693895110811417,0.015225376597279792,0.015238820022945817,0.5246171904130302,-0.039607786041844506,0.020219995820221676,0,500,baseline
-0.006285609782270142,0.015637894475579544,0.0155004575232971,0.6878952428269253,-0.037009990669969704,0.02443877110542942,0,500,baseline
0.0010056314001266192,0.015076358731624988,0.015020863024698742,0.946845283122778,-0.028615478321095903,0.03062674112134914,0,500,baseline
0.01321312833055397,0.014269953664027136,0.0146306190268034,0.35492537895325493,-0.014823605918296696,0.041249862579404634,0,500,baseline
0.010796141524320612,0.016544780538003907,0.016642878564451777,0.5143535627017256,-0.02171003376333378,0.043302316811975,0,500,baseline
-0.016855863629644932,0.016176749446071677,0.016162826398300037,0.2979261136792467,-0.048638953884036065,0.014927226624746201,0,500,baseline
-0.00014950314435096526,0.014771486133141797,0.015335591839195195,0.9919287509435079,-0.029171617786495033,0.028872611497793105,0,500,baseline
0.0041194075366038805,0.016237933202754067,0.016398542703347403,0.7998394637343091,-0.027783892829665525,0.036022707902873284,0,500,baseline
0.001763220117440834,0.017081687300336885,0.017716556280109323,0.9178276736723165,-0.031797836816387905,0.035324277051269566,0,500,baseline
0.016868751213615543,0.01583054074449736,0.015352385821599089,0.28712864413577627,-0.014234129308550048,0.04797163173578113,0,500,baseline
0.006291703604081067,0.016398049209366213,0.016044413920263585,0.7013748636083437,-0.025926182922176272,0.0385095901303384,0,500,baseline
0.01013247575992923,0.014769466595623235,0.015003538275491893,0.4930058281207318,-0.018885671018124557,0.039150622537983015,0,500,baseline
-0.0006347400437964551,0.014393009228917664,0.014870011006030035,0.9648419080199216,-0.028913246358058604,0.027643766270465695,0,500,baseline
-0.023672774516361628,0.01712037543856694,0.017479390447957734,0.16736884429902535,-0.05730984354354938,0.009964294510826123,0,500,baseline
0.014308909143408922,0.015293911962060362,0.01586443140391322,0.3499351503751158,-0.01573963589052044,0.04435745417733829,0,500,baseline
0.020710716829117924,0.014785691256763215,0.014894860584555898,0.1619185069834098,-0.008339307173163012,0.049760740831398864,0,500,baseline
-0.006083577506432403,0.015797563489101357,0.015785767033470136,0.7003307562418941,-0.037121666329370195,0.024954511316505393,0,500,baseline
0.018029755578014003,0.01697591406565445,0.016438456141653998,0.28871475684992864,-0.015323484558279605,0.051382995714307614,0,500,baseline
-0.013085376299644104,0.01655170279389788,0.017390977051590678,0.42956786431261673,-0.04560515201330346,0.01943439941401525,0,500,baseline
0.028518850223811617,0.01566592044015875,0.015418530892472379,0.06929224969098897,-0.0022605943690319694,0.0592982948166552,0,500,baseline
0.0006328134852164914,0.015323770799300397,0.01592414433534908,0.9670763142886019,-0.02947439637022444,0.030740023340657424,0,500,baseline
0.010093457528936794,0.015365934031150138,0.014977280585906675,0.5115664185948474,-0.02009659207176721,0.040283507129640794,0,500,baseline
-0.013536175567562219,0.01460969020386488,0.015198238308386054,0.3546244029053359,-0.042240403440170514,0.015168052305046075,0,500,baseline
0.015319030361107508,0.01609294234212023,0.016373867608204737,0.34160447167218255,-0.016299400809100625,0.046937461531315644,0,500,baseline
-0.008400558076981524,0.014801238844559202,0.014599320910729,0.5705910551574174,-0.03748112903109634,0.020680012877133294,0,500,baseline
0.010745410051232997,0.015186720947989781,0.016310391969117582,0.47955386855802384,-0.019092532618728102,0.040583352721194094,0,500,baseline
0.02642583807486518,0.016101686469445764,0.015405070499674085,0.10139048286056852,-0.005209773023171462,0.05806144917290182,0,500,baseline
0.0034465552320872787,0.015713013799686225,0.015144404851544682,0.8264719644040784,-0.02742541552005883,0.03431852598423339,0,500,baseline
-0.011157971913395608,0.01720003398306905,0.016426266277226428,0.5168196845952315,-0.04495154918829308,0.02263560536150187,0,500,baseline
0.018696112312951835,0.014134709158580257,0.014177195186728308,0.1865391164334886,-0.00907490178381522,0.046467126409718895,0,500,baseline
0.020333325211319957,0.01502221027551416,0.01535408971796271,0.17649373534002138,-0.009181396927314126,0.049848047349954044,0,500,baseline
-0.016834966767853225,0.015268570283414115,0.015068194682339537,0.2707379783068253,-0.04683372201785248,0.013163788482146027,0,500,baseline
0.01732815922108987,0.016233561682138884,0.01659671839362039,0.2862957583295501,-0.014566552248212038,0.04922287069039178,0,500,baseline
0.005169837597552129,0.015410364307838122,0.015037702221375755,0.7374058448426684,-0.02510750589978478,0.035447181094889035,0,500,baseline
0.017026582261581002,0.016124896705705202,0.01644497094328328,0.29151726824122587,-0.014654630892438434,0.04870779541560044,0,500,baseline
0.00033014810560966137,0.015879770881442833,0.01573413591013481,0.983421116828308,-0.030869456785749518,0.03152975299696884,0,500,baseline
-0.007362023760882443,0.015916092558934784,0.017113905356364464,0.6438874054013015,-0.03863299126793682,0.023908943746171932,0,500,baseline
0.014934524133916223,0.01736098357696229,0.01798767399068998,0.39007350122608364,-0.019175277082396053,0.0490443253502285,0,500,baseline
-0.008930751943914187,0.015419190649941806,0.015011982023014552,0.5627180146481281,-0.03922543689965921,0.021363933011830837,0,500,baseline
0.009224848585826603,0.01434151548132916,0.01435485498512101,0.5203729435303306,-0.018952485955169334,0.037402183126822544,0,500,baseline
-0.009379655608436854,0.0163519208379859,0.016433943278571644,0.56648943608774,-0.04150691192522249,0.022747600708348786,0,500,baseline
0.021335294099326878,0.014166494919245987,0.014377574272788542,0.13269116618698912,-0.006498170720523406,0.04916875891917716,0,500,baseline
0.0009524875801547655,0.014890961182917292,0.013984612366474454,0.9490244437971557,-0.028304364349775173,0.030209339510084705,0,500,baseline
-0.008316486488592872,0.016618222847531214,0.016129619876582034,0.6169837045118747,-0.04096695674477471,0.024333983767588968,0,500,baseline
-0.009424574059814967,0.015746856507364213,0.01530928784028806,0.5497750663019331,-0.040363036899025186,0.02151388877939525,0,500,baseline
-0.008345585773262928,0.014810503055246914,0.014577751956632886,0.573354190882209,-0.037444358483262316,0.020753186936736463,0,500,baseline
-0.0009238488620164725,0.014918614278457197,0.015270889700091564,0.9506466739595396,-0.03023503190675338,0.028387334182720433,0,500,baseline
0.0001312161075985134,0.015715581879053538,0.015535366505799885,0.9933415418994256,-0.03074580025019191,0.031008232465388936,0,500,baseline
0.03090504048343245,0.015821854684269866,0.015578909293200426,0.05134205814927115,-0.00018077419759578162,0.06199085516446068,0,500,baseline
0.006261195229915721,0.017086856623112007,0.017452867831547335,0.7141973161398327,-0.027310018073884834,0.03983240853371628,0,500,baseline
0.01752156833371484,0.015367041448108857,0.014621708307940889,0.2547492219428112,-0.012670657052258363,0.047713793719688036,0,500,baseline
-0.02052039843616157,0.01521618915155892,0.014998106532783797,0.1780816987504704,-0.05041623843443297,0.00937544156210983,0,500,baseline
0.0005262394179018212,0.015150817790010295,0.015447510821953883,0.9723062446163069,-0.029241162917965347,0.03029364175376899,0,500,baseline
0.008718019538689902,0.015940321022636785,0.016428045510471948,0.5846812942308456,-0.022600550575497206,0.040036589652877014,0,500,baseline
-0.031430277707046345,0.01416562284829533,0.014047084231567763,0.026952351869118683,-0.059262029135103964,-0.003598526278988729,1,500,baseline
0.010186517408526597,0.01476215641871437,0.014107172204306122,0.4904888117350812,-0.018817266779981957,0.039190301597035154,0,500,baseline
-0.00781886444905594,0.01643827042959623,0.015708986968376942,0.6345322705188395,-0.0401157751746417,0.024478046276529823,0,500,baseline
-0.006548451760549507,0.015417044597465334,0.015384645470465603,0.6711994460277594,-0.03683892028333451,0.023742016762235495,0,500,baseline
0.0023480463858635958,0.014825282896897411,0.014987559214843755,0.8742206146714103,-0.026779764855188605,0.0314758576269158,0,500,baseline
-0.008868591808750301,0.015625802270378648,0.01540010169531979,0.5705890418695841,-0.039569214669501626,0.02183203105200102,0,500,baseline
0.0008605497430582698,0.015722555467275957,0.015636394873516996,0.9563727684558143,-0.0300301678953639,0.031751267381480444,0,500,baseline
-0.011628582597776858,0.016095539259528654,0.016037456172690798,0.47034322727975764,-0.043252116032852866,0.019994950837299155,0,500,baseline
0.012739741843734564,0.016713465696175163,0.016275940482212325,0.4462751460415809,-0.020097855750026896,0.04557733943749602,0,500,baseline
0.0037656558035795533,0.016036637084946608,0.015887129099299523,0.8144482184213039,-0.027742150232913567,0.03527346184007267,0,500,baseline
0.0010096876059670057,0.016028591731262535,0.015905875489908978,0.9497974266133442,-0.03048231141051126,0.03250168662244527,0,500,baseline
-0.014074788046944797,0.016268699820816572,0.0154385499087648,0.38737563912616346,-0.04603853678709567,0.017888960693206075,0,500,baseline
-0.0002454481509982301,0.015181806072382703,0.014715446043758565,0.9871074325975471,-0.030073734373257666,0.029582838071261205,0,500,baseline
-0.00751241504183489,0.015001601712038366,0.015511176244159841,0.6167512966897628,-0.036986646732425126,0.021961816648755347,0,500,baseline
-0.009549356247248869,0.015199007369606636,0.01418290960778622,0.5301032190066465,-0.039411438528721775,0.020312726034224036,0,500,baseline
0.0100604943889052,0.01659036527763695,0.01609912479896731,0.5445216118245573,-0.022535243013734645,0.04265623179154504,0,500,baseline
-0.004085733455211563,0.015863212761098273,0.015815652223831064,0.7968526816494194,-0.03525280596204512,0.027081339051621994,0,500,baseline
-0.008586685704855278,0.01604101349306134,0.01585737350120629,0.5926843424197729,-0.04010309024097679,0.022929718831266235,0,500,baseline
-0.0382790221377749,0.016587299052549995,0.016304627944867842,0.02142316206437458,-0.07086873520845585,-0.005689309067093945,1,500,baseline
-0.017446248538640047,0.015087422191432337,0.014569844923750365,0.24809493274249297,-0.04708909507063255,0.012196597993352463,0,500,baseline
-0.019834847416972126,0.015277177787596734,0.015232300993032681,0.19477423211432832,-0.04985051416598502,0.01018081933204077,0,500,baseline
0.004933852446749134,0.014324368556640975,0.014132276854161328,0.7306625482975202,-0.02320979286287392,0.03307749775637219,0,500,baseline
0.016173556652144778,0.0160354590685463,0.01588075128856586,0.3136505474575784,-0.01533193488960408,0.04767904819389364,0,500,baseline
0.005668920012644307,0.014974347031365869,0.015291735874456931,0.7051644974550452,-0.02375176334436035,0.03508960336964896,0,500,baseline
-0.007890351876878452,0.01669338201425814,0.01655094416313267,0.6366603683349827,-0.040688490277856024,0.024907786524099116,0,500,baseline
0.0043531440623594386,0.015674305427340423,0.015972580312435935,0.7813388437473929,-0.026442774841671665,0.03514906296639054,0,500,baseline
0.017544212391025302,0.015360900767742797,0.015501809735522952,0.25394701741633857,-0.012635948160850757,0.04772437294290136,0,500,baseline
0.0038122304087723786,0.015607009633552812,0.016103648260686745,0.8071269749173686,-0.026851469825814475,0.034475930643359236,0,500,baseline
0.019245355135038597,0.015497500428874718,0.015653127408913486,0.2148815809405888,-0.011203188096123466,0.04969389836620066,0,500,baseline
-0.009825958272261005,0.014590444908483649,0.01413264147916598,0.5009724585129106,-0.03849237416279508,0.018840457618273066,0,500,baseline
0.004666583971679939,0.014464350021194769,0.014566148384659852,0.7471134559668031,-0.023752088378244805,0.03308525632160468,0,500,baseline
0.014116075207504486,0.01577790355754873,0.0159447871157962,0.3713937416991092,-0.016883386981509395,0.045115537396518364,0,500,baseline
0.0040973288582043955,0.014811567793292508,0.015084236432588287,0.7821787481504547,-0.025003535784139823,0.03319819350054861,0,500,baseline
0.019935718932915895,0.015239420530240754,0.015819390110388912,0.19141988259572973,-0.010005764660679779,0.049877202526511566,0,500,baseline
-0.004076545011627016,0.015240793841585217,0.015456608771623722,0.7892135067571866,-0.03402072680355691,0.025867636780302877,0,500,baseline
-0.022703005045824034,0.01647937396531119,0.016483407812733476,0.1689264874344472,-0.05508067349036676,0.009674663398718693,0,500,baseline
-0.0023607175835686717,0.014873155699567212,0.014590906037458034,0.8739511601091088,-0.03158258638625013,0.02686115121911279,0,500,baseline
0.043268313829851544,0.015800090820550658,0.01576178975001901,0.006393411068806178,0.012225259460292428,0.07431136819941066,1,500,baseline
0.0035286514765425093,0.01612484108535108,0.01616975240430675,0.8268695936088849,-0.02815245239799894,0.035209755351083956,0,500,baseline
0.015532355055849177,0.01583676234593687,0.016252582906495658,0.32717823479772945,-0.015582749289201104,0.046647459400899455,0,500,baseline
0.008072934124147451,0.01633433685858044,0.015614294370420667,0.6213610446243857,-0.02401977426282459,0.040165642511119495,0,500,baseline
0.008759967163837147,0.01554024054889448,0.01519533172363998,0.5732149659304602,-0.02177254924726444,0.03929248357493874,0,500,baseline
0.022635377422926838,0.016496014510014513,0.01644403830676793,0.17062748862889826,-0.009774985348492318,0.05504574019434599,0,500,baseline
0.0112636449145464,0.015212592580123984,0.014538637148982644,0.459396627076024,-0.018625128759621756,0.04115241858871456,0,500,baseline
0.0009214637264650261,0.015270943194290022,0.014962244848804306,0.9519082685545764,-0.029081953674035224,0.03092488112696528,0,500,baseline
-0.0018049372049023776,0.016524355767448,0.016984185370702388,0.9130649370337368,-0.03427098314962742,0.03066110873982266,0,500,baseline
0.005736831131301584,0.016065255412418142,0.015891907123669446,0.721171547866046,-0.025827202448802183,0.037300864711405354,0,500,baseline
0.028478143798443295,0.01435413637234398,0.014000100045714758,0.04780800247189264,0.0002760125008707606,0.05668027509601583,1,500,baseline
-0.00512861856643039,0.01571022339971079,0.016335302803425013,0.7442202834360494,-0.03599510691096669,0.025737869778105913,0,500,baseline
-0.02417118986103327,0.01520909148317955,0.014033111021593556,0.11263648727387109,-0.054053084793551545,0.005710705071485005,0,500,baseline
0.018194710961024377,0.015062371966182368,0.015084696030444694,0.22763678918026894,-0.011398918416887407,0.04778834033893616,0,500,baseline
-0.04171978037550122,0.016523095106969657,0.016399585554456645,0.011881306337189318,-0.07418334945144017,-0.009256211299562264,1,500,baseline
0.01810595289635546,0.015588728024041492,0.015466718131723832,0.24600425942884083,-0.012521828747353123,0.04873373454006404,0,500,baseline
0.005187374315872614,0.016062724736400847,0.015453275141827292,0.7468725547072785,-0.02637168714640671,0.03674643577815194,0,500,baseline
-0.006735861266586269,0.01527986253460727,0.0145638207804902,0.6595255065977454,-0.03675680284271017,0.02328508030953763,0,500,baseline
-0.0034084275436214242,0.015076582880772564,0.016152836941996727,0.8212364074327141,-0.03302997765941219,0.026213122572169338,0,500,baseline
0.019237261910491174,0.014414088894440182,0.014748808580965018,0.1826121884077362,-0.009082660444370973,0.047557184265353325,0,500,baseline
-0.014132883556429918,0.015513655692043223,0.01561086334406858,0.362738040295123,-0.04461316766291924,0.016347400550059402,0,500,baseline
0.007012499786207324,0.016398053468369672,0.017296080138303353,0.6690964872435279,-0.025205395107880137,0.03923039468029479,0,500,baseline
-0.008114196390627867,0.01570471130695452,0.015753900274683014,0.6056139828827463,-0.0389698549116482,0.02274146213039246,0,500,baseline
0.020693384146870938,0.016109450870562026,0.015941674187545354,0.19954701886543105,-0.010957481972718213,0.052344250266460085,0,500,baseline
-0.006919481489671939,0.01623157666289001,0.01552313597203522,0.67007523854361,-0.03881029291427365,0.024971329934929773,0,500,baseline
0.03557716374575638,0.015258268008331407,0.015140552190419706,0.020116261045702067,0.005598649777225382,0.06555567771428739,1,500,baseline
-0.026794432453552713,0.015179511028538165,0.014510398081430283,0.0781478591312348,-0.056618209513703166,0.0030293446065977406,0,500,baseline
-0.02594095105146013,0.015213991581911335,0.01600498272477911,0.08880463484099972,-0.05583247339897714,0.003950571296056873,0,500,baseline
-0.014455522253249344,0.015308328050899518,0.016209995749884375,0.3454786670346205,-0.044532391138902915,0.015621346632404227,0,500,baseline
-0.0014718714634086513,0.014649498467087387,0.014429985382441083,0.9200096639072628,-0.03025431218261443,0.027310569255797126,0,500,baseline
0.009621509522848066,0.014201556215257366,0.014246536697390445,0.498405387838473,-0.01828084159206913,0.03752386063776526,0,500,baseline
0.02624532327143558,0.015978266055630512,0.016006449441183953,0.10110442584097494,-0.005147798928284281,0.057638445471155444,0,500,baseline
0.004854519043721655,0.015890916425422077,0.015407617656499648,0.760120490131567,-0.02636698393237992,0.03607602201982323,0,500,baseline
-0.013700172486132024,0.01522082559763998,0.014537325146288044,0.36850531518843,-0.04360512189076131,0.01620477691849726,0,500,baseline
0.006590377214591643,0.015684985360744298,0.016003349217887684,0.6745417079029054,-0.024226524970933548,0.03740727940011683,0,500,baseline
0.009345233533134463,0.015070040241365237,0.015117090141305904,0.5354624254020658,-0.020263462003961223,0.03895392907023015,0,500,baseline
-0.0009955716174127015,0.017322920481375677,0.017244889520092253,0.954192780096967,-0.03503058878601355,0.03303944555118815,0,500,baseline
-0.00031855032161653323,0.015562794317782081,0.01604344404842157,0.9836776710346926,-0.030895379001664426,0.03025827835843136,0,500,baseline
-0.012399751577543184,0.014655153211580896,0.014669960220703873,0.39790231986945057,-0.04119330239369408,0.01639379923860771,0,500,baseline
-0.001288855195894419,0.014319630560295896,0.014775570119709293,0.9283184940609318,-0.029423191579397143,0.0268454811876083,0,500,baseline
0.0014906363995513842,0.01597939325733081,0.015546812763588717,0.9257147298112675,-0.029904700457290722,0.03288597325639349,0,500,baseline
0.021360800957561075,0.014643111714614368,0.014566690636133828,0.14526129665211548,-0.007409091460086399,0.05013069337520855,0,500,baseline
-0.0053256909351619705,0.013693340502855998,0.013870472292537026,0.6974974046330302,-0.03222953082816772,0.02157814895784378,0,500,baseline
0.012245341419468984,0.016935389546489987,0.01664592046318583,0.4699810710128596,-0.021028278614256202,0.04551896145319417,0,500,baseline
0.01523502115230331,0.01683325157599558,0.016427403985902683,0.3658738047998137,-0.01783792442915036,0.04830796673375698,0,500,baseline
0.012557358509570668,0.015085276573008552,0.01570028059841528,0.40556820598795285,-0.01708127244226206,0.04219598946140339,0,500,baseline
-0.017203363094809937,0.015803508444958373,0.015911284571065033,0.27686622059247556,-0.048253132204272034,0.013846406014652157,0,500,baseline
-0.009058081835177362,0.014687669928587313,0.01445754886720686,0.5377056513686446,-0.03791551951282888,0.019799355842474158,0,500,baseline
-0.002884235869881316,0.014694878096975011,0.013797373335916347,0.8444750658117148,-0.03175583571695994,0.025987363977197305,0,500,baseline
0.008657517798497088,0.014741026056479638,0.014339442084001177,0.5572632605308425,-0.020304750743604667,0.03761978634059884,0,500,baseline
0.008013165251395749,0.01629081330176161,0.015409545674300069,0.6230191835669001,-0.023994030706816945,0.04002036120960844,0,500,baseline
-0.013238646592617809,0.015181722191854829,0.015467104546494102,0.3836219482031271,-0.04306676801153422,0.016589474826298602,0,500,baseline
0.000764030511931732,0.016713203335966965,0.016922264619830808,0.9635563806471599,-0.032073051612501104,0.03360111263636457,0,500,baseline
0.007518532346443137,0.01545560500927651,0.01552182717743841,0.6268551212875874,-0.02284769732062656,0.03788476201351283,0,500,baseline
-0.002263958250653326,0.01557367688089673,0.015553800760190455,0.8844769165325517,-0.032862168326687174,0.02833425182538052,0,500,baseline
0.011088622728886999,0.01594990498022275,0.015614428401771156,0.4872444555199832,-0.02024877736038036,0.04242602281815436,0,500,baseline
0.03310872006509909,0.016357324058259595,0.01602107515344815,0.04349409162536661,0.0009708478308081622,0.06524659229939,1,500,baseline
-0.006339417836284369,0.016019068932012034,0.01677836218990217,0.6924648730261644,-0.0378127070378482,0.02513387136527946,0,500,baseline
0.008496947444355495,0.01459668122958147,0.015267185037712286,0.5607526362502067,-0.020181721189349768,0.03717561607806076,0,500,baseline
0.00884782223432478,0.015556024028021165,0.015816192687111492,0.5697676586023606,-0.021715704593503856,0.03941134906215342,0,500,baseline
0.006986402493016129,0.014763625474745693,0.014124000151172775,0.6362655334675344,-0.02202026800714533,0.03599307299317758,0,500,baseline
-0.015924224743371983,0.016267997567267364,0.016679071623266248,0.3281204059034214,-0.047886593738598805,0.01603814425185484,0,500,baseline
-0.007798673746906988,0.015322046894098648,0.014707587603859153,0.6109890048312618,-0.0379024965785951,0.02230514908478113,0,500,baseline
-4.0909648218141054e-05,0.017153985799242003,0.01712043379521739,0.9980981234282393,-0.03374401426125577,0.033662194964819495,0,500,baseline
-0.01301866142621844,0.0167272987970558,0.016418881100457566,0.4367686711989982,-0.04588343745253541,0.019846114600098528,0,500,baseline
-0.008373614602922744,0.015025906089021771,0.014759546360017637,0.577587534129222,-0.03789559805042901,0.021148368844583522,0,500,baseline
-0.03497733412301332,0.015238793521330757,0.015363485121365705,0.02213178188251672,-0.06491758580776086,-0.0050370824382657865,1,500,baseline
0.012514159084522174,0.015596763521105813,0.014848874376657769,0.4227296933755813,-0.018129410213516196,0.043157728382560545,0,500,baseline
-0.026743533941164806,0.015017355127246435,0.015183316873593849,0.07554776605044536,-0.05624871698072921,0.0027616490983995955,0,500,baseline
-0.007240892795804672,0.016929327953867503,0.016559163264429654,0.6690450106991204,-0.0405026033822056,0.026020817790596257,0,500,baseline
-0.004800760131533804,0.015880841833844056,0.0152311918857462,0.762550472275115,-0.036002469164824566,0.02640094890175696,0,500,baseline
0.013666720664640981,0.015948016188197477,0.016454728724514388,0.39188233744448964,-0.017666968441303603,0.045000409770585566,0,500,baseline
-0.007577636246391583,0.015206430756020206,0.01475674088072737,0.6184800133826531,-0.037454303544536854,0.022299031051753692,0,500,baseline
0.009809085196448991,0.016128847153827695,0.016949522778044873,0.5433518169189575,-0.0218798895569969,0.04149805994989488,0,500,baseline
0.0031657354896591546,0.01572798803308317,0.016206596296670817,0.8405615235711822,-0.027735655722581985,0.03406712670190029,0,500,baseline
-0.0020402495264746166,0.015515610086372414,0.015548050485762403,0.89543560499654,-0.032524373507690586,0.028443874454741357,0,500,baseline
0.001876937898126792,0.015627880072412587,0.015470926946195937,0.9044508740618471,-0.0288277673012795,0.03258164309753308,0,500,baseline
-0.010355604159750072,0.015414672305216103,0.015089613572379836,0.5020214247944412,-0.04064141174747402,0.01993020342797388,0,500,baseline
0.015497607472326941,0.015034570868667715,0.015283975973031183,0.3031358505785837,-0.014041400005528532,0.045036614950182415,0,500,baseline
0.011289138912846367,0.015447860088817296,0.015716761078835007,0.46525121406049463,-0.01906187400707713,0.04164015183276986,0,500,baseline
-0.0034986300986743894,0.015624159213672096,0.015475724442009257,0.8229079811470883,-0.03419602478186312,0.027198764584514343,0,500,baseline
-0.018915235993218277,0.01599285137532482,0.014919410178211297,0.237480250879447,-0.05033701453912058,0.01250654255268403,0,500,baseline
0.011091436350833369,0.01640877939369618,0.016883407089403783,0.4993891856250895,-0.021147532186871477,0.04333040488853822,0,500,baseline
-0.02899123566783542,0.016969670431186582,0.017451189467268403,0.08818253268900247,-0.062332208692094604,0.004349737356423768,0,500,baseline
0.0021991937426149126,0.0157406881029012,0.015487959069560268,0.8889424878749017,-0.028727149791884118,0.03312553727711394,0,500,baseline
-0.006753821313133055,0.016145066669643132,0.01650137790217588,0.6758927288691854,-0.038474663181586384,0.024967020555320275,0,500,baseline
0.005784203578748735,0.015176952360834918,0.015424246884195388,0.7032785271295389,-0.024034546367220692,0.035602953524718164,0,500,baseline
0.01361719822386618,0.015466566011618254,0.015534751403313495,0.3790521560357908,-0.016770566951796736,0.0440049633995291,0,500,baseline
-0.015342183269854748,0.015976604968792694,0.016338643330362803,0.3373749896032442,-0.04673204186751026,0.01604767532780076,0,500,baseline
0.004755011281056721,0.014719417598998294,0.015384891479108221,0.7467979390432521,-0.024164802282269644,0.03367482484438309,0,500,baseline
-0.03400128725457986,0.016538864348776914,0.015951400819056532,0.04031850755637564,-0.06649583877462936,-0.0015067357345303553,1,500,baseline
0.013217865733819029,0.01554250207928513,0.015437899308672717,0.39549276181596593,-0.017319093994202235,0.04375482546184029,0,500,baseline
-0.015006824841552184,0.015955025863048738,0.015643192809749885,0.3473810636680821,-0.04635428612893497,0.0163406364458306,0,500,baseline
-0.004746604225025392,0.014997079890455126,0.014841544598883026,0.7517542086690692,-0.03421195171647702,0.024718743266426233,0,500,baseline
-0.027461225712287585,0.01472749887729772,0.014222676729488222,0.06282236669081702,-0.05639691687812104,0.0014744654535458687,0,500,baseline
-0.022814817063584878,0.01633291252232547,0.016681668675169008,0.1630773633008376,-0.05490472700159192,0.009275092874422169,0,500,baseline
-0.0025413381697678844,0.015535943202686515,0.015268487679584839,0.8701297448189899,-0.033065411417251375,0.02798273507771561,0,500,baseline
0.002193268675341281,0.015281315615356466,0.014972460116077863,0.8859327027752519,-0.027830527825175963,0.032217065175858525,0,500,baseline
0.006510923122673732,0.015276885997330441,0.016128075973416853,0.6701503554294104,-0.02350417033462813,0.03652601657997559,0,500,baseline
0.005602068830326702,0.015942066430527545,0.016374790685761705,0.7254356499065302,-0.025719930554784564,0.03692406821543797,0,500,baseline
-0.024556134296810934,0.014904841864651235,0.015369057506589727,0.10008047588188183,-0.05384025814325371,0.004727989549631842,0,500,baseline
0.03132726945446984,0.01581873882700451,0.015147463912797931,0.04820962485160992,0.0002475766196762194,0.062406962289263464,1,500,baseline
-0.017975188614808468,0.015012675508375602,0.014906558416030696,0.2317459609734695,-0.04747117742475191,0.011520800195134975,0,500,baseline
-0.024731120691544997,0.01589740922607924,0.015372132625961618,0.12042186076950818,-0.055965380326206335,0.0065031389431163406,0,500,baseline
0.010195661726399657,0.015504202995352163,0.01464127428475394,0.5110949697949647,-0.02026605029840657,0.040657373751205886,0,500,baseline
-0.011709294538991792,0.016031582906300718,0.01584513937110155,0.4654957894933238,-0.04320717043367245,0.019788581355688867,0,500,baseline
0.004950318976811228,0.01524208048041786,0.015347312461895305,0.745484162402213,-0.024996390724590156,0.03489702867821261,0,500,baseline
0.016635406532190256,0.01653348746026603,0.015355712554574671,0.3148251171411252,-0.01584858080539485,0.04911939386977536,0,500,baseline
-0.007158554239114399,0.01514437039038989,0.014576317681964202,0.6366432500813477,-0.03691328911760859,0.022596180639379793,0,500,baseline
0.011779663307824123,0.015445144515171235,0.014974893711990907,0.44601688337298095,-0.018566014218695838,0.042125340834344084,0,500,baseline
0.027862661261229348,0.015752072354843175,0.01540420688205173,0.07753512606870726,-0.0030860493568519998,0.058811371879310695,0,500,baseline
0.0037333510306948687,0.01525979259613365,0.014811905189030018,0.8068260463944148,-0.026248158354924157,0.03371486041631389,0,500,baseline
0.006071267488447732,0.015011085470727452,0.01492130591429712,0.6860538224140507,-0.023421597312544007,0.03556413228943947,0,500,baseline
0.01988619350769185,0.015895680035785367,0.0155183517488278,0.21150586560891435,-0.011344668719390147,0.05111705573477385,0,500,baseline
-0.0040573249153608056,0.014023440544614942,0.013314445421216188,0.7724534737081785,-0.031609725228689475,0.02349507539796786,0,500,baseline
0.004923265985553784,0.014008775291026175,0.013797429547956723,0.7254057419465922,-0.02260032093235393,0.0324468529034615,0,500,baseline
-0.01601693938588728,0.015289344604894119,0.015076665962507688,0.29533646411526043,-0.046056510755142985,0.014022631983368426,0,500,baseline
0.0006911547523300084,0.014413267156063427,0.014271501098001373,0.9617731814122246,-0.027627153101109532,0.029009462605769545,0,500,baseline
-0.003410126402066803,0.01639055813997225,0.01582703358282576,0.8352716139431695,-0.0356132949322617,0.028793042128128096,0,500,baseline
-0.012271698402005916,0.015625735708087618,0.015325335779722265,0.4326208474141595,-0.04297219048522925,0.018428793681217425,0,500,baseline
0.029563226057981704,0.015561533396333935,0.015653579076263503,0.05804163383729593,-0.0010111252405425562,0.06013757735650596,0,500,baseline
0.019052875606853904,0.015440700938284235,0.015211956797197041,0.21780782497089923,-0.011284071450932354,0.04938982266464016,0,500,baseline
-0.002808512704676966,0.015219443168102838,0.016343292647615262,0.8536692673101575,-0.03271074599610342,0.02709372058674949,0,500,baseline
0.017435650483379413,0.015396865068228394,0.015071391089493924,0.2580046795533274,-0.012815170531655849,0.04768647149841468,0,500,baseline
0.0002242025992171149,0.015176263471658003,0.015462996963121015,0.988219004259689,-0.029593193859331485,0.03004159905776571,0,500,baseline
0.021689024548364116,0.015541714305206476,0.015868046209866378,0.16347613943712558,-0.008846387409215048,0.05222443650594328,0,500,baseline
-0.02413104374350188,0.016675371337297223,0.016248529931080214,0.14849616518235786,-0.05689379586534471,0.008631708378340947,0,500,baseline
0.018878628389765912,0.016073850727031713,0.016024553030708454,0.24075884039481846,-0.012702292740030003,0.05045954951956183,0,500,baseline
0.0030237926321734377,0.015649863448192528,0.015752976925096973,0.8468691538090749,-0.027724104162604922,0.033771689426951794,0,500,baseline
-0.021870099116600115,0.015450250809161941,0.015555227972590022,0.15754190239683144,-0.052225809177982106,0.008485610944781875,0,500,baseline
-0.009907710548890431,0.015103377163307974,0.01518219829158008,0.5121315502297041,-0.03958190443609915,0.01976648333831829,0,500,baseline
0.020253541643325025,0.015023875057949198,0.014332489298830823,0.178242163501643,-0.00926445135825734,0.04977153464490739,0,500,baseline
-0.012925324877103793,0.01697574877347023,0.016299910091825454,0.4467789459258893,-0.04627824025739949,0.0204275905031919,0,500,baseline
0.007864840315358484,0.016487990541832344,0.01619407584984116,0.6335683991522476,-0.024529757452975077,0.04025943808369205,0,500,baseline
0.013951851553029358,0.015998271333328068,0.01591521312369556,0.3835822907027582,-0.017480575795647976,0.045384278901706696,0,500,baseline
0.01076516007625111,0.014528461744340318,0.014554079500296732,0.4590606250331003,-0.017779475075402902,0.03930979522790512,0,500,baseline
0.017917768744870312,0.015600712210917791,0.015433041424926212,0.25130429904172147,-0.0127335586979733,0.04856909618771392,0,500,baseline
0.0021827167098838517,0.015653239696002262,0.015587000673409755,0.8891573768453309,-0.02857181353058245,0.032937246950350156,0,500,baseline
0.008106900143766246,0.014775059246215945,0.014737474786364778,0.5834653690850333,-0.020922234732925152,0.03713603502045765,0,500,baseline
-0.01201268638156134,0.01563253469749227,0.01495637480032832,0.4425892538712558,-0.04272653670431278,0.018701163941190098,0,500,baseline
0.004722197556805628,0.015715167105588807,0.01517228081795038,0.7639313947429871,-0.02615400387938954,0.035598398993000796,0,500,baseline
-0.016722923360692823,0.014710147893919563,0.014894215359704472,0.25615647690544135,-0.0456245243730904,0.012178677651704752,0,500,baseline
-0.008016409183688313,0.014801120861858589,0.014449826871829333,0.5883306266302589,-0.037096748332591925,0.021063929965215295,0,500,baseline
0.001055998311202403,0.014980373913682695,0.015747621493372214,0.943830270483252,-0.02837652629643588,0.030488522918840685,0,500,baseline
0.015785548829623887,0.015268721409496757,0.01527775564277211,0.301708651685765,-0.014213503343681273,0.04578460100292905,0,500,baseline
-0.019296168330703932,0.015958459495948398,0.015263374091111852,0.22717903170512027,-0.050650375810497875,0.01205803914909001,0,500,baseline
0.003148653909878367,0.015390901342401571,0.015193501928464036,0.8379847125685087,-0.027090449940541203,0.03338775776029794,0,500,baseline
-0.016202550218739658,0.016058974620702115,0.016144804607235785,0.31349312218535935,-0.047754243682515046,0.015349143245035734,0,500,baseline
-0.011725973138049264,0.015575322250874796,0.014784949451505517,0.4518922463757501,-0.04232741593662042,0.018875469660521893,0,500,baseline
0.009818657056711224,0.01513723676525022,0.014537392902878497,0.5168683809678015,-0.01992206211038118,0.03955937622380363,0,500,baseline
-0.006252099389140275,0.014928812729196692,0.015377258300878374,0.6755471428731404,-0.03558331972761094,0.02307912094933039,0,500,baseline
0.011395052155827864,0.014784881400131773,0.014945343252229223,0.4412364645739426,-0.017653380689558667,0.04044348500121439,0,500,baseline
-0.019599378081659874,0.014888286358473795,0.014555437924438622,0.18863549903152366,-0.04885097467973308,0.009652218516413333,0,500,baseline
0.00810663224232843,0.015799883480105435,0.015661894074867094,0.6081216437873409,-0.02293601475737521,0.03914927924203207,0,500,baseline
0.0011279266065785344,0.015379252032686445,0.015676144218007587,0.9415643750113073,-0.02908828939091907,0.03134414260407614,0,500,baseline
0.017757274940014965,0.015791161517503878,0.015133215097657745,0.26133962884076817,-0.013268235679757413,0.048782785559787344,0,500,baseline
0.003377748856143053,0.01402867013170244,0.013515034281383228,0.8098288293457363,-0.024184926230801245,0.03094042394308735,0,500,baseline
-0.013260420074116567,0.014730496170563443,0.014363953369568593,0.36844793291307465,-0.04220200013887258,0.01568115999063944,0,500,baseline
0.012406352082406803,0.014255869780277434,0.014175290910809376,0.3845761266595322,-0.015602711011009247,0.04041541517582285,0,500,baseline
0.010374190935153179,0.014987672461745111,0.015111098806801282,0.4891459036783192,-0.01907267341438239,0.03982105528468875,0,500,baseline
0.00513095258889997,0.014707833542951068,0.01477068861905598,0.7273429954229417,-0.023766101327929536,0.03402800650572947,0,500,baseline
0.026790970876271344,0.01653945543319215,0.0168645527093707,0.1059035905482668,-0.005704741970371005,0.059286683722913694,0,500,baseline
-0.010546190267272049,0.014895763784559847,0.015006933999204702,0.4792769217629095,-0.03981247805586878,0.01872009752132468,0,500,baseline
-0.013022759618536217,0.016225021400901218,0.016415703005953016,0.42256897635353574,-0.04490069166436498,0.018855172427292545,0,500,baseline
0.012998710596934599,0.01552243628856972,0.015151665417275447,0.40276140654529236,-0.017498825089844038,0.043496246283713236,0,500,baseline
-0.041308794412985655,0.01580953941542088,0.01590653049480914,0.009249062309113048,-0.07237041280522055,-0.010247176020750752,1,500,baseline
0.011270406953298305,0.015888474840171474,0.015830069807116886,0.4784424968233749,-0.01994629894508117,0.04248711285167778,0,500,baseline
-7.716744310320772e-05,0.01665458999910331,0.015971113962496095,0.9963049471885688,-0.03279908965967823,0.03264475477347181,0,500,baseline
0.007854603152807362,0.016168013117432347,0.015928913493168873,0.6273146529793504,-0.023911322496138063,0.03962052880175279,0,500,baseline
-0.03178458509838526,0.015761255753740117,0.015109448097852569,0.044270624401996556,-0.06275133869827557,-0.0008178314984949552,1,500,baseline
0.017922948633938236,0.016382519224726607,0.01614528079163755,0.2744712057846851,-0.014264425526092778,0.05011032279396925,0,500,baseline
0.012800124689728796,0.016203602387207135,0.01564438506132569,0.4299297372137679,-0.019035724584918493,0.04463597396437609,0,500,baseline
0.0009655176698738213,0.014687938286363372,0.014905797121416224,0.9476148589347115,-0.027892447260761698,0.029823482600509342,0,500,baseline
0.025845570157906728,0.01633629388216495,0.016729279568739062,0.11426271992260739,-0.006250983269592385,0.05794212358540584,0,500,baseline
0.02365270796224783,0.015006689585430551,0.014988178100637437,0.11562756169289398,-0.005831520071536436,0.05313693599603209,0,500,baseline
0.018968102769421735,0.014178283467590919,0.014636860467136345,0.18156314655500866,-0.008888523470914431,0.0468247290097579,0,500,baseline
0.006454679656346244,0.015467986364011201,0.015634725030814478,0.6766440727064971,-0.023935876141032646,0.03684523545372513,0,500,baseline
-0.008094415156712803,0.015137143994732385,0.015125284457132519,0.5930692891331621,-0.03783495205395235,0.021646121740526745,0,500,baseline
-0.0037607490843981246,0.015599399225530646,0.015172171454278934,0.8095900561706803,-0.034409496853667544,0.026887998684871295,0,500,baseline
0.0005980204700450562,0.015971175693678414,0.015761776000570767,0.9701462062324906,-0.03078117101914417,0.03197721195923428,0,500,baseline
0.011467997984786206,0.014908902702100218,0.01520306823411361,0.44213646288646613,-0.01782410434729608,0.0407601003168685,0,500,baseline
-0.006329486076576548,0.015754132274051875,0.015847193332383096,0.6880280756090462,-0.03728224389822899,0.0246232717450759,0,500,baseline
-0.005444325847007594,0.016159514553085917,0.016248983579724097,0.7363255724673021,-0.037193554035282336,0.026304902341267145,0,500,baseline
0.0033646660626672773,0.014444468276433866,0.014470795772590443,0.8159052295181983,-0.02501494384827632,0.031744275973610875,0,500,baseline
0.007385501568518166,0.014821294003585372,0.014328633464169037,0.6184901884890144,-0.021734472538344977,0.03650547567538131,0,500,baseline
-0.004080453392854209,0.015027237676944884,0.015240633003262219,0.7860904510018615,-0.03360505306306226,0.025444146277353846,0,500,baseline
-0.006743368243113567,0.017034506903983965,0.01631284385061276,0.6923740238630626,-0.04021172801299587,0.02672499152676874,0,500,baseline
0.02032422784671818,0.015547697579492403,0.015197185717850059,0.19174196680822933,-0.01022293968309633,0.05087139537653269,0,500,baseline
0.011847162970440743,0.014572208684676109,0.013950311200154381,0.4166082345410034,-0.016783423500276538,0.04047774944115802,0,500,baseline
0.005131907529034854,0.01565154697579956,0.015604618796506538,0.7431364151904762,-0.02561929695806195,0.03588311201613165,0,500,baseline
-0.010329672055522087,0.016293695294341107,0.015725479301216077,0.5263931595892831,-0.04234253037690434,0.021683186265860167,0,500,baseline
0.012925299245561,0.016805542145371628,0.017223642127105334,0.44219301871147365,-0.020093204537349956,0.04594380302847195,0,500,baseline
0.01787309352016897,0.014414522562311759,0.01463673668462315,0.2155827902187455,-0.010447680878866127,0.04619386791920407,0,500,baseline
-0.023262434655618516,0.016664319013463033,0.016524966931182626,0.163353741197703,-0.05600347184597193,0.009478602534734898,0,500,baseline
-0.00680913181871798,0.015290029747544719,0.015012391023570874,0.6562737244602426,-0.03685004931444821,0.023231785677012257,0,500,baseline
-0.008557477968283534,0.015542557579971573,0.014918740208381331,0.5821660111834855,-0.039094546740667036,0.021979590804099967,0,500,baseline
-0.009695137348765346,0.015138367863399633,0.015251080430873686,0.5221845347885978,-0.03943807882848546,0.020047804130954774,0,500,baseline
0.011594273338847327,0.016592383002562827,0.016286854426586513,0.48502145151029774,-0.02100542836661129,0.044193975044305944,0,500,baseline
0.01774305792092172,0.014877969325677752,0.014162675518472223,0.23360473334339962,-0.011488268400628547,0.04697438424247199,0,500,baseline
-0.011014240903590395,0.015658500360435746,0.015167015275311842,0.4821331673618239,-0.04177910697654547,0.019750625169364683,0,500,baseline
0.024721903223426028,0.013333025223720886,0.013224924701600273,0.06430361939883583,-0.001474011194504233,0.05091781764135629,0,500,baseline
-0.0027410109744018495,0.01609337207561257,0.016747209296369935,0.8648282481984741,-0.03436028645875466,0.028878264509950968,0,500,baseline
0.02546871400596774,0.014874555956107283,0.014280397174293314,0.08747615944880724,-0.0037559059353241553,0.054693333947259636,0,500,baseline
0.004779591616479905,0.01516425999276773,0.01456660183882635,0.7527510016006016,-0.025014221139161748,0.03457340437212156,0,500,baseline
0.004241105120256225,0.015253201874492337,0.015559746725410212,0.7810917755906813,-0.025727455217628224,0.03420966545814068,0,500,baseline
0.016472775718002066,0.016523202280717936,0.015784673558646763,0.31927384205083803,-0.01599100392637808,0.048936555362382214,0,500,baseline
0.0008546609099128841,0.01611987476587968,0.016071562560394062,0.9577379673570876,-0.03081668544316123,0.032526007262986996,0,500,baseline
-0.009929058992219839,0.015850155399782313,0.015790056811338965,0.5313180596273291,-0.04107047719226124,0.021212359207821562,0,500,baseline
-0.012823497984838447,0.015885860393263635,0.01548083956551527,0.41992098659808463,-0.0440350671774592,0.0183880712077823,0,500,baseline
0.00012158765557269795,0.01456332089064721,0.014066831574230448,0.9933419653271354,-0.02849153661974342,0.02873471193088882,0,500,baseline
0.006855561998154352,0.015828675955252614,0.015439324225426047,0.6651221897098221,-0.02424365469988707,0.03795477869619577,0,500,baseline
-0.003185043871117555,0.01582349659313024,0.01634156734388308,0.8405573562893809,-0.034274084474490235,0.02790399673225513,0,500,baseline
-0.018016481939934624,0.014893457618377473,0.014817423703770535,0.22697140046619166,-0.04727823871393164,0.011245274834062395,0,500,baseline
-0.006358018451110542,0.015073899476861823,0.01574483554650317,0.6733603950669742,-0.035974296378630824,0.02325825947640974,0,500,baseline
0.03491605218684078,0.01577877010461578,0.015252166435679696,0.027360743887333783,0.003914887459023693,0.06591721691465788,1,500,baseline
-0.005246128517238037,0.015504709368389335,0.01611142109535814,0.7352366982373217,-0.03570883543289032,0.02521657839841425,0,500,baseline
0.01453809846511225,0.016006895841678782,0.016211035448718707,0.36419088816028955,-0.01691127379133066,0.045987470721555165,0,500,baseline
0.006811663623031684,0.016458001027933218,0.01637640688683516,0.6791390128016535,-0.025524012578264026,0.039147339824327394,0,500,baseline
-0.01762022153314135,0.014369409605115064,0.013433494338068109,0.22069109522934327,-0.04585236074653516,0.010611917680252467,0,500,baseline
-0.000711918604300026,0.015300636256252468,0.016023690982919267,0.9629075175328319,-0.030773675121161557,0.029349837912561506,0,500,baseline
-0.002987497557931623,0.015526059748811697,0.016430004807635436,0.8474930217211116,-0.0334921523983009,0.027517157282437657,0,500,baseline
-0.02600895924256013,0.01589821477380403,0.015146330696251051,0.10247824480351414,-0.057244801568238995,0.005226883083118739,0,500,baseline
0.00686287488282913,0.015343592643204314,0.014678840116261976,0.6548677197474853,-0.02328327972204412,0.03700902948770238,0,500,baseline
-0.018341018449784172,0.015150446509635167,0.014910147834724378,0.22662581452571412,-0.04810769131662472,0.011425654417056372,0,500,baseline
0.002190462589770263,0.015544395115768604,0.015616439978182007,0.8879928455597756,-0.028350216460826264,0.032731141640366786,0,500,baseline
0.002744115977141721,0.014866090999249789,0.014520740613245178,0.8536266060237253,-0.02646387253342312,0.031952104487706565,0,500,baseline
0.0008455141415520439,0.015377999506704494,0.014902169128252781,0.9561748040385531,-0.029368240969321644,0.03105926925242573,0,500,baseline
-0.004723331258191738,0.01495768768598163,0.014196228562184538,0.7523021683500166,-0.03411128334988926,0.02466462083350579,0,500,baseline
0.010863003782344552,0.014981004175145283,0.014794026262299574,0.46871988890350247,-0.018570759124558738,0.040296766689247844,0,500,baseline
-0.022602038829944555,0.015167605923694344,0.014765499586999718,0.13681732731600552,-0.05240242546651204,0.007198347806622929,0,500,baseline
0.00794609284979967,0.01451826549942174,0.014332215652223448,0.5844061840951855,-0.02057850934198293,0.03647069504158227,0,500,baseline
0.016538710404452758,0.015783230427137855,0.01619263200181684,0.29520864041348643,-0.014471217692900062,0.047548638501805573,0,500,baseline
0.0002845978063008743,0.015628395617225857,0.016470823702033434,0.985478377481743,-0.030421120304097514,0.030990315916699263,0,500,baseline
-0.003982250713274665,0.015900314282684284,0.015278637588711926,0.8023418304456635,-0.03522221802589566,0.02725771659934633,0,500,baseline
0.006004631606262248,0.014456611289125537,0.013956739603273755,0.6780606458063699,-0.022398836155087337,0.034408099367611834,0,500,baseline
-0.0072395816155164895,0.01696880773515373,0.01690727559664521,0.6698255194949121,-0.04057885966724948,0.026099696436216503,0,500,baseline
-0.0012902013739525247,0.015286422511969051,0.015082616896887191,0.9327709045493318,-0.0313240315933265,0.02874362884542145,0,500,baseline
0.010140421344975689,0.016262154393758728,0.0166759175529414,0.5332023860801498,-0.02181046733947447,0.04209131002942585,0,500,baseline
-0.0025761612465922124,0.015001167119511617,0.015588604791306002,0.8637189925687438,-0.03204953907630344,0.026897216583119016,0,500,baseline
0.00975742602649999,0.01558174360896147,0.016201589024217693,0.5314648625192933,-0.020856633064627646,0.04037148511762763,0,500,baseline
0.010937456910725219,0.014244579389028348,0.014383682092188599,0.44295036854677017,-0.017049423510870798,0.038924337332321236,0,500,baseline
-0.0001572586347124796,0.016428267928344613,0.01619027082923579,0.9923662467084221,-0.03243451705616201,0.032119999786737054,0,500,baseline
-0.00860105677065129,0.016037071856976757,0.015466193494489832,0.5919745484651929,-0.04010971702070075,0.022907603479398173,0,500,baseline
0.007556614039302222,0.01477390598001543,0.014914800511332498,0.6092390135832578,-0.02147025497032729,0.036583483048931734,0,500,baseline
0.021854280391564403,0.014705631037751606,0.014295709435558043,0.13788109787617994,-0.007038446177439529,0.05074700696056833,0,500,baseline
0.006079591331895045,0.015310385137445329,0.01545196117024204,0.6914716747119262,-0.024001319191886417,0.036160501855676506,0,500,baseline
0.013096757507731536,0.015426773370768686,0.015131112713944177,0.39630986510705235,-0.017212825515219014,0.04340634053068209,0,500,baseline
-0.011247757373792742,0.016951673585419578,0.01775245180703285,0.5073052524025008,-0.04455337129360305,0.022057856546017565,0,500,baseline
0.009434025755593139,0.016499624154573133,0.017169936224082735,0.567734318920057,-0.022983429025204994,0.041851480536391275,0,500,baseline
0.006518503376852811,0.015686140559006405,0.015780399137262865,0.6779123586284559,-0.024300668471730996,0.037337675225436615,0,500,baseline
-0.03246535508699065,0.016964308323664343,0.017307869239676497,0.05622572643045694,-0.06579579296957003,0.00086508279558873,0,500,baseline
0.0006182611688033213,0.015113510597424473,0.01510110789924451,0.967385757203039,-0.029075842271445416,0.030312364609052057,0,500,baseline
0.01975592260820466,0.014737688148930079,0.014288841450473011,0.18069289732532323,-0.009199787816812934,0.04871163303322225,0,500,baseline
0.011432215814505218,0.015173156000662723,0.015768240201789015,0.45153554564437093,-0.018379075274640513,0.041243506903650945,0,500,baseline
0.0014652835823292867,0.01600459261249557,0.015896681851534665,0.9270892595671563,-0.02997956342995066,0.03291013059460923,0,500,baseline
-0.02177049785991598,0.014428890536224141,0.013823610234218688,0.1319807197470784,-0.05011950157740299,0.006578505857571033,0,500,baseline
-0.0012822999620894521,0.015016829132686876,0.015013512386914644,0.9319849770364851,-0.030786449559637857,0.028221849635458957,0,500,baseline
-0.011626307941183885,0.01540889246922668,0.015537367108092873,0.4508940546578034,-0.04190075965982426,0.018648143777456487,0,500,baseline
0.011094141185998645,0.01465743609318634,0.014905273026034617,0.44947066421963056,-0.017703894896635965,0.039892177268633255,0,500,baseline
0.007972399387303547,0.015883607187923865,0.015421834240574648,0.6159412344451276,-0.023234742844949523,0.03917954161955662,0,500,baseline
0.006752685008361547,0.01628080544400819,0.016205774475406734,0.6784936007324391,-0.02523484812158701,0.038740218138310106,0,500,baseline
0.0016254347242469474,0.015234956721578331,0.015162960989870265,0.9150769857142219,-0.02830727865045716,0.03155814809895105,0,500,baseline
0.008635441670390927,0.014964746025778516,0.015351674040612707,0.5641648596499927,-0.02076637821666057,0.03803726155744243,0,500,baseline
-0.01604523565536306,0.016157175008919077,0.015996935660202938,0.32115720776078727,-0.04778986725001083,0.01569939593928471,0,500,baseline
-0.022787785255345364,0.015364115456313644,0.014868389473154966,0.1386585257122349,-0.052974261831174665,0.007398691320483937,0,500,baseline
0.0005032535558135535,0.015857692271070888,0.01606961503563624,0.9746956102988554,-0.03065297262905812,0.031659479740685226,0,500,baseline
0.025766452477718933,0.015426066807300116,0.0152029014335533,0.09548460066677661,-0.004541742332440979,0.056074647287878844,0,500,baseline
0.0039410496628663845,0.016448516337936942,0.015463612255904969,0.8107396470017844,-0.02837599159825228,0.03625809092398505,0,500,baseline
0.014033115183331892,0.015922338212929227,0.01563141977886703,0.3785548538263378,-0.017250123403599493,0.045316353770263273,0,500,baseline
-0.019686366069048295,0.01584920963040197,0.015532059496099855,0.2147828237933216,-0.05082592607911924,0.011453193941022649,0,500,baseline
-0.008117057454154548,0.015630999951909946,0.015565500458311652,0.6037876477849853,-0.03882789240243146,0.022593777494122363,0,500,baseline
0.010482651763504944,0.016466414561665435,0.01727498580108011,0.5246726913895994,-0.02186955483549896,0.042834858362508846,0,500,baseline
-0.021922778772081992,0.014741219268959653,0.014134843103367857,0.1376013449525511,-0.05088542692627523,0.007039869382111243,0,500,baseline
0.006081839568027256,0.01444523990592542,0.014675433543488495,0.6739168286719224,-0.022299286393458802,0.03446296552951331,0,500,baseline
0.030245288886928776,0.015870856601140553,0.015367426154057647,0.057263049941462786,-0.0009368017704154165,0.061427379544272964,0,500,baseline
-0.009216848865854025,0.014165704916311613,0.01395808644548015,0.515575569667926,-0.037048761536142484,0.018615063804434437,0,500,baseline
-0.01105164370717566,0.014845891318776946,0.015073624509268036,0.45697088663388985,-0.040219945118072024,0.0181166577037207,0,500,baseline
0.022657272867270276,0.015329146819190185,0.015743607272872485,0.14002607990255042,-0.007460499464021331,0.05277504519856188,0,500,baseline
-0.010054437461721508,0.015263573877526866,0.015027150424516965,0.5103793453977257,-0.04004337607829935,0.019934501154856336,0,500,baseline
0.02959231677540371,0.015418747323299582,0.016066699504144553,0.05552478518773003,-0.0007014971592051444,0.059886130710012565,0,500,baseline
-0.00481117842918849,0.016138835195959326,0.01636768639198478,0.7657421124697078,-0.036519777078373915,0.026897420219996936,0,500,baseline
0.008396851410919648,0.015389430924892509,0.015711563305183897,0.5855683472175388,-0.021839363452898636,0.03863306627473793,0,500,baseline
0.011656841214895826,0.015431891954897624,0.014980175043074797,0.45038205517009333,-0.01866279848983045,0.0419764809196221,0,500,baseline
0.014032614342772582,0.01622924298765648,0.01612115696577206,0.387647233708291,-0.01785361201912422,0.04591884070466938,0,500,baseline
-0.0026438296692766297,0.014609166975358417,0.014756363085504943,0.8564642810082808,-0.031347029534441274,0.026059370195888016,0,500,baseline
0.01388852758000779,0.015369314773694753,0.014921510804683902,0.36661632676109346,-0.016308164297364997,0.04408521945738057,0,500,baseline
-0.009474403937888344,0.015114298643931653,0.015938672898902415,0.5310445672657245,-0.03917005568383013,0.02022124780805344,0,500,baseline
0.008037186962721862,0.016635830825524115,0.01648793914816266,0.6292192576484618,-0.024647878374233857,0.04072225229967758,0,500,baseline
0.0016451355844831345,0.01572923030566429,0.01529374841695123,0.9167424836949862,-0.029258696369125602,0.032548967538091875,0,500,baseline
-0.016645230549409352,0.015001670265569566,0.01422198001677764,0.2677248276836617,-0.046119596929794754,0.012829135830976054,0,500,baseline
-0.037068264860830494,0.015937286046550744,0.014479189074964247,0.02042539596892542,-0.06838087203918898,-0.005755657682472007,1,500,baseline
-0.014938919963647233,0.016565852344253704,0.01605225962161509,0.3676043629309528,-0.04748649585048213,0.017608655923187666,0,500,baseline
-0.014987616295065473,0.015524360668578272,0.016079673414689556,0.334800228480839,-0.04548893288626495,0.01551370029613401,0,500,baseline
0.004249798903530202,0.015161030000177952,0.015200022735568535,0.7793555462402622,-0.02553766775975562,0.03403726556681602,0,500,baseline
0.01540237896072351,0.015606874450221802,0.01442816440742236,0.3241723303986924,-0.015261055673903063,0.046065813595350086,0,500,baseline
0.01500445206108176,0.015130334849958118,0.015547789158233198,0.32183518405370204,-0.014722706643979119,0.04473161076614264,0,500,baseline
0.016529220130684308,0.016034323587844592,0.016731013498940166,0.3031045996560893,-0.014974040487865499,0.048032480749234115,0,500,baseline
-0.016424770437178264,0.015403003999125229,0.01545515501041646,0.2867886776397813,-0.04668765284906028,0.013838111974703752,0,500,baseline
0.01123205666090887,0.0148609106963441,0.014988036772329185,0.450119185405106,-0.017965753906593586,0.040429867228411326,0,500,baseline
-0.014147090577746232,0.014945622562692008,0.014952145194718002,0.3443165650558907,-0.04351133785138234,0.01521715669588987,0,500,baseline
-0.014700212584217467,0.017108772323923827,0.01609317113504739,0.390632119056886,-0.04831448451974206,0.018914059351307123,0,500,baseline
-0.016391643596624185,0.015840849956369505,0.01610555970643158,0.30127833580318963,-0.047514779029238646,0.014731491835990276,0,500,baseline
0.014334993146342404,0.01555075387621051,0.01595317107814076,0.35706892505078003,-0.016218179208777682,0.04488816550146249,0,500,baseline
-0.016683632907007015,0.014670743815022196,0.015324295963270536,0.25599975919091567,-0.045507815189507014,0.012140549375492984,0,500,baseline
-0.01354973093004643,0.014976071082612829,0.01562755164069102,0.36603070700290397,-0.042973801597744624,0.01587433973765176,0,500,baseline
-0.0259157884931982,0.015485435278733178,0.01588438378120029,0.09484526224178191,-0.056340626853541825,0.004509049867145426,0,500,baseline
-0.0005208822112198717,0.01627183275096947,0.015895880136202887,0.9744758798156292,-0.03249078634137306,0.03144902191893331,0,500,baseline
-0.019949128967637467,0.01607086899291535,0.015865115271157724,0.2150710587168072,-0.05152419176817812,0.011625933832903189,0,500,baseline
-0.0035167135018200485,0.01585907535546724,0.015154620024964356,0.8246011946558005,-0.03467565708652197,0.02764223008288187,0,500,baseline
-0.020258244666757283,0.014436974055199257,0.014694261817645589,0.16117454934260433,-0.04862313038909426,0.008106641055579691,0,500,baseline
-0.009089648214195185,0.016761476341440863,0.017132756964941924,0.5878585575301085,-0.042021574194307576,0.023842277765917203,0,500,baseline
-0.02315003722132527,0.016120501750647748,0.016332119673606503,0.15161259238704075,-0.05482261543581494,0.0085225409931644,0,500,baseline
0.019932276275748596,0.015278723672737547,0.014971593383769286,0.19263937301480477,-0.010086427734063645,0.04995098028556084,0,500,baseline
-0.018175510606014276,0.013292499871575785,0.013590778651134854,0.17213218067442923,-0.04429180328478658,0.00794078207275803,0,500,baseline
-0.0199725834170062,0.015846635606270414,0.01591536593959148,0.20812707786196574,-0.051107086141522776,0.011161919307510378,0,500,baseline
-0.0056834986242856895,0.016833642820778573,0.01727634410247664,0.7357862756252086,-0.03875721289961638,0.027390215651045005,0,500,baseline
0.005061436955914756,0.015084057345574489,0.016143103060154745,0.7373524687451294,-0.024574798532249163,0.034697672444078675,0,500,baseline
0.013119069564917287,0.015757659342009515,0.01598641218512701,0.40549655647696903,-0.017840618024647106,0.04407875715448168,0,500,baseline
0.01161436429132164,0.015004905551254262,0.01509326587282652,0.43927572797282044,-0.01786635858096952,0.041095087163612806,0,500,baseline
-0.00031874705764934827,0.014699575861262035,0.015167664279566905,0.9827086332833042,-0.029199576785355473,0.028562082670056776,0,500,baseline
0.009616592361038657,0.015389550373495643,0.015417793269509662,0.5323372912214703,-0.02061985718810666,0.039853041910183976,0,500,baseline
-0.009594988267708066,0.01574140056258773,0.015409463064753753,0.5424456124299064,-0.04052273159952701,0.021332755064110878,0,500,baseline
-0.009588625899370498,0.015158289216650305,0.015484868773194403,0.5273070971145624,-0.03937070763841567,0.02019345583967468,0,500,baseline
-0.01466951401651011,0.014966157515664748,0.015553990848876487,0.327473670723028,-0.04407410711276515,0.014735079079744931,0,500,baseline
-0.07367391436214352,0.01545711223774726,0.014670523366039767,2.4658627754263758e-06,-0.10404310533974592,-0.043304723384541104,1,500,baseline
-0.007923732719318146,0.016340755653305148,0.01667820525521262,0.6279561492804611,-0.04002905236250949,0.024181586923873195,0,500,baseline
-0.01587038945923059,0.016134266124363486,0.016407828270086293,0.3257677512433247,-0.0475700110753357,0.01582923215687452,0,500,baseline
-0.029211415294286794,0.016394752376554106,0.01665330997218502,0.07539862761726505,-0.061422824404597856,0.0029999938160242684,0,500,baseline
-0.006720553850541684,0.015659188899770877,0.015463251383470218,0.6679804808811977,-0.037486772723569796,0.02404566502248643,0,500,baseline
-0.009673424162035529,0.016356265088100484,0.015744309215213435,0.5545073207426483,-0.041809215796373055,0.022462367472301993,0,500,baseline
-0.013453544078099528,0.01530811058058279,0.015193384729726393,0.37990606122948123,-0.043529985691344183,0.016622897535145127,0,500,baseline
-0.016223513513603988,0.014373415899949006,0.014841642317889344,0.2595608287134021,-0.04446352405063531,0.012016497023427337,0,500,baseline
-0.01315897907321031,0.01478927375170804,0.01503617348605352,0.37402166145837223,-0.04221604174296563,0.015898083596545008,0,500,baseline
-0.014714121827987568,0.01607702938817745,0.014810386394995396,0.3605157238142134,-0.04630128819725016,0.016873044541275025,0,500,baseline
0.005293608177084945,0.016790910981341393,0.01575333472850233,0.7526915418029267,-0.02769614918748962,0.03828336554165951,0,500,baseline
