beta_hat,se_classic,se_robust,p_value,ci_low,ci_high,reject,n,scenario
-0.05488824516306948,0.028986766572839447,0.02770183156830255,0.05886249599677888,-0.11183967543889956,0.0020631851127606085,0,500,heteroskedastic
-0.023734588040643798,0.028188731701229812,0.02768648865607755,0.4001985433412256,-0.07911808809445516,0.03164891201316755,0,500,heteroskedastic
0.017162658488294624,0.02677967765118316,0.02518659757254926,0.5218930582828794,-0.03545241814428217,0.06977773512087142,0,500,heteroskedastic
-0.02565815249661516,0.0286050738595394,0.027546503954439864,0.3701634928601042,-0.0818596562191101,0.030543351225879773,0,500,heteroskedastic
0.017476034239971773,0.026952108080897264,0.027801063996587893,0.5170182373021759,-0.03547782317971412,0.07042989165965766,0,500,heteroskedastic
0.027646798197613887,0.025749610210133375,0.023954716497937956,0.28348684692155,-0.022944464778447058,0.07823806117367484,0,500,heteroskedastic
-0.030237432360856603,0.027639684862917808,0.028050645135124973,0.274489914846485,-0.08454219868796145,0.024067333966248237,0,500,heteroskedastic
0.04109557948930665,0.02714393223569991,0.02732822178063531,0.13066334140540983,-0.012235162325194747,0.09442632130380804,0,500,heteroskedastic
0.02110249108305801,0.02892381970680507,0.028414160185594967,0.46598466721203013,-0.035725265031218714,0.07793024719733473,0,500,heteroskedastic
0.023986284480613435,0.028962048941895142,0.029108137165188556,0.40795561717285733,-0.03291658210213377,0.08088915106336064,0,500,heteroskedastic
0.004070097780137132,0.029260295599509135,0.029071060362597188,0.8894276128970378,-0.053418745637363985,0.061558941197638245,0,500,heteroskedastic
0.04940304607775632,0.02726040961069326,0.02733945414857524,0.07054758931564709,-0.0041565433760282,0.10296263553154084,0,500,heteroskedastic
0.0074182074861549666,0.02693863276461144,0.025558256616796757,0.7831428952452351,-0.045509174454316355,0.06034558942662629,0,500,heteroskedastic
-0.012962506011668862,0.029054809744035275,0.028540060038838574,0.6556902020439006,-0.0700476233584721,0.044122611335134385,0,500,heteroskedastic
0.06522762491833449,0.03088429770858507,0.03205098275334499,0.03518382714372775,0.004548041248710832,0.12590720858795815,1,500,heteroskedastic
0.028917409890952938,0.02880069448077138,0.028452523632177998,0.3158409033790984,-0.027668437291948737,0.08550325707385462,0,500,heteroskedastic
-0.004324399287479698,0.02935947140618351,0.02895388776337681,0.8829615872970957,-0.062008097278521176,0.05335929870356178,0,500,heteroskedastic
0.012228832555739522,0.027626199873801036,0.02647332506393847,0.6582086183045021,-0.042049439287562704,0.06650710439904174,0,500,heteroskedastic
0.032921238561679826,0.02759633207316492,0.026621259078537077,0.233454251226178,-0.021298350849377125,0.08714082797273678,0,500,heteroskedastic
0.0526676903126234,0.03308441412611103,0.03335481476903465,0.11203754296213395,-0.012334547849579797,0.1176699284748266,0,500,heteroskedastic
0.02259798510259753,0.028822874958009857,0.02995849814859715,0.4333955300872656,-0.034031440928595405,0.07922741113379046,0,500,heteroskedastic
-0.010922726176348707,0.028159005757988225,0.02835677788892928,0.6982597822228693,-0.06624782251066785,0.04440237015797043,0,500,heteroskedastic
0.034539666972395994,0.028124516037766,0.028314594329230076,0.21999022220445008,-0.02071766606409091,0.0897970000088829,0,500,heteroskedastic
-0.014838108644119975,0.02871206894927304,0.028737778834101845,0.6055322190831156,-0.07124982979040068,0.04157361250216072,0,500,heteroskedastic
0.03714272861466529,0.028122267331680963,0.029016955950781128,0.18718844313079763,-0.018110186301315098,0.09239564353064568,0,500,heteroskedastic
-0.06861790559099451,0.032480516744267635,0.03474304844757485,0.035133257701927774,-0.13243364302537813,-0.0048021681566109,1,500,heteroskedastic
-0.028001432523552406,0.028670027217344372,0.028258449371129448,0.32920195797512997,-0.0843305526402014,0.02832768759309658,0,500,heteroskedastic
0.0027890609528048015,0.031577664832480326,0.03168984853968596,0.9296547887798552,-0.05925280813464376,0.06483093004025337,0,500,heteroskedastic
-0.062335029758305176,0.029128710805900265,0.02679966902825612,0.03284116547541648,-0.11956534340223723,-0.00510471611437311,1,500,heteroskedastic
0.03367200631040745,0.027622800844334647,0.027507856316803785,0.22342385997717157,-0.02059958732719791,0.0879435999480128,0,500,heteroskedastic
-0.006961634964179607,0.02958457482324415,0.029932621729229707,0.8140625389843471,-0.06508760241391927,0.05116433248556005,0,500,heteroskedastic
-0.002509706901255168,0.028424229064840895,0.028728746063547684,0.9296779977658365,-0.058355897805739236,0.0533364840032289,0,500,heteroskedastic
0.014182479282146939,0.0290025994477858,0.029716670092805066,0.6250519049859924,-0.04280005846030269,0.07116501702459656,0,500,heteroskedastic
-0.00258181438870609,0.027553816712348654,0.02729182840396819,0.9253845283155857,-0.05671787221299241,0.05155424343558023,0,500,heteroskedastic
-0.11481748206374942,0.02885558702832209,0.028208701282449913,7.947785331306571e-05,-0.17151117877469835,-0.05812378535280048,1,500,heteroskedastic
-0.031836866910587625,0.02884758209980151,0.029251152966009934,0.2702895205904359,-0.08851483602641633,0.02484110220524107,0,500,heteroskedastic
-0.02536676446326626,0.029716507828707717,0.02903558113379394,0.3937230074860574,-0.08375194583198023,0.033018416905447705,0,500,heteroskedastic
-0.018779463732735046,0.03029833105761663,0.030149112553985873,0.5356608250604062,-0.07830777588048224,0.04074884841501214,0,500,heteroskedastic
-0.02860310993372151,0.029444055427249458,0.02995647121863328,0.33180119606645375,-0.08645299344828739,0.029246773580844362,0,500,heteroskedastic
-0.018527555080472605,0.028558869165496048,0.026951852076316094,0.5167992800706576,-0.07463827863938449,0.037583168478439274,0,500,heteroskedastic
-0.04620639430441723,0.0292897993377781,0.029564853787247783,0.11530186954803154,-0.10375320486663864,0.011340416257804173,0,500,heteroskedastic
0.04167493125680749,0.02888692187947836,0.027518964092794918,0.1497359012905091,-0.015080330257733657,0.09843019277134864,0,500,heteroskedastic
0.011772151563721564,0.028330483625414977,0.027210278307965463,0.677933308606534,-0.043889854021447,0.06743415714889013,0,500,heteroskedastic
-0.010957442366301215,0.028250430094158476,0.027150938334776106,0.6982793337068103,-0.06646216365788594,0.04454727892528352,0,500,heteroskedastic
-0.02639648815478836,0.028181391221166557,0.028369915526369045,0.34938553936386596,-0.08176556608126574,0.028972589771689025,0,500,heteroskedastic
0.07558026922896624,0.030449368513350512,0.030351835385457757,0.013387346239377486,0.0157552079040505,0.135405330553882,1,500,heteroskedastic
-0.004495789546389727,0.028987227217578824,0.029809089749159315,0.8768088416049915,-0.06144812486889656,0.05245654577611711,0,500,heteroskedastic
-0.02911559220409011,0.030153732011690717,0.030306762882726424,0.3347271623860357,-0.08835980496940679,0.030128620561226567,0,500,heteroskedastic
0.010329489477679202,0.025978094040188603,0.025202800286558403,0.691078431200325,-0.04071068458626892,0.06136966354162732,0,500,heteroskedastic
-0.023022290234898383,0.02838496004481585,0.028200374401849485,0.41771088946240886,-0.07879132776491632,0.03274674729511956,0,500,heteroskedastic
-0.020017217280825443,0.028571152184273217,0.029382389489485912,0.4838740180787586,-0.07615207376555735,0.03611763920390646,0,500,heteroskedastic
0.03714904017242061,0.026420653471395474,0.027611996260152778,0.1603297538224743,-0.014760647658299472,0.08905872800314069,0,500,heteroskedastic
-0.0018070777678834242,0.027833022040801927,0.02793750217850586,0.9482592310024331,-0.05649170118523407,0.052877545649467214,0,500,heteroskedastic
0.03662787553615053,0.029688442157708647,0.028984830025772585,0.21788103476819795,-0.021702164114668424,0.09495791518696949,0,500,heteroskedastic
-0.018833208407143316,0.027118415004095817,0.02811427910629116,0.48770482829010553,-0.07211381552197474,0.034447398707688114,0,500,heteroskedastic
0.003561670851564759,0.0276843750486044,0.028407475992510936,0.8976843674740522,-0.05083090002551457,0.057954241728644086,0,500,heteroskedastic
0.03807112168908137,0.028378905628220114,0.028329064953074197,0.18036021660511412,-0.017686020492631807,0.09382826387079454,0,500,heteroskedastic
-0.018927550808451918,0.02904334028652396,0.02800527203633729,0.5148952282924846,-0.07599013366496919,0.038135032048065357,0,500,heteroskedastic
0.006084952529633491,0.02846044818234586,0.02816131759594174,0.830787552453623,-0.04983239948694125,0.06200230454620824,0,500,heteroskedastic
0.022835184702917125,0.028272953212527763,0.027186125502462882,0.4196668242235493,-0.03271378863734574,0.07838415804317998,0,500,heteroskedastic
-0.014984588875279658,0.02763722613588739,0.02809871196283014,0.587931110831299,-0.06928452444553936,0.03931534669498005,0,500,heteroskedastic
-0.02505638948539822,0.030022898600463113,0.029364139636958126,0.4043566651257847,-0.08404354874740144,0.033930769776604995,0,500,heteroskedastic
0.02361987798080061,0.030041486781192707,0.03123909781715156,0.4320996901384907,-0.03540380220450448,0.08264355816610569,0,500,heteroskedastic
0.01951298386723354,0.02762186601005629,0.027108627027355548,0.4802495876667695,-0.03475677306502252,0.0737827407994896,0,500,heteroskedastic
-0.01595945164884673,0.02797503438678135,0.027678956332662746,0.5686033304011826,-0.07092309225840578,0.039004188960712324,0,500,heteroskedastic
0.036099281266832164,0.02814027270230568,0.027534494099550492,0.2001471790956594,-0.01918900950271738,0.0913875720363817,0,500,heteroskedastic
0.00565390724025798,0.02776938560391388,0.02792699924803783,0.838747563753082,-0.04890568718880158,0.06021350166931754,0,500,heteroskedastic
0.012285256634317055,0.029674602575820073,0.030022878851983213,0.6790530602468859,-0.04601759185045745,0.07058810511909157,0,500,heteroskedastic
-0.05040184014654839,0.027865495312805057,0.028378848117766798,0.07109211744579226,-0.10515026506730808,0.004346584774211307,0,500,heteroskedastic
0.011571099480884344,0.029507463721190497,0.029135872351234292,0.6951214697851791,-0.04640336478063094,0.06954556374239962,0,500,heteroskedastic
-0.016530318917149015,0.027782881927273913,0.026828360327416683,0.5521256440608553,-0.07111643009884076,0.03805579226454274,0,500,heteroskedastic
0.011466917308220099,0.028330662972439156,0.02815716130480144,0.6858329628865913,-0.044195440647038356,0.06712927526347856,0,500,heteroskedastic
-0.008521289402172848,0.025623799878606034,0.026222462581842708,0.7396111366738722,-0.05886536791542199,0.0418227891110763,0,500,heteroskedastic
-0.013802888172741997,0.02831390012214222,0.027359341185182396,0.6261220256095199,-0.06943231150255641,0.04182653515707242,0,500,heteroskedastic
-0.0018168893714597262,0.030299373778892875,0.02967094371625291,0.9522078965428739,-0.061347250194346725,0.05771347145142727,0,500,heteroskedastic
-0.03609016296753075,0.028521469207728745,0.028051919864972682,0.2063310518873393,-0.09212740537145589,0.01994707943639438,0,500,heteroskedastic
0.03043586659142075,0.02851432890398605,0.02964794841501487,0.2863135984517656,-0.025587346979390885,0.08645908016223239,0,500,heteroskedastic
0.004128481490312815,0.028041651033839057,0.02769400427651851,0.883012621960418,-0.050966043442635084,0.05922300642326071,0,500,heteroskedastic
0.025999894810483527,0.02808496190495744,0.028093886222500124,0.35501984391328856,-0.029179724679336935,0.08117951430030398,0,500,heteroskedastic
-0.007671907982971817,0.028880306685086548,0.028242128488374253,0.7906225871888605,-0.06441417236721146,0.04907035640126782,0,500,heteroskedastic
0.012489997790063084,0.028858356706994163,0.029399256816412544,0.665344902675512,-0.04420914061654317,0.06918913619666935,0,500,heteroskedastic
-0.005131403946687514,0.030010800867489605,0.030528801061635278,0.864304821279166,-0.06409479432111215,0.05383198642773712,0,500,heteroskedastic
-0.01256118755820636,0.027272939409610193,0.026378940389402594,0.6453058251529082,-0.06614539479637173,0.04102301967995901,0,500,heteroskedastic
-0.05541178426619572,0.028744361873772203,0.027840305796460206,0.05445525219428281,-0.11188695258011394,0.001063384047722507,0,500,heteroskedastic
0.02765137198737596,0.028151870933528035,0.028842992086603368,0.3264676886678889,-0.027659706279189615,0.08296245025394153,0,500,heteroskedastic
-0.014967095837129758,0.02729010959909946,0.02805939714592544,0.5836328695692619,-0.06858503801592962,0.03865084634167011,0,500,heteroskedastic
-0.02835795018450797,0.03063857917511464,0.03125505330038918,0.35512116876179944,-0.08855476107258473,0.03183886070356878,0,500,heteroskedastic
-0.01534902910483473,0.02852519434651789,0.02711894315136782,0.5907575544604872,-0.07139359043415586,0.0406955322244864,0,500,heteroskedastic
-0.02480992433667738,0.028143570698429217,0.02649537667699869,0.3784462519141051,-0.08010469480777652,0.03048484613442175,0,500,heteroskedastic
-0.010081849384722872,0.030015145692143485,0.029254129756304773,0.7370937259998727,-0.06905377620551914,0.048890077436073404,0,500,heteroskedastic
0.03244099238888819,0.029073243352412088,0.031260829284937626,0.2650301627424094,-0.024680342186889727,0.0895623269646661,0,500,heteroskedastic
-0.055733384043214255,0.030649779533465402,0.031148162593759507,0.06960445861319756,-0.11595220071196596,0.004485432625537446,0,500,heteroskedastic
-0.04630596840257549,0.027376984597790904,0.025146006682370284,0.09138231333240174,-0.10009459727794967,0.007482660472798684,0,500,heteroskedastic
-0.01376919586969761,0.02607960501727042,0.026191754435191318,0.5977567403285657,-0.06500881250751747,0.03747042076812225,0,500,heteroskedastic
-0.0005150030672123294,0.02894391579147612,0.029266105532046185,0.9858110058251257,-0.057382242742447284,0.05635223660802262,0,500,heteroskedastic
-0.00027740960827457584,0.02806047838766287,0.027172889566148488,0.9921160950063213,-0.05540892537722624,0.05485410616067709,0,500,heteroskedastic
-0.014031118997112568,0.028781756585446655,0.028783002915588708,0.6261182600543445,-0.0705797581588144,0.04251752016458927,0,500,heteroskedastic
-0.008696784518459956,0.03050072658933002,0.029568104497655772,0.7756602679161729,-0.06862275105734283,0.051229182020422925,0,500,heteroskedastic
0.007728097471634264,0.029929364395463894,0.029291406849877605,0.7963505803436399,-0.05107529149156614,0.06653148643483467,0,500,heteroskedastic
-0.020446063058337183,0.029005368663700726,0.02846958889890837,0.4811981756164675,-0.07743404158724712,0.036541915470572756,0,500,heteroskedastic
0.013595621821201255,0.029731508936127197,0.029427386564666945,0.6476692817075855,-0.044819032808047436,0.07201027645044994,0,500,heteroskedastic
-0.009109581029189497,0.029662090633311163,0.03216533245120625,0.7588865783460883,-0.06738784681276411,0.04916868475438511,0,500,heteroskedastic
0.0043127871913313,0.028713633631837435,0.028295324890776765,0.8806676552723625,-0.05210200814777963,0.060727582530442234,0,500,heteroskedastic
0.040980719261540184,0.03019410218048066,0.028577417852840032,0.175318945444572,-0.018342810348147054,0.10030424887122742,0,500,heteroskedastic
0.0094036292797052,0.03256617266905942,0.03072573339156598,0.7728893984008667,-0.054580399689238945,0.07338765824864935,0,500,heteroskedastic
-0.025920747802252293,0.028180852129951618,0.027116401023662633,0.358122595243789,-0.08128876655520431,0.029447270950699725,0,500,heteroskedastic
-0.019886859403920307,0.030205952996408762,0.030706742240416956,0.5106011218805109,-0.07923367277364146,0.03945995396580085,0,500,heteroskedastic
0.026096211197997377,0.028442844021648,0.027926602278859902,0.35932661890033246,-0.029786553237791863,0.08197897563378662,0,500,heteroskedastic
-0.005494892248815823,0.02928153441459911,0.028527573096236852,0.8512217779147093,-0.06302546439427624,0.05203567989664459,0,500,heteroskedastic
-0.0016374264090374471,0.025795105355636658,0.027163278342976598,0.9494112024077449,-0.052318075471004456,0.04904322265292956,0,500,heteroskedastic
-0.004385948643070818,0.029937976959900296,0.030702543992283778,0.8835850513199567,-0.06320625904736273,0.054434361761221094,0,500,heteroskedastic
-0.0061565315083891535,0.03045195925034817,0.030267555364068242,0.8398648753998136,-0.0659866829552788,0.053673619938500505,0,500,heteroskedastic
0.006651442825690138,0.0301296228354947,0.02887870149965275,0.8253690832422194,-0.05254540170130699,0.06584828735268727,0,500,heteroskedastic
0.013071688565421277,0.02803618308864957,0.029205245891320796,0.6412450756213379,-0.04201209328245611,0.06815547041329867,0,500,heteroskedastic
0.010590971270853837,0.029464681445454735,0.030857560080460252,0.7194135925357233,-0.047299436985743334,0.06848137952745101,0,500,heteroskedastic
0.01573026897884374,0.027805515043446794,0.02570436345659885,0.5718356874562147,-0.03890031036849889,0.07036084832618637,0,500,heteroskedastic
-0.004542760925714741,0.028644045481949106,0.026952488576765177,0.8740534002150796,-0.060820833713987506,0.051735311862558024,0,500,heteroskedastic
0.009900963470816749,0.027291767601816903,0.0267603135809426,0.7169216191363359,-0.04372023625055595,0.06352216319218944,0,500,heteroskedastic
-0.07873421688676986,0.027914103671465965,0.025912274242475705,0.004984829965744763,-0.1335781445446887,-0.02389028922885103,1,500,heteroskedastic
-0.027688157899309215,0.028226286124206197,0.02822477699104807,0.32710099238263124,-0.08314544259192512,0.02776912679330669,0,500,heteroskedastic
-0.030035944151648262,0.03114408729927217,0.0327609520647713,0.33530406114998323,-0.09122594655746398,0.031154058254167453,0,500,heteroskedastic
-0.00257693831686856,0.02839431645774925,0.028231543042957025,0.9277234189920762,-0.05836435875611749,0.05321048212238037,0,500,heteroskedastic
-0.04903383098996021,0.031225683096049554,0.03198310912261824,0.11697940491912422,-0.11038414783855072,0.0123164858586303,0,500,heteroskedastic
0.010008974777920688,0.030276649777046236,0.030132181987407417,0.7410977992418766,-0.04947673931268919,0.06949468886853057,0,500,heteroskedastic
-0.04314447960523537,0.03083467444173932,0.030421838653204136,0.1623696867783383,-0.103726566508025,0.01743760729755426,0,500,heteroskedastic
-0.01750188454087949,0.02999951231826124,0.028601691757918095,0.5598843772845933,-0.076443095862574,0.04143932678081503,0,500,heteroskedastic
-0.023965997520619106,0.027831907583106184,0.027168955450353572,0.3895985160370875,-0.07864843131949006,0.030716436278251845,0,500,heteroskedastic
-0.020978909955292772,0.02993046887990682,0.029775186088038964,0.48367935577052024,-0.07978446894213426,0.03782664903154872,0,500,heteroskedastic
-0.04394745898963265,0.032180490297327266,0.030978064318948687,0.17266364026697534,-0.10717372276779136,0.01927880478852606,0,500,heteroskedastic
-0.03152778851584458,0.028679065445415767,0.028484456990768955,0.2721548303682206,-0.08787466639152239,0.024819089359833214,0,500,heteroskedastic
-0.05073286017301973,0.029406447826250542,0.028131384503587733,0.08510657333376118,-0.10850885456784715,0.007043134221807697,0,500,heteroskedastic
-0.03270764649629572,0.029477298380006407,0.02956171964296355,0.2677122630441139,-0.09062284373605212,0.02520755074346067,0,500,heteroskedastic
0.008504445712891759,0.029117625260749666,0.028943633809923045,0.7703531377287791,-0.048704087728335475,0.065712979154119,0,500,heteroskedastic
-0.028634219959722762,0.03130520899433634,0.030968818715830966,0.3608027812382101,-0.09014078444083282,0.03287234452138729,0,500,heteroskedastic
0.011594764833843262,0.02913631223978897,0.028392042631836718,0.690838351030385,-0.04565048364357639,0.06884001331126291,0,500,heteroskedastic
0.012609092138819441,0.030139238378096043,0.030104764583599567,0.6758632986486,-0.04660664441956894,0.07182482869720781,0,500,heteroskedastic
-0.01900490369397949,0.029047659280533343,0.02872599596579458,0.5132422973861794,-0.0760759722463942,0.038066164858435225,0,500,heteroskedastic
0.04982570678001978,0.026831470984581562,0.026490329026135524,0.06390314479217478,-0.0028911302337426698,0.10254254379378223,0,500,heteroskedastic
0.019707353045101822,0.030242825168101967,0.03186565160955154,0.5149357808181996,-0.039711904517731635,0.07912661060793527,0,500,heteroskedastic
0.016880969151513558,0.028108343921008107,0.02688665557417882,0.5484010335299773,-0.03834458989674201,0.07210652819976912,0,500,heteroskedastic
0.057161936110003,0.027442340711530722,0.0276576214748814,0.03776233631486285,0.0032448995301889647,0.11107897268981703,1,500,heteroskedastic
-0.026287366158527472,0.028935993395209855,0.027643201546570677,0.3640714886766936,-0.08313904039297958,0.03056430807592463,0,500,heteroskedastic
0.029344752355595277,0.029777262859812328,0.030424618404488995,0.32486927490519535,-0.0291597967911413,0.08784930150233186,0,500,heteroskedastic
-0.05353679666000219,0.029850442243582416,0.028834799091682416,0.0734994605172516,-0.11218512419478138,0.005111530874777004,0,500,heteroskedastic
0.017847288952444907,0.029424944963087063,0.028826436432545607,0.5444352619531848,-0.03996504748819851,0.07565962539308832,0,500,heteroskedastic
-0.0037519448531207894,0.02839920811769968,0.029728367990109805,0.8949471518413701,-0.059548976127365746,0.05204508642112417,0,500,heteroskedastic
-0.032349498266090994,0.02842729659980741,0.02692454764805651,0.25567889982416026,-0.08820171607610539,0.023502719543923398,0,500,heteroskedastic
0.009969128300544305,0.027539041039263218,0.027412865290267156,0.7175057081545384,-0.04413789918283147,0.06407615578392009,0,500,heteroskedastic
-0.026546572608860085,0.029541618641588975,0.029566263037059642,0.36929147310012644,-0.0845881423739424,0.031494997156222226,0,500,heteroskedastic
0.004799709565768318,0.029495810181914123,0.029960060900833065,0.8708008669697618,-0.05315185853284113,0.06275127766437777,0,500,heteroskedastic
0.014272104491324966,0.02929572411470606,0.02879998014147742,0.6263496495593882,-0.04328634671109219,0.07183055569374212,0,500,heteroskedastic
-0.03019552822673213,0.028733840636367226,0.02833834243295021,0.2938280135078365,-0.08665002505537174,0.02625896860190748,0,500,heteroskedastic
-0.019548966575648908,0.028785131474505402,0.028860310299557827,0.49736835508851296,-0.07610423651344765,0.03700630336214984,0,500,heteroskedastic
0.007402532666882043,0.02755563845920249,0.02826894609337774,0.7883183693916801,-0.0467371044144651,0.061542169748229195,0,500,heteroskedastic
0.016368197536959957,0.029025161087895095,0.0274568798003807,0.5730547329905835,-0.04065866793933208,0.073395063013252,0,500,heteroskedastic
-0.024319691355071074,0.02782748319012295,0.02847811265822051,0.3825694159058671,-0.07899343237657189,0.030354049666429746,0,500,heteroskedastic
0.010070381717058558,0.03085558075469997,0.031078012571388702,0.7442804200382543,-0.050552780633794966,0.07069354406791209,0,500,heteroskedastic
0.003675562086908583,0.028404838665619107,0.028085333274000333,0.8970940625424195,-0.052132531744329136,0.059483655918146305,0,500,heteroskedastic
0.042929018604951415,0.0280558673521549,0.02860783668162373,0.1266204206896362,-0.012193437682785892,0.09805147489268873,0,500,heteroskedastic
0.007593406761893984,0.028771862724278355,0.02860689272886058,0.7919524327738394,-0.04893579354507843,0.0641226070688664,0,500,heteroskedastic
0.012215240933691824,0.030491946383530245,0.0292804313014299,0.6888824117358813,-0.04769347479257775,0.07212395665996141,0,500,heteroskedastic
-0.01700998410802891,0.029973507977705142,0.030375329557831315,0.5706298457018897,-0.07590010368810651,0.04188013547204869,0,500,heteroskedastic
0.023039325614008222,0.028051487478632727,0.02838207339189438,0.41185544288820675,-0.03207452536547961,0.07815317659349605,0,500,heteroskedastic
-0.0025976806212223945,0.03079844294833691,0.03316744036077518,0.9328163923916275,-0.06310858209651318,0.0579132208540684,0,500,heteroskedastic
0.02595205340941506,0.03127634413024962,0.03280412067915278,0.40706855040942624,-0.03549779914798576,0.08740190596681588,0,500,heteroskedastic
0.0249444945265297,0.028458541942187866,0.028276491810958777,0.3811697605940608,-0.03096911222569574,0.08085810127875515,0,500,heteroskedastic
0.00908451434101381,0.027593736915248898,0.027243029257199923,0.7421249644770217,-0.04512997626211858,0.0632990049441462,0,500,heteroskedastic
-0.0703204064052884,0.027621749671082278,0.028003328010979843,0.011201886623160658,-0.12458993476182698,-0.016050878048749828,1,500,heteroskedastic
-0.05297930533757295,0.029415018906146395,0.027263364897142178,0.07229239237221577,-0.11077213966719789,0.00481352899205198,0,500,heteroskedastic
-0.06835586486528389,0.030359867960122987,0.03214620898134041,0.02478766142339944,-0.12800508096427637,-0.008706648766291403,1,500,heteroskedastic
-0.0239790081472417,0.025067254214181267,0.024875540626352145,0.3392399143084436,-0.0732296196977941,0.025271603403310687,0,500,heteroskedastic
-0.0015783594106389184,0.028384941795758335,0.02901761632705818,0.9556783692664739,-0.057347361086022154,0.054190642264744314,0,500,heteroskedastic
-0.020427928242636634,0.028410212982424868,0.027928433158169123,0.47245680617841235,-0.07624658120360946,0.03539072471833618,0,500,heteroskedastic
-0.007840924709858102,0.02997345250728877,0.030580119989602632,0.7937413568396607,-0.06673093530504626,0.05104908588533005,0,500,heteroskedastic
0.009718565479146415,0.02810528284409327,0.02661582240988104,0.7296455052820459,-0.04550097935196471,0.06493811031025754,0,500,heteroskedastic
-0.008158274306676051,0.029691158901970858,0.028096614024795505,0.7836060050543423,-0.06649365165085372,0.05017710303750162,0,500,heteroskedastic
-0.01960584289389781,0.028180580122562894,0.027602638135570415,0.4869276260810711,-0.07497332722332956,0.03576164143553393,0,500,heteroskedastic
0.0216814138866396,0.028559099605605626,0.026935507528762052,0.44810581842345887,-0.03442976242693881,0.077792590200218,0,500,heteroskedastic
-0.03255298988293408,0.027671934533188305,0.027933123210602206,0.24000103758056374,-0.08692111839440719,0.021815138628539045,0,500,heteroskedastic
-0.02571879710998731,0.03181462324443172,0.031538882065879646,0.41924896316675275,-0.08822622762673879,0.036788633406764165,0,500,heteroskedastic
-0.002974135177512922,0.028170023145669097,0.028307821692012694,0.9159596789203335,-0.058320877802899136,0.05237260744787329,0,500,heteroskedastic
-0.0128706723190809,0.02662683104855319,0.026763203636159326,0.629043868164564,-0.06518544527305647,0.03944410063489468,0,500,heteroskedastic
0.03076285259717227,0.03148461640298361,0.03149162147654202,0.32900608093728023,-0.031096200613540216,0.09262190580788476,0,500,heteroskedastic
-0.025742583757814394,0.027970041184053603,0.02767770382082932,0.3578288362202855,-0.08069641402732439,0.029211246511695592,0,500,heteroskedastic
0.02641853528088328,0.028402188041778607,0.030864885673688995,0.35273971104733526,-0.029384350766365832,0.08222142132813239,0,500,heteroskedastic
-0.03768701441513887,0.028458393626881705,0.02916986198475559,0.18601596880701324,-0.09360032976650053,0.01822630093622278,0,500,heteroskedastic
0.018420344315950583,0.029114571638798555,0.028723820769462522,0.5272299455013582,-0.03878218955519006,0.07562287818709124,0,500,heteroskedastic
-0.0412962318488547,0.029683350705036495,0.030163804470717637,0.16477827946353826,-0.09961626812412874,0.017023804426419348,0,500,heteroskedastic
-0.06736096896931719,0.031004541958943074,0.030970525431956178,0.030280083765873624,-0.12827680120509688,-0.006445136733537485,1,500,heteroskedastic
0.0037170835384400455,0.025064898800758625,0.02452583914887717,0.8821673319871173,-0.04552890023953987,0.05296306731641996,0,500,heteroskedastic
-0.0014460959083418034,0.030557300269708192,0.03036245093631113,0.9622739139056469,-0.06148321496247361,0.05859102314579,0,500,heteroskedastic
-0.0443880344453042,0.03020694005856052,0.028386159654688187,0.14233819928012004,-0.10373678713451354,0.014960718243905123,0,500,heteroskedastic
0.022542643420893967,0.028399179889289652,0.0287545744253595,0.4277027546804856,-0.03325433239189338,0.07833961923368132,0,500,heteroskedastic
-0.03511727487586701,0.025608482689524193,0.025986587879844272,0.1708946234422027,-0.08543125911061758,0.015196709358883564,0,500,heteroskedastic
0.00028632548346002075,0.028554028357463648,0.027834499813285504,0.9920033632985159,-0.055814887151201545,0.05638753811812158,0,500,heteroskedastic
0.07215779712250658,0.027646961874337322,0.02823084501289853,0.009327582982855992,0.017838733367386325,0.12647686087762683,1,500,heteroskedastic
-0.009618664102702335,0.026372267947664625,0.025894286816279886,0.7154704283331625,-0.061433287008737125,0.04219595880333246,0,500,heteroskedastic
-0.034317288687810546,0.029388521530835522,0.028860225598587228,0.2434822719260219,-0.09205806259121589,0.0234234852155948,0,500,heteroskedastic
0.0052609991822770465,0.027540652330871333,0.028137811189939695,0.8485825488425474,-0.04884919406853412,0.05937119243308822,0,500,heteroskedastic
-0.02342270805507761,0.02622731801262069,0.027598692758433623,0.3722535445753141,-0.074952542173153,0.028107126062997784,0,500,heteroskedastic
0.020336071717626768,0.02768836647763072,0.028034139086592195,0.4630124796407096,-0.03406434127565832,0.07473648471091185,0,500,heteroskedastic
-0.015625175121897032,0.029085783698254257,0.030355847185142438,0.5913624751532929,-0.07277114820401095,0.04152079796021688,0,500,heteroskedastic
0.03033870633473061,0.027644029320044325,0.026860980461583524,0.27296297767407113,-0.023974595716650525,0.08465200838611175,0,500,heteroskedastic
-0.014603857033654473,0.02918093062991594,0.028411804181664793,0.6169730636586266,-0.07193676900151383,0.042729054934204876,0,500,heteroskedastic
-0.015811448918887947,0.030809591013666666,0.029661618327709027,0.6080397628156133,-0.07634425343271677,0.04472135559494088,0,500,heteroskedastic
0.010913897767961407,0.029497877381139008,0.030233080440262232,0.7115477878797395,-0.04704173183755073,0.06886952737347354,0,500,heteroskedastic
0.03339597137384097,0.029417507408642005,0.02886540292954884,0.2568202797366728,-0.0244017522136463,0.09119369496132823,0,500,heteroskedastic
0.016049932283607727,0.030788658047901884,0.03197380120517499,0.6023939484340937,-0.044441744416353915,0.07654160898356936,0,500,heteroskedastic
-0.023815636427623098,0.029647873573770602,0.02919951327780451,0.42219433596965017,-0.0820659694000952,0.034434696544849,0,500,heteroskedastic
-0.0054270666084002914,0.026716831899868648,0.025013135683081226,0.8391141541374499,-0.057918667743455596,0.047064534526655016,0,500,heteroskedastic
0.006784494911923863,0.028502384253865497,0.02798329345388629,0.8119537613370642,-0.04921525053915801,0.06278424036300574,0,500,heteroskedastic
-0.024041849252550648,0.027000767262827838,0.025171523565413297,0.37367381763452845,-0.07709130926385484,0.02900761075875354,0,500,heteroskedastic
-0.010415699255556462,0.026923352039378432,0.02665466966410971,0.6990215015512025,-0.06331305855947447,0.042481660048361555,0,500,heteroskedastic
0.047738091073400366,0.028819503295014988,0.028465525135526994,0.09826042747955915,-0.008884710520069117,0.10436089266686985,0,500,heteroskedastic
0.02902357936018904,0.029703763017302445,0.028354033630216442,0.3289935065486199,-0.029336561780726418,0.08738372050110449,0,500,heteroskedastic
0.03062024274646323,0.02843719305645318,0.028477810439809705,0.2821055229212093,-0.025251419017716353,0.08649190451064281,0,500,heteroskedastic
-0.020433632693452386,0.02500642810434248,0.024758687267637882,0.41424190674519756,-0.06956473681482225,0.02869747142791749,0,500,heteroskedastic
-0.007356763588831221,0.029098880943030814,0.029579760214116926,0.8005120451139633,-0.06452846933832711,0.04981494216066466,0,500,heteroskedastic
-0.016310599935079932,0.028662082737011874,0.028188698963848704,0.569568305814167,-0.07262411122152024,0.04000291135136037,0,500,heteroskedastic
-0.042156477987441966,0.028701004464184197,0.028110434639724128,0.14251423196470897,-0.09854646030854215,0.01423350433365822,0,500,heteroskedastic
0.003990313721596684,0.029933826383811576,0.028803890045110393,0.8940064186501722,-0.05482184188405195,0.06280246932724531,0,500,heteroskedastic
0.002653917649483608,0.025605417355946316,0.02562871278708243,0.9174914319262636,-0.047654044004890705,0.05296187930385793,0,500,heteroskedastic
0.00681230312926653,0.02718469367730617,0.02749587693820812,0.802231885205775,-0.04659852427856062,0.06022313053709369,0,500,heteroskedastic
-0.0031442701952015453,0.029092598246031224,0.030624994120299495,0.9139773391342634,-0.06030363208498417,0.054015091694581074,0,500,heteroskedastic
-0.0022793226280892562,0.0268795084152653,0.026075358356738854,0.9324562369941813,-0.05509054065455764,0.05053189539837913,0,500,heteroskedastic
0.017651633192644844,0.029138768668951376,0.030487375130084322,0.5449379797718397,-0.039598441526909084,0.07490170791219877,0,500,heteroskedastic
0.0122592999001098,0.030210676112446322,0.029385335460774105,0.6850685314672293,-0.047096793159811426,0.07161539296003103,0,500,heteroskedastic
-0.04216262494067326,0.031694301207755446,0.030921870819493952,0.18403147076080253,-0.10443365406145685,0.020108404180110333,0,500,heteroskedastic
0.027105895836907815,0.027296651922473315,0.028869880459203103,0.3211864695885151,-0.026524900299663836,0.08073669197347946,0,500,heteroskedastic
0.04770912715721211,0.02675631967075288,0.025678699244556104,0.07517939950695898,-0.00486005714064993,0.10027831145507415,0,500,heteroskedastic
-0.015053420124667547,0.029775038103139178,0.03013042577375169,0.6133809602377296,-0.07355359820524078,0.043446757955905684,0,500,heteroskedastic
0.006962532526512461,0.02936735190072485,0.02943352864242856,0.8126890336222365,-0.05073664857935945,0.06466171363238438,0,500,heteroskedastic
-0.00723430240672046,0.03146036791677084,0.030780312608591914,0.8182252702606067,-0.06904571367129277,0.05457710885785185,0,500,heteroskedastic
-0.006798156445875532,0.029735292279688103,0.030549924244341397,0.8192561956733454,-0.0652202443577043,0.05162393146595323,0,500,heteroskedastic
-0.011315169825866648,0.031148754507257077,0.031058097265873327,0.716563057642376,-0.07251434207715192,0.04988400242541863,0,500,heteroskedastic
-0.04395439340232157,0.031160645187960506,0.03165766099375477,0.15899460713086755,-0.10517692773751888,0.017268140932875743,0,500,heteroskedastic
0.004141414208360528,0.02909955853903329,0.028465434145494958,0.8868857575028769,-0.053031622840416126,0.06131445125713718,0,500,heteroskedastic
-0.055298353709914,0.026540298511831074,0.02599983552080646,0.037709384625215885,-0.1074431128156966,-0.0031535946041314003,1,500,heteroskedastic
-0.022905105952041725,0.029284858855864387,0.029462336420574674,0.4344990776822625,-0.08044220975685262,0.034631997852769165,0,500,heteroskedastic
0.05119232064402686,0.028448943128064414,0.027270314391227967,0.07255345768748508,-0.004702426943899975,0.10708706823195369,0,500,heteroskedastic
0.04044062628074235,0.02715699123484917,0.027134805554255282,0.13708287592780866,-0.012915773058466126,0.09379702561995083,0,500,heteroskedastic
-0.008086960300293499,0.029411735991693885,0.02885426886859153,0.7834633709603606,-0.06587334455991584,0.049699423959328845,0,500,heteroskedastic
0.03138127997897588,0.02946334092408377,0.028369938261975813,0.287348717169852,-0.026506494503026258,0.08926905446097802,0,500,heteroskedastic
-0.013755616532739589,0.030246793758455025,0.030101394878731827,0.6494661812306637,-0.07318267133974712,0.04567143827426795,0,500,heteroskedastic
0.019910230346770044,0.02594989501080778,0.026542383330059035,0.44329251485686527,-0.03107453998487173,0.07089500067841181,0,500,heteroskedastic
-0.046208766045272354,0.02812657677118131,0.0269927682150834,0.1010376768074584,-0.1014701478850338,0.009052615794489106,0,500,heteroskedastic
-0.013580222614475116,0.029461942754548956,0.028713084945997586,0.6450420400225807,-0.07146525005828741,0.04430480482933717,0,500,heteroskedastic
0.027635480257491768,0.029169483070950488,0.030013254888271473,0.3438890288206481,-0.029674940245008344,0.08494590075999188,0,500,heteroskedastic
-0.009157554689720277,0.028238173805085455,0.02681532347870198,0.7458493656978146,-0.06463819557237672,0.04632308619293617,0,500,heteroskedastic
-0.06381206960819377,0.028679322906200923,0.029165571741440258,0.026527107069001122,-0.12015945332711275,-0.007464685889274791,1,500,heteroskedastic
-0.010224636983972767,0.02878677075683341,0.027489543765321013,0.7226011776918944,-0.06678312768366544,0.04633385371571991,0,500,heteroskedastic
0.00753473538437417,0.027769244285532152,0.02825244602092474,0.7862467257046835,-0.047024581390951795,0.06209405215970014,0,500,heteroskedastic
0.01637336523788569,0.0280127448424479,0.026150319848134766,0.5591506740439627,-0.038664366573986884,0.07141109704975826,0,500,heteroskedastic
-0.03155453722122745,0.02974481238385442,0.02905614312209258,0.2892760572389662,-0.08999532965283369,0.02688625521037879,0,500,heteroskedastic
-0.08108513744348785,0.0294339888907686,0.029510229394388274,0.006087547834276215,-0.13891524284140633,-0.023255032045569377,1,500,heteroskedastic
-0.02313775005543061,0.027828654398147138,0.028416107958008776,0.4061257391409069,-0.07781379219499371,0.031538292084132495,0,500,heteroskedastic
-0.0331938212983615,0.028322875009741018,0.029330271518981967,0.2417657614239601,-0.08884087793970902,0.022453235342986023,0,500,heteroskedastic
0.019169536969241865,0.0314445870374277,0.029409832008852842,0.5423855345148081,-0.042610868986499476,0.08094994292498321,0,500,heteroskedastic
-0.013147542692210164,0.02963946840126259,0.029033709648813605,0.6575372802978365,-0.07138136169459722,0.045086276310176886,0,500,heteroskedastic
-0.02683723902427159,0.028533928163669887,0.02857230947806592,0.34739773526416573,-0.08289896002462135,0.029224481976078173,0,500,heteroskedastic
-0.008168618679508795,0.03061180942104348,0.030923715147620125,0.7896987038561274,-0.0683128339881975,0.051975596629179915,0,500,heteroskedastic
0.015873707837632957,0.02660277892260837,0.024751117859704408,0.5509831208727525,-0.0363938089668756,0.0681412246421415,0,500,heteroskedastic
0.03991026645608962,0.0280829416926464,0.027500034002149128,0.1558970161014405,-0.015265383843849463,0.0950859167560287,0,500,heteroskedastic
-0.013755002667966377,0.030168804744252625,0.030078304699009663,0.6486357395586698,-0.07302882941852727,0.045518824082594514,0,500,heteroskedastic
0.02004222303479238,0.02963095273127459,0.031729393797114626,0.49910402082246474,-0.03817486489880316,0.07825931096838791,0,500,heteroskedastic
-0.00934791431255884,0.029290738678105076,0.027466860614691686,0.7497524137529539,-0.06689657043333894,0.04820074180822125,0,500,heteroskedastic
0.024481475935629084,0.03130429072217816,0.030600291443276445,0.43455769441379455,-0.037023284380374825,0.08598623625163299,0,500,heteroskedastic
-0.008402820281414201,0.028967660828072866,0.028604776736367372,0.7718789154256671,-0.06531671275570276,0.04851107219287436,0,500,heteroskedastic
0.016639220187827913,0.030503492093398903,0.03160061006544301,0.5856637139538365,-0.04329217984470665,0.07657062022036247,0,500,heteroskedastic
-0.04487215899944859,0.02949996539884592,0.02909101149266704,0.12887143090615977,-0.10283189101474663,0.013087573015849445,0,500,heteroskedastic
0.0479636392607391,0.029335382840513437,0.028011317389511035,0.10267887736655121,-0.00967273098628662,0.10560000950776482,0,500,heteroskedastic
-0.05167885549180505,0.026967605995823457,0.027674777979356854,0.05589509571825972,-0.10466316226910113,0.0013054512854910397,0,500,heteroskedastic
-0.04794913694702625,0.0318425724840025,0.03372855478387434,0.13274775227146351,-0.11051148042430672,0.014613206530254219,0,500,heteroskedastic
-0.004738805943810334,0.032220864702260286,0.03317245910483177,0.8831342472976216,-0.06804439488925505,0.058566783001634384,0,500,heteroskedastic
-0.020580254864275928,0.028167824449304577,0.025958611014078828,0.465348826392602,-0.07592267762520305,0.0347621678966512,0,500,heteroskedastic
0.019480780552967005,0.030680118258114154,0.030090459236770003,0.5257432978499997,-0.040797643790795604,0.07975920489672962,0,500,heteroskedastic
-0.021888390394532796,0.03096988821704976,0.032028019386358623,0.48004393702167847,-0.08273613707270902,0.03895935628364343,0,500,heteroskedastic
0.03487387691606014,0.03106311015681562,0.03220234675065187,0.2621151477085142,-0.02615702654124189,0.09590478037336217,0,500,heteroskedastic
0.016729253401281338,0.028644622562785906,0.02880015139775136,0.5594661080957573,-0.03954995320020781,0.07300846000277049,0,500,heteroskedastic
-0.007247749656911148,0.03220536891933067,0.03217056295842695,0.8220343496593132,-0.07052289343356245,0.056027394119740156,0,500,heteroskedastic
-0.04716123695980182,0.031663571116752956,0.031094637488395874,0.13700249854399976,-0.10937188947284268,0.015049415553239048,0,500,heteroskedastic
-0.007140897940336645,0.02958052032400342,0.030072151521816158,0.809340276016054,-0.06525889935736164,0.050977103476688344,0,500,heteroskedastic
-0.014721081653604955,0.02773526020340066,0.02818130323627119,0.5958138443568275,-0.06921362857796681,0.03977146527075691,0,500,heteroskedastic
0.027905442628777727,0.0275385852245212,0.026107816937072544,0.3113986486447256,-0.026200689297605405,0.08201157455516087,0,500,heteroskedastic
0.009216601321283543,0.02884596635527735,0.029158171315312214,0.7494730982096502,-0.04745819327829201,0.0658913959208591,0,500,heteroskedastic
0.014987003939408486,0.027212841915773257,0.028447131575888924,0.582063837991107,-0.03847912740983682,0.0684531352886538,0,500,heteroskedastic
0.030032947625482476,0.028746002387868567,0.028684081692087315,0.29663635742728905,-0.026445443870432975,0.08651133912139793,0,500,heteroskedastic
-0.004338299508424811,0.02654706115019737,0.027317211777729517,0.8702546826062778,-0.056496345433433376,0.04781974641658375,0,500,heteroskedastic
-0.067750959175481,0.027681081692943112,0.027655552690689318,0.014727227045540392,-0.12213705946830783,-0.01336485888265418,1,500,heteroskedastic
-0.015846603094025184,0.02570306444301582,0.026016749136692153,0.5378292546700696,-0.06634641578693815,0.034653209598887784,0,500,heteroskedastic
0.022817496095788214,0.027350281749543792,0.02715736297006566,0.404529335001065,-0.0309186686526786,0.07655366084425502,0,500,heteroskedastic
-0.029960550371659143,0.0284712263010311,0.027792037016437482,0.2931677644433296,-0.08589907857817783,0.025977977834859542,0,500,heteroskedastic
0.008786167546414089,0.030953928420449615,0.030530809651957546,0.7766459068327665,-0.052030222297221596,0.06960255739004978,0,500,heteroskedastic
0.004051196247118626,0.027129350249255977,0.027118569062017105,0.8813545589423906,-0.04925089577016727,0.05735328826440452,0,500,heteroskedastic
-0.0008638604223024859,0.030663520211450912,0.029284477959130025,0.9775360539098412,-0.06110967393674472,0.05938195309213975,0,500,heteroskedastic
-0.03127444075380346,0.026108367396994014,0.0258891284941695,0.23153727115626557,-0.08257056796030918,0.020021686452702254,0,500,heteroskedastic
0.0179068364469326,0.029016926665942206,0.030295449440165288,0.5374396484973191,-0.03910385053954639,0.0749175234334116,0,500,heteroskedastic
0.03839853335370792,0.028378018664583015,0.028787574154551104,0.1766349458612028,-0.017356866175970966,0.0941539328833868,0,500,heteroskedastic
-0.005631023288514777,0.029489668695690693,0.029607185914618125,0.8486433556589967,-0.06357052496972769,0.05230847839269814,0,500,heteroskedastic
-0.024966396937489668,0.03170468502619979,0.03108913961668907,0.4313830899622817,-0.0872578275511629,0.037325033676183575,0,500,heteroskedastic
0.023074481258306655,0.030202081721896583,0.029580924645578408,0.44522727081708646,-0.036264726067466654,0.08241368858407996,0,500,heteroskedastic
-0.024845682240013763,0.028842378634713978,0.028675443594958258,0.38941598596298366,-0.08151342790513848,0.031822063425110944,0,500,heteroskedastic
-0.01469768767623112,0.02957261064439991,0.0299280791524574,0.6194059973422685,-0.07280014863739631,0.04340477328493407,0,500,heteroskedastic
0.003429100920064404,0.030807458798517158,0.03146822004481128,0.9114173617895514,-0.05709951434754011,0.06395771618766892,0,500,heteroskedastic
-0.006138571907191678,0.02927866883402336,0.029260894817367423,0.8340186232904238,-0.06366351393478609,0.05138637012040273,0,500,heteroskedastic
0.020137705122079717,0.028979911520677127,0.028397257844263692,0.4874514655289559,-0.036800256765536776,0.07707566700969622,0,500,heteroskedastic
0.01787210423798617,0.02833745496292424,0.028589616348354406,0.5285335988835005,-0.03780359820575027,0.0735478066817226,0,500,heteroskedastic
-0.003070132383082464,0.029957879469223868,0.029801148761871652,0.918415643376025,-0.06192954602330127,0.05578928125713634,0,500,heteroskedastic
-0.05107882452958253,0.02953550539824541,0.027640894637607265,0.08435645670891809,-0.10910838336715538,0.006950734307990314,0,500,heteroskedastic
0.009945596924863485,0.02774036314905347,0.028530070494059635,0.7201028481382084,-0.04455697595575042,0.06444816980547739,0,500,heteroskedastic
-0.003113515765657293,0.029245279234226495,0.029360875775770807,0.9152585436806704,-0.06057285594490512,0.05434582441359054,0,500,heteroskedastic
0.033467335562724417,0.026461066821154493,0.026608794488303455,0.20654300023731617,-0.0185217539516995,0.08545642507714833,0,500,heteroskedastic
-0.08103149067513461,0.02796207972948281,0.029157571228975002,0.003922182206109198,-0.13596967876448823,-0.026093302585780992,1,500,heteroskedastic
-0.017240182558746937,0.02933751398875337,0.029083280913366538,0.557033772080153,-0.07488073995579814,0.04040037483830426,0,500,heteroskedastic
-0.039194389198380516,0.02932883941174373,0.029073695021103144,0.1820363131610692,-0.09681790331582013,0.01842912491905909,0,500,heteroskedastic
0.003357280379793645,0.028720288840256583,0.02901291284375532,0.9069897740496385,-0.05307059070673816,0.05978515146632545,0,500,heteroskedastic
0.031321326728244316,0.02975425064975487,0.029112333435007555,0.2930039898020862,-0.027138009432308145,0.08978066288879677,0,500,heteroskedastic
0.029721036771559586,0.029157310588156585,0.02801534434742896,0.3085393824413336,-0.027565467979475844,0.08700754152259502,0,500,heteroskedastic
-0.011165887681261685,0.027765390117073067,0.026820672253404988,0.687745226131223,-0.06571763202156916,0.0433858566590458,0,500,heteroskedastic
0.00504962637587732,0.028338813661732312,0.02738353229624766,0.8586480746182219,-0.05062874555637345,0.0607279983081281,0,500,heteroskedastic
-0.03999243461794274,0.030410044538320125,0.03231153853023,0.1890794685154432,-0.09974023459615106,0.01975536536026557,0,500,heteroskedastic
0.06843407513393357,0.031299888521135424,0.03151353349252498,0.02925105861714411,0.006937963993929187,0.12993018627393796,1,500,heteroskedastic
0.013054332826028438,0.028312177486695764,0.02851472311624352,0.6449386115923261,-0.04257170597477089,0.06868037162682776,0,500,heteroskedastic
-0.025662783087423282,0.030281946280530422,0.030658343017448037,0.39714504319593713,-0.08515890342490197,0.03383333725005541,0,500,heteroskedastic
-0.0035912129786056044,0.028308358604268963,0.02804722438255788,0.8991020019968474,-0.059209748672229626,0.05202732271501842,0,500,heteroskedastic
-0.00029117167313476994,0.027865518024630238,0.027999505151478168,0.9916671008768767,-0.05503964121670277,0.05445729787043323,0,500,heteroskedastic
0.002345267689946553,0.029622806571543422,0.030426848974161497,0.9369284005646558,-0.05585581516606368,0.06054635054595678,0,500,heteroskedastic
0.022402385143521525,0.029536781976046873,0.028836226376846602,0.4485361134375836,-0.03562968183622265,0.08043445212326569,0,500,heteroskedastic
0.02478478430971672,0.02899888836082586,0.028547357216204692,0.39313901623701863,-0.03219046211551353,0.08176003073494698,0,500,heteroskedastic
-0.03453540196122468,0.030718992065738533,0.0323610929812332,0.2614544520910552,-0.09489020319024327,0.025819399267793926,0,500,heteroskedastic
-0.015953128647706486,0.025048449705952155,0.025648531543415464,0.5244885887572246,-0.0651667942478856,0.033260536952472636,0,500,heteroskedastic
-0.04561302390337285,0.03196127354811368,0.032207033757359456,0.1541679270672361,-0.10840858398863226,0.01718253618188656,0,500,heteroskedastic
-0.006619398533519814,0.02690537749941371,0.02607360297237161,0.8057641592029641,-0.05948144255806824,0.046242645491028606,0,500,heteroskedastic
0.005488084330413786,0.029455861341250427,0.02784291268803529,0.8522732018012192,-0.05238499472361935,0.06336116338444692,0,500,heteroskedastic
0.005316265642780628,0.026111606340315733,0.026107824346383167,0.8387509780292572,-0.04598622524193289,0.056618756527494145,0,500,heteroskedastic
-0.013519100943208687,0.0288064970244675,0.02842747717261892,0.6390553574461837,-0.0701163486099105,0.043078146723493124,0,500,heteroskedastic
0.02675589448159761,0.029181889069843963,0.03009882256491465,0.35965642725962443,-0.030578900570551154,0.08409068953374638,0,500,heteroskedastic
-0.025319412673317693,0.029661643691706065,0.030844410712816978,0.3937326844572031,-0.08359680033329765,0.03295797498666227,0,500,heteroskedastic
-0.006144534350558957,0.027900274358811414,0.02862714032991957,0.8257806961560421,-0.06096129101879775,0.048672222317679835,0,500,heteroskedastic
0.03668178296337739,0.030773051869776524,0.02895763027012525,0.23382507009652312,-0.023779231670046225,0.097142797596801,0,500,heteroskedastic
0.04849210453231168,0.029928564164227456,0.029117186214344018,0.10580908884792521,-0.010309712185383096,0.10729392125000646,0,500,heteroskedastic
-0.014834479475751446,0.029816527610164897,0.02821126672966043,0.6190382038384785,-0.0734161736081622,0.0437472146566593,0,500,heteroskedastic
0.027022596480916875,0.028845638815266805,0.027689726220740462,0.34931548021058145,-0.029651554588031485,0.08369674754986524,0,500,heteroskedastic
-0.010817802045658426,0.02790755798198801,0.027621622258185485,0.6984556076307371,-0.06564886913228953,0.044013265040972666,0,500,heteroskedastic
0.0455000502769307,0.03005762037268066,0.029916528107104004,0.130720866486676,-0.013555328204506042,0.10455542875836744,0,500,heteroskedastic
-0.032984966395179206,0.028167568776030848,0.02773408913814389,0.24214817908800568,-0.08832688682485854,0.022356954034500123,0,500,heteroskedastic
-0.01307855625987759,0.031802617079524954,0.029325705016919255,0.6810723655162676,-0.07556239779640081,0.04940528527664564,0,500,heteroskedastic
0.0055062191992611,0.0278787910274105,0.030144329015358295,0.8435124349237756,-0.049268328330290316,0.06028076672881252,0,500,heteroskedastic
-0.009859666493831876,0.02774254762060509,0.026262197864983097,0.7224413708743329,-0.06436653129086044,0.04464719830319668,0,500,heteroskedastic
-0.028688334296692083,0.030888376518230478,0.03171003205499875,0.35345594706996586,-0.08937593176263017,0.031999263169246006,0,500,heteroskedastic
0.016158747482327814,0.029128848022485443,0.02834533733368884,0.5793260174082875,-0.04107183575637825,0.07338933072103389,0,500,heteroskedastic
-0.035130100038329046,0.029873831388975463,0.029399440492804255,0.240177133177888,-0.09382438113884026,0.02356418106218216,0,500,heteroskedastic
-0.010213797082702076,0.02990406446614384,0.02964869951520637,0.7328320341176588,-0.06896747828850104,0.04853988412309689,0,500,heteroskedastic
-0.03834493659454674,0.02700742532914988,0.02745280757494341,0.15629380809390972,-0.09140747796830502,0.014717604779211538,0,500,heteroskedastic
-0.04400232066338111,0.028532398316470857,0.02846154374411853,0.12366309730858879,-0.10006103591330096,0.01205639458653874,0,500,heteroskedastic
0.019997771381742694,0.03058086689474516,0.03149908689917792,0.5134582196267591,-0.04008564993929621,0.0800811927027816,0,500,heteroskedastic
0.035497476048856065,0.029288909589243406,0.029281568409218837,0.22609600636135624,-0.02204758638973419,0.09304253848744631,0,500,heteroskedastic
0.02829087025793647,0.029035187746671656,0.02902436592222797,0.33034839062875676,-0.02875569498572279,0.08533743550159573,0,500,heteroskedastic
0.007024131252952985,0.029764351532176984,0.03001314919627074,0.813536360131745,-0.05145505050505657,0.06550331301096254,0,500,heteroskedastic
-0.0499627996349991,0.027767146881031046,0.027803248236454317,0.07256865658491789,-0.1045179955579387,0.004592396287940496,0,500,heteroskedastic
-0.03404191941035674,0.028653260647213703,0.02941383204636477,0.23537432336006783,-0.09033809759305933,0.02225425877234586,0,500,heteroskedastic
0.03866257441731391,0.02903356537584758,0.02780530393266379,0.183584100761271,-0.01838080329114246,0.09570595212577028,0,500,heteroskedastic
0.06622658088803092,0.026194513729690408,0.027519928141659492,0.011770836981012785,0.014761198623436937,0.1176919631526249,1,500,heteroskedastic
0.0011419439260566665,0.029720769144137456,0.029391946877940094,0.9693662815838461,-0.057251609815200825,0.05953549766731416,0,500,heteroskedastic
-0.020019038207734756,0.02926642751541726,0.028929789345202562,0.494276032740667,-0.07751992923946083,0.03748185282399132,0,500,heteroskedastic
0.018080294936223082,0.03165706292271502,0.03072158426114918,0.5681692383434078,-0.044117570674282736,0.0802781605467289,0,500,heteroskedastic
-0.029220808714885332,0.030062178933216627,0.031006717961795147,0.3315162830313665,-0.08828514357791331,0.02984352614814264,0,500,heteroskedastic
0.002621774952431126,0.027595866282455556,0.028033752084835054,0.924348216350716,-0.05159689930146123,0.05684044920632349,0,500,heteroskedastic
-0.022960224631787127,0.029890958642504305,0.0310109988374562,0.44277238962838794,-0.08168815631497761,0.03576770705140335,0,500,heteroskedastic
-0.03820292120820287,0.027997449465040403,0.026861329676188758,0.1730219966221526,-0.09321060159582374,0.016804759179417997,0,500,heteroskedastic
-0.03633340047292699,0.029226273859180835,0.028517865033228514,0.2143879614053955,-0.0937554000509367,0.02108859910508272,0,500,heteroskedastic
0.0606787162493243,0.027231929169258057,0.027906914686206704,0.02631163638012227,0.007175083429079632,0.11418234906956896,1,500,heteroskedastic
0.011601036554036652,0.030872654668932676,0.031719241771235966,0.7072474442316903,-0.04905567158170171,0.07225774468977501,0,500,heteroskedastic
0.021050608910606873,0.028959766212214924,0.028736497059565855,0.4676339456319133,-0.03584777270415004,0.07794899052536378,0,500,heteroskedastic
-0.04789310690697321,0.031270616823806434,0.03285434072211668,0.12626380112244115,-0.1093317068021377,0.013545492988191285,0,500,heteroskedastic
0.030290139235188945,0.02707985219737408,0.027751383881125836,0.26387188419214774,-0.022914702029983657,0.08349498050036155,0,500,heteroskedastic
0.04352843094935314,0.029243968570144843,0.029457736420883115,0.13726298838810982,-0.013928334117079895,0.10098519601578618,0,500,heteroskedastic
0.05568207929341709,0.02812739722941575,0.025798421008691886,0.048294318062936874,0.0004190854673785313,0.11094507311945564,1,500,heteroskedastic
-0.02095850105134573,0.029568168420533402,0.029388142775714245,0.47876802918964556,-0.07905223420210933,0.03713523209941786,0,500,heteroskedastic
0.007213687195573065,0.02783332258267558,0.02883595646549076,0.7956077092594103,-0.04747152670811275,0.061898901099258885,0,500,heteroskedastic
0.03107741229167693,0.02818435515897061,0.027328172354690636,0.270712792908379,-0.024297488998947167,0.08645231358230103,0,500,heteroskedastic
0.015175241011636673,0.03028655183969215,0.028786292645960866,0.6165535106891684,-0.044329928047465425,0.07468041007073878,0,500,heteroskedastic
0.06498688902870484,0.029525947306097398,0.02864484775409041,0.028193477890333222,0.006976109347377982,0.12299766871003169,1,500,heteroskedastic
0.0075050943860076325,0.027460708063118643,0.028078088805864165,0.7847335996065424,-0.04644802924548506,0.06145821801750032,0,500,heteroskedastic
0.022088805439003472,0.029445173800278102,0.028512744962661245,0.4535082345421423,-0.03576327538664928,0.07994088626465622,0,500,heteroskedastic
-0.004794053448108064,0.02812127840777408,0.028667252458391513,0.8647036351621898,-0.060045025386737415,0.05045691849052129,0,500,heteroskedastic
0.04567827382634575,0.028359559740820918,0.027051114376750174,0.10788234124419759,-0.010040858736234129,0.10139740638892562,0,500,heteroskedastic
0.029213787080497197,0.028441128964853735,0.026991861185189755,0.3048405122059715,-0.026665607716350348,0.08509318187734474,0,500,heteroskedastic
-0.003610681674235089,0.028485719567676624,0.02961763898187461,0.8991861881168668,-0.059577685366722775,0.0523563220182526,0,500,heteroskedastic
0.00478369323475482,0.027726061651151313,0.027443787139351184,0.8630876900884153,-0.049690780935415894,0.05925816740492553,0,500,heteroskedastic
0.004506382176994346,0.02842311145401856,0.02786862977701276,0.8740905277529265,-0.0513376129139393,0.06035037726792799,0,500,heteroskedastic
0.04273847321379377,0.03169977615359256,0.030619047663526813,0.17819847694429025,-0.01954331274650563,0.10502025917409318,0,500,heteroskedastic
-0.028820129554039422,0.027774535597572085,0.02789760563947802,0.29993855396727653,-0.08338984237640129,0.02574958326832245,0,500,heteroskedastic
-0.014577407830117238,0.030869432597087805,0.029179757166795193,0.6369709741097749,-0.07522778543569607,0.04607296977546159,0,500,heteroskedastic
0.014643910561997516,0.029376315751423538,0.027580743818395124,0.6183561461375686,-0.043072882170779606,0.07236070329477463,0,500,heteroskedastic
-0.003296075810059331,0.02730556343483801,0.026988957014310175,0.9039688077757628,-0.0569443807423711,0.05035222912225243,0,500,heteroskedastic
-0.04599236209553302,0.030539216600418494,0.030865404162086812,0.1326986430653684,-0.10599395145965626,0.014009227268590219,0,500,heteroskedastic
-0.016205563819946416,0.02755971896947269,0.026373156251496842,0.5567879067203152,-0.07035321803889183,0.03794209039899899,0,500,heteroskedastic
-0.002894077705668013,0.02970014110337389,0.029827037372034487,0.922413619204318,-0.061247102731095085,0.05545894731975906,0,500,heteroskedastic
-0.07701976957814044,0.02811504279363888,0.02867171095380401,0.006374947593207744,-0.1322584901625956,-0.021781048993685256,1,500,heteroskedastic
0.008942189639821161,0.029006438175263022,0.02904209333496767,0.7579959631482897,-0.04804789020014795,0.06593226947979028,0,500,heteroskedastic
-0.036956851501735964,0.029251192413060588,0.029772607581784318,0.20702561930173613,-0.0944278095339524,0.02051410653048047,0,500,heteroskedastic
0.06134505293653124,0.029838363953530102,0.02882757204320743,0.040311694841247955,0.002720456089065411,0.11996964978399707,1,500,heteroskedastic
0.026383737649630097,0.029829688241847015,0.030779141898725094,0.3768644275533225,-0.032223813688886986,0.08499128898814717,0,500,heteroskedastic
0.0017783616153056818,0.028234356543758915,0.0283910161591275,0.9498031380539964,-0.05369477934521435,0.05725150257582571,0,500,heteroskedastic
0.02360262278486676,0.028306598338572724,0.029122157052931457,0.4047818822725421,-0.03201245444612348,0.079217700015857,0,500,heteroskedastic
0.020110747279711766,0.029835221236742114,0.03102253912847365,0.5005855340453341,-0.03850767494956828,0.07872916950899181,0,500,heteroskedastic
-0.019617538716720173,0.030811199527055404,0.02995966596746277,0.5246118085648686,-0.08015350353950848,0.04091842610606813,0,500,heteroskedastic
-0.01303339580071685,0.029824758665295565,0.0300380639660707,0.6623013493235612,-0.07163126180801377,0.045564470206580075,0,500,heteroskedastic
-0.004863950760786041,0.030409960283734393,0.029401458985354473,0.8729884842569805,-0.06461158520072527,0.05488368367915318,0,500,heteroskedastic
0.005004988548704721,0.027025434789920522,0.026954579869555594,0.8531511082117637,-0.04809293671469186,0.0581029138121013,0,500,heteroskedastic
0.04179471629895108,0.03037594132405481,0.030538352397884744,0.1694663712237898,-0.017886079764745676,0.10147551236264785,0,500,heteroskedastic
0.02625400358828489,0.029118624338645854,0.027593783994213743,0.36769333603362175,-0.030956492780232006,0.08346449995680179,0,500,heteroskedastic
0.0062997076385597804,0.029240742125779443,0.02975572993361901,0.8295103016540312,-0.05115071830685217,0.06375013358397173,0,500,heteroskedastic
-0.00026966294670809944,0.03137429042312741,0.030455861141081703,0.9931456851778273,-0.061911954403963035,0.06137262851054684,0,500,heteroskedastic
0.012398289864081542,0.03059904504566607,0.03214374249461922,0.6855151500048215,-0.047720846778709934,0.07251742650687301,0,500,heteroskedastic
-0.10305837835390622,0.0301163138144662,0.03119500926129625,0.0006727672341857471,-0.16222907412846352,-0.043887682579348906,1,500,heteroskedastic
-0.016073859055844065,0.027476559443468798,0.026641665319928086,0.5588109164574374,-0.07005812651224455,0.037910408400556414,0,500,heteroskedastic
-0.03799001789881654,0.03131571195587003,0.03216976958355633,0.22565536609987288,-0.09951721795788845,0.02353718216025536,0,500,heteroskedastic
0.0021153520878109677,0.02807791071274651,0.02705337397619109,0.9399755190435855,-0.05305041364979628,0.05728111782541821,0,500,heteroskedastic
-0.02116294346427099,0.02848830830984283,0.02867612621678285,0.4579141918168165,-0.07713503335940947,0.034809146430867494,0,500,heteroskedastic
-0.020733747291898412,0.02712742095061773,0.02707559852233972,0.4450447746793882,-0.07403204874093997,0.032564554157143134,0,500,heteroskedastic
-0.0025289399959844143,0.028443836337761007,0.027397413085830078,0.9291892211553896,-0.05841365407392431,0.05335577408195548,0,500,heteroskedastic
0.037620307572753246,0.027715658935692403,0.027147990255945696,0.17527958590486903,-0.016833727976826626,0.09207434312233312,0,500,heteroskedastic
0.010424156619345553,0.027437421596011716,0.027917814337115734,0.7041632167273006,-0.04348321518244658,0.06433152842113768,0,500,heteroskedastic
-0.023464249946089276,0.029133548681703335,0.02829791381552322,0.42097148898162495,-0.08070406875320638,0.03377556886102783,0,500,heteroskedastic
0.002003393931301535,0.02762997051204238,0.028745099042730517,0.942226749671205,-0.05228228623194413,0.0562890740945472,0,500,heteroskedastic
0.02427983951072428,0.026265452434669267,0.026008572971953605,0.3557246924206118,-0.02732491879294289,0.07588459781439144,0,500,heteroskedastic
-0.024808852061591335,0.030980956154885067,0.029179259338166022,0.4236423403176104,-0.08567834434869365,0.036060640225510976,0,500,heteroskedastic
0.02581276818509113,0.02892082312633213,0.027677051504788212,0.37253876760097293,-0.03100910043071481,0.08263463680089707,0,500,heteroskedastic
-0.045611986786383285,0.02786960339817625,0.027779648165112105,0.10234137538325899,-0.10036848302261711,0.009144509449850548,0,500,heteroskedastic
0.0165806996282284,0.029358537871847768,0.02832510251129073,0.5724873368208288,-0.041101164211511707,0.07426256346796851,0,500,heteroskedastic
-0.05537228315433942,0.02884259295693939,0.029255556235016772,0.055452931086399045,-0.11204044990669532,0.0012958835980164743,0,500,heteroskedastic
-0.007712609153822533,0.02533688659481744,0.024458394853410205,0.7609484961931197,-0.05749297795368108,0.04206775964603601,0,500,heteroskedastic
0.021195828651355293,0.02864587583351035,0.028353487708104246,0.4596935551851383,-0.03508584029998238,0.07747749760269296,0,500,heteroskedastic
-0.0005915529627508235,0.02696397178477171,0.027945894058178298,0.9825056864802317,-0.053568719463921215,0.05238561353841956,0,500,heteroskedastic
-0.035139453404623905,0.028494792667421245,0.027945441219957266,0.2180871753196294,-0.09112428336987619,0.020845376560628383,0,500,heteroskedastic
-0.040596917316501197,0.028943044294264697,0.028512049790431978,0.16134477280315979,-0.09746244472719132,0.016268610094188923,0,500,heteroskedastic
0.02456775100919237,0.02970255593844073,0.029867818265234138,0.40856189309876234,-0.03379001853682796,0.0829255205552127,0,500,heteroskedastic
0.002205775202784666,0.028646610380461294,0.029012193196543436,0.9386548530401635,-0.05407733694158235,0.05848888734715168,0,500,heteroskedastic
-0.0024415340747310672,0.028326887032766923,0.028661338926909655,0.9313489086555524,-0.058096473294118156,0.053213405144656015,0,500,heteroskedastic
0.024872261897565907,0.028741509784018543,0.030757757665336772,0.3872481922925145,-0.03159730280443038,0.08134182659956218,0,500,heteroskedastic
-0.016347282285605585,0.0305953727555508,0.029691174218150575,0.5933684820601718,-0.07645920383685083,0.04376463926563966,0,500,heteroskedastic
0.011570392127720895,0.031053745264336935,0.03141463591988715,0.7096102829752542,-0.04944211176025697,0.07258289601569876,0,500,heteroskedastic
0.0358247838357227,0.02944603648856888,0.03054065248310919,0.2243232178146903,-0.022028991947245093,0.09367855961869048,0,500,heteroskedastic
-0.002110593615178076,0.02953197603839816,0.029895590195448917,0.9430539200636978,-0.060133218181874115,0.05591203095151796,0,500,heteroskedastic
-0.010027540098716207,0.026869469013211338,0.025729206687858178,0.7091624321775374,-0.06281903332060348,0.04276395312317108,0,500,heteroskedastic
-0.0009037634320844534,0.027077810655538475,0.02708255481762692,0.9733876963042508,-0.054104593600427284,0.05229706673625838,0,500,heteroskedastic
0.026767550920787767,0.028474944567453753,0.026890549440953405,0.34765341968542174,-0.02917828270872056,0.08271338455029609,0,500,heteroskedastic
-0.025928864039908132,0.03123003923756962,0.03259496338825749,0.40679304004414996,-0.08728773956955845,0.035430011489742175,0,500,heteroskedastic
-0.0064315578691820675,0.03147346837039942,0.028732147450178346,0.838164611940116,-0.068268708105693,0.055405592367328865,0,500,heteroskedastic
-0.0006410653041559917,0.02940858162335738,0.02979188574295029,0.9826173584985016,-0.058421252053340963,0.05713912144502897,0,500,heteroskedastic
0.03847289612356915,0.029680369530310884,0.029125443553792978,0.1954930236451176,-0.01984128292150645,0.09678707516864474,0,500,heteroskedastic
0.03753316384481226,0.02925081265658912,0.028378110667545024,0.20003653762396403,-0.019937048065060643,0.09500337575468518,0,500,heteroskedastic
0.013247615735337014,0.028931872646075076,0.028534788013385572,0.6472311760125877,-0.04359596230265096,0.07009119377332498,0,500,heteroskedastic
0.05856743324645987,0.029939855721034705,0.030449605169859437,0.051003770302051755,-0.00025656843307250016,0.11739143492599224,0,500,heteroskedastic
0.009069702433408117,0.029095056816210895,0.027051851070684505,0.755378790210334,-0.04809448990504886,0.0662338947718651,0,500,heteroskedastic
-0.0037642565370220394,0.031243083872963713,0.03202266840829711,0.9041492382608687,-0.06514876137034972,0.05762024829630564,0,500,heteroskedastic
0.015041406247380314,0.029883513965962623,0.030118144126578855,0.6149516021039326,-0.04367189858959314,0.07375471108435377,0,500,heteroskedastic
0.028561961566360886,0.027693652127384758,0.02720538899869609,0.302875412900118,-0.02584883634904627,0.08297275948176805,0,500,heteroskedastic
-0.02918755129407248,0.027718684894255503,0.029046008127489614,0.29285533229061395,-0.08364753206240212,0.02527242947425716,0,500,heteroskedastic
-0.00020343879403204694,0.028765278813858527,0.028215011895806975,0.9943599416191584,-0.05671970343554226,0.05631282584747816,0,500,heteroskedastic
0.0430061035457273,0.031170105397635865,0.03258005384517497,0.16829118155222236,-0.018235017632206238,0.10424722472366084,0,500,heteroskedastic
-0.03593761667019442,0.029766793485925428,0.030437633246321875,0.22788757316209957,-0.09442159622992816,0.02254636288953931,0,500,heteroskedastic
-0.05302397079038987,0.028136702018770762,0.02796793582960672,0.060077795417035486,-0.10830524609880252,0.002257304518022786,0,500,heteroskedastic
0.07086864075984028,0.030303667457073743,0.028300194396659845,0.019750002351203055,0.011329843980051019,0.13040743753962955,1,500,heteroskedastic
-0.008536778115229848,0.02999165772465798,0.029447830837614906,0.7760394949128122,-0.06746255721067668,0.05038900098021699,0,500,heteroskedastic
-0.02952380863274772,0.02818637810723772,0.02822217749852231,0.2954003918077687,-0.08490268448869273,0.025855067223197296,0,500,heteroskedastic
-0.015162347507849361,0.029264758283176835,0.029423600811839163,0.604612012966384,-0.07265995893392105,0.04233526391822233,0,500,heteroskedastic
0.0010376664988091637,0.02904194560970837,0.02798572731322227,0.9715120271133002,-0.056022176181799874,0.05809750917941821,0,500,heteroskedastic
0.005919024001361394,0.029676469821586185,0.029790634399048936,0.8419907890246421,-0.05238749313396057,0.06422554113668336,0,500,heteroskedastic
-0.029403484413467892,0.027582727419810125,0.0276379994545261,0.28693531288534296,-0.08359634423172893,0.02478937540479314,0,500,heteroskedastic
0.03815833104148775,0.030617498981340963,0.030074302653018605,0.21324330055290813,-0.021997062768113362,0.09831372485108886,0,500,heteroskedastic
-0.046406254884765005,0.029917134625739635,0.03003524630715052,0.12149864935618372,-0.10518561554263545,0.01237310577310543,0,500,heteroskedastic
-0.022889061102545148,0.02905526594171273,0.02739985726683971,0.43120212919089806,-0.07997507475870921,0.034196952553618924,0,500,heteroskedastic
-0.0019300474708242293,0.028269764647230015,0.028816682381072073,0.945596118635201,-0.05747275611254687,0.053612661170898405,0,500,heteroskedastic
0.012098790684809492,0.02744201338209773,0.025980619037215845,0.6594870917458052,-0.04181760277810727,0.06601518414772625,0,500,heteroskedastic
-0.04911552434447121,0.02871235015017612,0.0287477366681101,0.08777661532258618,-0.10552779797712823,0.007296749288185814,0,500,heteroskedastic
0.017462918560238492,0.028729728608399188,0.03001984593000984,0.5435743654626353,-0.03898349920675326,0.07390933632723025,0,500,heteroskedastic
-0.020920052527819893,0.028585256352348775,0.0275509209767723,0.4646058152798619,-0.07708262002139217,0.03524251496575238,0,500,heteroskedastic
0.01698759156338982,0.029641243210691687,0.029524153149559723,0.5668312123408511,-0.041249714476269905,0.07522489760304955,0,500,heteroskedastic
-0.007257577784912556,0.029397403653378576,0.030411993224548434,0.8051042332954766,-0.06501580274072974,0.05050064717090462,0,500,heteroskedastic
-0.017326910401757278,0.030014567791805127,0.02979977351309014,0.564008936640511,-0.07629770179923051,0.04164388099571595,0,500,heteroskedastic
0.04434640100877266,0.03010882957820403,0.02935355336812066,0.14141774075589184,-0.014809590195042632,0.10350239221258795,0,500,heteroskedastic
-0.003862525821060612,0.028664372223462072,0.028457667266002313,0.8928639363698462,-0.0601805353507806,0.05245548370865937,0,500,heteroskedastic
-0.048450399358084414,0.02847634127794893,0.028374001111105326,0.08948712914699342,-0.10439897715915053,0.007498178442981708,0,500,heteroskedastic
-0.01164702412692937,0.03129232242985267,0.02896113125727841,0.709901761628654,-0.07312826987244184,0.0498342216185831,0,500,heteroskedastic
0.032447513904986534,0.03174680285023545,0.030468050710200395,0.30724312427170786,-0.029926667239447327,0.0948216950494204,0,500,heteroskedastic
0.0035384340674575287,0.027518840656549047,0.027158206361115052,0.8977401333121531,-0.05052890493652887,0.05760577307144392,0,500,heteroskedastic
0.009342748672434967,0.026375160829687105,0.025714540767062397,0.7233199947792468,-0.04247755799168252,0.06116305533655245,0,500,heteroskedastic
0.0037365366604119356,0.02849030854550756,0.030070633227264994,0.8957087050081246,-0.05223948317571217,0.059712556496536034,0,500,heteroskedastic
0.011755571837772543,0.027760395150601334,0.02863028003529074,0.6721384311513698,-0.04278635869718931,0.0662975023727344,0,500,heteroskedastic
0.0019868454188991394,0.031158055882137783,0.030934597709958035,0.9491816056468965,-0.05923060160620945,0.06320429244400773,0,500,heteroskedastic
-0.02617159228943665,0.0267684247679239,0.028191928601022508,0.32869551047745427,-0.0787645599436032,0.026421375364729896,0,500,heteroskedastic
0.024773550564591202,0.028124884214505565,0.02960410403858994,0.37882879251078794,-0.030484505843088542,0.08003160697227095,0,500,heteroskedastic
-0.006117665210323156,0.02740155299627945,0.02760289936125289,0.8234248615785783,-0.059954564575956854,0.04771923415531054,0,500,heteroskedastic
-0.0009585069261260244,0.0271709689841436,0.025716750056503535,0.971873096651606,-0.05434236889426741,0.05242535504201537,0,500,heteroskedastic
-0.010950673627827808,0.029441942993649217,0.029480509149405077,0.7100947882611337,-0.06879640676175036,0.04689505950609474,0,500,heteroskedastic
-0.002021574558908957,0.031038747104381592,0.031288582744038076,0.9480960932210343,-0.06300461097734977,0.05896146185953186,0,500,heteroskedastic
0.004299885150368606,0.03155766270463641,0.030787521929685785,0.8916748632638625,-0.057702684976762716,0.06630245527749994,0,500,heteroskedastic
0.018782622065306807,0.027815758428380213,0.027105546701681364,0.49982962906119743,-0.03586808285973205,0.07343332699034566,0,500,heteroskedastic
0.002120742761558086,0.029037971190885165,0.02974194825924209,0.9418088352429332,-0.05493129122345437,0.05917277674657054,0,500,heteroskedastic
0.03588807839715004,0.029078219612793815,0.030279857805746786,0.21771381238488666,-0.02124303323138925,0.09301919002568933,0,500,heteroskedastic
0.009553314357726415,0.028168880760323506,0.027092898315191075,0.7346440161315049,-0.04579118377863774,0.06489781249409057,0,500,heteroskedastic
-0.02090618224918823,0.03066931733628543,0.029998099735690526,0.495768055219984,-0.08116338560078197,0.039351021102405515,0,500,heteroskedastic
0.0011197009596271741,0.03191373235582646,0.031951692592497846,0.9720258292234252,-0.0615824530918488,0.06382185501110314,0,500,heteroskedastic
-0.01909904689332102,0.029115079253851185,0.029239045255286637,0.5121369144548702,-0.0763025780955439,0.03810448430890187,0,500,heteroskedastic
-0.022371136727452137,0.02810093469693133,0.028329764064173472,0.4263535929058513,-0.07758213858433052,0.03283986512942624,0,500,heteroskedastic
0.001116299506714072,0.0273470308416786,0.02726780010965973,0.967455937998414,-0.05261347805633996,0.05484607706976811,0,500,heteroskedastic
0.03340965049637083,0.02744108690869561,0.02688678959892212,0.22398885847337488,-0.0205049226881361,0.08732422368087776,0,500,heteroskedastic
0.021728263997500417,0.030524005266749858,0.03113723552928048,0.47689604573374056,-0.03824343906638113,0.08169996706138197,0,500,heteroskedastic
-0.03718231611215062,0.027710824570392187,0.02745902699297611,0.18027313047035054,-0.09162685339576726,0.017262221171466016,0,500,heteroskedastic
-0.02106069972145731,0.03012980335367033,0.030037564647386255,0.484879030175581,-0.08025789891955123,0.03813649947663662,0,500,heteroskedastic
-0.006756899066541061,0.02935566002731281,0.02891777113476216,0.8180513623563418,-0.06443310869293642,0.0509193105598543,0,500,heteroskedastic
-0.015468091020199705,0.027370377579718892,0.026173610872787707,0.5722331426129641,-0.06924373882960662,0.03830755678920721,0,500,heteroskedastic
-0.07160239437214538,0.02799688586575054,0.028356049475063344,0.010837468966169534,-0.1266089674342707,-0.016595821310020076,1,500,heteroskedastic
0.008420659146441956,0.02742779973482182,0.02801972388895686,0.7589626968480307,-0.045467808209581684,0.06230912650246559,0,500,heteroskedastic
-0.010094116567221846,0.027543241282350184,0.027536558737936062,0.7141607011458806,-0.06420939643192852,0.04402116329748484,0,500,heteroskedastic
-0.01814582616754239,0.02729531892701407,0.0260292399550975,0.5064885343196024,-0.07177400331597114,0.03548235098088637,0,500,heteroskedastic
0.018905891820634367,0.02827159616592003,0.026196856025124154,0.5039814778574482,-0.036640415277256574,0.07445219891852531,0,500,heteroskedastic
0.005107788197440351,0.02894614467485103,0.02952769063024139,0.8600056227738225,-0.051763830651849765,0.06197940704673047,0,500,heteroskedastic
-0.018438484117452365,0.030874033763142378,0.030702875107292797,0.5506342370890107,-0.07909790181334572,0.042220933578440985,0,500,heteroskedastic
-0.008250932448151022,0.02863487801431066,0.029064178462887138,0.773357352640399,-0.06451099355537944,0.04800912865907739,0,500,heteroskedastic
0.002211943577759364,0.028826168171608022,0.0291885283498945,0.9388660734571384,-0.05442395275856912,0.058847839914087846,0,500,heteroskedastic
-0.010530824236223396,0.02773379259716418,0.02660484804979891,0.7043218746270965,-0.0650204876974008,0.04395883922495401,0,500,heteroskedastic
0.003984790318305849,0.029008256478982107,0.028996811493133427,0.890795875043112,-0.053008862013863026,0.06097844265047472,0,500,heteroskedastic
-0.07060088364197907,0.026467458149173156,0.02504291003690183,0.007891607287584331,-0.12260253044771419,-0.01859923683624396,1,500,heteroskedastic
0.02819392590145829,0.028285182386249,0.028357549536875214,0.3193584390198514,-0.02737907457314416,0.08376692637606074,0,500,heteroskedastic
-0.017298730374864815,0.02778180746873709,0.027839041225835005,0.5337903782446132,-0.07188273052598368,0.03728526977625406,0,500,heteroskedastic
0.005707913078252807,0.030732614439247675,0.03039936452064925,0.8527335378770097,-0.05467365255903974,0.06608947871554535,0,500,heteroskedastic
0.008194401856309496,0.028835047655407665,0.02931113370807202,0.776389019852147,-0.04845894034798877,0.06484774406060777,0,500,heteroskedastic
0.005203704127854768,0.027538487392032972,0.027570792495083877,0.8502002522762827,-0.04890223558322494,0.05930964383893447,0,500,heteroskedastic
-0.02865530545022637,0.027474911723268016,0.027499489778584945,0.2974716382056262,-0.08263633556651535,0.025325724666062616,0,500,heteroskedastic
0.03693032529235983,0.028808855668174014,0.029569481657950248,0.20047111020908642,-0.0196715564935791,0.09353220707829876,0,500,heteroskedastic
-0.0258820491365916,0.03019726406034,0.031000514849214147,0.3918023549921412,-0.08521179101489794,0.033447692741714746,0,500,heteroskedastic
0.023899649924262904,0.02722707859482727,0.02692029060551333,0.3804811196478499,-0.029594452783307808,0.07739375263183362,0,500,heteroskedastic
0.03960151719525394,0.028537016322739663,0.028734060098208395,0.16584153710492414,-0.016466271231605822,0.0956693056221137,0,500,heteroskedastic
-0.002937729582171187,0.028939141469505977,0.02951297234545051,0.9191832598023553,-0.05979558896091416,0.053920129796571785,0,500,heteroskedastic
-0.01533622218432566,0.03013352681587172,0.03085380316021182,0.611018176617103,-0.07454073701375827,0.04386829264510694,0,500,heteroskedastic
0.010324604881965013,0.028802010200773765,0.02923055632758109,0.7201448653993553,-0.04626382734731602,0.06691303711124605,0,500,heteroskedastic
-0.025849128275051102,0.029500627627404047,0.028817323003029662,0.38133126731942035,-0.08381016139661292,0.03211190484651072,0,500,heteroskedastic
-0.007547277817080677,0.02554592029852813,0.024347562900656077,0.767781184091179,-0.05773834328337364,0.042643787649212284,0,500,heteroskedastic
-0.010281870940769218,0.031834012810950774,0.03320979830500511,0.7468430658865505,-0.0728273968947235,0.05226365501318508,0,500,heteroskedastic
0.007740966735503894,0.029500620219668077,0.03104430245321271,0.7931214776353268,-0.05022005183179029,0.06570198530279808,0,500,heteroskedastic
-0.04833679625144179,0.03263089595883314,0.03167269058074665,0.13915376328340842,-0.11244798959091024,0.015774397088026658,0,500,heteroskedastic
-0.010379577920082522,0.028820022851666658,0.02770469270468564,0.7188864437155917,-0.0670034003067594,0.046244244466594364,0,500,heteroskedastic
0.007857837550105938,0.028148246457447002,0.028955464297476047,0.7802386657261411,-0.0474461195670104,0.06316179466722227,0,500,heteroskedastic
-0.030886205178321774,0.03239197806690409,0.032992759713159125,0.34079227788398037,-0.09452798722178886,0.03275557686514531,0,500,heteroskedastic
-0.02900637615149254,0.0305741893856306,0.031129345101570224,0.3432226717409027,-0.08907667791006495,0.031063925607079865,0,500,heteroskedastic
0.007918270852911385,0.029008281217756334,0.028952550745827307,0.7849926030287245,-0.049075430084491604,0.06491197179031438,0,500,heteroskedastic
0.020156725209606725,0.029725331607064594,0.03081057077294668,0.49802370688912323,-0.03824579258042206,0.0785592429996355,0,500,heteroskedastic
0.01152204368294896,0.027953948945563675,0.027146673364659885,0.6803852523788978,-0.04340016953827666,0.06644425690417458,0,500,heteroskedastic
-0.020176638123631293,0.030646390133032667,0.029523595376788253,0.5106051914157208,-0.08038879550522392,0.040035519257961324,0,500,heteroskedastic
0.01464022869658085,0.028261526521768374,0.0270708180198842,0.604669613234501,-0.04088629417890073,0.07016675157206242,0,500,heteroskedastic
-0.03201196164105713,0.027819257039068554,0.028016916437050142,0.25040282989290613,-0.08666954042290159,0.02264561714078734,0,500,heteroskedastic
-0.020799230244803818,0.030220583704970418,0.030937681451375505,0.491617626514125,-0.08017478913798448,0.03857632864837685,0,500,heteroskedastic
0.020255481532362698,0.02886656413063911,0.02852421627754533,0.4831980909406687,-0.03645978231942852,0.07697074538415391,0,500,heteroskedastic
0.011815568947272901,0.028559522501030315,0.027746785304201552,0.6792592512159341,-0.04429643824543211,0.06792757613997792,0,500,heteroskedastic
-0.0011157948730930352,0.02848850667393936,0.025891160079345672,0.9687733445014663,-0.05708827450190479,0.05485668475571871,0,500,heteroskedastic
0.04182396822055201,0.02653000380500827,0.02548057981179611,0.11555067531876226,-0.010300564473417602,0.09394850091452162,0,500,heteroskedastic
-0.018347667253869503,0.02734361612458568,0.024799993804175493,0.5025292710994509,-0.07207073578913527,0.03537540128139627,0,500,heteroskedastic
0.03825607343370889,0.0284497643265422,0.0293633791295218,0.17933793634339498,-0.017640287594879997,0.09415243446229778,0,500,heteroskedastic
0.01800943946632215,0.028366437211475155,0.02952820102804361,0.5257946717161106,-0.03772320553095632,0.07374208446360062,0,500,heteroskedastic
-0.029411030685676683,0.029501052871552795,0.029525249841764502,0.3192736610856165,-0.08737289930099483,0.02855083792964146,0,500,heteroskedastic
0.00022672317782912888,0.03162762196764156,0.03238873300403689,0.9942832697999948,-0.061913298640548065,0.06236674499620633,0,500,heteroskedastic
-0.015390953121237325,0.027400836243708166,0.02937436712760326,0.5745755279824264,-0.06922644425515308,0.03844453801267843,0,500,heteroskedastic
-0.02524903966824779,0.02985951193236922,0.029565531982727582,0.3981850767428865,-0.0839151867741498,0.03341710743765421,0,500,heteroskedastic
0.016438280584369677,0.029907602936857132,0.02951688083711027,0.5828157908068463,-0.04232235279277979,0.07519891396151915,0,500,heteroskedastic
0.03148482334106231,0.028968477295243652,0.029639875729516325,0.27762225931848644,-0.025430673278105005,0.08840031996022962,0,500,heteroskedastic
-0.004136130231931833,0.03044858155835983,0.030919337745215592,0.8920027917607147,-0.06395964539569954,0.05568738493183588,0,500,heteroskedastic
0.021723986199348493,0.028275049344389996,0.029411102822835867,0.44266756295617427,-0.03382910549289754,0.07727707789159452,0,500,heteroskedastic
-0.036077468677768475,0.030460753735513414,0.030766471317763933,0.236822939410988,-0.09592489899249741,0.023769961636960463,0,500,heteroskedastic
-0.020574101178360782,0.029633322429989107,0.026392788877120755,0.4878244994397346,-0.07879584495139862,0.03764764259467705,0,500,heteroskedastic
-0.012659844182777023,0.0302658624716346,0.029986042567078805,0.6759169471091604,-0.0721243640339235,0.04680467566836945,0,500,heteroskedastic
-0.014466839940380205,0.02883565874072759,0.02911470069452888,0.6161005291554991,-0.07112138276782845,0.04218770288706804,0,500,heteroskedastic
-0.017635914045435953,0.030106173435085776,0.02924283348363221,0.5582815999972632,-0.07678668662132247,0.04151485853045056,0,500,heteroskedastic
0.010783907412062248,0.029163381235148673,0.029606284017648095,0.7117068747056309,-0.04651452457577037,0.06808233939989486,0,500,heteroskedastic
0.02646917266134994,0.02621094897548995,0.026135497078155642,0.31305672275745694,-0.025028500571361058,0.07796684589406094,0,500,heteroskedastic
0.016742449361874752,0.031018467086678794,0.031267673311037844,0.5896055601031672,-0.04420074211521012,0.07768564083895962,0,500,heteroskedastic
-0.03876087313186786,0.030692412535421945,0.03130509524801326,0.20722283204197878,-0.0990634525215245,0.021541706257788784,0,500,heteroskedastic
-0.0008384222927712249,0.028031612382327063,0.029009756054951544,0.9761509051466792,-0.055913223895757085,0.05423637931021464,0,500,heteroskedastic
0.020776354357128473,0.029921241924046223,0.029828297119553707,0.48777522125781614,-0.03801107606983958,0.07956378478409654,0,500,heteroskedastic
0.00020895344697542326,0.03179797621396752,0.03308219454505037,0.9947595453124981,-0.0622657700000724,0.06268367689402325,0,500,heteroskedastic
0.031374613769015854,0.029778904390553813,0.02926125884755869,0.29258376445857526,-0.02713316055716026,0.08988238809519197,0,500,heteroskedastic
0.004003444102114426,0.030747087760412156,0.029839140711028733,0.8964563122942913,-0.05640655783348299,0.06441344603771185,0,500,heteroskedastic
0.01985843375676619,0.027432547712718205,0.028566559651135463,0.46946675928865955,-0.03403936213652074,0.07375622965005313,0,500,heteroskedastic
0.013217433914401654,0.02661937696396292,0.027209933567935374,0.6197365854456471,-0.03908269370899709,0.0655175615378004,0,500,heteroskedastic
-0.045660503420574955,0.03189034635595665,0.032067547123344094,0.15282921702431185,-0.10831671008645105,0.01699570324530114,0,500,heteroskedastic
0.018281914902815485,0.02839851246768962,0.03000157949825651,0.520025407755596,-0.03751374960073621,0.07407757940636718,0,500,heteroskedastic
0.040933860793929466,0.027193185785909093,0.02623105053790813,0.1328813303300171,-0.012493651390717446,0.09436137297857639,0,500,heteroskedastic
-0.008777768047375505,0.02939077330625174,0.02912840249036322,0.7653261440200125,-0.06652296610172198,0.04896743000697098,0,500,heteroskedastic
0.023898809130321292,0.03124403266278545,0.03012384930128253,0.44468867104671395,-0.0374875598273558,0.08528517808799838,0,500,heteroskedastic
-0.026240428617470436,0.031014543542519365,0.03148732088668844,0.3979208747464553,-0.08717591135439388,0.034695054119453006,0,500,heteroskedastic
0.04968840236925774,0.02923097670874901,0.029305169985336464,0.08978274625389522,-0.007742837080629596,0.10711964181914507,0,500,heteroskedastic
0.0003481547917353646,0.02843963673250735,0.02943369003198632,0.990237534654103,-0.0555283081580496,0.05622461774152032,0,500,heteroskedastic
0.03248362714548257,0.029396459487708682,0.028740256671695066,0.2696852188836987,-0.02527274277123659,0.09023999706220173,0,500,heteroskedastic
-0.019450229401336838,0.027786030463277305,0.029345934077055935,0.48425398729798197,-0.07404252663445374,0.035142067831780054,0,500,heteroskedastic
0.0323271660925048,0.02990581210049714,0.030266967645172557,0.280235425665338,-0.026429948758636072,0.09108428094364568,0,500,heteroskedastic
-0.009819089254787503,0.026815107248796165,0.026159664368390394,0.7143881286212439,-0.06250377579894541,0.04286559728937041,0,500,heteroskedastic
0.03027325271866993,0.028620220870228547,0.030609430092442328,0.2906788317432515,-0.02595801092620139,0.08650451636354126,0,500,heteroskedastic
0.042963602499406894,0.03021670976375682,0.02918530844942677,0.15569601617293985,-0.016404345110453702,0.10233155010926749,0,500,heteroskedastic
0.0035709866558171887,0.030123852415276223,0.028942054239262032,0.9056848363437442,-0.0556145205016286,0.06275649381326298,0,500,heteroskedastic
-0.007339995631793363,0.03233353643115374,0.02951524694017443,0.8205100959789366,-0.07086695511527336,0.05618696385168664,0,500,heteroskedastic
0.0278315454336142,0.026276048901256656,0.0260440034295159,0.2900229580212483,-0.023794032161038918,0.07945712302826732,0,500,heteroskedastic
0.04286333492910161,0.02846540760871215,0.029598986227971528,0.13275139990791973,-0.013063761065788146,0.09879043092399137,0,500,heteroskedastic
-0.030702441859073573,0.028137079901399353,0.027167893747810236,0.2757240988055822,-0.0859844596082176,0.02457957589007046,0,500,heteroskedastic
0.019389458000430848,0.03073832386919171,0.032186727869078495,0.5284665611783508,-0.04100332517644327,0.07978224117730497,0,500,heteroskedastic
0.023756630039367125,0.028756151023282068,0.02748271553023442,0.40911982851163076,-0.03274170087616915,0.0802549609549034,0,500,heteroskedastic
0.021186545894723997,0.030184364231745756,0.0309107057737075,0.4830665256239862,-0.038117851187469645,0.08049094297691764,0,500,heteroskedastic
0.0075877794832971725,0.030260360991080162,0.02965399622593953,0.8021109754340361,-0.05186593139453996,0.0670414903611343,0,500,heteroskedastic
-0.005232599024721348,0.02900261548459196,0.02891591767629602,0.8568976792860186,-0.0622151682753092,0.051749970225866505,0,500,heteroskedastic
0.04476565124449496,0.03248388170328584,0.03308143430114612,0.1687949403895166,-0.0190566974560478,0.10858799994503773,0,500,heteroskedastic
0.009972963397809734,0.029691713371537618,0.028064174631392037,0.7371000117157069,-0.04836350333434063,0.06830943012996009,0,500,heteroskedastic
0.02735995145777472,0.027393308132536397,0.02688104257419426,0.3183852088540629,-0.026460748902653743,0.08118065181820319,0,500,heteroskedastic
-0.007739297924258052,0.030167938679259924,0.029657318931478913,0.7976394611209763,-0.067011423083166,0.0515328272346499,0,500,heteroskedastic
0.04227734209634948,0.027298764737707745,0.027755267373935997,0.12209132975286045,-0.01135760517067707,0.09591228936337604,0,500,heteroskedastic
0.0037367073283079543,0.027645496986574165,0.02596150273321809,0.8925359259709454,-0.05057947830471835,0.058052892961334264,0,500,heteroskedastic
-0.004141355016442924,0.03160653798864271,0.03115456169766756,0.8958057322291642,-0.06623995231936503,0.05795724228647918,0,500,heteroskedastic
-0.019193740423544922,0.029555825528108585,0.02865168524220455,0.5163751670950882,-0.07726322301239891,0.03887574216530906,0,500,heteroskedastic
-0.001701312931145657,0.028041663758704063,0.02664658305154508,0.9516456485860645,-0.056795862865131885,0.05339323700284057,0,500,heteroskedastic
-0.009846123347209624,0.027214633948069913,0.028302781719847483,0.7176585539777349,-0.0633157755721669,0.04362352887774766,0,500,heteroskedastic
-0.006363470967543335,0.028810652604220322,0.027822699333489145,0.8252825035794974,-0.06296888326378235,0.05024194132869568,0,500,heteroskedastic
0.07737216211861456,0.03063301487566906,0.03046507658854029,0.011853319291220944,0.01718628362657143,0.13755804061065768,1,500,heteroskedastic
0.011528673163770252,0.03210628446545683,0.03238134279542326,0.7196886334583976,-0.0515517955237491,0.0746091418512896,0,500,heteroskedastic
0.03565413094277733,0.029324318226561712,0.02777338929014017,0.22461603397932306,-0.021960500225885957,0.09326876211144061,0,500,heteroskedastic
-0.02321435717293425,0.02869198622772332,0.027716462060869123,0.4188505978268432,-0.07958662101330213,0.03315790666743362,0,500,heteroskedastic
0.004505156375064442,0.02787059725721679,0.029444244259729652,0.8716505906463522,-0.050253292534769914,0.059263605284898796,0,500,heteroskedastic
0.0033411288748652606,0.02982137126329465,0.03091299599607039,0.9108383650354878,-0.055250081771669485,0.06193233952140001,0,500,heteroskedastic
-0.04249994396685601,0.026662651923694745,0.025588512112552423,0.1115731879458075,-0.09488509559062622,0.00988520765691419,0,500,heteroskedastic
0.00932619433201049,0.02761514581184958,0.027783748766338642,0.7357163103073499,-0.04493035916485558,0.06358274782887656,0,500,heteroskedastic
-0.02119972652705085,0.030353488574538037,0.029448971108541257,0.48523557381580473,-0.08083640879849721,0.038436955744395505,0,500,heteroskedastic
-0.01733692244924609,0.028316174490052755,0.02904163237902245,0.5406437592994515,-0.07297081431835595,0.03829696941986377,0,500,heteroskedastic
0.005493070666414803,0.02845200211392955,0.029155824356979325,0.8469871910115347,-0.05040768703028961,0.06139382836311921,0,500,heteroskedastic
-0.020540732777941325,0.028848217322425714,0.02801972686060996,0.4767809852248641,-0.07721994994042265,0.036138484384539996,0,500,heteroskedastic
-0.002678960277097915,0.029786744377932557,0.029794900709912808,0.928372642064756,-0.06120213813210302,0.05584421757790719,0,500,heteroskedastic
-0.017378746958398878,0.030824390912074725,0.030286831661195567,0.5731450300387511,-0.07794062940957397,0.04318313549277622,0,500,heteroskedastic
0.02286741102291065,0.03195277131321073,0.030413543976083753,0.4745349717437699,-0.0399114443899926,0.0856462664358139,0,500,heteroskedastic
0.010173525243212526,0.02994297602599078,0.028801241142695614,0.7341780124318812,-0.04865660702110579,0.06900365750753085,0,500,heteroskedastic
0.021863848937019467,0.02999369936610523,0.029045530813854456,0.46637610136063434,-0.03706594145096802,0.08079363932500695,0,500,heteroskedastic
-0.025691034643302923,0.030929056604253605,0.029287771735160943,0.4065728255860255,-0.08645855786008112,0.03507648857347527,0,500,heteroskedastic
0.003819728563855221,0.02910176616033226,0.0277602330354802,0.895627240872111,-0.053357645884547146,0.06099710301225759,0,500,heteroskedastic
-0.009635290609188985,0.028088428794338892,0.029295921432312036,0.731717514739085,-0.06482172163172681,0.045551140413348845,0,500,heteroskedastic
-0.014451243179832303,0.028910570984065628,0.026235743415806353,0.6173943181001906,-0.07125296901206832,0.04235048265240371,0,500,heteroskedastic
0.00646177620578047,0.03079519926889669,0.029854647137714133,0.83388567639847,-0.054042752286065865,0.06696630469762681,0,500,heteroskedastic
-0.006024420127114216,0.029555907687363353,0.02957346319464389,0.8385685706151467,-0.06409406413745886,0.05204522388323042,0,500,heteroskedastic
-0.022575512228429906,0.029502539437795804,0.028803764845270793,0.44451152518982373,-0.08054030155839645,0.035389277101536644,0,500,heteroskedastic
-0.06819716918576767,0.030971211794130184,0.03044267235347315,0.028126287347372783,-0.12904751634743075,-0.007346822024104575,1,500,heteroskedastic
-0.037583972048851694,0.02798699484373695,0.026831448437571157,0.1799133421447169,-0.09257111183444551,0.017403167736742123,0,500,heteroskedastic
-0.04455185622507497,0.02869783309633431,0.02863006687492713,0.12119062362449136,-0.10093560763613116,0.011831895185981212,0,500,heteroskedastic
0.01414380393161239,0.026728944378341436,0.026939314520745182,0.5969324286120535,-0.03837159506207875,0.06665920292530353,0,500,heteroskedastic
0.024176863327762976,0.03006447575049816,0.030206304285446843,0.4216841613281077,-0.034891984181714776,0.08324571083724072,0,500,heteroskedastic
0.02498463980369993,0.02808513984539652,0.026930717073983323,0.37410833103522967,-0.03019532929263783,0.08016460890003768,0,500,heteroskedastic
-0.02733891637090354,0.03120244535798756,0.03218590690890875,0.3813553480266738,-0.08864357712964767,0.033965744387840585,0,500,heteroskedastic
0.012506588204444346,0.028442711678389503,0.02896433681040632,0.6603368056503021,-0.0433759162113858,0.06838909262027448,0,500,heteroskedastic
0.04187502688785537,0.028170725834145177,0.028372961632706785,0.1377868253742571,-0.013473096336972676,0.09722315011268341,0,500,heteroskedastic
-0.0022526253859759563,0.028651821173993716,0.029651238316382472,0.9373659258761335,-0.05854597537952831,0.054040724607576404,0,500,heteroskedastic
0.04303411400007921,0.029440873595001596,0.02910881999670417,0.1444505171917985,-0.014809518044632021,0.10087774604479044,0,500,heteroskedastic
-0.01981165722421731,0.02770379836026737,0.027627131070735937,0.4748674040905454,-0.0742423898388992,0.034619075390464576,0,500,heteroskedastic
0.02490473859807787,0.028019890835492105,0.027732673881476367,0.37452703651418184,-0.030147033224900668,0.0799565104210564,0,500,heteroskedastic
0.033740468157839446,0.029426906719635475,0.029818607780777762,0.2521035216182891,-0.024075722622369726,0.09155665893804862,0,500,heteroskedastic
0.011081548438286924,0.027626711418034366,0.028132825229148735,0.6885059054914404,-0.043197728455912035,0.06536082533248588,0,500,heteroskedastic
0.03782486634675585,0.028432940644532723,0.03067535401395839,0.1840222328601305,-0.018038440537951977,0.09368817323146368,0,500,heteroskedastic
-0.014324777552920085,0.02893062866310321,0.030269937491931975,0.6207180798087798,-0.07116591148906909,0.04251635638322891,0,500,heteroskedastic
-0.046680425870564875,0.030879564984116314,0.030248653903997936,0.13124623116359774,-0.10735071097192912,0.013989859230799373,0,500,heteroskedastic
0.005545284194228453,0.027550787882690476,0.02672309881916838,0.8405657499580721,-0.04858482277035568,0.05967539115881258,0,500,heteroskedastic
0.08002273917829059,0.02982657177849933,0.03035428134897486,0.007540631765998603,0.021421310876801686,0.1386241674797795,1,500,heteroskedastic
-0.0011925097471804334,0.030495726151667304,0.0306362509025301,0.9688230154730417,-0.06110865173125547,0.05872363223689461,0,500,heteroskedastic
0.04392426143164313,0.030034642636055892,0.02932528737954355,0.144247815109813,-0.015085971794906575,0.10293449465819283,0,500,heteroskedastic
0.014747205187474705,0.029885902703541987,0.0289591348447886,0.621912042116348,-0.043970792895341004,0.07346520327029042,0,500,heteroskedastic
0.010785573320374789,0.028735475091945496,0.028303231566426616,0.7075674278271948,-0.045672134786855376,0.06724328142760495,0,500,heteroskedastic
0.027310224166011435,0.030937948928286055,0.03116928615766841,0.37780163456937377,-0.03347477014644249,0.08809521847846535,0,500,heteroskedastic
0.025372488904403592,0.029192562148460048,0.02818157108962372,0.38518802059757995,-0.031983275961370475,0.08272825377017766,0,500,heteroskedastic
0.002522879379301058,0.02847615662558112,0.027800261488838855,0.9294384412157216,-0.053425335628059734,0.05847109438666184,0,500,heteroskedastic
0.0026144879332609698,0.031172365078147822,0.031937049975750954,0.9331919224379731,-0.05863107292706347,0.06386004879358541,0,500,heteroskedastic
0.011389361851642311,0.030151127007323412,0.030524193818855006,0.7057828397534429,-0.04784973276004312,0.07062845646332774,0,500,heteroskedastic
0.05249756074178342,0.02642827172766819,0.026242813029628193,0.047534736703870484,0.0005729050259821039,0.10442221645758473,1,500,heteroskedastic
-0.003843868307601875,0.02870447644878734,0.03055543142227236,0.8935264121538695,-0.06024067217220012,0.05255293555699637,0,500,heteroskedastic
-0.055651104684324916,0.027822214380587885,0.025796755887613893,0.04601686065136054,-0.11031449387033837,-0.0009877154983114617,1,500,heteroskedastic
0.031040979133085952,0.02805915504562076,0.028438624892610675,0.2691441274355173,-0.024087936614167773,0.08616989488033967,0,500,heteroskedastic
-0.07190011350250959,0.03125363414825877,0.031181797786422116,0.021830261931611455,-0.1333053468729905,-0.010494880132028678,1,500,heteroskedastic
0.025362717505921516,0.029270723441757268,0.02855062634434126,0.3866401220299628,-0.032146613899752735,0.08287204891159577,0,500,heteroskedastic
0.016835011090637855,0.029917872243804173,0.02809865540196797,0.5738872973064854,-0.04194579879419852,0.07561582097547423,0,500,heteroskedastic
-0.006075108741832534,0.02806074064228478,0.026297558500766854,0.8286878367902124,-0.06120713977266333,0.04905692228899826,0,500,heteroskedastic
0.00946703536709798,0.027736317183410564,0.030104613254903573,0.7330046069779816,-0.04502758824709356,0.06396165898128953,0,500,heteroskedastic
0.035430918899319076,0.027286841582701376,0.027742742307606677,0.1947296873581603,-0.018180602480266497,0.08904244027890465,0,500,heteroskedastic
-0.014812564636131353,0.029244287394439888,0.02864165063935849,0.6127218651497408,-0.07226995610908558,0.04264482683682287,0,500,heteroskedastic
0.01294324976576107,0.03071172332759436,0.03253277701945385,0.6736132561562773,-0.047397270290068697,0.07328376982159084,0,500,heteroskedastic
-0.011378036093752562,0.02872885820570204,0.0293428516145383,0.6922384935092433,-0.06782274374663436,0.045066671559129225,0,500,heteroskedastic
0.030373295549860315,0.029727363574288616,0.02861676427995055,0.3074054748162195,-0.028033214525385614,0.08877980562510625,0,500,heteroskedastic
-0.0026426639500703557,0.03092062144206146,0.028770527788567115,0.9319252187747439,-0.06339361427486198,0.05810828637472128,0,500,heteroskedastic
0.07193379817402493,0.02856849477696308,0.028746196127532056,0.012116814163621765,0.015804162801028865,0.128063433547021,1,500,heteroskedastic
-0.04086046708559328,0.027722273848704956,0.025529920929268382,0.14113443561410874,-0.09532749921263786,0.013606565041451295,0,500,heteroskedastic
-0.0431981912885334,0.028931546329351302,0.030467284301777666,0.13603975355521578,-0.10004112819933339,0.013644745622266578,0,500,heteroskedastic
-0.047126264072158315,0.02870108833748839,0.031615675922630614,0.10122795684226993,-0.10351641118240888,0.009263883038092252,0,500,heteroskedastic
-0.0002645262316166713,0.028149539794611135,0.02854621191315712,0.9925060104420791,-0.0555710244186775,0.055041971955444156,0,500,heteroskedastic
0.017114243125413025,0.027067358695582563,0.02646294447288831,0.5274918447625254,-0.036066051669756016,0.07029453792058206,0,500,heteroskedastic
0.03161531135399624,0.029453829349359206,0.03012337748279844,0.2836180525162658,-0.02625377536635514,0.08948439807434763,0,500,heteroskedastic
0.02304116451735596,0.02955993363725811,0.027753847860692623,0.43607151139861966,-0.03503638943369038,0.0811187184684023,0,500,heteroskedastic
-0.020097273536049103,0.029350238861054742,0.02787121914102316,0.4938267508727543,-0.07776283198576409,0.037568284913665886,0,500,heteroskedastic
0.020593421583299153,0.028852534820327114,0.02913056348526106,0.47571775715584097,-0.03609427833561794,0.07728112150221625,0,500,heteroskedastic
0.0037603473776223785,0.028488448537670488,0.029554997227652577,0.8950411519249191,-0.0522120180285956,0.05973271278384036,0,500,heteroskedastic
0.02803433964164553,0.03197203242057385,0.03093479984423202,0.38099661875879187,-0.03478235881974916,0.09085103810304022,0,500,heteroskedastic
0.004069162068253976,0.02887594529591814,0.029926539385129153,0.8879911127302038,-0.052664533324666606,0.06080285746117455,0,500,heteroskedastic
-0.025706714647422337,0.027176859816648895,0.02754590137093696,0.3446560057114353,-0.07910215056382902,0.02768872126898434,0,500,heteroskedastic
-0.015536575915447999,0.026275698872327294,0.02762459149799473,0.5545939570422684,-0.06716146579461843,0.03608831396372243,0,500,heteroskedastic
0.011017876354148288,0.03004613488124414,0.02924259250427923,0.7139995832694174,-0.04801493613452458,0.07005068884282116,0,500,heteroskedastic
0.03825633070451144,0.028132383377265455,0.02829242613231179,0.17448698535354257,-0.017016459600582276,0.09352912100960516,0,500,heteroskedastic
-0.012996520923908555,0.026089316356634286,0.02683634945934686,0.6185947829103855,-0.06425521780875343,0.03826217596093631,0,500,heteroskedastic
0.031436059269165345,0.032538580365907815,0.03247610829801416,0.33445481585824477,-0.032493758026146985,0.09536587656447768,0,500,heteroskedastic
0.014227848071739352,0.03155529524506681,0.031060808011276364,0.6522678020971708,-0.04777007061528498,0.07622576675876369,0,500,heteroskedastic
0.015382244741516825,0.02792840292846692,0.029049965044119035,0.5820354347640917,-0.039489777224059254,0.07025426670709291,0,500,heteroskedastic
-0.029693901637373038,0.03008651335353989,0.030544164137932976,0.3241461343477018,-0.08880604728463803,0.02941824400989196,0,500,heteroskedastic
-0.03235474971305466,0.02771811928157182,0.02680253901210954,0.24365673312363276,-0.08681361920009541,0.02210411977398609,0,500,heteroskedastic
-0.012842709128686548,0.02782688482841164,0.02558401608117709,0.6446259308342801,-0.06751527452560724,0.04182985626823415,0,500,heteroskedastic
0.020707348998340466,0.027939471746247776,0.027657324940733766,0.4589516236198674,-0.03418642030502502,0.07560111830170596,0,500,heteroskedastic
0.021041695125691182,0.03074249676957959,0.028485273495711505,0.49400958766148606,-0.03935928671124704,0.08144267696262941,0,500,heteroskedastic
-0.029454592746771417,0.02750768126426053,0.027556604487165813,0.2847883781464472,-0.08350000645770234,0.0245908209641595,0,500,heteroskedastic
0.0052698047542385565,0.032150971928986485,0.0333937757800385,0.869869989370673,-0.057898463134927435,0.06843807264340454,0,500,heteroskedastic
0.02262201356441443,0.02855893796566129,0.02846947747325504,0.42866974720961615,-0.033488845168864134,0.078732872297693,0,500,heteroskedastic
-0.0039095245413034874,0.029597965666042544,0.029383155156188865,0.8949683448450422,-0.062061801501903935,0.05424275241929696,0,500,heteroskedastic
0.02390413902402526,0.030216444982434195,0.029292512221435137,0.42926398551001976,-0.03546328835964881,0.08327156640769934,0,500,heteroskedastic
0.06811327317418348,0.030137930715159963,0.02969213969095119,0.024249200378570354,0.0089001058321422,0.12732644051622474,1,500,heteroskedastic
0.009803238909188494,0.030153248185308023,0.030578753558730316,0.745231437103016,-0.049440023263573114,0.0690465010819501,0,500,heteroskedastic
0.01892051863692067,0.027009094131714605,0.02772039201834256,0.48392727271179736,-0.0341453014982914,0.07198633877213274,0,500,heteroskedastic
0.004567276720643707,0.02919899867385009,0.030196474738540834,0.875766189896189,-0.052801134237479036,0.06193568767876645,0,500,heteroskedastic
0.006592471195251424,0.027290736281712972,0.026448226453032846,0.80921711812031,-0.04702670225130916,0.060211644641812,0,500,heteroskedastic
-0.0463354509264728,0.029661526514677676,0.0300579502448237,0.11889027892163838,-0.10461260836417718,0.011941706511231574,0,500,heteroskedastic
-0.012711430617725948,0.028840569177844555,0.02806619952751123,0.6595865180678027,-0.0693756211724013,0.04395275993694941,0,500,heteroskedastic
0.002901008534378798,0.03234340952712486,0.03263949236792435,0.9285664754295389,-0.06064534900563824,0.06644736607439584,0,500,heteroskedastic
-0.025217773613634573,0.03133646050327818,0.03055940801067733,0.4213524526107243,-0.08678573915263921,0.03635019192537006,0,500,heteroskedastic
-0.00845292985080015,0.028841727961368004,0.028322508785928308,0.7695831870202634,-0.06511939711263684,0.048213537411036546,0,500,heteroskedastic
-0.07081346956220405,0.02862172700947308,0.029016359559370097,0.013688838326703591,-0.1270476923775629,-0.014579246746845215,1,500,heteroskedastic
0.02160015012873179,0.02895055832900997,0.02716889040131244,0.4559561601245168,-0.03528014039894173,0.07848044065640532,0,500,heteroskedastic
-0.060397953319529366,0.027966484121509674,0.028611727704668126,0.03127601543490092,-0.11534479488959444,-0.005451111749464291,1,500,heteroskedastic
-0.021658171169090027,0.0318071086590831,0.031553215207421714,0.4962371032437176,-0.08415083748706624,0.040834495148886193,0,500,heteroskedastic
0.014502493401539179,0.02965499552269637,0.027146065284216425,0.6250283407825405,-0.04376183234162208,0.07276681914470043,0,500,heteroskedastic
0.024721086495519157,0.029706211756427903,0.031213467587229433,0.4057029737931579,-0.0336438657786152,0.08308603876965351,0,500,heteroskedastic
-0.01474992388030589,0.02835038232005548,0.02812912961696827,0.6031048782258832,-0.07045102520654482,0.04095117744593304,0,500,heteroskedastic
0.012891824709976085,0.030332334445087806,0.03284617758439534,0.6710062534324124,-0.04670329521868867,0.07248694463864083,0,500,heteroskedastic
0.014780037105087698,0.029745523937662142,0.030850125263973533,0.6194910253863084,-0.04366215334402305,0.07322222755419844,0,500,heteroskedastic
0.002140942996843833,0.02969465176193216,0.030838526180077607,0.942552381766293,-0.056201296905461856,0.060483182899149515,0,500,heteroskedastic
-0.02243376208932189,0.029899045585280372,0.029834540468170082,0.453418151880552,-0.08117758250423754,0.03631005832559375,0,500,heteroskedastic
-0.01936375105856524,0.02914945408522251,0.028674975752937343,0.5068108498094042,-0.07663481983201631,0.03790731771488582,0,500,heteroskedastic
0.027865246163319726,0.028455938099385736,0.028827344993466356,0.32793594450022623,-0.028043244717446843,0.08377373704408629,0,500,heteroskedastic
0.019861964992220645,0.028663377907246088,0.030066025438104688,0.48867101281465464,-0.0364540909656684,0.07617802095010968,0,500,heteroskedastic
-0.010615694995866273,0.028307503536030523,0.028621734998542397,0.7078101077070568,-0.06623255070358913,0.045001160711856586,0,500,heteroskedastic
-0.03273675516303471,0.029524729514070664,0.02721206106257704,0.26805551798925753,-0.0907451422008935,0.02527163187482407,0,500,heteroskedastic
0.018477000075412687,0.030702450681684514,0.03182735793494195,0.5475753953843547,-0.041845301651522754,0.07879930180234812,0,500,heteroskedastic
-0.047931766298359754,0.032324945600781654,0.03360913609815175,0.13875732074984237,-0.11144184704251166,0.015578314445792149,0,500,heteroskedastic
-0.00041853462494805677,0.029577042708070704,0.029106752156651223,0.9887154521196371,-0.05852970343438225,0.057692634184486134,0,500,heteroskedastic
-0.00038335335736894814,0.02972641575385908,0.03075506591326976,0.9897158902177345,-0.05878800121286811,0.05802129449813021,0,500,heteroskedastic
0.011793810935691275,0.028500270755188076,0.029047354251344967,0.6791884854647927,-0.04420178204214863,0.06778940391353118,0,500,heteroskedastic
0.03412504836044359,0.02891810243020597,0.0284961325541425,0.23854037544914158,-0.02269147479762247,0.09094157151850965,0,500,heteroskedastic
-0.02478203153176143,0.029318539378897345,0.030002267182761784,0.3983669816538884,-0.0823853087731419,0.03282124570961904,0,500,heteroskedastic
0.015032289066961597,0.02747507475305384,0.02873673914888922,0.5845382239844039,-0.038949061360302975,0.06901363949422618,0,500,heteroskedastic
-0.048451855099543625,0.03188446273057034,0.031053526792667284,0.1292443645334118,-0.11109650197726206,0.014192791778174813,0,500,heteroskedastic
0.020959205620108372,0.02902696252793476,0.02880961202819483,0.4705965547013521,-0.036071199215655075,0.07798961045587181,0,500,heteroskedastic
-0.029968340864446934,0.030162934757810598,0.029114828773687495,0.32092518944449067,-0.0892306346238157,0.029293952894921822,0,500,heteroskedastic
-0.003138331161571464,0.028174476189657006,0.02827791426495043,0.9113526368756074,-0.05849382285607359,0.052217160532930657,0,500,heteroskedastic
-0.05042711707308803,0.027554817246853353,0.026770759721055398,0.06783772548282918,-0.10456514068651954,0.0037109065403434713,0,500,heteroskedastic
-0.019568244489266987,0.030774046521235197,0.03092503123462419,0.5251542855429969,-0.08003121335318591,0.04089472437465195,0,500,heteroskedastic
-0.007957291447110434,0.029568515992346552,0.030139457558192983,0.7879536796709338,-0.06605170748576471,0.05013712459154383,0,500,heteroskedastic
0.014397217640536234,0.028085835963258175,0.026635511905490104,0.6084480219227145,-0.04078411914570106,0.06957855442677353,0,500,heteroskedastic
0.014082231038243551,0.028684342404413952,0.029163250807893896,0.6236866293443839,-0.042275014684489506,0.0704394767609766,0,500,heteroskedastic
0.0124669315030263,0.029564442307175913,0.029442294429627976,0.6734356902345693,-0.04561948080756888,0.07055334381362148,0,500,heteroskedastic
-0.04116742476498994,0.027819834019622597,0.028875846119684214,0.13956243836517024,-0.09582613716302135,0.013491287633041471,0,500,heteroskedastic
0.05076472997492635,0.029587785676089155,0.027944386235708128,0.08683295036461638,-0.00736754596256646,0.10889700591241916,0,500,heteroskedastic
-0.04063853907304878,0.02791925972147718,0.027664389561524963,0.14614059522914313,-0.09549259702342278,0.014215518877325216,0,500,heteroskedastic
-0.0431200761448946,0.030251694031132835,0.029556188544765553,0.1546746329117744,-0.1025567587086594,0.016316606418870207,0,500,heteroskedastic
0.034208272393800816,0.029591951077174817,0.027897027005150885,0.24823575431909692,-0.02393218746958469,0.09234873225718632,0,500,heteroskedastic
-0.02857132711877801,0.029672586614371912,0.02932264045512719,0.33607189109144353,-0.08687021476550716,0.029727560527951134,0,500,heteroskedastic
0.0001379448490834989,0.02824066677494917,0.028389553163264945,0.9961046108179565,-0.05534759406864755,0.05562348376681455,0,500,heteroskedastic
0.01932246378964331,0.031354626666275504,0.029174159918414357,0.5380074272276087,-0.042281193517973104,0.08092612109725972,0,500,heteroskedastic
-0.022308831515776967,0.02807284832306041,0.027185114036342627,0.4271802783247909,-0.07746465097902096,0.03284698794746703,0,500,heteroskedastic
0.03144420747003152,0.0296766724336851,0.028982981888085128,0.2898585627237637,-0.026862707745179605,0.08975112268524266,0,500,heteroskedastic
0.0567679582632366,0.0297789018682111,0.02873765493645594,0.057184722215672806,-0.0017398111071944625,0.11527572763366767,0,500,heteroskedastic
0.0016225746633522584,0.027826350065328243,0.026842077209372595,0.9535245139962073,-0.05304894006369184,0.05629408939039635,0,500,heteroskedastic
0.010832982020970293,0.02748245032059025,0.02832394835344601,0.6936182345076325,-0.04316285947135458,0.06482882351329516,0,500,heteroskedastic
0.0346514791823527,0.02958414270611122,0.027873487864945597,0.24204412027030198,-0.023473639270010678,0.09277659763471607,0,500,heteroskedastic
0.004732337508799539,0.026641531595803722,0.02502365136723108,0.8590857225210438,-0.04761131818343012,0.0570759932010292,0,500,heteroskedastic
0.0043234736685615165,0.02566059945314917,0.02499973907746515,0.8662686915503162,-0.046092906403349135,0.054739853740472175,0,500,heteroskedastic
-0.02532084624823787,0.028295232892390696,0.027844896485334288,0.3712833871311806,-0.08091359334405546,0.030271900847579726,0,500,heteroskedastic
-0.010562672534130504,0.02618177253038982,0.025465126387288022,0.6868005849267279,-0.06200302166776887,0.04087767659950786,0,500,heteroskedastic
-0.008707935394480431,0.03130425935214527,0.030125882320335955,0.7809965927453921,-0.07021263407655783,0.05279676328759696,0,500,heteroskedastic
-0.02187587157879232,0.029623413582405767,0.02901869432911046,0.46057943691749703,-0.08007814705270688,0.03632640389512225,0,500,heteroskedastic
0.06693218133427391,0.02896439878221221,0.02866617877010582,0.021249127962109968,0.010024697928652009,0.1238396647398958,1,500,heteroskedastic
0.031484616759259614,0.02911059300609796,0.028181890694115003,0.2799751391505564,-0.025710100137115263,0.08867933365563449,0,500,heteroskedastic
0.0052391434350840815,0.02970524864282896,0.030660311641912977,0.8600742112093507,-0.05312391657221741,0.06360220344238557,0,500,heteroskedastic
0.024709486752563514,0.029087600448902465,0.02860328768312852,0.39601953097299714,-0.03244005577037127,0.08185902927549829,0,500,heteroskedastic
0.002236584068886856,0.028717526022368794,0.029850299591621225,0.937953041302646,-0.054185858801637975,0.05865902693941168,0,500,heteroskedastic
0.0391396117195866,0.028454857789148514,0.029804691135040848,0.16959535050922406,-0.016766756633543198,0.0950459800727164,0,500,heteroskedastic
-0.04501397915031328,0.03193949148413992,0.03162431222169878,0.15935530993532745,-0.10776674316535398,0.017738784864727415,0,500,heteroskedastic
0.032530620350459234,0.029954335304965326,0.029481246404291065,0.27800125536910114,-0.026321829932078773,0.09138307063299725,0,500,heteroskedastic
0.002697499688149571,0.02883501870419288,0.029582872879158135,0.9255047030162075,-0.05395578563456841,0.05935078501086755,0,500,heteroskedastic
-0.025542736723017254,0.029301401207174293,0.02958235416381221,0.3837789852825685,-0.08311234193031666,0.03202686848428215,0,500,heteroskedastic
-0.02920540897400549,0.02808263725431747,0.028067053466205617,0.2988533737259079,-0.08438046113209183,0.02596964318408084,0,500,heteroskedastic
0.036886954139738734,0.027633627194797193,0.02684163993978417,0.18253291247575,-0.017405910450663656,0.09117981873014112,0,500,heteroskedastic
-0.023048585796419538,0.03095492650128666,0.03018538331825742,0.4568736185845206,-0.08386693660838393,0.03776976501554485,0,500,heteroskedastic
0.014315945081786857,0.03067891744380443,0.029877739669025433,0.6409630462862789,-0.045960119975290134,0.07459201013886385,0,500,heteroskedastic
0.016000893126924584,0.030124657567609545,0.029438100080401243,0.5955474797664866,-0.04318619594469771,0.07518798219854689,0,500,heteroskedastic
0.011640025923117393,0.028124098155801906,0.027890128503000086,0.6791395468390632,-0.04361648608438437,0.06689653793061916,0,500,heteroskedastic
0.031082012327247138,0.02916635073737793,0.02870378574617518,0.2870844683377642,-0.026222253957375312,0.0883862786118696,0,500,heteroskedastic
0.004317203124773378,0.02914198239621686,0.028928776334932113,0.8822892707236821,-0.052939185730019676,0.06157359197956643,0,500,heteroskedastic
-0.0021057715580789864,0.027538049726053844,0.027675613667863534,0.9390777137590817,-0.05621085136974798,0.05199930825359001,0,500,heteroskedastic
-0.029348641768996063,0.028468495505827453,0.027860773053523604,0.30308038672357174,-0.08528180467572363,0.026584521137731514,0,500,heteroskedastic
0.005182907257287131,0.0286393317761784,0.027959442125049878,0.8564634513428816,-0.05108590432950369,0.06145171884407795,0,500,heteroskedastic
-0.02713257390803355,0.0282149500958636,0.028383087056377158,0.3366980524991665,-0.08256758626385273,0.028302438447785627,0,500,heteroskedastic
-0.0026980216683607375,0.027442553471589075,0.026672249845437812,0.9217215229298298,-0.056615476266155436,0.05121943292943396,0,500,heteroskedastic
-0.009198243205799796,0.028036846784456358,0.02909583567613737,0.7429913704835962,-0.0642833290427016,0.045886842631102015,0,500,heteroskedastic
0.014623138610240805,0.027950801909504008,0.02830449457224861,0.601085728151479,-0.040292891506557585,0.06953916872703919,0,500,heteroskedastic
-0.03128053916457262,0.0301496027785189,0.029072688081576193,0.30000134797902284,-0.09051663906450687,0.027955560735361623,0,500,heteroskedastic
-0.0002891286493753968,0.028315680551269252,0.027152433008032165,0.9918571093301172,-0.05592205005770211,0.05534379275895131,0,500,heteroskedastic
-0.03811072091710978,0.02992835341792009,0.030064253554827725,0.2034707174769075,-0.09691212357331896,0.020690681739099402,0,500,heteroskedastic
-0.011201804902500787,0.029047303996399956,0.02765740402841027,0.699927914356296,-0.0682721754143286,0.045868565609327026,0,500,heteroskedastic
0.015859356372791546,0.027775961050573575,0.027073233577241236,0.5682747098931161,-0.03871315709265074,0.07043186983823382,0,500,heteroskedastic
-0.010659527129154836,0.027186731247234416,0.027527300848164186,0.6951626692451162,-0.06407435783005054,0.04275530357174087,0,500,heteroskedastic
0.004843316068483489,0.027583802192557873,0.028190813580089624,0.8606909549245242,-0.04935165539769287,0.05903828753465985,0,500,heteroskedastic
-0.03842887264038277,0.026609139177500296,0.026405745114439244,0.14931203823453768,-0.0907088856856191,0.013851140404853565,0,500,heteroskedastic
0.020706917668479513,0.029402951152224726,0.02957042782929877,0.48160862150474815,-0.037062206674578664,0.07847604201153768,0,500,heteroskedastic
-0.0031600069185317922,0.029151963126590515,0.0292385559115383,0.913723853697435,-0.06043600530336845,0.054115991466304865,0,500,heteroskedastic
0.034341943011402525,0.02943800542798,0.02738255054275398,0.24393623582836518,-0.023496053833751716,0.09217993985655676,0,500,heteroskedastic
-0.00709495114696951,0.02656049175592215,0.026662691081952142,0.7894840882896262,-0.059279384706610413,0.0450894824126714,0,500,heteroskedastic
-0.03574908454653508,0.027864755957909715,0.026969041770893022,0.20010640176219321,-0.09049605682790965,0.018997887734839486,0,500,heteroskedastic
0.0279937288198551,0.027145932801588224,0.026523799215008238,0.3029330390468552,-0.025340943584435064,0.08132840122414527,0,500,heteroskedastic
0.016244781770158936,0.028450807478814014,0.03032984983088722,0.5682721977984071,-0.03965362878036356,0.07214319232068143,0,500,heteroskedastic
0.017588995515656482,0.027364681328960673,0.027013333340503275,0.5206739260050053,-0.036175460647829005,0.07135345167914198,0,500,heteroskedastic
0.05155915967088287,0.03088958856713753,0.031541602388503814,0.09571739336642181,-0.00913081915479217,0.1122491384965579,0,500,heteroskedastic
-0.015941514217425196,0.028286507729049122,0.028678679545695113,0.5732983877623218,-0.07151711864469285,0.039634090209842446,0,500,heteroskedastic
-0.03376640476824272,0.030194609094226565,0.030403977327378668,0.26398124019450425,-0.09309093033112754,0.025558120794642106,0,500,heteroskedastic
0.02327595035562958,0.0293661712484131,0.029089738086798805,0.42838191889098043,-0.0344209110766201,0.08097281178787927,0,500,heteroskedastic
-0.07309469599793794,0.029209396738918203,0.029306255218085702,0.012653573369911669,-0.13048353643984745,-0.01570585555602845,1,500,heteroskedastic
0.024339817302616203,0.03042449768917112,0.0296587400759348,0.4240880681191619,-0.03543637934449576,0.08411601394972817,0,500,heteroskedastic
-0.028623164256795692,0.030082402104114808,0.02842739673740279,0.3418162465223098,-0.08772723237204652,0.03048090385845514,0,500,heteroskedastic
0.015057139792437613,0.030208368149480656,0.03071555895656777,0.6183921302905944,-0.04429441872267373,0.07440869830754895,0,500,heteroskedastic
-0.04664583801606707,0.02943608751891559,0.027809300468673154,0.11368110275693026,-0.10448006667051668,0.01118839063838254,0,500,heteroskedastic
0.019034743635349256,0.030280343094234687,0.03034349632198658,0.5298879193184097,-0.04045822685951725,0.07852771413021575,0,500,heteroskedastic
0.024188981475523133,0.030551533655862596,0.030353590596145227,0.42888713856397864,-0.03583680768758651,0.08421477063863278,0,500,heteroskedastic
0.005283125140030189,0.02740126265152848,0.02742924016646687,0.8471895845433209,-0.04855320377395277,0.05911945405401315,0,500,heteroskedastic
0.05423037512993841,0.030114893958600147,0.03124317560753192,0.07234205349004552,-0.0049375309984486665,0.11339828125832549,0,500,heteroskedastic
0.040834603897975025,0.028210943644389835,0.027557287339196105,0.1483934495317843,-0.01459253682645028,0.09626174462240034,0,500,heteroskedastic
0.03407418537039917,0.025790656848168322,0.02585577486481913,0.1870469539633099,-0.016597723535528783,0.08474609427632712,0,500,heteroskedastic
-0.002914283282185643,0.029564164401971633,0.03074808562073597,0.9215154978725856,-0.0610001495815924,0.055171583017221124,0,500,heteroskedastic
-0.009403367704658598,0.02836105613954623,0.028709149660030815,0.7403616505417241,-0.06512544030014816,0.04631870489083097,0,500,heteroskedastic
-0.0009369870878877043,0.02927291778595841,0.02790793577311189,0.974477963118721,-0.058450629807155985,0.056576655631380576,0,500,heteroskedastic
-0.009767221086373287,0.030086911168185383,0.030506120381840057,0.7455947430879568,-0.06888014833558027,0.04934570616283371,0,500,heteroskedastic
0.0222415227449781,0.027158352517824887,0.02681410137278666,0.41320267627589813,-0.031117551159959622,0.07560059664991582,0,500,heteroskedastic
-0.006185419861668283,0.02897121289855899,0.028762876385389928,0.8310225925799073,-0.06310629122731118,0.05073545150397461,0,500,heteroskedastic
-0.0016685220728856198,0.030218590068674833,0.03065367509936351,0.955989253909908,-0.0610401639911185,0.05770311984534726,0,500,heteroskedastic
0.022517815639627937,0.026955702246301227,0.026674906957898963,0.40391354036384886,-0.030443103376938348,0.07547873465619423,0,500,heteroskedastic
0.017076018658598487,0.02798371080888914,0.02701162216481072,0.5419991994957423,-0.03790466885570842,0.0720567061729054,0,500,heteroskedastic
-0.01396404980522074,0.02843738494218772,0.029175571282613107,0.6236105881822311,-0.06983608857478325,0.041907988964341766,0,500,heteroskedastic
-0.0009025464881734363,0.030983506640084684,0.029551625066502385,0.9767726580081254,-0.06177704981297291,0.05997195683662604,0,500,heteroskedastic
0.034077584109695136,0.029796992235488876,0.029651155480512024,0.25331472397119437,-0.02446572811054276,0.09262089632993303,0,500,heteroskedastic
0.013577559914429852,0.027193152083552247,0.02660236709931968,0.617788061615359,-0.039849886053882747,0.06700500588274245,0,500,heteroskedastic
-0.002914863144435946,0.029349474897904168,0.03000300370234536,0.9209275917271456,-0.06057892060596745,0.05474919431709556,0,500,heteroskedastic
-0.021953312094541953,0.030313190787809877,0.02957639053458065,0.4692729283167897,-0.08151081973347618,0.03760419554439228,0,500,heteroskedastic
0.016969470146145117,0.030363846061894816,0.02966672721551832,0.5765010395106771,-0.04268756188447669,0.07662650217676692,0,500,heteroskedastic
0.039300644988209406,0.027032757477783605,0.027396161485655247,0.1466273288523753,-0.01381166744549188,0.09241295742191069,0,500,heteroskedastic
-0.052632153393797496,0.030863854406408656,0.03108442651607576,0.08876195492252172,-0.11327157131069457,0.008007264523099585,0,500,heteroskedastic
-0.014290643753816328,0.02834179170379716,0.02729895446866477,0.6143261835743508,-0.06997486676140482,0.04139357925377217,0,500,heteroskedastic
-0.0023448378731630135,0.02895454176586262,0.02757837292034445,0.9354876716456519,-0.05923295481450713,0.0545432790681811,0,500,heteroskedastic
-0.02818346528168591,0.027837662675195714,0.02763982618744535,0.3118279031009414,-0.08287720633433572,0.026510275770963904,0,500,heteroskedastic
0.02052897083321153,0.030500360216131794,0.02890643014548343,0.5012130247669764,-0.03939627587796647,0.08045421754438954,0,500,heteroskedastic
0.041995129481711996,0.028915350147800327,0.02679318610180607,0.14703481270740978,-0.01481598615981957,0.09880624512324357,0,500,heteroskedastic
-0.030491736433296245,0.029923321186398684,0.02961327295162092,0.30869976823484274,-0.089283252068064,0.02829977920147151,0,500,heteroskedastic
0.053376018368191266,0.025332819828632513,0.024968580255126775,0.035617857203479424,0.0036036397023908665,0.10314839703399167,1,500,heteroskedastic
0.003332418004770382,0.03072693297789908,0.03177271567523882,0.9136803029895055,-0.057037985043930366,0.06370282105347114,0,500,heteroskedastic
0.04663205459850692,0.02713307404701119,0.026406387299942925,0.08630097465665691,-0.00667735370939334,0.09994146290640718,0,500,heteroskedastic
0.013034099741379243,0.02838687542511927,0.027412878622604435,0.6463200755867327,-0.042738701010988034,0.06880690049374652,0,500,heteroskedastic
0.011991372305782264,0.02898764816712518,0.02975063630165606,0.6792925734243918,-0.04496179007270816,0.06894453468427268,0,500,heteroskedastic
0.020685466966003353,0.03026584538209258,0.029501816811710872,0.4946346534294709,-0.03877901930865371,0.08014995324066042,0,500,heteroskedastic
0.00675156255021957,0.030005999388127674,0.03003763894538763,0.8220660573378626,-0.05220239417052677,0.0657055192709659,0,500,heteroskedastic
-0.01758981630404784,0.030393022064483813,0.031124160869312748,0.5630227491085175,-0.0773041715643234,0.042124538956227725,0,500,heteroskedastic
-0.021514981453218545,0.03012388208256847,0.02924090192884569,0.47542777502219313,-0.08070054689914993,0.037670583992712836,0,500,heteroskedastic
-0.0014270500915686754,0.027059577646955917,0.02659564205152742,0.9579623366408186,-0.05459205715717257,0.05173795697403522,0,500,heteroskedastic
0.011407253752585922,0.02915116695988646,0.02860343075570665,0.6957326739534133,-0.04586718037249034,0.06868168787766218,0,500,heteroskedastic
-0.015942752789706468,0.02935004062730368,0.029971444948539462,0.5872395892693345,-0.073607921761843,0.04172241618243007,0,500,heteroskedastic
-0.04201980929265017,0.02763913735451286,0.027503035193170995,0.12906996329675952,-0.0963234999086483,0.012283881323347963,0,500,heteroskedastic
-0.020100231655376118,0.028042731812681368,0.03005186763139078,0.47385109911829093,-0.07519688003664747,0.034996416725895235,0,500,heteroskedastic
0.044506342320084394,0.030103253953562923,0.02985509451445489,0.13991790888515607,-0.014638694236644115,0.1036513788768129,0,500,heteroskedastic
0.003742381408219095,0.028501647827457264,0.029181066416841806,0.8955878258663532,-0.05225591715719044,0.05974067997362863,0,500,heteroskedastic
0.02401554615695358,0.029681485243863766,0.030338843360195145,0.4188390466304279,-0.034300824974033195,0.08233191728794036,0,500,heteroskedastic
0.011387707918673329,0.03059107409465996,0.03051552584569071,0.7098606853873759,-0.04871576788594512,0.07149118372329177,0,500,heteroskedastic
-0.03913661993811066,0.026141179317756266,0.024520000312518823,0.1349941781717028,-0.09049721400444401,0.012223974128222681,0,500,heteroskedastic
-0.002192243319526603,0.02872909356870496,0.030016087062834235,0.9392051595302898,-0.05863741339927537,0.05425292676022216,0,500,heteroskedastic
-0.03125678135926127,0.028412064651192007,0.030807405056851325,0.2718097921014416,-0.08707907236604442,0.02456550964752189,0,500,heteroskedastic
-0.03965740523699444,0.029813307380260383,0.02940722645843907,0.18406405722804106,-0.09823277245817767,0.018917961984188797,0,500,heteroskedastic
0.017705972311164934,0.028326143298345926,0.026780334197921567,0.5322079461350983,-0.03794750566421224,0.07335945028654212,0,500,heteroskedastic
-0.02676097518774115,0.02796983015221551,0.027036228619768118,0.3391425206760357,-0.0817143908347722,0.02819244045928989,0,500,heteroskedastic
0.008194921523488479,0.029185698167930003,0.029286832079867958,0.7789915210321138,-0.04914735741215988,0.06553720045913683,0,500,heteroskedastic
0.00558265462733928,0.02792974224021847,0.02801836730920299,0.8416544078651315,-0.049291998736245415,0.06045730799092397,0,500,heteroskedastic
-0.0027531409173079347,0.02835855425936577,0.027430494137719655,0.9226993322883306,-0.05847029797127623,0.052964016136660366,0,500,heteroskedastic
-0.0024466468710754295,0.028158160332686876,0.02608691154909364,0.9307943158239769,-0.05777008216534782,0.05287678842319696,0,500,heteroskedastic
0.026831264656740152,0.028162488838013297,0.027849563368054775,0.3411887738255778,-0.028500675020685037,0.08216320433416534,0,500,heteroskedastic
-0.034361108919142395,0.02909590634536485,0.028195442789873338,0.23818221403064344,-0.09152697036064532,0.022804752522360527,0,500,heteroskedastic
0.01274840552368793,0.027552525296828514,0.026966217384439693,0.6437853716708041,-0.04138511500618276,0.06688192605355862,0,500,heteroskedastic
0.047658346695859694,0.02991294494166812,0.030578713958257227,0.11174198189099736,-0.011112782326389112,0.1064294757181085,0,500,heteroskedastic
0.016076268684433077,0.028894086920071293,0.029292934554064128,0.5781968446853529,-0.04069307026467554,0.0728456076335417,0,500,heteroskedastic
-0.014350389600070602,0.029677413552874798,0.028850204460995555,0.6289207624985405,-0.07265876092104476,0.043957981720903545,0,500,heteroskedastic
0.013699222835836477,0.027123668936903673,0.026657848172500196,0.6137364342235495,-0.039591706885596434,0.0669901525572694,0,500,heteroskedastic
-0.00894087650945583,0.03197425319890932,0.03111793681805718,0.7798795016621529,-0.07176193822061874,0.053880185201707086,0,500,heteroskedastic
0.008493219683532283,0.029151537783888955,0.027832521748276072,0.7709070814325188,-0.04878194301391749,0.06576838238098207,0,500,heteroskedastic
0.025883778447949153,0.03118263757082793,0.03211585569580542,0.4068968236345616,-0.03538196517919613,0.08714952207509444,0,500,heteroskedastic
0.003126647420021957,0.027918421146234825,0.028676167683304603,0.9108746590273853,-0.05172576294888323,0.057979057788927146,0,500,heteroskedastic
0.02070490173324309,0.02936322673944373,0.02926376263814842,0.48105879551238984,-0.03698617450744878,0.07839597797393497,0,500,heteroskedastic
0.008032743016388927,0.026354156774856294,0.026497994946691535,0.7606459336494042,-0.04374629616240208,0.059811782195179936,0,500,heteroskedastic
-0.0030583778754033116,0.03052627380245425,0.03045076493383975,0.9202350917422344,-0.06303453801981752,0.056917782269010904,0,500,heteroskedastic
-0.025947045700642286,0.02965683835110116,0.028318451098336524,0.382044973188723,-0.08421499212060936,0.03232090071932478,0,500,heteroskedastic
0.021558763319895737,0.02778726474119487,0.02776079300772054,0.43820554786942245,-0.0330359589471616,0.07615348558695308,0,500,heteroskedastic
0.05460557309056246,0.02744631391002917,0.025713833201896078,0.047188002570071975,0.0006807302127714507,0.10853041596835347,1,500,heteroskedastic
0.011386284967191958,0.029119825653792036,0.029618281719523472,0.6959534692898597,-0.045826571672023475,0.06859914160640739,0,500,heteroskedastic
0.019032322210052247,0.028457244319038396,0.027382724782826558,0.5039303365133263,-0.036878735051386224,0.07494337947149073,0,500,heteroskedastic
-0.015733040836324645,0.03143377432984797,0.032450818137698394,0.6169343913008921,-0.07749220264397266,0.04602612097132338,0,500,heteroskedastic
0.02363463947733679,0.030113392801753777,0.030724913761472284,0.4329119298916875,-0.03553031726967468,0.08279959622434827,0,500,heteroskedastic
-0.0012424098826733457,0.029175622179598043,0.029485016397200737,0.9660503494163742,-0.05856489213125397,0.056080072365907285,0,500,heteroskedastic
-0.04456232349930979,0.03197434201668062,0.03209481231469962,0.1640328267478575,-0.10738355971421035,0.01825891271559077,0,500,heteroskedastic
-0.004102518778877923,0.02794833082984215,0.028436170360238006,0.8833576535474207,-0.059013693869134645,0.05080865631137879,0,500,heteroskedastic
0.039415094590848916,0.027546996705839967,0.026629604544528368,0.1531058556606118,-0.014707563700785693,0.09353775288248353,0,500,heteroskedastic
0.01429485851054012,0.02880460098635589,0.031143578385717546,0.6199229126548244,-0.04229866393617062,0.07088838095725086,0,500,heteroskedastic
3.416442775605946e-05,0.02958264400503136,0.030190782501044067,0.9990790011050666,-0.0580880094681719,0.058156338323684026,0,500,heteroskedastic
-0.04136924673660455,0.02643189718099592,0.02413759917633613,0.11818858348300058,-0.09330102552188979,0.010562532048680691,0,500,heteroskedastic
0.00034552503981096633,0.027549456802233547,0.02733735678962889,0.9899982241075381,-0.053781966699109965,0.0544730167787319,0,500,heteroskedastic
-0.020961110090807047,0.028549946020271274,0.02862774752759708,0.46317793972900756,-0.07705430199844514,0.03513208181683104,0,500,heteroskedastic
0.004645743637122085,0.02720459288091192,0.028376898159053292,0.8644735356300223,-0.04880418051175929,0.05809566778600346,0,500,heteroskedastic
0.017826953383695218,0.030052118779151107,0.029307523033370947,0.5533157979117465,-0.041217615902465574,0.076871522669856,0,500,heteroskedastic
0.005987485282768554,0.029749209648292058,0.03008486908914079,0.8405732679986382,-0.052461946625696726,0.06443691719123383,0,500,heteroskedastic
0.008399491563225451,0.028665346581718626,0.029202496723190544,0.7696296750190086,-0.04792043232614457,0.06471941545259546,0,500,heteroskedastic
0.004813250489816959,0.027262754710532928,0.028029357490576338,0.8599333244527232,-0.04875094647304151,0.05837744745267544,0,500,heteroskedastic
-0.019441904800994184,0.02971784434356045,0.02895222141626105,0.513274315565515,-0.07782971207254064,0.03894590247055226,0,500,heteroskedastic
-0.034694509447831604,0.028923190129112666,0.027712294351295862,0.23088861907515584,-0.09152102860627326,0.02213200971061005,0,500,heteroskedastic
0.004070328695919723,0.02924154237529198,0.02971689393777825,0.8893509212143155,-0.05338166953090562,0.06152232692274506,0,500,heteroskedastic
0.06046315578702267,0.02882122109385548,0.027251068928368122,0.03642003565003595,0.003836979167206371,0.11708933240683897,1,500,heteroskedastic
0.0007571932230078168,0.030927850508176976,0.029518084547987926,0.9804774945824546,-0.060007960329791415,0.06152234677580705,0,500,heteroskedastic
0.028884359673357674,0.030024662467280805,0.02849245649291598,0.3365058613601012,-0.03010626512654302,0.08787498447325837,0,500,heteroskedastic
-0.05427136957265698,0.02968632405553414,0.02882071469031844,0.06812350470471193,-0.11259724770556377,0.004054508560249817,0,500,heteroskedastic
-0.003790485906899758,0.029512459247354496,0.029115638096874563,0.897855158487481,-0.06177476507340988,0.05419379325961036,0,500,heteroskedastic
0.031012222297059973,0.03117674750250562,0.032929211694208316,0.3203541632340781,-0.03024194888324013,0.09226639347736007,0,500,heteroskedastic
-0.03468722813748746,0.02819794596920144,0.027337479674612395,0.21922802159065202,-0.09008883182278218,0.020714375547807258,0,500,heteroskedastic
0.016533080641311086,0.026953982563027837,0.02646351169982783,0.5399040021324573,-0.03642445964648962,0.06949062092911179,0,500,heteroskedastic
0.05744815530116759,0.02896038379207611,0.02754641496546757,0.047840117091182334,0.0005485603031823161,0.11434775029915287,1,500,heteroskedastic
-0.01850001708440951,0.026073806573188935,0.02588992410513291,0.47833081494209184,-0.06972824129310193,0.0327282071242829,0,500,heteroskedastic
-0.009884886509040684,0.028216064360773355,0.029086062767030248,0.7262404374220885,-0.06532208810456541,0.04555231508648404,0,500,heteroskedastic
0.03132206900283653,0.029058499133948295,0.030563319732282813,0.2816015596267049,-0.025770297032152188,0.08841443503782526,0,500,heteroskedastic
-0.031042133992652217,0.028399381217877537,0.02870915699143413,0.27489736435746337,-0.08683950536356458,0.024755237378260138,0,500,heteroskedastic
0.039709093647496065,0.028472107576601385,0.02982416301855163,0.1637382218934202,-0.016231166035490296,0.09564935333048243,0,500,heteroskedastic
-0.008125071118453134,0.029860287246415016,0.029166713481923963,0.785655664988061,-0.06679274151408496,0.05054259927717869,0,500,heteroskedastic
0.005170594394725072,0.028766024371354296,0.030193498028446845,0.8574246390878191,-0.051347135072661115,0.06168832386211126,0,500,heteroskedastic
0.0177780379279658,0.028965090458782213,0.02870575922013723,0.5396445116079827,-0.039130804441576794,0.07468688029750839,0,500,heteroskedastic
0.01262457928046932,0.03052266518202886,0.03022057273422893,0.6793354107659211,-0.047344490866720414,0.07259364942765906,0,500,heteroskedastic
-0.009837812297916585,0.02747315479265805,0.027634105445206045,0.720429046410022,-0.0638153905041458,0.04413976590831263,0,500,heteroskedastic
0.017015413206194048,0.02867755588208859,0.028185525556822785,0.5532259859925392,-0.03932849877156759,0.07335932518395569,0,500,heteroskedastic
-0.012396447103508585,0.028366928035042694,0.029847804404360342,0.6622982291337024,-0.06813005644098395,0.04333716223396679,0,500,heteroskedastic
0.02256242250966865,0.031570116695567606,0.030860574334376195,0.4751437938851427,-0.039464616458938714,0.084589461478276,0,500,heteroskedastic
-0.008174194692893034,0.02900183986418395,0.028514481637501702,0.7781749244648822,-0.0651552400518293,0.04880685066604322,0,500,heteroskedastic
-0.02235208652677598,0.02684770270730626,0.02522852826410266,0.4054969753660592,-0.07510081463893636,0.0303966415853844,0,500,heteroskedastic
-0.05122460426089686,0.02954163701752184,0.02676071362728727,0.08354050580538708,-0.10926621012989082,0.0068170016080971035,0,500,heteroskedastic
-0.025395195678603925,0.03133053506761888,0.030503576468690972,0.41800708792665153,-0.08695151928317768,0.03616112792596982,0,500,heteroskedastic
-0.019177863461312908,0.0296611835262256,0.030373769013930164,0.5182118100030639,-0.07745434701623477,0.03909862009360896,0,500,heteroskedastic
0.01645533739955099,0.029316486021440973,0.0296094507414077,0.5748456694565859,-0.041143905530388984,0.07405458032949097,0,500,heteroskedastic
0.018986809572866678,0.028685260687144047,0.02641416544997717,0.508340674221086,-0.03737224033574358,0.07534585948147693,0,500,heteroskedastic
0.03420056628462496,0.028346134915648698,0.03039463321274976,0.2281846171288595,-0.021492190000599543,0.08989332256984946,0,500,heteroskedastic
0.026404945600090234,0.030053824619620917,0.031606487195583906,0.38004812038322866,-0.03264297521734031,0.08545286641752078,0,500,heteroskedastic
-0.035743216212406365,0.029506224606818274,0.029022852251282562,0.22632474702024094,-0.09371524593761019,0.02222881351279745,0,500,heteroskedastic
0.022652920470283208,0.028118451582762286,0.027862543706153986,0.4208437479947912,-0.03259249749504744,0.07789833843561386,0,500,heteroskedastic
-0.02206478895846938,0.028289866663786096,0.028893657597243994,0.4357885954449724,-0.077646992815756,0.03351741489881724,0,500,heteroskedastic
-0.02747955232025016,0.0325158948406208,0.029929123293323194,0.3984544963561669,-0.091364798479682,0.03640569383918167,0,500,heteroskedastic
-0.030704525333461324,0.029294201993342334,0.0292099936473678,0.295080944921969,-0.08825998596469836,0.026850935297775713,0,500,heteroskedastic
0.013631058184844159,0.028425319909484166,0.02860754544034838,0.631765534718191,-0.04221727594463491,0.06947939231432322,0,500,heteroskedastic
-0.024583657559738886,0.027217142975007033,0.02839634595663517,0.3668343381437794,-0.07805823936772883,0.028890924248251067,0,500,heteroskedastic
-0.019334618873345824,0.02862874979433118,0.029141238763963503,0.4997626026434483,-0.07558263962788436,0.03691340188119271,0,500,heteroskedastic
-0.044753450750808436,0.029402137370963043,0.030566658494231548,0.12861482269857744,-0.10252097622609818,0.013014074724481302,0,500,heteroskedastic
-0.0007757003090305688,0.030198124829024505,0.029375800148702676,0.9795172541008599,-0.06010713337312668,0.058555732755065544,0,500,heteroskedastic
-0.0419577867167367,0.029690913084611237,0.02934902468030543,0.15823561061251257,-0.10029268109396525,0.016377107660491837,0,500,heteroskedastic
-0.0031199849556157906,0.029771083721840327,0.0277016101556667,0.9165773608750201,-0.06161239370909764,0.05537242379786607,0,500,heteroskedastic
-0.024168593639636225,0.027143943210575457,0.02699298142163308,0.3736884645697952,-0.07749935701690344,0.02916216973763099,0,500,heteroskedastic
-0.02651269376104895,0.031099636698290488,0.03161747955831797,0.3943419195066329,-0.08761536233829963,0.03458997481620173,0,500,heteroskedastic
-0.020632863958261895,0.030440537176018585,0.03037195558768681,0.49820771689704635,-0.08044057401044986,0.039174846093926075,0,500,heteroskedastic
0.03305179648099194,0.02813545858921411,0.027898596694416446,0.24066089073260857,-0.022227035812898185,0.08833062877488207,0,500,heteroskedastic
-0.02672546065461788,0.024749640575019362,0.02349869646900684,0.2807395652815577,-0.07535204430678677,0.02190112299755101,0,500,heteroskedastic
-0.04864476222936762,0.02967259669915582,0.029538865214992514,0.10176495560807415,-0.10694366969006484,0.009654145231329597,0,500,heteroskedastic
0.0021591927522647443,0.0320255671765867,0.032435307611345554,0.9462736859274298,-0.06076268753121203,0.06508107303574151,0,500,heteroskedastic
0.01740235649291282,0.028440332059404688,0.03030202896708731,0.540889744818277,-0.03847547259273325,0.07328018557855888,0,500,heteroskedastic
0.01800566838723977,0.028673375948427806,0.02861777786567014,0.5303194734872059,-0.038330031111912306,0.07434136788639184,0,500,heteroskedastic
0.027819276843883592,0.027789170386429352,0.028057621769431242,0.31727266211339256,-0.02677918951865365,0.08241774320642084,0,500,heteroskedastic
-0.003329367539775519,0.027174906105677504,0.027302060227864893,0.9025396035755621,-0.056720964924075246,0.050062229844524214,0,500,heteroskedastic
0.015047764853458566,0.028998338068722127,0.028945540823577677,0.6040483115640001,-0.041926400391423466,0.0720219300983406,0,500,heteroskedastic
-0.010780291610304072,0.03007694862386861,0.028998843767264866,0.7201781347046585,-0.06987364506032236,0.04831306183971422,0,500,heteroskedastic
-0.02861461623762048,0.028361042095079468,0.029142367065375246,0.3134929253138768,-0.0843366612393987,0.02710742876415774,0,500,heteroskedastic
-0.026813164326350482,0.0285719904944474,0.030696129655807678,0.3484720709670589,-0.08294966787176142,0.02932333921906046,0,500,heteroskedastic
-0.15367400139358894,0.028942376696879515,0.028272465842109278,1.657806568673899e-07,-0.21053821714967147,-0.09680978563750642,1,500,heteroskedastic
-0.021571410789991814,0.029837553530804525,0.0305226078732946,0.470042761831276,-0.08019441536833602,0.03705159378835239,0,500,heteroskedastic
-0.049030882486203825,0.029580230688530124,0.030772153644571636,0.09803692359284318,-0.10714831484512358,0.009086549872715927,0,500,heteroskedastic
-0.0498319579819312,0.03090940654459885,0.03125524423086162,0.10755326284018044,-0.11056087396048805,0.010896957996625663,0,500,heteroskedastic
-0.019618432257699422,0.02797477633384387,0.027471159916066207,0.4834495902884207,-0.07458156586059253,0.03534470134519369,0,500,heteroskedastic
-0.019034396024915926,0.031874238242516596,0.030085067009174373,0.5506640953149835,-0.08165895445237428,0.04359016240254243,0,500,heteroskedastic
-0.02044533587480437,0.028569536152027567,0.02775567158969383,0.47455267171477367,-0.07657701727798552,0.035686345528376774,0,500,heteroskedastic
-0.027804584580800356,0.026895246228421817,0.027689114692698302,0.30172658586490364,-0.080646723302284,0.02503755414068329,0,500,heteroskedastic
-0.011616055796305303,0.02747640170810307,0.028160133863711266,0.6726493481680822,-0.06560001334388374,0.04236790175127314,0,500,heteroskedastic
-0.031166459709221307,0.02968068733455427,0.027010965471976296,0.294200486097562,-0.08948126315668284,0.027148343738240224,0,500,heteroskedastic
0.007448409664722794,0.031458583766058236,0.029732592297296537,0.8129335525437007,-0.05435949620939297,0.06925631553883856,0,500,heteroskedastic
