beta_hat,se_classic,se_robust,p_value,ci_low,ci_high,reject,n,scenario
-0.17617525986200386,0.09359889475997568,0.1130860002066752,0.07023507946725327,-0.3679039043524795,0.015553384628471778,0,30,baseline
-0.0917576719099314,0.06687270533667398,0.04950946733452871,0.18091842628675764,-0.22874019911274332,0.045224855292880534,0,30,baseline
-0.12592350994125528,0.0689360694344747,0.06560632095753152,0.07842893420594044,-0.2671326468981261,0.015285627015615505,0,30,baseline
-0.052035508303584596,0.06439228301142454,0.054868062428795134,0.4258447911009343,-0.18393712070068718,0.07986610409351798,0,30,baseline
-0.015474667283466526,0.05587902007943757,0.03810523939452607,0.7838668081709462,-0.1299376510907063,0.09898831652377324,0,30,baseline
0.03607475099724233,0.05223611736611804,0.05699561584736206,0.49549667025663124,-0.07092608487516842,0.1430755868696531,0,30,baseline
-0.015091280757324809,0.05494842121196767,0.051007942120169646,0.785605696407282,-0.12764801919829266,0.09746545768364305,0,30,baseline
0.042548190304078144,0.04558166692041027,0.05132749710138625,0.3585681855535994,-0.05082162175062228,0.13591800235877857,0,30,baseline
0.016559475609251535,0.06579315808473174,0.051119545650077355,0.8031189201296249,-0.11821169929277647,0.15133065051127953,0,30,baseline
0.01788619022990373,0.04764851805444793,0.04472946592595691,0.7102083136711177,-0.07971737444878704,0.1154897549085945,0,30,baseline
-0.05431333647592021,0.0745251973433022,0.06495541747035052,0.47218134279549195,-0.20697128295764036,0.09834461000579994,0,30,baseline
0.04002669331238152,0.05228228934221018,0.05271029656679138,0.4503272398455632,-0.0670687215656072,0.14712210819037022,0,30,baseline
0.007754477939872793,0.04259561452893799,0.04430377749042557,0.8568560709907777,-0.07949868307036104,0.09500763895010664,0,30,baseline
-0.021424122694902542,0.05273807041107427,0.06713405406324172,0.6876570948396514,-0.12945316276944752,0.08660491737964243,0,30,baseline
-0.035433060850057554,0.08349329850662436,0.05053800045790054,0.6745302663530682,-0.20646132980306908,0.135595208102954,0,30,baseline
0.033349059212306686,0.051106212642029254,0.054837473081291645,0.519372130800261,-0.07133727175373243,0.13803539017834582,0,30,baseline
0.00534051188324643,0.0638493537504388,0.057204680309371474,0.9339359108732634,-0.12544896033816336,0.13612998410465624,0,30,baseline
0.0951504127000925,0.055457079623746686,0.06765565755489067,0.09725513122473084,-0.018448265264297714,0.20874909066448272,0,30,baseline
-0.06123182295757382,0.04900418051329648,0.028891330950077804,0.2218184596417292,-0.16161233629883365,0.03914869038368603,0,30,baseline
0.027217040193765977,0.06367036535486041,0.07458111844101549,0.6723081359274308,-0.10320579091984258,0.15763987130737453,0,30,baseline
0.044483514107925226,0.05298902139823273,0.045833596076738044,0.4083076753557354,-0.06405957576095571,0.15302660397680617,0,30,baseline
0.07201650801470622,0.06952825052218337,0.0706653554986112,0.3091644025131388,-0.07040565691146311,0.21443867294087554,0,30,baseline
-0.06402990052860205,0.07546950512890481,0.06984421546158992,0.4033987117169975,-0.21862217382240345,0.09056237276519935,0,30,baseline
-0.16031178127895207,0.07676724688450572,0.05491763990198536,0.045986758959127835,-0.31756235805313227,-0.0030612045047718472,1,30,baseline
-0.009389853608609985,0.05694150857307286,0.06280191195749227,0.8702047141207867,-0.12602924643428753,0.10724953921706758,0,30,baseline
-0.18865169107612684,0.09189044753006773,0.1009226654067653,0.04952181901184605,-0.3768807400594787,-0.00042264209277495524,1,30,baseline
-0.12859516530399448,0.05534537729415576,0.05394057288202058,0.027635547256931667,-0.2419650314186955,-0.015225299189293467,1,30,baseline
0.061847410567820754,0.08523483510228969,0.07481161532184454,0.47409834538552387,-0.1127482343854494,0.2364430555210909,0,30,baseline
-0.02209501115489195,0.058762066571850964,0.05628337273708435,0.7097448598880505,-0.14246364798731903,0.09827362567753514,0,30,baseline
0.0493158296334003,0.06337378616653899,0.051270547930358595,0.4429929668216529,-0.0804994865527428,0.17913114581954342,0,30,baseline
0.10750047006098347,0.08224374370856641,0.07017261810710416,0.20181317329461718,-0.06096820191962164,0.27596914204158857,0,30,baseline
-0.04336463452547089,0.05797596445799968,0.05000035179264138,0.4607111641274997,-0.16212301417370467,0.0753937451227629,0,30,baseline
0.06441149483522393,0.06822959390358714,0.054393704410590535,0.35322435225983095,-0.07535049259867321,0.20417348226912108,0,30,baseline
0.05285748896566807,0.08756139936726878,0.08493732245513883,0.5509280264788621,-0.1265039068438309,0.232218884775167,0,30,baseline
-0.044604332634582244,0.06375390745465151,0.05586624668435971,0.4899287018793549,-0.17519829198204345,0.08598962671287896,0,30,baseline
-0.06991220431939753,0.04780760335033658,0.047948190128629685,0.15477552928842908,-0.16784164045434122,0.028017231815546162,0,30,baseline
-0.05364362305272206,0.06516497406019714,0.05366886626017968,0.4173522587876003,-0.1871280213125317,0.0798407752070876,0,30,baseline
-0.04673032735381036,0.08055851144202049,0.08886588236403395,0.5665003261953637,-0.21174695752403902,0.1182863028164183,0,30,baseline
0.030361686271156926,0.06749239615447525,0.05891312353921253,0.6562795912114182,-0.10789022002854404,0.1686135925708579,0,30,baseline
-0.022265814104469428,0.07397942363138776,0.0690558469123154,0.7656587255572445,-0.17380579381689998,0.12927416560796112,0,30,baseline
0.003642655808056325,0.05843216999442729,0.05938153679520802,0.9507350411814546,-0.1160502185191223,0.12333553013523495,0,30,baseline
0.058005202821384855,0.059320104217275314,0.05087279675420932,0.3365299633653559,-0.06350652230932008,0.1795169279520898,0,30,baseline
-0.021265767846420237,0.057470730001620465,0.049001175558064304,0.7141460216389329,-0.1389892216259258,0.09645768593308532,0,30,baseline
0.021529929164310672,0.07026976570835268,0.0813390606547805,0.7615747663267878,-0.12241116076495748,0.16547101909357884,0,30,baseline
-0.0903784692484228,0.09646335835821766,0.09210375728492426,0.35681115214772663,-0.28797470143094983,0.1072177629341042,0,30,baseline
0.00821393092554657,0.08395957051462946,0.07469507976287601,0.9227626936066915,-0.1637694529386818,0.18019731478977494,0,30,baseline
-0.01612028624394767,0.05035788515142479,0.05294820746782663,0.7512581958577842,-0.11927373783383087,0.08703316534593554,0,30,baseline
-0.05068020392973317,0.0626039028923357,0.057255015661156566,0.42503246640394376,-0.17891848571864954,0.07755807785918321,0,30,baseline
0.1533012573427348,0.055285068962175395,0.055687383585803135,0.009770999484147395,0.04005492724597215,0.26654758743949747,1,30,baseline
-0.08059451635202605,0.06989136187541498,0.06815919477805998,0.25860231092908526,-0.22376048116742192,0.06257144846336982,0,30,baseline
0.0770698083345428,0.0694449153663584,0.05008444699527037,0.27652689238920536,-0.06518165226327202,0.21932126893235762,0,30,baseline
0.026858531704337493,0.04148089639938239,0.03764074697067869,0.5225876864998196,-0.05811123272822602,0.11182829613690101,0,30,baseline
0.018924893333376224,0.06172615004924652,0.053086807926145355,0.7614205123549924,-0.10751539326302519,0.14536517992977763,0,30,baseline
0.015983479984282904,0.06479896796733126,0.06948401297981469,0.8069688662615881,-0.11675118878095969,0.1487181487495255,0,30,baseline
-0.06375756844073048,0.08802017165229067,0.06408309139236053,0.47485930302230805,-0.24405871667532597,0.11654357979386502,0,30,baseline
0.015017311452665216,0.04946868729086319,0.05049486949520983,0.7636982881912071,-0.08631470088917458,0.11634932379450501,0,30,baseline
0.13872318006014245,0.053651652658228154,0.05057714271968282,0.015217774167588053,0.028822751585910106,0.2486236085343748,1,30,baseline
-0.014897618292015278,0.059579919794014925,0.04452384561099728,0.8043786077758712,-0.13694155150566328,0.10714631492163272,0,30,baseline
-0.07391833293606019,0.06463693516962143,0.06024103986771176,0.26247594183848566,-0.2063210925612689,0.058484426689148536,0,30,baseline
-0.02434608566619804,0.06014719174129934,0.0551755050885242,0.688718599205248,-0.14755202278800353,0.09885985145560744,0,30,baseline
0.03314835928520149,0.06456850228052835,0.06937998695631133,0.6117109546773529,-0.0991142219212553,0.16541094049165828,0,30,baseline
-0.1528450288740258,0.06123950504500766,0.051205749898194416,0.01872814934756653,-0.27828846836822535,-0.02740158937982623,1,30,baseline
0.05871712932794822,0.053663511358126775,0.04213104883310911,0.2832032072936004,-0.05120759059184887,0.1686418492477453,0,30,baseline
0.02137709466969828,0.06172535921989826,0.05309635554338965,0.7316868148101642,-0.10506157198621824,0.1478157613256148,0,30,baseline
0.06876729722872757,0.08120555768919224,0.08491669669668597,0.4042699934428652,-0.09757474709527952,0.23510934155273466,0,30,baseline
-1.3837103987276306e-05,0.0542899348844286,0.04591377709434646,0.9997984470614553,-0.11122172744884957,0.11119405324087502,0,30,baseline
-0.07246276059992277,0.07443100192606486,0.056634950414795666,0.3386131273636894,-0.2249277565162496,0.08000223531640407,0,30,baseline
0.03061267105969701,0.08934270633036766,0.08686325359039239,0.7344258911209982,-0.15239756665474327,0.21362290877413728,0,30,baseline
-0.02888786976632422,0.05156748119126283,0.04346466483388495,0.5798010141265217,-0.1345190665228989,0.07674332699025048,0,30,baseline
-0.007020195928153811,0.06439885126688147,0.05285403439218351,0.9139711059682122,-0.1389352627866435,0.12489487093033588,0,30,baseline
-0.01885126810753906,0.06501917474349485,0.05264546552764939,0.7740030766944905,-0.15203701000574688,0.11433447379066874,0,30,baseline
-0.0018667409843377645,0.06664766565549814,0.06884332393987862,0.9778535782645941,-0.13838829529704175,0.13465481332836624,0,30,baseline
-0.07342865659765109,0.07798677243327659,0.0755693829149105,0.3544747957286518,-0.23317731821553533,0.08632000502023314,0,30,baseline
0.12392536718440027,0.07344568145316889,0.0713577705378651,0.10265554604538141,-0.026521291238289377,0.2743720256070899,0,30,baseline
-0.11626886210342348,0.07318235103134409,0.061664468445137725,0.12334509533589681,-0.2661761126093953,0.033638388402548305,0,30,baseline
0.037257204784312346,0.06037005756081135,0.055200416367265755,0.5421242221002096,-0.0864052522738436,0.16091966184246828,0,30,baseline
0.038376256582304286,0.0786494950456909,0.08711705585917176,0.6293913193913698,-0.12272993076787861,0.19948244393248718,0,30,baseline
0.036613148851512636,0.06319968922154083,0.05780108206576693,0.5670022020832272,-0.09284554590913151,0.16607184361215677,0,30,baseline
0.049277877081080314,0.06663242778440617,0.06657885571708783,0.4657298910225226,-0.08721246386765316,0.18576821802981378,0,30,baseline
0.0023161224119018047,0.04998433047163057,0.04367720504006737,0.9633705878586489,-0.1000721371040399,0.10470438192784351,0,30,baseline
-0.08441037779487816,0.06006813563096693,0.05866847923131879,0.17094747112610267,-0.2074543758156762,0.038633620225919874,0,30,baseline
0.013214458782490026,0.06097837104171063,0.06338715153078375,0.8300076642303742,-0.11169407195439032,0.13812298951937038,0,30,baseline
0.0723274935432928,0.048618171071094014,0.04175225225556591,0.1480157949012952,-0.0272623152997591,0.17191730238634473,0,30,baseline
0.0397939317760211,0.09046339408222796,0.061546194941345715,0.6633937242779863,-0.1455119307330523,0.22509979428509447,0,30,baseline
0.06651002818003418,0.06384184292432411,0.055801501758551454,0.3064195687254271,-0.0642640588115215,0.19728411517158986,0,30,baseline
0.002745704444891031,0.05521163747738197,0.05337086056862783,0.9606901807619352,-0.11035020807398815,0.11584161696377021,0,30,baseline
-0.03532226071986641,0.05375568433191312,0.05194203752320327,0.5164889892221576,-0.14543578841744795,0.07479126697771513,0,30,baseline
0.03798153079923451,0.06124450849369374,0.053878517407035476,0.5401659327940469,-0.08747215779498722,0.16343521939345623,0,30,baseline
-0.08349458362409365,0.0676289341639308,0.06992380094538264,0.2272410715592172,-0.22202617535748986,0.055037008109302565,0,30,baseline
-0.026819740651671805,0.049418772917081646,0.05318216969859069,0.5916280313722149,-0.12804950803377924,0.07441002673043562,0,30,baseline
0.02827920363596091,0.048058989473174885,0.05045200957026595,0.5609627793961545,-0.07016517362835298,0.1267235809002748,0,30,baseline
0.059058059891654614,0.04826687828215471,0.0348793969458197,0.2313106971640412,-0.03981215829367286,0.1579282780769821,0,30,baseline
-0.06848269423437986,0.06888449853208731,0.04554423068604808,0.3286559679517066,-0.2095861929864915,0.07262080451773179,0,30,baseline
-0.023901902395130105,0.06853687095869856,0.08630223637309602,0.7298894788530426,-0.1642933183432273,0.1164895135529671,0,30,baseline
0.06315794179224776,0.07977615713945235,0.058636475117735266,0.4351977137901122,-0.10025610823718609,0.2265719918216816,0,30,baseline
-0.024620487891252884,0.06688440050502374,0.05774814536556157,0.715563181290735,-0.16162697156043693,0.11238599577793117,0,30,baseline
0.06542343306840186,0.05236143451250687,0.04358260854458834,0.22184152399369375,-0.04183410334166118,0.1726809694784649,0,30,baseline
-0.019248761288358764,0.08287957573220694,0.07245805997753539,0.8180332143707444,-0.18901987612717125,0.15052235355045374,0,30,baseline
0.05919059451733687,0.04667831488348542,0.04304179788271182,0.21522194262660047,-0.03642559905696191,0.15480678809163564,0,30,baseline
-0.02723676750540837,0.0563799996519002,0.05227574288165363,0.6327859487676504,-0.1427259614467741,0.08825242643595738,0,30,baseline
0.0714007215077409,0.052930339301507215,0.04458771363121832,0.1881600025159108,-0.037022163535111965,0.17982360655059376,0,30,baseline
0.049573540128152974,0.06729080312666161,0.04965718563842296,0.4674293965831302,-0.08826542157363841,0.18741250182994434,0,30,baseline
0.030786296289374494,0.06841717034374459,0.057096235605365184,0.6561900770515212,-0.10935992406417369,0.17093251664292267,0,30,baseline
0.012948896507197345,0.057407987926086826,0.033428113651048995,0.823182597565225,-0.10464603595669406,0.13054382897108874,0,30,baseline
-0.046477434525299566,0.06100699706537724,0.05581771214591736,0.452526581376121,-0.17144460301349979,0.07848973396290067,0,30,baseline
-0.06183032939823173,0.07747139038407151,0.05543928771409766,0.43152665252079125,-0.2205232787457712,0.09686261994930774,0,30,baseline
-0.07107241173446227,0.060057489778895586,0.05494987220653429,0.24659854410801224,-0.19409460271584686,0.05194977924692232,0,30,baseline
-0.010234697513338744,0.07977791661929287,0.08124386487199381,0.8988366138270195,-0.17365235167384377,0.15318295664716627,0,30,baseline
0.009863951733586937,0.0480662580092381,0.04835000470886501,0.8388882122665612,-0.08859531445190923,0.1083232179190831,0,30,baseline
-0.06213446551979451,0.0769304689715088,0.06883788837813479,0.42608892116075026,-0.21971938758269058,0.09545045654310155,0,30,baseline
0.06244162655358123,0.08025130038487766,0.08206374439437543,0.4430496537526326,-0.10194571029315758,0.22682896340032005,0,30,baseline
0.008979452782857679,0.06853688749612978,0.061771233518232396,0.8966992034410852,-0.13141199704063175,0.14937090260634708,0,30,baseline
-0.07441346438606146,0.07473039501780482,0.062092617219239817,0.3278952620229031,-0.22749173924971255,0.07866481047758965,0,30,baseline
-0.004057288731016795,0.06515837407168157,0.07180121196867793,0.9507917015019536,-0.1375281675272154,0.1294135900651818,0,30,baseline
-0.04951621523547037,0.0688453529404429,0.07381235014454325,0.47795447283693193,-0.1905395278780878,0.09150709740714708,0,30,baseline
0.03784355048183111,0.03939193167601062,0.03801953057456009,0.344929857007957,-0.042847163692419345,0.11853426465608158,0,30,baseline
-0.05294998768619004,0.07833537829220613,0.049854009956355035,0.5046241221329841,-0.2134127360351772,0.10751276066279712,0,30,baseline
-0.0035902955921746915,0.07235604970702846,0.05956136925505851,0.9607776085875976,-0.15180494456414345,0.14462435337979407,0,30,baseline
-0.002475098022507276,0.05098458514415572,0.04659296677862057,0.9616257301881272,-0.10691228635326355,0.10196209030824901,0,30,baseline
0.04913616598208517,0.052493100012234645,0.04797354798730997,0.3572511714667561,-0.05839107497794829,0.15666340694211864,0,30,baseline
-0.028735603328051865,0.09498160030795014,0.09698294150481174,0.7644776216215182,-0.2232965917379983,0.16582538508189457,0,30,baseline
-0.05141965457791698,0.05675800240412354,0.0581261447270268,0.37269502565058865,-0.1676831520565553,0.06484384290072132,0,30,baseline
0.046072858706463084,0.04646523597522903,0.04769014918355573,0.32990641990611824,-0.04910686251039736,0.14125257992332352,0,30,baseline
-0.01845655534709287,0.06415500697866947,0.07441700454175523,0.7757050365912141,-0.14987212982412312,0.11295901912993739,0,30,baseline
-0.1276636193056952,0.07175444601604727,0.06711582314569928,0.08607037677422374,-0.2746459389805277,0.019318700369137326,0,30,baseline
-0.05345382451132918,0.07887134464298515,0.0733221499233056,0.5035024238430159,-0.21501445016101403,0.10810680113835566,0,30,baseline
-0.07792171237832701,0.07015191617984085,0.07920054258786295,0.27612084798150965,-0.22162139849173434,0.06577797373508032,0,30,baseline
-0.03964219467759034,0.06750433976102949,0.04773547500274838,0.5617391842903838,-0.1779185663462558,0.09863417699107513,0,30,baseline
-0.024710166466578462,0.06260770884165734,0.06267433473071661,0.6960676585788548,-0.15295624438926658,0.10353591145610967,0,30,baseline
-0.04332143104039106,0.06988715626627322,0.07008119976515885,0.5403511137698407,-0.18647878105598537,0.09983591897520323,0,30,baseline
0.016575418036559056,0.07400864150097854,0.054919249850052414,0.8244099557571313,-0.1350244117686093,0.16817524784172738,0,30,baseline
-0.00807043413374204,0.07235829101378088,0.07613320556706508,0.911988345035346,-0.15628967421446943,0.14014880594698537,0,30,baseline
-0.01004007845150303,0.07453523616684721,0.0720231172972213,0.8938107802095834,-0.16271858853106802,0.14263843162806195,0,30,baseline
0.07505989217365794,0.06735885471525883,0.07372493678103255,0.2746123211257821,-0.0629184668882265,0.21303825123554238,0,30,baseline
0.016382681162022576,0.08776480037271378,0.07968797958983682,0.8532686424726164,-0.16339536271967822,0.19616072504372337,0,30,baseline
0.02279753341982515,0.08630804336224472,0.08923441724029206,0.7936054139404762,-0.15399647899777055,0.19959154583742086,0,30,baseline
-0.07781472255263808,0.05306399419004103,0.03825333207226239,0.1536727201924461,-0.18651138722369948,0.03088194211842331,0,30,baseline
0.05422079280139345,0.05687009258758492,0.038932646791594645,0.3485387667961314,-0.06227231100957228,0.17071389661235917,0,30,baseline
0.10065156202248346,0.0728473828528661,0.07834186428606511,0.1779968107867269,-0.04856953727441987,0.2498726613193868,0,30,baseline
0.005224844173212912,0.06125499071265687,0.06724891327532777,0.9326325655247715,-0.12025031627319478,0.1307000046196206,0,30,baseline
0.05149797604974405,0.057288186744932246,0.06263416916638145,0.3763566574680445,-0.06585155481907479,0.1688475069185629,0,30,baseline
-0.06808194383227165,0.07165012213418032,0.05799466097444699,0.35014094949783037,-0.2148505657224281,0.07868667805788482,0,30,baseline
-0.023367284339493102,0.054370162956799126,0.04652667684972357,0.6706441907877194,-0.13473951444077165,0.08800494576178546,0,30,baseline
0.08853963270762982,0.06715015258437912,0.062446599340699654,0.19800962312696263,-0.049011219418852725,0.22609048483411237,0,30,baseline
0.07885416381220788,0.06768687691021497,0.0734174349820304,0.2538547440660713,-0.05979611825649207,0.21750444588090784,0,30,baseline
-0.01906162477572916,0.06463537702263553,0.07497428079424814,0.7702382026371375,-0.15146119268152397,0.11333794313006566,0,30,baseline
0.08639351185348074,0.06033286235341467,0.03272630244106184,0.16322811815749522,-0.03719275427620328,0.20997977798316475,0,30,baseline
0.015599417777210255,0.06060562891125643,0.06402168567261483,0.7987582087304335,-0.10854558531759974,0.13974442087202024,0,30,baseline
-0.06010078942869869,0.07166475379036805,0.06255653876861197,0.4087751822872926,-0.2068993829078864,0.086697804050489,0,30,baseline
-0.0674255569953244,0.05889301480911473,0.038970227943256636,0.261950373018245,-0.18806242913216809,0.05321131514151928,0,30,baseline
-0.016516728783299302,0.0517358551792443,0.05612814173849321,0.7519057885117589,-0.1224928240193478,0.08945936645274918,0,30,baseline
-0.05336950221608126,0.043096659140917454,0.0434432100225296,0.225862297436806,-0.14164900658785184,0.03491000215568933,0,30,baseline
-0.012636967529039728,0.06605775439212108,0.057441594938048075,0.8496696144149651,-0.1479501433968167,0.12267620833873724,0,30,baseline
0.09853628327607132,0.055349152819929893,0.06152283296006731,0.08588754573796227,-0.014841316652589448,0.2119138832047321,0,30,baseline
-0.0010073192582991004,0.07309390607010219,0.05224355519626438,0.989102296595298,-0.15073339847400719,0.14871875995740896,0,30,baseline
-0.07823970019766048,0.057972718423680354,0.05942839330881383,0.18795737584894173,-0.19699143064601204,0.04051203025069108,0,30,baseline
0.006850671593038673,0.05425910379795485,0.053413948003952376,0.9004296040874841,-0.1042940641341015,0.11799540732017885,0,30,baseline
0.011295308682783625,0.07481941991130807,0.04654601231612816,0.8810836627869829,-0.14196532540851708,0.16455594277408436,0,30,baseline
0.03384072959534654,0.08631673525668662,0.06560198290181748,0.6979873877481908,-0.14297108736089967,0.21065254655159274,0,30,baseline
0.10065226948286439,0.062030857519357004,0.05865895912841906,0.11587883441485622,-0.02641218207146971,0.22771672103719848,0,30,baseline
0.044525329811814764,0.07697641549908311,0.08360918315368031,0.5675989000236015,-0.1131537094463052,0.20220436906993472,0,30,baseline
0.06689041185740979,0.05521634594463471,0.050470950029521976,0.23585807456642144,-0.046215145519416814,0.17999596923423639,0,30,baseline
-0.21694819228526194,0.08176963210453282,0.08960630203235617,0.012990515133391552,-0.38444569067015666,-0.04945069390036724,1,30,baseline
0.11779188893675438,0.06857144634383712,0.06396189047673184,0.09687545558153296,-0.02267035147719096,0.2582541293506997,0,30,baseline
0.0612215908206411,0.054972908817153714,0.058789379615054496,0.274890671669561,-0.0513853082056753,0.1738284898469575,0,30,baseline
0.002375913277490413,0.061141848035217695,0.049236477269345505,0.9692785231510941,-0.12286748490040904,0.12761931145538985,0,30,baseline
-0.042877491586810194,0.06003943635016849,0.04358339951238301,0.4810425951696429,-0.16586270179585633,0.08010771862223592,0,30,baseline
-0.04833572153512126,0.05994526261470021,0.06716671395493065,0.4268478588930039,-0.1711280255918646,0.0744565825216221,0,30,baseline
-0.04825046018013423,0.0795491204739248,0.07201624070911364,0.549036836938478,-0.21119944668245208,0.11469852632218361,0,30,baseline
-0.04084043544252556,0.07448109626090882,0.0665729633643834,0.5878090292810514,-0.19340804495211023,0.11172717406705912,0,30,baseline
0.06345223044087644,0.06190194421953145,0.04458280488406994,0.3141170046533863,-0.0633481541894226,0.1902526150711755,0,30,baseline
-0.08577673379166456,0.0727351583528781,0.04915743184067735,0.2482017052792147,-0.23476795162130806,0.06321448403797894,0,30,baseline
0.027587290437348783,0.06439653334083799,0.04662986778864977,0.6716396119550897,-0.1043230283648793,0.15949760923957687,0,30,baseline
-0.08407924477738969,0.07723947052876781,0.06599593402244824,0.2856322009865583,-0.24229712783700097,0.07413863828222157,0,30,baseline
-0.004610920112521058,0.057911097634859715,0.05402253956678569,0.9371053008565877,-0.12323642609696936,0.11401458587192725,0,30,baseline
-0.09947202098278031,0.05759675468162254,0.0437048443029877,0.09517821569747033,-0.2174536246168446,0.018509582651283968,0,30,baseline
0.0372486209284621,0.07066682251020177,0.06943576703700516,0.602274474757684,-0.10750580298941215,0.18200304484633634,0,30,baseline
0.022416841979468364,0.10761178489735847,0.058526588902694486,0.836493151982468,-0.1980159067456143,0.24284959070455103,0,30,baseline
-0.01862244902302491,0.07708483493945456,0.06866744999394463,0.8108631754660346,-0.1765235754371112,0.1392786773910614,0,30,baseline
0.06919676587661193,0.07953551331732858,0.06202460315052295,0.3916920656590156,-0.0937243476289547,0.23211787938217854,0,30,baseline
-0.0922274876183466,0.06508472862637864,0.06273327041639165,0.16750347490820366,-0.22554751055842598,0.04109253532173275,0,30,baseline
0.11106337926375376,0.06553356525511013,0.0571229474201047,0.10121736696086452,-0.023176043832118493,0.245302802359626,0,30,baseline
-0.009950532084976475,0.07464903945006018,0.058230097560214425,0.8949115026895653,-0.16286215762263467,0.1429610934526817,0,30,baseline
-0.06615664104666094,0.05481181295455806,0.056897687727956905,0.23753887356998055,-0.17843355015752274,0.04612026806420086,0,30,baseline
-0.07532223874541996,0.08091994039852453,0.08354942613578106,0.35990116052500365,-0.2410792225714031,0.09043474508056318,0,30,baseline
0.12704583508446537,0.07623949752619084,0.0643041668674832,0.1067826846267577,-0.029123696135064797,0.2832153663039956,0,30,baseline
-6.364837897842104e-05,0.05208838504260522,0.045182746925293775,0.9990337052989546,-0.10676186830483152,0.10663457154687468,0,30,baseline
-0.014922852057612694,0.05093509776643627,0.03906278779251276,0.7716994930725419,-0.11925867009041972,0.08941296597519434,0,30,baseline
-0.055410695501842716,0.08579226522727904,0.057813578940470546,0.523621652441595,-0.23114818430419287,0.12032679330050744,0,30,baseline
-0.0609030804427765,0.0583155623628205,0.05200345498722708,0.305246932361268,-0.18035709486458396,0.058550933979030946,0,30,baseline
-0.0673600090303099,0.08562405572220284,0.0714285868250976,0.4380686174124936,-0.24275293628114414,0.10803291822052434,0,30,baseline
-0.031886381387468826,0.0691250672173712,0.07131918651578154,0.6481573523875553,-0.1734826627526083,0.10970989997767064,0,30,baseline
0.07499355448658536,0.05661299181685249,0.058488703065565854,0.19599100296302074,-0.040972902269450995,0.1909600112426217,0,30,baseline
-0.09406349677230917,0.05777163271650398,0.062201139363829115,0.11468530311129373,-0.2124033218219677,0.02427632827734935,0,30,baseline
0.006976816927658572,0.06758929248554824,0.04211917549972256,0.9185212098056563,-0.13147357250862607,0.14542720636394318,0,30,baseline
0.17938450160896807,0.0702158542915605,0.06411175546308231,0.016349602629164062,0.035553844210881286,0.3232151590070549,1,30,baseline
-0.008338429524528086,0.054342599167487265,0.05568768558879968,0.8791503613232524,-0.11965419776292528,0.10297733871386912,0,30,baseline
0.043703874063501895,0.07439622477074273,0.08551808058650116,0.5616110906785097,-0.10868988407949176,0.19609763220649556,0,30,baseline
-0.037748276210825354,0.053397923757209045,0.05143486644532537,0.48545578081588914,-0.1471289645921303,0.07163241217047958,0,30,baseline
0.048155326383955525,0.0388503984348476,0.04410094674721262,0.2254468202111537,-0.031426107231577065,0.1277367599994881,0,30,baseline
0.06696699118846568,0.04054054141660899,0.036075782684319324,0.10973712463196676,-0.01607654338156206,0.1500105257584934,0,30,baseline
-0.10078812450301258,0.051613030673692474,0.051539235940760576,0.060909347064948334,-0.20651262514470126,0.004936376138676077,0,30,baseline
0.014842266743209626,0.0721044023867621,0.07127482599193947,0.8384020274789481,-0.1328569060607119,0.16254143954713116,0,30,baseline
-0.07758099720351817,0.05321209788508004,0.04841188879742656,0.1559782618287276,-0.1865810385412237,0.03141904413418738,0,30,baseline
0.019109638248802033,0.08980967984209032,0.04984223113749482,0.8330406892308874,-0.16485715134208012,0.20307642783968421,0,30,baseline
0.13659036770308405,0.05607213368578398,0.05612984993718436,0.021469792250940263,0.021731808605426464,0.25144892680074166,1,30,baseline
-0.07790707525448516,0.06950230247858104,0.07098008889856873,0.2718406992623202,-0.22027608802282383,0.06446193751385353,0,30,baseline
-0.012952031568467227,0.06360016107845151,0.07379489954119875,0.8401016027291556,-0.1432310557408952,0.11732699260396076,0,30,baseline
-0.03188788664161807,0.06334651394842546,0.060768950759177306,0.6186287519844189,-0.1616473382214048,0.09787156493816868,0,30,baseline
-0.007612469432741149,0.04509161125099297,0.04888771509454009,0.8671500896034203,-0.09997844795432993,0.08475350908884764,0,30,baseline
-0.013056460836226998,0.05224620032514106,0.05608826377483504,0.8044870925461269,-0.12007795071391095,0.09396502904145695,0,30,baseline
0.015120456715007119,0.053669496638852815,0.06578056527650317,0.7802202267447862,-0.09481652349657484,0.12505743692658908,0,30,baseline
0.18236401790604717,0.056848415264944045,0.06852179750609999,0.0033377056965485986,0.06591531807759402,0.29881271773450035,1,30,baseline
0.007064758802122154,0.05426373496942657,0.048693886603008954,0.897344573353003,-0.10408946344973556,0.11821898105397986,0,30,baseline
-0.032724596411922956,0.07472640605065699,0.04023773479924918,0.6648001578752569,-0.18579470024678008,0.12034550742293415,0,30,baseline
-0.0671254105010528,0.0687291019447836,0.04790618184436101,0.3370975681273154,-0.20791059377392093,0.07365977277181532,0,30,baseline
0.010370815185738628,0.052744640513215015,0.05057097381913598,0.8455426999495528,-0.09767168313295378,0.11841331350443103,0,30,baseline
0.04959467764109601,0.08318770934284761,0.07871278346750801,0.555845836351487,-0.12080762028637998,0.219996975568572,0,30,baseline
-0.01611386039680625,0.06378238330422231,0.05876498225648431,0.8023933740867675,-0.146766149877897,0.11453842908428448,0,30,baseline
-0.07579072137156012,0.0583249819806253,0.05482996890834931,0.20438546007756386,-0.1952640310057519,0.04368258826263166,0,30,baseline
-0.05036691715236183,0.04959658847562703,0.048811474026537786,0.31854775262859786,-0.15196092319451593,0.05122708888979227,0,30,baseline
-0.02897738878901715,0.05723576382982396,0.053373554374648406,0.6166226699442231,-0.14621953618413447,0.08826475860610017,0,30,baseline
-0.04346060127443811,0.07434068203675168,0.05607368383810927,0.5634887533201817,-0.19574058528444965,0.10881938273557344,0,30,baseline
0.04214240895415439,0.061041192849499076,0.06290244410499449,0.49563063710045685,-0.0828948064224603,0.16717962433076908,0,30,baseline
-0.009618837477540948,0.04768781467500295,0.03619717771187001,0.8416061661399701,-0.10730289763442503,0.08806522267934315,0,30,baseline
0.0021370378573653524,0.06319127470077873,0.04787829153298904,0.9732617719695001,-0.12730442053885493,0.13157849625358564,0,30,baseline
0.015511732411762975,0.05593948196030278,0.057345398374225386,0.7835907187588524,-0.09907510194404746,0.13009856676757342,0,30,baseline
-0.057775617940793486,0.08324585253679573,0.06739169961956698,0.493378083388359,-0.2282970168019996,0.11274578092041261,0,30,baseline
-0.1006303060552085,0.05978790788575275,0.06405811466846015,0.10347100815350099,-0.22310028356138062,0.021839671450963632,0,30,baseline
0.06340116259675135,0.054523698993255536,0.03924261725703732,0.25471814113314367,-0.04828557181812744,0.17508789701163013,0,30,baseline
0.031253552438116936,0.07498328967038978,0.054141141176194216,0.6799978592750511,-0.12234275363801105,0.1848498585142449,0,30,baseline
0.020421624860726496,0.07114303334087271,0.06614271321389431,0.776187459342118,-0.12530827272369435,0.16615152244514733,0,30,baseline
0.056468234458972276,0.0794198657840965,0.08071323279578665,0.48296001943576394,-0.10621598581359074,0.2191524547315353,0,30,baseline
-0.047868630017854644,0.07059389898045104,0.07836786594716497,0.5032837764405547,-0.19247367685658257,0.09673641682087326,0,30,baseline
0.007310025356164682,0.07294307925472933,0.06855425248966682,0.9208873851193149,-0.14210709913375938,0.15672714984608874,0,30,baseline
-0.03467385361288395,0.07659426048598476,0.08025428015811548,0.6542565020176192,-0.1915700838129004,0.1222223765871325,0,30,baseline
-0.06074766162216581,0.08391276090203223,0.06900944165900277,0.47510915113122354,-0.2326351603416454,0.11113983709731375,0,30,baseline
-0.09275201114930719,0.06494785345260676,0.048849129265606944,0.16432311650383102,-0.2257916580058978,0.0402876357072834,0,30,baseline
0.018453027806981857,0.07378974050321654,0.06201459268699306,0.8043544831830474,-0.1326984036310247,0.1696044592449884,0,30,baseline
0.053155638874136435,0.045294705048687725,0.03922023930109999,0.2504612645687357,-0.039626358433104594,0.14593763618137745,0,30,baseline
0.10349952218090326,0.08152251821039393,0.08803009501072515,0.2146845108817649,-0.06349178633840051,0.270490830700207,0,30,baseline
0.0008192173055650131,0.056476219426199376,0.05463274512093954,0.9885295360940944,-0.1148670739086571,0.11650550851978712,0,30,baseline
0.012389908683300137,0.0584249165642252,0.03242320920641462,0.8335921150093828,-0.10728810766565003,0.1320679250322503,0,30,baseline
0.03067686861833594,0.05388353225988201,0.057153018423313405,0.5736795780953655,-0.07969854368796078,0.14105228092463268,0,30,baseline
-0.09390155648027365,0.061338023346191116,0.06116787149497622,0.13701853198779632,-0.21954680156621495,0.03174368860566765,0,30,baseline
-0.12583789656194067,0.04755201302266427,0.043363835986992595,0.013201508485466126,-0.2232437796443066,-0.02843201347957472,1,30,baseline
-0.058802050248044774,0.06650260767135426,0.046562125235444826,0.3841144346569051,-0.19502646675005403,0.07742236625396448,0,30,baseline
0.022426432388027395,0.04925405010890917,0.04589823466907265,0.652389110558163,-0.07846591561740296,0.12331878039345776,0,30,baseline
0.03698152741451205,0.07075206697533981,0.0656378829949278,0.6053003650560023,-0.10794751187454946,0.18191056670357356,0,30,baseline
-0.019034632322707766,0.047861955451615895,0.04740664143236182,0.6938682523903807,-0.1170754036900836,0.07900613904466805,0,30,baseline
-0.04502380764173117,0.0591120498139474,0.04247025823136152,0.4526257886635149,-0.16610935264677726,0.07606173736331492,0,30,baseline
0.011946340164499728,0.05281599548220062,0.04375425634542101,0.8226983173489466,-0.09624232218226536,0.12013500251126483,0,30,baseline
0.043337913173527726,0.05492255007893219,0.0556996136292375,0.43670011790784635,-0.06916583065376392,0.15584165700081937,0,30,baseline
-0.21558907415679437,0.055321944051754994,0.05097208277311318,0.0005535045506263762,-0.3289109394504062,-0.10226720886318252,1,30,baseline
-0.09587677467049724,0.06551456623878878,0.04306867816452799,0.15448298434657537,-0.23007728004564976,0.03832373070465528,0,30,baseline
-0.008076887360630877,0.05596343280290228,0.05041594620841766,0.8862781308764494,-0.12271278279347414,0.10655900807221239,0,30,baseline
-0.054276906572482755,0.07886659823821061,0.08561946022636827,0.4969821732001266,-0.21582780965272957,0.10727399650776408,0,30,baseline
-0.06185672906282304,0.06919383559559289,0.07236324835456215,0.3789617558885986,-0.20359387606504148,0.07988041793939542,0,30,baseline
0.01960783480022741,0.07885909030904467,0.057572908932054113,0.8054509432921588,-0.14192768898429584,0.18114335858475064,0,30,baseline
0.07178629246007016,0.07824016792046203,0.07821327625866432,0.36671039284655904,-0.08848142628346341,0.23205401120360375,0,30,baseline
-0.023943971194127795,0.06016362752484714,0.0508899423012547,0.693662568105567,-0.1471835754923336,0.09929563310407802,0,30,baseline
-0.03402784300804354,0.07260074846983332,0.06526664669739192,0.642914006574441,-0.18274373467333024,0.11468804865724316,0,30,baseline
0.028987830014909104,0.04002427428924752,0.039142800750898904,0.47491703536286256,-0.05299817928435728,0.1109738393141755,0,30,baseline
-0.04297451909043998,0.06900022128864018,0.05973361366718099,0.5384447168267672,-0.18431506516354276,0.09836602698266281,0,30,baseline
0.029361246808241866,0.07747578158832055,0.0939898116298614,0.707566430011662,-0.12934069751344243,0.18806319112992617,0,30,baseline
-0.0015539694403995316,0.06721838828709437,0.060238612215666,0.981719942002895,-0.1392445960676494,0.13613665718685034,0,30,baseline
0.020399115169327374,0.08286399211113736,0.05295501392109048,0.8073418456788393,-0.14934007806879115,0.19013830840744592,0,30,baseline
0.050412438860553466,0.055644201994932606,0.05267486256374271,0.37267795015598904,-0.06356954190536365,0.16439441962647058,0,30,baseline
0.012993482583346708,0.07549191417965953,0.07658831725152326,0.8645831352977615,-0.14164469357006154,0.16763165873675495,0,30,baseline
-0.044104885826174875,0.04371498947217577,0.05034054961287102,0.32165325462165284,-0.13365098246448365,0.045441210812133884,0,30,baseline
0.065330004714264,0.06698410709546926,0.05488751347683136,0.33775989915231086,-0.0718807186468727,0.20254072807540072,0,30,baseline
-0.04776000514979084,0.0515719764717115,0.038499152769328346,0.3623159069018401,-0.15340041007094096,0.057880399771359295,0,30,baseline
0.047346700940678055,0.07052671057611207,0.06542721927491789,0.5075113805617517,-0.09712071669075609,0.1918141185721122,0,30,baseline
0.09443078531674681,0.06278405878053711,0.05906469642908873,0.14376391413518597,-0.034176529080197804,0.22303809971369143,0,30,baseline
-0.011877296171789859,0.06606853663145278,0.05719950347391727,0.8586259887287295,-0.14721255845561843,0.1234579661120387,0,30,baseline
-0.05101252259290288,0.06189596735765226,0.06107862267629173,0.4168110967831351,-0.17780066417664306,0.07577561899083732,0,30,baseline
0.07925037682912672,0.0791696482172423,0.05127525506313899,0.32539016530910947,-0.08292129599248951,0.24142204965074296,0,30,baseline
-0.07804916171266066,0.05906329126152245,0.0664896120119368,0.19704820087440228,-0.19903482935069589,0.04293650592537457,0,30,baseline
0.03572898731530226,0.06990269738644428,0.0688353961854931,0.613270830519242,-0.10746019724184196,0.17891817187244646,0,30,baseline
-0.033105869925738385,0.08675366403069969,0.0684438396583323,0.7056330268220954,-0.21081269490312882,0.14460095505165205,0,30,baseline
-0.12776365823345984,0.08935025899610377,0.08683338137228816,0.16380462705692614,-0.31078936688233355,0.05526205041541388,0,30,baseline
0.0734572660405117,0.0502752446405919,0.04357678871379783,0.15511957497603787,-0.02952690413677983,0.17644143621780323,0,30,baseline
0.009503506623133814,0.05393165183711926,0.04529587487535103,0.8613942239689596,-0.10097047416883587,0.1199774874151035,0,30,baseline
-0.056075063996614646,0.053253864856387355,0.03594018432963457,0.3013543165076019,-0.16516066109663727,0.053010533103407975,0,30,baseline
0.011293740366874052,0.06386454804668944,0.055268863244939716,0.8609078360678684,-0.11952685595949009,0.1421143366932382,0,30,baseline
-0.07357791426942448,0.06820384936018765,0.06453624719516521,0.28988553307393505,-0.21328716639675985,0.0661313378579109,0,30,baseline
0.03611101238335762,0.042820689703524616,0.04020047844460949,0.40620328720910637,-0.05160319422194028,0.12382521898865552,0,30,baseline
-0.0018662381683163913,0.04759468508374905,0.04650247970433008,0.9690003624491275,-0.09935953100536352,0.09562705466873073,0,30,baseline
-0.017033118349427154,0.05516805617646853,0.049289278884520706,0.7597975681400169,-0.1300397586202665,0.0959735219214122,0,30,baseline
-0.06768489804680342,0.07881507728820877,0.07366203837211015,0.39775379556619617,-0.2291302652451144,0.09376046915150757,0,30,baseline
-0.0004082953212106964,0.07508307142919893,0.06690937897253181,0.9956997529004832,-0.15420899506470423,0.15339240442228283,0,30,baseline
0.05512652222110933,0.04788205706036076,0.04753983723230635,0.2593463154815309,-0.04295542542518104,0.1532084698673997,0,30,baseline
0.08075851089217326,0.04133711283672254,0.042505191883242074,0.0607987699950348,-0.003916726263765061,0.16543374804811156,0,30,baseline
-0.004035087352314379,0.0456092155283768,0.04828151429914314,0.9301321817360089,-0.09746133017231996,0.0893911554676912,0,30,baseline
0.06638433988750671,0.06484299631892386,0.05636177171826569,0.3147078521409702,-0.06644051686757964,0.19920919664259307,0,30,baseline
-0.022664383720795576,0.06632775838144804,0.06967294766304524,0.7351258610438418,-0.1585306376886231,0.11320187024703196,0,30,baseline
-0.051374304390021594,0.051788679255250124,0.04107032317526761,0.3296939437491059,-0.15745860484061913,0.05470999606057596,0,30,baseline
0.07015486126693653,0.07482557238781787,0.07002705814067287,0.3564784341878563,-0.08311837560118661,0.22342809813505965,0,30,baseline
0.1104935628577133,0.044313221109578936,0.04245115985475327,0.01883106693121984,0.019722044260900046,0.20126508145452657,1,30,baseline
-0.08599902574425583,0.07774120607915551,0.05841441263341063,0.2780446725124322,-0.24524466748857382,0.07324661600006216,0,30,baseline
0.1064623160770311,0.07780467146165564,0.06646440158535322,0.18208987934177118,-0.0529133286100569,0.26583796076411914,0,30,baseline
-0.13880663933490417,0.058157507775198375,0.038196173507785716,0.023995091435900014,-0.257936893610633,-0.019676385059175378,1,30,baseline
-0.03219579404096047,0.08552603417625108,0.08884548990969092,0.7094241621650234,-0.20738793325701732,0.14299634517509635,0,30,baseline
0.0669165546824726,0.08658410826595442,0.0480511228209595,0.44608642080873906,-0.11044295105548105,0.24427606042042624,0,30,baseline
0.11259714508678106,0.06435154267813038,0.047412696654455834,0.09112071479823002,-0.01922101452064265,0.24441530469420478,0,30,baseline
0.03657170445961656,0.08561122005624643,0.060668756614595434,0.6725128070759437,-0.13879493012140287,0.21193833904063597,0,30,baseline
0.006775005348390234,0.06979511707763632,0.057161406488056954,0.9233623812788347,-0.1361938109358752,0.14974382163265568,0,30,baseline
0.02708045359292804,0.063111753149388,0.07004306416403906,0.6711432167821187,-0.10219811228949682,0.1563590194753529,0,30,baseline
-0.058677606573446076,0.060491222603535545,0.04716072371757145,0.3403424989776621,-0.18258825897045416,0.06523304582356203,0,30,baseline
0.04418665007197115,0.05612892143754333,0.05824940231714558,0.43775763191724437,-0.07078823346195678,0.1591615336058991,0,30,baseline
-0.03493949935379083,0.06522332597028806,0.04036741778221681,0.5964025808457241,-0.16854342608296813,0.09866442737538646,0,30,baseline
0.14067139600257147,0.0840835175785593,0.08694277703656547,0.10546642629384795,-0.031565881912615334,0.3129086739177583,0,30,baseline
0.0600261621952963,0.05083639061892582,0.05018061864371578,0.2476268773116715,-0.0441074634116041,0.1641597878021967,0,30,baseline
-0.10999414022913245,0.058030229938248606,0.05697696812611304,0.0683974212354423,-0.2288636776746611,0.008875397216396172,0,30,baseline
-0.017540553259653417,0.07721653416527004,0.08340785883688706,0.8219493163392163,-0.17571145330846905,0.1406303467891622,0,30,baseline
0.012786121852867354,0.06164131217563405,0.053961887171532046,0.8371770241073927,-0.11348038223733158,0.13905262594306628,0,30,baseline
0.07155159599014929,0.05558905877577421,0.05242277320856427,0.20858020606737093,-0.0423174290118222,0.18542062099212078,0,30,baseline
0.07190905944182444,0.05681790788123123,0.05429085086717005,0.2160846662585591,-0.0444771488439539,0.18829526772760277,0,30,baseline
0.03815378556306834,0.058724246703927126,0.05206112656179601,0.5211739144847459,-0.08213738078180181,0.1584449519079385,0,30,baseline
-0.13090255374966173,0.06796343767624444,0.056461980124850854,0.06430350345887974,-0.2701193448666368,0.008314237367313349,0,30,baseline
-0.02431339273691349,0.07117949135359133,0.05868565514449551,0.7352183437109594,-0.1701179711749628,0.12149118570113582,0,30,baseline
0.0858631556154586,0.06254437956469315,0.05224956257931835,0.18069960820363973,-0.04225319816401138,0.21397950939492857,0,30,baseline
0.038145903497570674,0.06420014205818102,0.06356320245905059,0.5571680229942646,-0.09336212599867653,0.16965393299381787,0,30,baseline
0.11420988376367551,0.06425942234901674,0.0692033206434335,0.08638017938974699,-0.017419575903687298,0.2458393434310383,0,30,baseline
-0.03163939853179719,0.0828744376142874,0.05830368479092511,0.7055102592728895,-0.20139998841316792,0.1381211913495735,0,30,baseline
0.009317294267169597,0.06318043613514795,0.06398526123778644,0.8838169167144254,-0.1201019623338058,0.138736550868145,0,30,baseline
-0.10094962525196956,0.053579648519229396,0.043891210476083846,0.06997306406903986,-0.210702559933638,0.00880330942969891,0,30,baseline
0.0592217638947492,0.07654208462434585,0.08112837925907214,0.44558304894585976,-0.09756758889765677,0.21601111668715517,0,30,baseline
0.10715215880496501,0.07095910551043183,0.05574575157688542,0.14223298182260372,-0.038200979698005816,0.2525052973079358,0,30,baseline
-0.12374289427878006,0.05565164620482332,0.053314961455289966,0.03442392165456698,-0.23774012381740234,-0.009745664740157783,1,30,baseline
-0.05374182102328893,0.05064850873716403,0.055074851694729476,0.29772333330702716,-0.15749058804177454,0.05000694599519669,0,30,baseline
-0.10272373994300726,0.06205956757466547,0.07788650701806434,0.10904248004102121,-0.22984700137967656,0.024399521493662035,0,30,baseline
-0.03180128888712662,0.06257837402335371,0.05463046415796947,0.6153052567569933,-0.15998727715849836,0.09638469938424511,0,30,baseline
0.10596106396823757,0.06450007812746772,0.04136204928682139,0.11160805412589496,-0.02616135671441852,0.23808348465089366,0,30,baseline
-0.021056396174707497,0.05219670495270965,0.05150969281356127,0.6897146772856417,-0.12797649937801714,0.08586370702860213,0,30,baseline
-0.06792866394807379,0.05589474827932407,0.05544606042232497,0.23440164866962762,-0.18242386551228865,0.046566537616141074,0,30,baseline
-0.10059868488227088,0.07970257228130366,0.07890357853201248,0.21729775711385518,-0.26386200316274494,0.0626646333982032,0,30,baseline
0.08558380821153044,0.0619900611675441,0.05665111450449637,0.17832275675682516,-0.04139707580439092,0.2125646922274518,0,30,baseline
-0.01425415580631421,0.06131453819647218,0.06282917343378214,0.8178592657549192,-0.1398512937438451,0.1113429821312167,0,30,baseline
0.0818839175204341,0.08349792097984389,0.08340074976965824,0.33515349803406913,-0.08915382013973307,0.2529216551806013,0,30,baseline
-0.004984168254559733,0.050462643532964854,0.042969355793499635,0.9220250360676866,-0.10835220766135252,0.09838387115223306,0,30,baseline
-0.02630680982766441,0.0740517932572127,0.09684933459897897,0.7250654092834858,-0.17799503199848382,0.12538141234315497,0,30,baseline
0.06098433100060455,0.059655836717708736,0.05799767119674831,0.31540509578549375,-0.061215110981720985,0.1831837729829301,0,30,baseline
0.03945745186518637,0.08150072842539959,0.06614428945460585,0.6320545427641293,-0.1274892223029168,0.20640412603328953,0,30,baseline
0.03509007673311994,0.06584548594211027,0.0710058215209928,0.5982967288680168,-0.09978828692567708,0.16996844039191694,0,30,baseline
-0.09945324605057079,0.0637632262624865,0.05338126227071745,0.13005697166440064,-0.2300662941105542,0.031159802009412624,0,30,baseline
-0.08282450845942242,0.07372620764852449,0.06658976923252188,0.2708049668806769,-0.23384579874413913,0.06819678182529428,0,30,baseline
0.041022904257176813,0.07415535365208578,0.059671785436896406,0.5845154143330344,-0.11087745176610775,0.19292326028046136,0,30,baseline
0.014055158675043151,0.046357716482534284,0.0473616044206156,0.7639869889241513,-0.08090431884509919,0.10901463619518548,0,30,baseline
-0.05700251945691764,0.07054560183018,0.062204835023001885,0.4258888926423783,-0.201508634068102,0.0875035951542667,0,30,baseline
-0.0187008086215757,0.05121543204148977,0.04436100466018559,0.7177505721045472,-0.12361086538549232,0.0862092481423409,0,30,baseline
-0.11780844025198335,0.04920698535112345,0.04055562088942559,0.023598767077288092,-0.2186043804714386,-0.01701250003252812,1,30,baseline
-0.05072088466325695,0.057596008028727386,0.07419624152114503,0.38601365265219334,-0.16870095884819836,0.06725918952168444,0,30,baseline
-0.07067189186694613,0.07529149647605568,0.08565292508858335,0.355940710873754,-0.22489953096495002,0.08355574723105778,0,30,baseline
-0.1105666151744194,0.09903640281738899,0.07247547711468148,0.27373007531553994,-0.31343349000326964,0.09230025965443084,0,30,baseline
-0.11829627974596141,0.06716841290939225,0.0744617418312167,0.089124952396085,-0.25588453645261233,0.019291976960689544,0,30,baseline
-0.09261075060793095,0.0673328157400341,0.06900448549443011,0.17990697268395295,-0.230535771247,0.04531427003113811,0,30,baseline
-0.050447372455199466,0.06046053774189961,0.04912390461060912,0.4111264978871676,-0.17429516976248755,0.0734004248520886,0,30,baseline
0.05006399164695394,0.055489165141907125,0.05672061014685701,0.37463088432985125,-0.06360041052198433,0.16372839381589221,0,30,baseline
0.014870774919551844,0.08624370529297071,0.07466394797273086,0.8643418619889003,-0.16179144693745365,0.19153299677655736,0,30,baseline
0.04644885052782749,0.062074467406223244,0.06399853245105284,0.46053300097787553,-0.08070493183021629,0.17360263288587127,0,30,baseline
-0.044572511972592835,0.08925336893373248,0.0893269820370256,0.6214040403573484,-0.22739975032573623,0.13825472638055053,0,30,baseline
0.08709697551555466,0.06299705329036838,0.07491832940046025,0.17772977845757992,-0.0419466383564915,0.21614058938760083,0,30,baseline
-0.14168394783924393,0.07448874367725679,0.06940094361444915,0.06749302993695723,-0.29426722237109204,0.010899326692604211,0,30,baseline
-0.012317330389420938,0.05135233195313827,0.042239691842428255,0.8121867018367707,-0.1175078139100695,0.09287315313122761,0,30,baseline
0.048010726865569384,0.06379406308348813,0.05386978996048643,0.45797767923345767,-0.08266548755878404,0.1786869412899228,0,30,baseline
-0.11766179567998468,0.07614230486273348,0.06796879875511254,0.13350529801221436,-0.2736322367535587,0.038308645393589316,0,30,baseline
0.002853745481007643,0.06026919785858233,0.0463070419714814,0.9625704132649271,-0.12060210984278302,0.1263096008047983,0,30,baseline
-0.032355009448474116,0.05518582717571262,0.05021038822591833,0.5623763902718432,-0.1453980519610819,0.08068803306413366,0,30,baseline
0.049837426917671436,0.07867812112874853,0.062482326202750314,0.531590459127365,-0.11132739830548835,0.2110022521408312,0,30,baseline
0.04059079615053416,0.06138631227591421,0.052201398126502103,0.5138661577497043,-0.08515336432392157,0.16633495662498987,0,30,baseline
-0.05104734040505272,0.04477054577493769,0.04471473283232945,0.2638629846073641,-0.14275564611250596,0.040660965302400535,0,30,baseline
0.12644551555087488,0.07623337484111331,0.0613604270913481,0.10834592121139495,-0.0297114739168155,0.28260250501856526,0,30,baseline
-0.07597697843220219,0.08299918009350626,0.07203304754873592,0.3678013465874129,-0.24599309169889008,0.0940391348344857,0,30,baseline
-0.04609159000833138,0.06501821206070345,0.07083971109789981,0.4842459196239617,-0.179275359940234,0.08709217992357124,0,30,baseline
-0.07442128945132465,0.07354987197192915,0.071841214489661,0.320275217250529,-0.22508137247675017,0.07623879357410088,0,30,baseline
0.06277101652320634,0.06811945816574685,0.07829289173359127,0.36466969400555094,-0.07676536807873187,0.20230740112514456,0,30,baseline
0.11185593553959672,0.07858990198926921,0.04557434512894348,0.16570097810267612,-0.04912818096821059,0.272840052047404,0,30,baseline
0.0587947042470144,0.07187162659531528,0.07240196569665305,0.4202351579699437,-0.08842764896327042,0.2060170574572992,0,30,baseline
-0.06939074705807573,0.06335909331397642,0.06589654877090481,0.2827615000183298,-0.19917596630009632,0.06039447218394488,0,30,baseline
0.08173067309415864,0.057464409351947236,0.053349860237450794,0.1659892459165314,-0.03597983342141549,0.1994411796097328,0,30,baseline
0.04004652473968962,0.07354727524596953,0.07061609356293576,0.5904076633990071,-0.11060823913373494,0.19070128861311417,0,30,baseline
0.0020726705356887767,0.058675977593658044,0.06495807286492813,0.9720720112520261,-0.11811962101897808,0.12226496209035564,0,30,baseline
0.07861435365874352,0.07808300606967761,0.08851386420794091,0.3226504770770954,-0.08133143362722549,0.2385601409447125,0,30,baseline
0.059737017335229,0.0561361580050956,0.05425049858046061,0.2963543986267084,-0.055252689635355096,0.1747267243058131,0,30,baseline
-0.031813302023283724,0.05601736247298248,0.049279142326514036,0.574616550676361,-0.14655966737747395,0.08293306333090648,0,30,baseline
0.0290779049369859,0.07575936505076035,0.07497645351921615,0.7040115832458291,-0.12610811949086462,0.1842639293648364,0,30,baseline
0.051088728779012826,0.06144769406800069,0.0504364862690781,0.4127718327901059,-0.07478116659672904,0.1769586241547547,0,30,baseline
-0.1775542448444754,0.07500240855521483,0.0707803894480489,0.025063786675118747,-0.33118971418082216,-0.023918775508128653,1,30,baseline
0.035917160902282,0.07974962506482237,0.06923080889684351,0.6559087650814337,-0.12744254063599314,0.19927686244055715,0,30,baseline
0.03877861497963594,0.08613086608006063,0.07768319431381288,0.656012057866858,-0.13765246622776997,0.21520969618704186,0,30,baseline
-0.09688467434068818,0.06560312136448294,0.058279489003513346,0.15088090594284626,-0.23126657666775519,0.037497227986378834,0,30,baseline
0.006024563998761403,0.06671306221306193,0.037223223219307294,0.9286872750903516,-0.1306309490895051,0.14268007708702787,0,30,baseline
0.013100794074338479,0.07482823017205117,0.04228009774385525,0.8622780771696562,-0.1401778870179895,0.16637947516666646,0,30,baseline
-0.0813252024801819,0.06714897333833547,0.059726624967176664,0.23597421765233945,-0.21887363903064672,0.056223234070282915,0,30,baseline
-0.043500538491117235,0.048862029961856936,0.05027865799469682,0.380905372339303,-0.14358986962759818,0.056588792645363706,0,30,baseline
0.0658783209497481,0.07011667218097574,0.058247281112593675,0.35548213806703677,-0.07774917110467852,0.20950581300417473,0,30,baseline
-0.10282538061230137,0.050127777055025274,0.04847904063997289,0.04970234935920052,-0.20550747713413492,-0.00014328409046783508,1,30,baseline
-0.003975717860723106,0.07312860200928288,0.07540852628887351,0.9570295389294472,-0.1537728684860402,0.145821432764594,0,30,baseline
-0.06867490041541208,0.07962924926879915,0.05448320537254755,0.3957759727171065,-0.23178802331341397,0.09443822248258982,0,30,baseline
-0.0732987939508957,0.07065571916503147,0.05818994274045095,0.30842231464395164,-0.21803047369722525,0.07143288579543386,0,30,baseline
-0.021870047889880017,0.06966960674940496,0.07676876643716739,0.755915576801349,-0.16458176792142729,0.12084167214166726,0,30,baseline
-0.03727152825731098,0.08269390507826709,0.09659730263651727,0.6556647019893498,-0.2066623140025713,0.13211925748794934,0,30,baseline
0.038808567032412644,0.07217628692894405,0.07059007886079309,0.5950383439601751,-0.10903785458109908,0.18665498864592436,0,30,baseline
-0.008022920052391285,0.061101200400575297,0.06270148555554042,0.8964726185544739,-0.13318305532519215,0.11713721522040958,0,30,baseline
-0.08519108362404369,0.05020747797716939,0.04307300324530358,0.10082932334555693,-0.18803644008400489,0.017654272835917514,0,30,baseline
-0.01578562169346843,0.049837840200541564,0.03734728499594811,0.7537906566490566,-0.1178738094919079,0.08630256610497103,0,30,baseline
-0.10312042421819122,0.07270998379014011,0.06227221725550516,0.16715449894278628,-0.2520600742937307,0.045819225857348225,0,30,baseline
-0.11703922044211867,0.07725926334184438,0.080415966771749,0.14100883650018148,-0.27529764724139216,0.04121920635715484,0,30,baseline
-0.04475411203413549,0.0724078977143913,0.04920983403338571,0.541515766210946,-0.19307496683467415,0.10356674276640318,0,30,baseline
0.06930933721619431,0.06280601463255382,0.04905870639317904,0.2791843177108405,-0.059342951704825536,0.19796162613721416,0,30,baseline
0.062370202816484546,0.051723342992744545,0.055238574559284964,0.2379694832181298,-0.04358026236737837,0.16832066800034745,0,30,baseline
0.1239611987421224,0.09224309779715197,0.06569263221933817,0.18978496551724328,-0.06499022156688082,0.3129126190511256,0,30,baseline
-0.030904424873079612,0.05561409428343265,0.06358053169043638,0.5828333739432412,-0.1448247327877371,0.08301588304157788,0,30,baseline
-0.08616894841850427,0.06547496470147429,0.05964562143461461,0.1988272811459909,-0.22028833372179574,0.04795043688478719,0,30,baseline
0.02989647487271506,0.0713256210945377,0.07494212672179353,0.678301301296971,-0.11620743677031749,0.17600038651574762,0,30,baseline
0.03707388157479203,0.07729684910172649,0.0957891884842062,0.6352158761451423,-0.12126153616345381,0.19540929931303785,0,30,baseline
-0.15874833850079062,0.0722783834215326,0.07489251143562445,0.03651277384003454,-0.306803895298873,-0.010692781702708265,1,30,baseline
-0.022816220618398362,0.06679409231186802,0.06539849600276865,0.7352095775177219,-0.15963771633975962,0.1140052751029629,0,30,baseline
0.01787521324701149,0.09060246851023587,0.04848500808462751,0.8450236501558143,-0.16771553031363437,0.20346595680765736,0,30,baseline
-0.021797367524807737,0.07806350355521308,0.08115807597479004,0.7821234733680408,-0.18170320572086462,0.13810847067124915,0,30,baseline
0.039713610221375054,0.07211991885303967,0.07156971500165187,0.5862333149479102,-0.10801734662288488,0.187444567065635,0,30,baseline
0.014205889465126438,0.05961828899647783,0.054799043119686495,0.8133985949631066,-0.10791663949687157,0.13632841842712445,0,30,baseline
0.021696551528749185,0.05713921519543534,0.04761896002923463,0.7070227014749313,-0.09534782495415589,0.13874092801165427,0,30,baseline
-0.044893359562659316,0.05152594641460062,0.05624026632926982,0.3910125111846342,-0.15043947618608627,0.06065275706076764,0,30,baseline
0.12980767012187994,0.07487098099105159,0.06077599280087679,0.09396216082469076,-0.023558582053406107,0.283173922297166,0,30,baseline
-0.05500370534393545,0.06294982768125712,0.06398095174400903,0.3896759421708714,-0.18395058194100247,0.07394317125313157,0,30,baseline
0.018993987377245985,0.05823274059892073,0.06186954975171904,0.7467183642831463,-0.1002903743518931,0.13827834910638506,0,30,baseline
-0.01864580555975043,0.05162428047482867,0.04757182686008622,0.7206738105494224,-0.12439335037443025,0.0871017392549294,0,30,baseline
-0.015128202519050914,0.05895883854687255,0.06586093933787024,0.7993718933817986,-0.13589990847041736,0.10564350343231554,0,30,baseline
-0.10694677819216604,0.06537804269181008,0.07703085216825999,0.1130704318112104,-0.24086762775866416,0.026974071374332095,0,30,baseline
-0.017926424208496355,0.06716624391129569,0.06328044427518907,0.7915048909791845,-0.15551023792395577,0.11965738950696306,0,30,baseline
-0.18814421472742685,0.06871070896574202,0.06403283895399611,0.010617570895289998,-0.3288917216906673,-0.04739670776418636,1,30,baseline
-0.12961516101623693,0.07110242652654526,0.0761586395313418,0.07900802048229656,-0.2752618793121838,0.01603155727970998,0,30,baseline
0.01777554498478824,0.06837201206708704,0.06431976432386347,0.7967793199082747,-0.12227817283234345,0.15782926280191995,0,30,baseline
-0.02159863156144272,0.059902990312431785,0.059226900557516254,0.7211342025332044,-0.1443043447323193,0.10110708160943387,0,30,baseline
0.06092910895150826,0.052888444759083976,0.05050748050260332,0.2590502152366635,-0.04740795901144261,0.1692661769144591,0,30,baseline
-0.024289986644801954,0.0680740229048167,0.055099874033713185,0.7239037012788624,-0.16373330133376152,0.11515332804415762,0,30,baseline
-0.016230700122407897,0.07987157769604993,0.07741044798399506,0.8404404918863055,-0.1798402103014503,0.1473788100566345,0,30,baseline
-0.12116013790812571,0.06838507253370386,0.07457928934772874,0.08732303468039979,-0.2612406088783505,0.01892033306209906,0,30,baseline
-0.06286131480567454,0.0859103472758771,0.08430717183721306,0.4704268407085662,-0.2388406837196908,0.1131180541083417,0,30,baseline
0.03493534412168148,0.04984438598788941,0.042864910347307876,0.4891569317774809,-0.06716625211430997,0.13703694035767294,0,30,baseline
0.10818872142677272,0.07757090723809859,0.055356719924462394,0.17407144380446435,-0.05070807895528484,0.2670855218088303,0,30,baseline
0.03557024234245817,0.06290627698235857,0.04806612679017177,0.5762723773193144,-0.09328742469195489,0.16442790937687124,0,30,baseline
0.12764150582284142,0.056841053577075064,0.060013585294228206,0.03280832448909149,0.011207885728394762,0.24407512591728808,1,30,baseline
-0.06110435364201295,0.07795960786650824,0.06529806977309911,0.43974074952926534,-0.22079737116732512,0.09858866388329923,0,30,baseline
-0.07924074336595023,0.06544233902252536,0.04257211023305233,0.23607524519925147,-0.21329329799547675,0.0548118112635763,0,30,baseline
-0.06605791696810666,0.056439482142495334,0.04848564857730173,0.2516975008489816,-0.18166895526801924,0.04955312133180592,0,30,baseline
-0.029519938906579227,0.05875128004976248,0.060041403982129295,0.6192757310038678,-0.14986648055012514,0.09082660273696669,0,30,baseline
-0.07784674526270774,0.062360560785214646,0.05613933581696257,0.22224703118548012,-0.20558656334149786,0.04989307281608238,0,30,baseline
-0.058280169785356675,0.05105987598517099,0.038420728013218185,0.2633681570554012,-0.1628715844125604,0.04631124484184705,0,30,baseline
0.1593139122640328,0.06317554948845108,0.06878738216169955,0.017645069728566994,0.02990466550505072,0.2887231590230149,1,30,baseline
-0.011074076717221163,0.06970745256488411,0.062162347484415716,0.8749155459692695,-0.153863320387483,0.13171516695304067,0,30,baseline
0.06344605705813348,0.06706052377000009,0.03675130733261889,0.3521906281906402,-0.07392119876486443,0.2008133128811314,0,30,baseline
-0.034940216055350234,0.08075440716107533,0.09044596462541059,0.6685671142570319,-0.20035812041553797,0.13047768830483747,0,30,baseline
-0.08055644466423371,0.06531722564620378,0.06845437773264303,0.22771357820893395,-0.214352716160169,0.05323982683170157,0,30,baseline
0.051619414831923546,0.06289708468668301,0.03811798980559278,0.4187518115338068,-0.07721942263837821,0.18045825230222529,0,30,baseline
0.009633513759349534,0.09788532391293259,0.04496839519569984,0.9223028949645535,-0.19087548282084235,0.21014251033954143,0,30,baseline
0.024057596419914368,0.051709708376888146,0.05224510774744138,0.6453554595233923,-0.08186493951945267,0.1299801323592814,0,30,baseline
-0.1116090473383887,0.06923153582548809,0.0719946552126664,0.1181537109191316,-0.25342341976077176,0.0302053250839944,0,30,baseline
0.04578649997667786,0.07045538068600739,0.08177915622428295,0.5210757259030121,-0.09853480499844239,0.1901078049517981,0,30,baseline
0.03606151025216964,0.06496548448970868,0.05937844973314206,0.5832428059699573,-0.09701425214673778,0.16913727265107706,0,30,baseline
0.022533639636960826,0.062351778823971464,0.04566405507858912,0.720516776470412,-0.10518818940969978,0.15025546868362144,0,30,baseline
0.06299105956762856,0.061336228483259404,0.05697688701125428,0.31322075138455635,-0.06265050890826489,0.188632628043522,0,30,baseline
0.01945057980665721,0.0648879784242105,0.04526193933407522,0.7665770920942078,-0.1134664186141513,0.15236757822746572,0,30,baseline
0.17138281247261208,0.12333761238542013,0.08959209726190942,0.17561924843046786,-0.08126283358965605,0.42402845853488025,0,30,baseline
-0.06383868504670248,0.07463164690936705,0.06247947018935989,0.3995994201937152,-0.2167146835797909,0.08903731348638594,0,30,baseline
-0.06310328516129479,0.0715413219509177,0.05033635910168426,0.3852575871334577,-0.20964903997902748,0.0834424696564379,0,30,baseline
-0.07011916629233358,0.07848536229306155,0.0389210244611139,0.3792555713529613,-0.230889142939828,0.09065081035516084,0,30,baseline
0.008351376315838887,0.05345273577711103,0.050223097390768016,0.8769660586311459,-0.1011415893984895,0.11784434203016728,0,30,baseline
0.07012215925812687,0.06115949738363069,0.06676418572238124,0.26127333745999554,-0.055157391971109776,0.19540171048736352,0,30,baseline
-0.09820222666497222,0.06275567159147005,0.06468072987535059,0.1288549235912075,-0.22675139254109639,0.030346939211151946,0,30,baseline
0.0551286329373958,0.09018561781036737,0.0892168831743125,0.545945697206622,-0.1296082306725771,0.23986549654736866,0,30,baseline
0.06350082185249883,0.05551056193335963,0.048806517066022514,0.2623338164485747,-0.050207409656862254,0.17720905336185994,0,30,baseline
-0.04505002155041461,0.06932547323321936,0.06992843113712795,0.5210958410763189,-0.18705681602967617,0.09695677292884695,0,30,baseline
-0.041870619658596925,0.05522097527316522,0.04726536704577245,0.4546439265587855,-0.15498565978504714,0.07124442046785329,0,30,baseline
-0.13964312376494945,0.12554713835785655,0.1046363036397911,0.2754782766999731,-0.3968147786091384,0.11752853107923952,0,30,baseline
7.01941668979078e-05,0.05168877614615746,0.048667169792232165,0.9989260899872142,-0.10580946404154669,0.1059498523753425,0,30,baseline
0.09702737962752853,0.053499428770758195,0.06291252880892263,0.08046910720714427,-0.012561232348458518,0.20661599160351557,0,30,baseline
0.011188621460096332,0.06712767675536552,0.05195095354887634,0.8688222598364075,-0.126316191017717,0.14869343393790965,0,30,baseline
-0.055260210723566114,0.054775361293951975,0.05468182002482221,0.321685040601687,-0.16746245199251214,0.0569420305453799,0,30,baseline
-0.011468883956402554,0.05044279211868009,0.041355576228265765,0.8217925635007863,-0.11479625958439969,0.09185849167159459,0,30,baseline
0.07714089449431386,0.08802217563050978,0.0524549149393928,0.3882803990677275,-0.10316435870357765,0.25744614769220536,0,30,baseline
0.06119484141594883,0.08761642081114909,0.08405010843142124,0.4906625501503663,-0.11827926071214642,0.24066894354404408,0,30,baseline
-0.0659691159609205,0.05502923725647643,0.05488085791507341,0.24065305763762204,-0.17869139856463173,0.046753166642790736,0,30,baseline
-0.05353732303726486,0.07133147847214548,0.06715136530723217,0.45918913719892995,-0.19965323297442136,0.09257858689989165,0,30,baseline
-0.05959717433075261,0.041937847243892004,0.027075489888543806,0.16633467105223343,-0.14550296013665898,0.02630861147515376,0,30,baseline
0.04323799475857841,0.061859117573066655,0.03866428079422038,0.490333288867951,-0.08347466346324302,0.16995065298039985,0,30,baseline
-0.06370920740153539,0.06823846402562113,0.03617528310463648,0.3584787355074561,-0.20348936445675553,0.07607094965368476,0,30,baseline
-0.07604176280702796,0.05423705241486301,0.05677500980464686,0.1718967833403242,-0.18714132832355634,0.03505780270950043,0,30,baseline
-0.15544710389917374,0.06299608515124568,0.07582809480659312,0.019980493201661707,-0.28448873462812674,-0.026405473170220767,1,30,baseline
-0.06546162537323841,0.06483462160597875,0.06775043780702254,0.32129916718268065,-0.1982693273065175,0.06734607656004069,0,30,baseline
0.05451909589786745,0.057014982835490655,0.06484515031868579,0.3471428373905717,-0.06227080213168486,0.17130899392741977,0,30,baseline
-0.12061832398432676,0.05908238958767219,0.05052554722639653,0.0507228600961928,-0.24164311277004344,0.0004064648013899219,0,30,baseline
0.02199836142071264,0.06870883026467871,0.07095764930016232,0.7512181072208047,-0.11874529719785244,0.16274202003927773,0,30,baseline
-0.009427405258655323,0.042041751702948243,0.04821738821737126,0.8241995025065239,-0.09554602970055687,0.07669121918324623,0,30,baseline
-0.01096944523569153,0.06510392666309091,0.05319699015168256,0.8674080152777215,-0.14432879357128076,0.12238990309989771,0,30,baseline
0.07871781619668018,0.06829606905150197,0.05186792163537882,0.25882161741458054,-0.06118033940495758,0.21861597179831793,0,30,baseline
-0.08901780213364197,0.08873912322735142,0.08797563742859127,0.3243840067627991,-0.27079165590919685,0.09275605164191292,0,30,baseline
0.1554993360882755,0.07220305024272645,0.052545978795704995,0.040025303040707165,0.007598092311673799,0.30340057986487723,1,30,baseline
-0.12118379899409892,0.05421182436927838,0.05325091675372841,0.03354741713629258,-0.2322316872018782,-0.010135910786319646,1,30,baseline
-0.015371686740707866,0.06930158125569878,0.07270044953401919,0.826072706256496,-0.15732954072258465,0.12658616724116895,0,30,baseline
-0.005986785031198875,0.05012243588984831,0.04619274649951312,0.9057771082314716,-0.10865794067213841,0.09668437060974067,0,30,baseline
0.03372569569388331,0.0932221800719663,0.08755013523939933,0.7202342080193941,-0.15723128373925474,0.22468267512702136,0,30,baseline
-0.020962113213561825,0.054356811547759926,0.048010354584491585,0.7026783814461921,-0.13230699419321146,0.09038276776608781,0,30,baseline
0.04207142748400189,0.06842180581024339,0.07015906544208655,0.5435969449343574,-0.098084288192228,0.18222714316023178,0,30,baseline
-0.0485443519788449,0.06597260647821929,0.051769990121884865,0.4679564569601722,-0.18368311025167647,0.08659440629398665,0,30,baseline
-0.00972437903626032,0.07045043626439013,0.07714107344986984,0.8912034103153326,-0.15403555582282769,0.13458679775030707,0,30,baseline
-0.041954840992203056,0.0644347260769055,0.038224186726822346,0.5202763835894771,-0.17394339406775652,0.0900337120833504,0,30,baseline
-0.09647962167345976,0.06459079647348714,0.06392228166594115,0.14643712485385235,-0.2287878704639939,0.035828627117074366,0,30,baseline
0.0383916141080104,0.06419503253284052,0.07412934490110092,0.5546158895390254,-0.09310594900003816,0.16988917721605895,0,30,baseline
-0.06991977828870587,0.06317219835428499,0.06186901093873573,0.27779358483904254,-0.19932216056052898,0.05948260398311726,0,30,baseline
-0.028784297535296113,0.06694701096129059,0.07220340271704785,0.6705183674882775,-0.16591903291024823,0.10835043783965602,0,30,baseline
-0.017792260573752085,0.06308747758636238,0.049781137185831464,0.7799982697772609,-0.14702110021950415,0.111436579072,0,30,baseline
0.009321965498047665,0.05174121057917101,0.04086225687727651,0.8583204914106637,-0.09666509977745788,0.1153090307735532,0,30,baseline
-0.2925978346866436,0.07539575897402652,0.06230170143019975,0.0005778864321652371,-0.44703904583011234,-0.1381566235431748,1,30,baseline
0.04325491103838615,0.07985167461253546,0.08508349343820265,0.5923163727163188,-0.12031382952224147,0.20682365159901378,0,30,baseline
0.05758022789238859,0.0542726560726297,0.0505551447535476,0.29778159922905684,-0.05359226841098312,0.16875272419576032,0,30,baseline
-0.01937751992495439,0.04660108211530354,0.04336526181834776,0.6807136996255003,-0.11483550934532878,0.07608046949542001,0,30,baseline
0.0590057216210013,0.06071301046338894,0.05872919974090073,0.3394320897419816,-0.06535924261209398,0.1833706858540966,0,30,baseline
-0.016940014726579192,0.045794238320183527,0.04367065714214354,0.7142285058109624,-0.11074525955471656,0.07686523010155819,0,30,baseline
0.01353148283132891,0.0892249678698151,0.09061346680075759,0.8805458640181916,-0.16923757857965152,0.19630054424230933,0,30,baseline
-0.06428608082928189,0.06437456370579615,0.05804346274451655,0.3265286305301949,-0.19615139687418764,0.06757923521562387,0,30,baseline
0.06400432276656444,0.04901846051996651,0.0514679875292457,0.20227500767763365,-0.036405441842343164,0.16441408737547203,0,30,baseline
-0.012657885451525255,0.06574104295893271,0.04390808918316071,0.8487077045675511,-0.147322307357671,0.12200653645462047,0,30,baseline
-0.07173867843390208,0.04914353451566626,0.039352712957846966,0.15548057070655555,-0.17240464550885393,0.028927288641049778,0,30,baseline
-0.10091512659486136,0.06212799742310993,0.06491230564616532,0.11551538509053283,-0.22817856022179628,0.02634830703207354,0,30,baseline
-0.016706238131815807,0.060820144386250906,0.05025787531608867,0.7855766731285354,-0.1412906562576301,0.10787817999399847,0,30,baseline
-0.0944617196229085,0.06368925878586301,0.045877378897626546,0.14920004914883145,-0.2249232521755158,0.03599981292969878,0,30,baseline
0.06626607363714854,0.06504675312681428,0.06068199345074359,0.31704617842708455,-0.06697616001840995,0.19950830729270702,0,30,baseline
0.05197723219630319,0.05892480582611735,0.050915177081890195,0.3852360195303204,-0.06872476088681359,0.17267922527941998,0,30,baseline
-0.08868219825426249,0.05182933764755661,0.06202973190822751,0.09813183821066683,-0.19484978364603456,0.017485387137509578,0,30,baseline
0.01408685745866773,0.049877183989324815,0.05225209072068948,0.7796904239267715,-0.08808192243770063,0.11625563735503608,0,30,baseline
0.03048340847018103,0.05903674649791156,0.05387116853361285,0.6096666981311197,-0.09044788468449638,0.15141470162485843,0,30,baseline
-0.04770304698438647,0.05368462089823248,0.0475612313996004,0.3817994844292141,-0.15767100783689608,0.062264913868123155,0,30,baseline
0.07816690473504144,0.05137259348581773,0.04168805391413728,0.13933154296584424,-0.02706508265385142,0.1833988921239343,0,30,baseline
-0.020465961539662708,0.07111444048745692,0.07425392367121585,0.7756276000281386,-0.16613728931894234,0.12520536623961692,0,30,baseline
-0.01448363186658708,0.08092875532495844,0.08078473946553923,0.8592518067555012,-0.18025867225083184,0.15129140851765768,0,30,baseline
0.08374881020052799,0.07142705243032044,0.058286813234509724,0.25087247211184693,-0.06256287411512373,0.23006049451617971,0,30,baseline
0.04571175521166431,0.09109213134813457,0.11016788090748848,0.6197181853168134,-0.14088201720320498,0.23230552762653361,0,30,baseline
-0.07645505214528342,0.07915077980953582,0.053442004602362,0.34234275791271207,-0.2385880747857994,0.08567797049523257,0,30,baseline
0.04522855892656964,0.0717232711680676,0.06739114531052544,0.533416919216454,-0.10168990196701695,0.19214701982015625,0,30,baseline
0.08476084589977473,0.07200144146350101,0.07429776420024807,0.24902177647567278,-0.06272742101361295,0.2322491128131624,0,30,baseline
0.09477654697233488,0.04971500976758194,0.050341257155436955,0.0669098081777947,-0.007060034090000278,0.19661312803467004,0,30,baseline
-0.17171008868753224,0.07740336113182913,0.0527387872139074,0.034810946028309524,-0.33026368642892745,-0.013156490946137023,1,30,baseline
0.06362616403747343,0.07346390978020445,0.064179840127382,0.39380321056367784,-0.08685783342049885,0.2141101614954457,0,30,baseline
0.18578267756874825,0.07989300765251597,0.0667812101978294,0.027519813743690336,0.02212927011383245,0.3494360850236641,1,30,baseline
0.045171244033544916,0.06000907435495593,0.06546394221381735,0.4578883914252678,-0.07775177244766864,0.16809426051475845,0,30,baseline
-0.003952246385861339,0.06150974899610099,0.04505675949337035,0.9492245355735001,-0.12994925551950745,0.12204476274778478,0,30,baseline
-0.025723163160953057,0.05597292170615164,0.04382725177726848,0.6493772723908224,-0.1403784957309801,0.088932169409074,0,30,baseline
0.06754786027438252,0.0657114922985037,0.06732079485316966,0.31277397099165793,-0.06705602984789565,0.20215175039666067,0,30,baseline
-0.06601323817835601,0.04970236610195648,0.04059433947625554,0.19484696367560422,-0.16782391986572553,0.035797443509013496,0,30,baseline
-0.09270429350858139,0.07031081824217114,0.07726221476704058,0.19802266987161043,-0.2367294757413121,0.051320888724149305,0,30,baseline
0.12165819150599644,0.07290416398564384,0.07175815372990801,0.10631447575012845,-0.027679218668808014,0.2709956016808009,0,30,baseline
0.000276208366342328,0.0641219116832852,0.05466406224620645,0.9965936267640801,-0.13107157347126297,0.1316239902039476,0,30,baseline
-0.07991444299882772,0.08601485049089529,0.07148284849224668,0.3607899168949772,-0.2561078770448278,0.09627899104717236,0,30,baseline
0.03313601276702051,0.06982767697597216,0.06279896036687334,0.6387952472628191,-0.10989949944553219,0.17617152497957322,0,30,baseline
0.08006655611839533,0.053064080342723446,0.053093938762478,0.14253556122877797,-0.028630285028435995,0.18876339726522667,0,30,baseline
0.053047054838006646,0.047995463971446654,0.04338503699840116,0.2784576355659033,-0.04526719633488101,0.15136130601089431,0,30,baseline
0.003049708413295476,0.06596032653339698,0.0645526303766993,0.9634507437436761,-0.13206389553286124,0.13816331235945217,0,30,baseline
0.07756243380009922,0.05640986104667384,0.0653781764132576,0.180041145468948,-0.03798792843558481,0.19311279603578324,0,30,baseline
-0.07819872252230557,0.058935123047864905,0.07155372486859148,0.19527443447032272,-0.19892184947613353,0.04252440443152239,0,30,baseline
-0.08122660672675969,0.07298825271026015,0.07794859554620956,0.2752266140396569,-0.23073626484561266,0.06828305139209329,0,30,baseline
0.06022583259083747,0.060697063451299785,0.0648954795556449,0.3295800860689455,-0.0641064656688041,0.18455813085047904,0,30,baseline
0.018400293066926893,0.05788930599103487,0.06195809987168021,0.7529548538982267,-0.10018057475867914,0.13698116089253293,0,30,baseline
-0.0051805002817125675,0.06891218660831605,0.060588275773596344,0.9406097093566295,-0.14634071548691374,0.1359797149234886,0,30,baseline
-0.035145949950217505,0.07356433245004824,0.07891741784599034,0.636531159399794,-0.18583565392229595,0.11554375402186096,0,30,baseline
-0.025500116734097966,0.08032113282416821,0.07702656904013024,0.7532370833935844,-0.19003049884820852,0.1390302653800126,0,30,baseline
0.026825173539501115,0.04845427568724682,0.039919200966254474,0.5842343803377241,-0.07242891082877093,0.12607925790777316,0,30,baseline
0.06893681297494131,0.061058508215275406,0.06798961272483195,0.26846622989251695,-0.05613587132059242,0.19400949727047503,0,30,baseline
0.05144763872211144,0.05218046124057205,0.04895834702490078,0.33259850196386764,-0.055439190745246274,0.15833446818946914,0,30,baseline
-0.048260455753694274,0.09259447341770202,0.08664614561710261,0.6063239613924192,-0.237931636393285,0.14141072488589643,0,30,baseline
0.020628810366919798,0.04697418332601294,0.04050048030929946,0.6639218111962324,-0.07559344223808419,0.11685106297192378,0,30,baseline
-0.04959375437999813,0.067490654633188,0.07005777856537017,0.4685568389399437,-0.18784209333505672,0.08865458457506045,0,30,baseline
0.0035508965576000473,0.08411915403467123,0.08748832403439169,0.9666287239735778,-0.1687593793287947,0.1758611724439948,0,30,baseline
0.05340394348085746,0.0698972877886816,0.06747574055970054,0.45123748717169554,-0.08977416001759543,0.19658204697931037,0,30,baseline
0.012918025921872682,0.04318209171462401,0.034733929618302684,0.7670330183458709,-0.07553647914402037,0.10137253098776575,0,30,baseline
-0.04302341547937082,0.0664569810369995,0.06926301267983415,0.5226540791508025,-0.1791543700577117,0.09310753909897004,0,30,baseline
-0.017394490827730123,0.05940879044663578,0.048835824500531075,0.7718391155646825,-0.13908788146403592,0.10429889980857568,0,30,baseline
-0.06327197416236588,0.04122776929723546,0.041556330726453095,0.1360826935079792,-0.1477232312311097,0.02117928290637794,0,30,baseline
-0.02590097055621548,0.037725205722711014,0.03702825313759046,0.49800103058960177,-0.10317755138431153,0.05137561027188057,0,30,baseline
0.06579570917781243,0.05079014412955331,0.03754033952587457,0.2057465642615895,-0.03824318478997436,0.16983460314559923,0,30,baseline
-0.0064207587035229954,0.05507574881583909,0.057606858808376155,0.9080246576377787,-0.11923831591760875,0.10639679851056275,0,30,baseline
0.0322283903709837,0.0857313872434678,0.043715343130498165,0.7098074797757237,-0.1433843955345494,0.20784117627651683,0,30,baseline
0.030063280869551415,0.06264432300709158,0.06402773210029902,0.6350231760175018,-0.09825779777110309,0.1583843595102059,0,30,baseline
0.10171052993934479,0.052265382202196745,0.055757295374541244,0.061749427706755566,-0.00535025223229306,0.20877131211098265,0,30,baseline
-0.0975289038248406,0.055947281692191556,0.052104732658777644,0.09226682436342178,-0.2121317152071561,0.0170739075574749,0,30,baseline
0.01565853929894133,0.07559196923278148,0.07568002807474429,0.8373953263318376,-0.13918459033985464,0.17050166893773727,0,30,baseline
-0.06745468972519263,0.07465648585853618,0.07261985845441911,0.3739506170325321,-0.2203815685391538,0.08547218908876854,0,30,baseline
0.0383864971474769,0.060957302066636604,0.05788269784479389,0.5339781468313195,-0.08647887575039151,0.1632518700453453,0,30,baseline
0.12514713433966596,0.05948787441054276,0.05870698403172429,0.04450957292421879,0.003291747546891613,0.2470025211324403,1,30,baseline
-0.008110189968352527,0.07738873361896836,0.05729026637338065,0.9172831623902511,-0.16663382460793702,0.15041344467123197,0,30,baseline
0.05447005243105264,0.07671238046064027,0.06773909524853373,0.4835418488496852,-0.10266813556863684,0.2116082404307421,0,30,baseline
0.016153222508032673,0.07479340732898448,0.059779932841451756,0.8305758422461638,-0.1370541272238599,0.16936057223992523,0,30,baseline
0.07406682391294664,0.05914278806200389,0.053454897735068,0.22080608323166298,-0.04708168553894464,0.19521533336483793,0,30,baseline
0.03704774643799648,0.06830892684295427,0.06192319050912137,0.5918642627082433,-0.10287674715547991,0.17697224003147288,0,30,baseline
0.06234135238477634,0.03885259795336293,0.03749648409186657,0.11981212222245848,-0.01724458674019158,0.14192729150974426,0,30,baseline
-0.08663207952763681,0.06352631713228278,0.05570702683008513,0.18351991378885607,-0.2167598412333544,0.043495682178080794,0,30,baseline
-0.08369114140495885,0.06049709689858757,0.06145840537847779,0.17747656180288626,-0.20761382674990453,0.04023154393998683,0,30,baseline
0.05849262210422585,0.06773853888561099,0.07958415145499818,0.3951962152634866,-0.08026348472383457,0.19724872893228626,0,30,baseline
-0.05984501560062974,0.045383718387119604,0.04171548742536678,0.19797233936796607,-0.15280934846602967,0.03311931726477019,0,30,baseline
0.04765175052995635,0.07118277678233634,0.07063929440985961,0.5087053577064582,-0.09815955780379809,0.1934630588637108,0,30,baseline
0.04528130105819326,0.07086824808344944,0.061189668293220804,0.5280478816186317,-0.09988572444246169,0.1904483265588482,0,30,baseline
-0.0021230130658426334,0.04699755144938541,0.04435338843836237,0.9642901737135996,-0.09839313310165312,0.09414710696996786,0,30,baseline
0.07727364205122839,0.0648588906169527,0.0507374588190777,0.2434934550427198,-0.05558377269745407,0.21013105679991084,0,30,baseline
-0.030695040908475312,0.05928889886066534,0.06204634808649678,0.6087203264642573,-0.1521428447638381,0.09075276294688747,0,30,baseline
0.11152813364618386,0.06961431682038352,0.06990642978076526,0.12035968619712349,-0.031070330099886523,0.25412659739225424,0,30,baseline
0.03162963669991737,0.06332792723028388,0.06439651777571999,0.6213589098006771,-0.09809174171368565,0.16135101511352037,0,30,baseline
0.03854853653540494,0.06630904680891671,0.061975725987466146,0.5656579039272869,-0.0972793885136152,0.17437646158442507,0,30,baseline
0.006915240446426324,0.0811356077707612,0.07921822581564421,0.9326845460871221,-0.15928351796509863,0.17311399885795128,0,30,baseline
-0.05895089990840026,0.04375576961908277,0.03888760472692914,0.18869534411490507,-0.14858053089087678,0.03067873107407626,0,30,baseline
-0.04252067580926684,0.06988951246019041,0.06729953485437452,0.5478273302172367,-0.18568285226930858,0.10064150065077491,0,30,baseline
0.027572365492467374,0.07554111278123278,0.0583362077823792,0.7178553745922365,-0.12716658942776987,0.1823113204127046,0,30,baseline
-0.0512323270728285,0.04109184534302193,0.04363528951828578,0.22280897300516642,-0.13540515654302027,0.032940502397363264,0,30,baseline
-0.021288151357698532,0.07185203938780423,0.06093185756601339,0.7692045356334325,-0.16847038199222988,0.1258940792768328,0,30,baseline
0.04438881926997803,0.05821497838344054,0.046032745121154,0.45213877401245905,-0.07485915821011732,0.16363679675007337,0,30,baseline
-0.012079121490880262,0.0626762369869538,0.06245981030249462,0.8485673641349729,-0.14046557295580767,0.11630732997404715,0,30,baseline
-0.04169196233951142,0.08633653652092348,0.09524422022078886,0.6329206801114204,-0.21854434034683698,0.13516041566781414,0,30,baseline
-0.09223086070064508,0.05943222722927097,0.05119918064572397,0.1319252071684329,-0.21397225940988152,0.02951053800859134,0,30,baseline
-0.011316457987280822,0.07301147201828674,0.0663424994667888,0.8779366963078027,-0.160873678702523,0.13824076272796137,0,30,baseline
0.04465369178919536,0.049485427264523874,0.04284180374686456,0.3745628317745291,-0.056712610834244434,0.14601999441263513,0,30,baseline
0.05377524434675669,0.05520084555339558,0.04589522397290478,0.3383115689498092,-0.059298561917955045,0.16684905061146843,0,30,baseline
0.06199686233277173,0.0711079474447632,0.08239799050282612,0.3906944715371541,-0.08366116505148209,0.20765488971702556,0,30,baseline
0.04128688444987298,0.07992923478767351,0.08293435143349044,0.6095311801007461,-0.12244073092742631,0.2050144998271723,0,30,baseline
0.017322738924276132,0.07348067800520862,0.06118858558742597,0.8153460163092008,-0.13319560668554992,0.16784108453410218,0,30,baseline
-0.00026306708108520503,0.051379224476664466,0.051840346506720716,0.9959510701608527,-0.1055086374389857,0.1049825032768153,0,30,baseline
-0.06316911631305613,0.07298377978961511,0.059385578018402725,0.39410764904438844,-0.21266961206931512,0.08633137944320285,0,30,baseline
0.08889311175612169,0.07833005960793422,0.08229937311546254,0.2660588594055725,-0.07155874176201796,0.24934496527426134,0,30,baseline
-0.05364280831481408,0.047818091851858674,0.04425162136238983,0.2714718510858862,-0.15159372917118236,0.0443081125415542,0,30,baseline
-0.044365462721289495,0.042306978680735866,0.03598973174033792,0.30330429905153,-0.13102737999868797,0.04229645455610899,0,30,baseline
-0.020239645235173687,0.060997904949610035,0.06085616316077074,0.7425045549382403,-0.14518818936850236,0.10470889889815498,0,30,baseline
-0.00981556223073414,0.07025853016910077,0.05859621897972756,0.8898921085238933,-0.1537336372011568,0.13410251273968848,0,30,baseline
0.05554589114459611,0.04993504061841336,0.05049565189426339,0.2754417121375837,-0.046741402683997416,0.15783318497318966,0,30,baseline
0.04395721939303315,0.05959185107299501,0.0637984102606184,0.4668716146881171,-0.0781111539376884,0.16602559272375472,0,30,baseline
0.00899977378234074,0.07010779692118478,0.05930928077701146,0.8987733738613506,-0.1346095381265448,0.15260908569122628,0,30,baseline
-0.06972252483489277,0.06341220798959554,0.05879405570479719,0.28090859119849404,-0.1996165445577857,0.060171494888000165,0,30,baseline
-0.04189009363834591,0.08468880199276356,0.04751560527194132,0.6247163236328599,-0.21536724047040606,0.13158705319371428,0,30,baseline
0.03658391465041236,0.08409116290456764,0.07798227456742945,0.6668606487300393,-0.1356690240051713,0.20883685330599602,0,30,baseline
0.07500885362872776,0.06752469016641312,0.06044201410897684,0.2760873197149675,-0.06330920395566396,0.21332691121311947,0,30,baseline
0.0008646661430620692,0.09006755118988702,0.0818385368052602,0.9924083453235113,-0.18363034895831123,0.1853596812444354,0,30,baseline
-0.06120847138379896,0.06600654310481938,0.06051902242276252,0.3616909372400241,-0.1964167456849266,0.07399980291732869,0,30,baseline
-0.010990503320371471,0.044750741990380316,0.04252280847156054,0.8077879930618503,-0.10265824281410282,0.0806772361733599,0,30,baseline
0.027884429060298706,0.07139507325076322,0.054523886896196506,0.6990744484312312,-0.11836174887555928,0.17413060699615668,0,30,baseline
-0.02792036641190982,0.05457010875756594,0.039789045764165455,0.6129131759087108,-0.1397021669194511,0.08386143409563143,0,30,baseline
-0.07665602726073689,0.06004973568823366,0.05915926728092561,0.2122503288582422,-0.19966233470743144,0.046350280185957674,0,30,baseline
-0.02718712642952932,0.06132341728505641,0.07157218809136932,0.6609265884533585,-0.1528024523555288,0.09842819949647015,0,30,baseline
0.028228962345639003,0.0820805837744742,0.053327627730870124,0.7334776006718233,-0.13990549166071678,0.1963634163519948,0,30,baseline
-0.05599046508396264,0.0730735788459122,0.0634410601515491,0.44995700930693694,-0.20567490586846707,0.0936939757005418,0,30,baseline
-0.17341128209227924,0.06562971256024462,0.06150424891759717,0.013327998965190036,-0.30784765401465336,-0.03897491016990512,1,30,baseline
0.03934346783133322,0.05902256608062975,0.050139793085837145,0.5104939782092976,-0.08155877805531049,0.1602457137179769,0,30,baseline
-0.03113681362902105,0.07333186333261399,0.07539588714001394,0.6743722266338206,-0.18135032620070032,0.11907669894265824,0,30,baseline
0.05343143698876169,0.05776974516167673,0.07457344389054345,0.36291924173344914,-0.06490452158010818,0.17176739555763154,0,30,baseline
0.13040142767550378,0.07480005125413802,0.08862976647195997,0.0922482301018644,-0.022819531520122838,0.2836223868711304,0,30,baseline
-0.05389726422977515,0.05299284823969387,0.06104515189979468,0.31782992164130536,-0.1624481930280356,0.0546536645684853,0,30,baseline
-0.01953889490615137,0.0691869577455853,0.06707041826428471,0.7797084019382678,-0.16126195327129408,0.12218416345899133,0,30,baseline
-0.013661701570967839,0.06737544196888018,0.061948684929251485,0.840781262683614,-0.15167403808163302,0.12435063493969735,0,30,baseline
0.1135233575634358,0.05912455568286986,0.052865997230609287,0.06508900264511451,-0.0075878045528254,0.234634519679697,0,30,baseline
0.027300822681430213,0.06739117337595142,0.05980933452476569,0.6884754321467008,-0.11074373815583019,0.16534538351869063,0,30,baseline
-0.12570815152337267,0.052182830399106137,0.05085005558064809,0.022821676674401433,-0.23259983399199163,-0.01881646905475369,1,30,baseline
-0.05613438567744658,0.07078069783298421,0.06261009836538153,0.434403450113675,-0.2011220726197826,0.08885330126488944,0,30,baseline
0.20722999051011462,0.09048068332787242,0.09507973231540258,0.029740447001995317,0.0218887125867869,0.39257126843344237,1,30,baseline
-0.011626158114092101,0.06013423871912135,0.0600911057109495,0.8480909029886793,-0.13480556217276038,0.11155324594457616,0,30,baseline
-0.004937001329175741,0.05685672502682277,0.046819326004199,0.931422799070158,-0.12140272293320789,0.11152872027485641,0,30,baseline
-0.15122319197992218,0.08010551896379889,0.09022430696287334,0.06945696009780519,-0.31531190912258217,0.012865525162737812,0,30,baseline
0.009386209139713043,0.07286515301730212,0.05398948986787929,0.8984239630125977,-0.1398712906889319,0.158643708968358,0,30,baseline
0.04162211175856209,0.06263213267161896,0.056168282852152814,0.5117754313846743,-0.08667399611184942,0.1699182196289736,0,30,baseline
0.03342079833833443,0.05744165569618561,0.04455739615718464,0.565342249978309,-0.08424309942627564,0.1510846961029445,0,30,baseline
0.11708903738314377,0.051700415963961126,0.039695279688408705,0.0314600659898677,0.01118553608878095,0.2229925386775066,1,30,baseline
-0.019647854686716978,0.054519674881662886,0.043481662196180076,0.7212666829408378,-0.13132634608267002,0.09203063670923606,0,30,baseline
0.09533767534202017,0.07475497859249404,0.0580411288743107,0.21267087340882568,-0.0577909566915952,0.24846630737563555,0,30,baseline
-0.05539791241689948,0.05484391854448651,0.050806619190894436,0.3210965351915005,-0.1677405868474623,0.056944762013663316,0,30,baseline
0.006119502939423748,0.0626566378723788,0.055869894345026025,0.9228922993885569,-0.12222680155923533,0.13446580743808284,0,30,baseline
-0.04608786337996773,0.06256016979841865,0.0493068252285965,0.46743504878273134,-0.17423656198697163,0.08206083522703617,0,30,baseline
0.04983903974714368,0.1095735424898531,0.05453737354541293,0.6527273990904114,-0.17461218724087604,0.27429026673516343,0,30,baseline
0.026798650181349346,0.07293226633406182,0.0760385951757005,0.716049400707616,-0.12259632504465572,0.1761936254073544,0,30,baseline
0.01505299529652439,0.06223931955021503,0.0510886143448412,0.8106538240186824,-0.11243847137061243,0.14254446196366122,0,30,baseline
0.0126558143194892,0.047797708690748085,0.052388741183965214,0.793119412372632,-0.08525335352408778,0.11056498216306618,0,30,baseline
0.0038748767576552547,0.05701669897463353,0.043321807834685776,0.9463001637891508,-0.11291853662357364,0.12066829013888415,0,30,baseline
0.05301542102658466,0.06823102645385261,0.0686322871166281,0.4436747476146172,-0.08674950085350724,0.19278034290667656,0,30,baseline
-0.016453261983964393,0.060696008571119765,0.04800946768054542,0.788320651293095,-0.14078339941951146,0.10787687545158268,0,30,baseline
-0.05441109253455732,0.0663170102997881,0.0664212858353547,0.41887890689205387,-0.19025533005515205,0.08143314498603739,0,30,baseline
0.08319008136492201,0.060357605808585076,0.037699311761252366,0.17902949680767818,-0.040446869435045774,0.2068270321648898,0,30,baseline
0.0034814746611565965,0.06890624003783014,0.04689914214930622,0.96006289258292,-0.13766655954659204,0.14462950886890522,0,30,baseline
-0.013974030775231848,0.05829419275276768,0.06215355893333296,0.8122969040896736,-0.13338427153518972,0.10543620998472603,0,30,baseline
-0.010585422320372441,0.06402674229717482,0.06500889581268574,0.8698736094164269,-0.14173825850778898,0.12056741386704412,0,30,baseline
-0.060705340143882805,0.07663122723776948,0.07584497326579144,0.4349192429177059,-0.21767729330226404,0.09626661301449844,0,30,baseline
0.040796119959632095,0.07083774705995219,0.06157495608875524,0.5692768935296821,-0.10430842702665902,0.1859006669459232,0,30,baseline
-0.05121176257400818,0.05317429764276179,0.053560752301533704,0.343745573586693,-0.16013437362538746,0.05771084847737108,0,30,baseline
0.06338980111507732,0.06424748799202101,0.06656677229003029,0.3322639053241885,-0.06821521213018271,0.19499481436033733,0,30,baseline
-0.11303509305693721,0.06783505782150119,0.04779810660257201,0.10679909790427283,-0.2519889099625936,0.025918723848719155,0,30,baseline
0.040356176062423706,0.058973745345113196,0.0573625612108806,0.4994062439634027,-0.0804460650809202,0.1611584172057676,0,30,baseline
-0.08914183677787024,0.04060874197401958,0.039547274004912,0.03660811396964554,-0.17232507385677226,-0.005958599698968239,1,30,baseline
0.06319110895568193,0.08371146602611035,0.09854175665294888,0.4566309743318394,-0.10828405590235245,0.2346662738137163,0,30,baseline
-0.05856456773178414,0.05535536356298968,0.039685893433526256,0.29910949486550936,-0.17195488979088444,0.05482575432731616,0,30,baseline
0.07545806409105554,0.09692240792260609,0.051201567366075076,0.44278018630838556,-0.12307848849760272,0.2739946166797138,0,30,baseline
-0.0324779521402713,0.04345886871211485,0.04102775488752823,0.46109700022427347,-0.12149940918450924,0.056543504903966646,0,30,baseline
0.09384073969954496,0.06909847770682895,0.07378132548225884,0.18528414596265605,-0.04770107552230293,0.23538255492139284,0,30,baseline
-0.000533661867137207,0.08505244315257032,0.05908188478008231,0.9950381951206324,-0.17475569384799627,0.17368837011372185,0,30,baseline
-0.09747213239540092,0.0727456311339483,0.06782683919795586,0.1910501626335204,-0.2464848027445831,0.051540537953781246,0,30,baseline
-0.018678695794518065,0.05872822578731225,0.05020097649352818,0.7528046986605773,-0.1389780129222121,0.10162062133317598,0,30,baseline
-0.14252581668159495,0.06905498229986963,0.059349585262047436,0.04840061146817151,-0.2839785356011921,-0.001073097761997821,1,30,baseline
0.015403952114497202,0.10199842538993896,0.07234606986500232,0.8810415671750917,-0.19353035090612314,0.22433825513511751,0,30,baseline
0.051962865104960704,0.08690161469882729,0.0668530799043006,0.5546790331187045,-0.12604702307765567,0.22997275328757708,0,30,baseline
-0.022881191651579213,0.05754783319962089,0.05347424476025986,0.6939379123106706,-0.1407625841725241,0.09500020086936567,0,30,baseline
-0.02167868455310338,0.06584688210917264,0.06312909774326544,0.7444329032909003,-0.1565599081304821,0.11320253902427535,0,30,baseline
0.040964080994020026,0.06784211846255557,0.06420838407602515,0.5508277964483748,-0.09800419897919779,0.17993236096723783,0,30,baseline
0.03747170006508199,0.05166022645266641,0.0449543132788205,0.4742569709297735,-0.06834947674731946,0.14329287687748343,0,30,baseline
-0.08708212128480564,0.06231832408597591,0.07501178545475533,0.17327605683209313,-0.21473542140722926,0.04057117883761799,0,30,baseline
-0.06746955770523629,0.08626316729593618,0.08496205890270436,0.4406989253152439,-0.2441716456681099,0.10923253025763731,0,30,baseline
-0.035795468676973995,0.07368747760914036,0.056904889869137304,0.6309072238327201,-0.18673742407241425,0.11514648671846625,0,30,baseline
0.09822092803660926,0.059631658262441434,0.05913657092310396,0.11071099058445856,-0.023928986625269155,0.22037084269848767,0,30,baseline
-0.025616024702213108,0.06469195484215925,0.046430836323745964,0.6951289966610972,-0.15813148701758756,0.10689943761316134,0,30,baseline
-0.037839337478770996,0.06224431364001768,0.0637304654796511,0.5481425422814283,-0.16534103407512635,0.08966235911758436,0,30,baseline
0.14384986417146814,0.06117409922999734,0.05848078272188568,0.025966781862978416,0.018540402415850643,0.26915932592708564,1,30,baseline
-0.08328934269800055,0.0740406347298212,0.04673117854062827,0.2701764952967902,-0.23495470766161924,0.06837602226561816,0,30,baseline
0.04259549305014844,0.0547253697300849,0.047497731601838705,0.44289087432908447,-0.06950434514234273,0.15469533124263962,0,30,baseline
-0.019832460436803395,0.06837774363536105,0.07665685951710159,0.7739208146885062,-0.15989791883932125,0.12023299796571446,0,30,baseline
0.07120459084959477,0.06251052968521754,0.06690227581099119,0.26432096071127636,-0.05684242459500846,0.199251606294198,0,30,baseline
0.04615186253782026,0.05925784694947214,0.05026174830414419,0.4426119284605504,-0.075232334360888,0.16753605943652852,0,30,baseline
0.003932546785785397,0.08464933315261863,0.04981482335245425,0.9632758424532366,-0.16946375179224354,0.17732884536381432,0,30,baseline
-0.07538482942142638,0.04372631733926784,0.04963845070656558,0.09573120144650513,-0.16495413014358784,0.014184471300735066,0,30,baseline
-0.04406224244287693,0.054025256101924934,0.05369283393984429,0.42162097255816355,-0.15472796287937707,0.06660347799362319,0,30,baseline
0.061633695764989636,0.05243433094190778,0.0486562962013082,0.24971525577594123,-0.04577316221166961,0.1690405537416489,0,30,baseline
0.06603844954322893,0.057250560882591756,0.06839318300408725,0.25845752632064145,-0.051234008240455445,0.1833109073269133,0,30,baseline
0.05489271158384778,0.05941273743604744,0.0578131795807107,0.36342134925807323,-0.06680876409375747,0.176594187261453,0,30,baseline
0.06967011437815013,0.05455451965288469,0.04930268433948226,0.21206552761498237,-0.04207975329602788,0.18141998205232812,0,30,baseline
-0.03675669893189711,0.06220997197760882,0.0648108853073177,0.5593612440519735,-0.16418804982171303,0.0906746519579188,0,30,baseline
-0.04519521922388345,0.06446099505431568,0.0690936694226434,0.489011412381407,-0.1772375818603716,0.08684714341260472,0,30,baseline
0.1313905403323476,0.06264473998684876,0.06620259419122743,0.04511123855632462,0.0030686075473804753,0.2597124731173147,1,30,baseline
-0.05867920987677734,0.05870751904779918,0.04897445038768716,0.32610401627432595,-0.1789361111713695,0.06157769141781483,0,30,baseline
0.05662672374910241,0.05016086983518037,0.04555115768048353,0.26851866183838363,-0.04612316025994269,0.1593766077581475,0,30,baseline
-0.06129331262714324,0.05817242989077203,0.05607557452915624,0.30105163142688646,-0.1804541334709838,0.05786750821669731,0,30,baseline
-0.008166036852527446,0.05917682566744014,0.04671539042439709,0.8912329028404025,-0.12938426917848395,0.11305219547342904,0,30,baseline
-0.10448619728453414,0.03931447395917851,0.041544772261597016,0.012852264414843483,-0.18501824651843854,-0.02395414805062973,1,30,baseline
-0.07345438991103109,0.0840892066285527,0.07014228074074459,0.38980508626982646,-0.2457033213168544,0.09879454149479222,0,30,baseline
0.020299030272780128,0.08141008660020606,0.05883332752854853,0.8049156240833821,-0.14646197253325127,0.18706003307881153,0,30,baseline
0.02475705226497779,0.04185693199788287,0.04035773172804325,0.5589520512507338,-0.06098298617312335,0.11049709070307893,0,30,baseline
-0.06379448410230378,0.0515053127776461,0.041862302381255094,0.22577742537635948,-0.1692983346364319,0.04170936643182434,0,30,baseline
0.07500217839980307,0.06918170346688138,0.06790867328948894,0.2875529860727865,-0.06671011706331754,0.2167144738629237,0,30,baseline
0.020311028698402053,0.06449089101108732,0.07015780393262333,0.7551391896466781,-0.11179257302944794,0.15241463042625203,0,30,baseline
-0.006069514607271967,0.08866293179888357,0.0683275095044446,0.9459091327665667,-0.1876872973166097,0.1755482681020658,0,30,baseline
-0.030253996454903235,0.055447912209749955,0.053165118701667624,0.5896417678221241,-0.14383389582299075,0.08332590291318429,0,30,baseline
-0.02503646037223741,0.09602771368512918,0.05754628945307653,0.796215494036215,-0.2217403148951249,0.17166739415065008,0,30,baseline
-0.02721765335282825,0.07388397196012968,0.08234175925298697,0.7153577365065333,-0.17856210918015744,0.12412680247450095,0,30,baseline
0.05932590736901594,0.056450654507257336,0.050796373223499156,0.3022750614895014,-0.05630801648266587,0.17495983122069775,0,30,baseline
0.039804409043748705,0.056418224609224916,0.06325955832647816,0.4863128879999422,-0.0757630851731958,0.15537190326069322,0,30,baseline
-0.030616147630416486,0.060953535357017925,0.05378799996884709,0.6193933749977728,-0.15547380477340092,0.09424150951256796,0,30,baseline
0.05690163239158175,0.06509448729365166,0.05637069885355242,0.38947869539795577,-0.0764383802722341,0.1902416450553976,0,30,baseline
-0.11169430384035836,0.07705864441797365,0.07784599757455103,0.15831488455387027,-0.26954178140319585,0.046153173722479096,0,30,baseline
0.05030858434643888,0.051699396860939675,0.04667012555408612,0.33883672001864695,-0.05559282941001657,0.15620999810289432,0,30,baseline
0.14412746259409084,0.051311442873995784,0.046029585763052806,0.008961342940434503,0.039020736555179195,0.2492341886330025,1,30,baseline
-0.060464524011254156,0.055198154622355895,0.061819611767366806,0.2826708949459136,-0.17353281815360613,0.05260377013109782,0,30,baseline
-0.01923330396375092,0.05750569105663224,0.059117337999235214,0.7405255581318018,-0.13702837221802727,0.09856176429052545,0,30,baseline
-0.0007187701833136157,0.0678083176122196,0.054073633263328036,0.9916177247894415,-0.1396178122533045,0.13818027188667725,0,30,baseline
0.0014829669536344792,0.06186445555414778,0.06063124235962091,0.9810455818388905,-0.12524062562675628,0.12820655953402524,0,30,baseline
-0.11269996891412995,0.0802429660124241,0.06629835903308375,0.17117124309883902,-0.2770702335728125,0.05167029574455262,0,30,baseline
0.012352785988678252,0.05476094624182152,0.04867693915532213,0.8231691798891065,-0.09981992738453438,0.12452549936189089,0,30,baseline
-0.029663273829550814,0.05785362980013401,0.0538109109839472,0.6121619085650428,-0.14817106229092347,0.08884451463182186,0,30,baseline
-0.0885300424951801,0.07469321670527072,0.078752577916038,0.24588132306545202,-0.24153216103791647,0.06447207604755628,0,30,baseline
0.03896204864396964,0.07557689788237033,0.07054612153131232,0.610230497591626,-0.11585020873300762,0.19377430602094692,0,30,baseline
0.020022511521174326,0.04830919328858243,0.05098412589116426,0.6816911743221477,-0.0789343850255248,0.11897940806787344,0,30,baseline
-0.05781879021052926,0.058264454742858324,0.04605214069107736,0.32952515508085856,-0.17716811541860603,0.06153053499754751,0,30,baseline
0.02528449054026557,0.07094764997402028,0.06309043915221123,0.7242257549070295,-0.12004518236010672,0.17061416344063787,0,30,baseline
0.060545171222160084,0.06636103299233893,0.06670700854447562,0.3693680925619808,-0.07538924269625683,0.19647958514057698,0,30,baseline
0.010615905942995442,0.08415671836938622,0.08050621316801579,0.9005190044893885,-0.1617713169949063,0.18300312888089718,0,30,baseline
-0.008848530250445324,0.045784792779886674,0.038171814641676724,0.8481477010761184,-0.10263442676638052,0.08493736626548987,0,30,baseline
0.04161254702965905,0.06495081141008056,0.03321672450102515,0.5269411254027442,-0.09143315892814599,0.1746582529874641,0,30,baseline
-0.02378966994337601,0.08246996483902748,0.06631846367059006,0.7751158306722974,-0.19272173490324257,0.14514239501649057,0,30,baseline
0.043902077526673966,0.06820064399757193,0.059987073697774354,0.5249954137589906,-0.09580060871298732,0.18360476376633525,0,30,baseline
-0.004638162367795403,0.06148238331298094,0.05325097940501649,0.940401948575381,-0.1305791154406983,0.1213027907051075,0,30,baseline
-0.110792109373244,0.05419893040587112,0.05583806769652483,0.05044357587115017,-0.2218135854942938,0.000229366747805812,0,30,baseline
-0.05661305069782792,0.0660003764919274,0.05990241315816371,0.39830324017624263,-0.19180869326506694,0.07858259186941112,0,30,baseline
-0.040378562811679224,0.09183311927822335,0.09224014403772847,0.6635332001184555,-0.22849018019452647,0.147733054571168,0,30,baseline
0.0028019812567783298,0.061338377369980025,0.05786339159988748,0.9638889773830656,-0.12284398901402052,0.12844795152757718,0,30,baseline
-0.11512704224768512,0.06231409339610053,0.0690963329634844,0.07526171209439293,-0.24277167619475332,0.01251759169938306,0,30,baseline
0.026029173905787725,0.06784382739000504,0.0564624462496803,0.7041260356312726,-0.11294260664662238,0.16500095445819785,0,30,baseline
0.09909907682317563,0.0742204040645205,0.06549932665840434,0.1925653717421234,-0.05293452892951693,0.2511326825758682,0,30,baseline
0.04356213517597888,0.06435956029411065,0.05603388408306999,0.5040514307882489,-0.088272447773279,0.17539671812523674,0,30,baseline
-0.046013502448322606,0.09341473426373614,0.07794922278734503,0.6261553793799215,-0.2373649112630646,0.14533790636641938,0,30,baseline
0.0036520409614835755,0.049236575451619524,0.0442055675481266,0.9413998416148013,-0.09720451183115425,0.10450859375412141,0,30,baseline
-0.07675711948364211,0.0488789992978289,0.049022863639012274,0.12756698526672267,-0.17688121072911955,0.02336697176183533,0,30,baseline
-0.06450739413978122,0.09146484172970462,0.086659103737597,0.486468546771193,-0.25186462916207986,0.1228498408825174,0,30,baseline
0.029865389564910402,0.059864978409155244,0.0574975010470496,0.6217614418339291,-0.09276245975182129,0.1524932388816421,0,30,baseline
-0.026361697503743106,0.06922021118756685,0.06333967272927644,0.7061976008206097,-0.1681528724569301,0.11542947744944389,0,30,baseline
-0.10442008084055049,0.06547042887331771,0.0627308359273425,0.12195711068188377,-0.23853017492105202,0.029690013239951046,0,30,baseline
-0.04062506287327734,0.06773960960794737,0.05842638652640842,0.5535129554924274,-0.17938336297661844,0.09813323723006377,0,30,baseline
-0.08968284393159677,0.05447198790096431,0.060384467678272796,0.11086089036519736,-0.2012636529757162,0.02189796511252265,0,30,baseline
0.0025080989708171405,0.06293969922971498,0.06612370669781141,0.9684961064334874,-0.12641803043377567,0.13143422837540994,0,30,baseline
-0.06121715558078664,0.08349254973982471,0.0704385141197008,0.4695280038337274,-0.23224389075453822,0.10980957959296495,0,30,baseline
-0.0949803746618419,0.07127291165513663,0.05031347583524623,0.19339735542448025,-0.24097631591276528,0.05101556658908149,0,30,baseline
0.06983777443284363,0.043230266070343644,0.04546471172179957,0.11741971255697271,-0.01871541132735692,0.15839096019304416,0,30,baseline
-0.019775388705527898,0.058011940460268266,0.05001847877357834,0.7357349739259857,-0.1386074618537419,0.09905668444268609,0,30,baseline
-0.07119987611624418,0.06976685910291323,0.0665286523161476,0.316209635326262,-0.2141108085632742,0.07171105633078584,0,30,baseline
-0.08724936211712163,0.04587523861285872,0.03129528603684262,0.06752043240147312,-0.18122052852326237,0.006721804289019126,0,30,baseline
-0.011768601603254514,0.05575366926859948,0.041696790394466623,0.8343519696055177,-0.1259748159143437,0.10243761270783468,0,30,baseline
0.03878364762746197,0.04349175586966333,0.04275723041986154,0.3801281001116512,-0.050305175705171616,0.12787247096009555,0,30,baseline
0.031117740348700282,0.06374403506385687,0.04439382567214521,0.629232687775463,-0.09945599632295059,0.16169147702035114,0,30,baseline
0.001601270070493429,0.07421674466516684,0.08833430647687059,0.9829395279405834,-0.1504248397424284,0.15362737988341527,0,30,baseline
0.011115283496889745,0.07217422136350715,0.06684809724804197,0.8787094468209263,-0.13672690699762918,0.1589574739914087,0,30,baseline
0.020491981488408043,0.05873975131416683,0.056481945255441306,0.7298037990313009,-0.09983094461080787,0.14081490758762394,0,30,baseline
0.20028742794492732,0.05418690830630154,0.04436720643272995,0.0009428593076759256,0.08929057797849521,0.31128427791135943,1,30,baseline
0.0034440269918719728,0.07340771373606206,0.06938446865969161,0.9629128793016599,-0.1469248580879384,0.15381291207168232,0,30,baseline
0.007148532406450553,0.05891988286335217,0.04800422665276222,0.9042990964569545,-0.11354337644457924,0.12784044125748034,0,30,baseline
0.01778504426721342,0.062036663191088276,0.05814143225696384,0.7764634811640807,-0.10929129966655796,0.1448613882009848,0,30,baseline
-0.045009977384854336,0.06539207904139457,0.05021344419312443,0.49692157455332864,-0.1789595791100861,0.0889396243403774,0,30,baseline
-0.006916679877137056,0.055497291952205596,0.04786468038961554,0.9017062011242818,-0.12059772906233072,0.10676436930805662,0,30,baseline
-0.15016937290786472,0.06020871101229501,0.06470528167586537,0.018801736304172364,-0.27350132654373577,-0.026837419271993665,1,30,baseline
-0.05263776496536246,0.051882266839169515,0.05683870866069385,0.3190020327939411,-0.15891377089124387,0.05363824096051893,0,30,baseline
0.0328275430747091,0.058160255967804456,0.040814430048148366,0.5769538234599216,-0.08630834061838101,0.15196342676779923,0,30,baseline
-0.013129270748083779,0.0624067639832035,0.04048299473162247,0.8348928923552332,-0.14096373178760804,0.11470519029144048,0,30,baseline
-0.023192977237368635,0.07601790677493347,0.07144081192565685,0.7625473541387295,-0.17890860037946743,0.13252264590473017,0,30,baseline
-0.06231111219937875,0.0456290055332517,0.042292218962937216,0.18293437917802285,-0.15577789300670625,0.031155668607948744,0,30,baseline
-0.026364202923825505,0.08386762683433208,0.0670304200216201,0.7555818834828031,-0.19815924869668977,0.1454308428490388,0,30,baseline
0.043720445405459836,0.07995177645182301,0.05889679182209819,0.5888238998229609,-0.12005334447767124,0.2074942352885909,0,30,baseline
-0.013857910261893956,0.038786690765483786,0.03769414665898518,0.7235572556641672,-0.09330884463251458,0.06559302410872668,0,30,baseline
0.046154101726813196,0.05656209814918414,0.05960952344847889,0.42139376002452333,-0.06970810407689916,0.16201630753052554,0,30,baseline
-0.03456486562990892,0.06651465809586285,0.06568187111341434,0.6073861934623441,-0.17081396630754325,0.1016842350477254,0,30,baseline
-0.05154941565479754,0.07065418140997785,0.05533939326057422,0.4716936097093952,-0.19627794545269295,0.09317911414309787,0,30,baseline
0.022563480528163208,0.06840691484917906,0.06487399217723547,0.7439743184732333,-0.11756173239707432,0.16268869345340073,0,30,baseline
-0.030142474727847993,0.056756730717739644,0.06707861125073453,0.599549907896683,-0.1464033672750154,0.0861184178193194,0,30,baseline
-0.07487337581131268,0.05780115286153037,0.054364055128866995,0.2057741660585216,-0.19327367013687008,0.04352691851424474,0,30,baseline
-0.025180140337495976,0.054424166514664765,0.052742666566854356,0.6471803034699757,-0.13666299171238885,0.08630271103739691,0,30,baseline
-0.07363723671172782,0.06915559571251885,0.05712015243629481,0.2960607379387725,-0.215296052864356,0.06802157944090036,0,30,baseline
-0.09605653897793243,0.06852762336059996,0.05199083323599184,0.17198731021640962,-0.23642901208004,0.044315934124175144,0,30,baseline
-0.02982567434149347,0.05125823718913772,0.05566197910641577,0.5653095548945033,-0.13482341347555776,0.07517206479257081,0,30,baseline
0.06975429365911501,0.04834307510205303,0.03725717013587287,0.16014295511067228,-0.029272006636274273,0.1687805939545043,0,30,baseline
0.050502711186561994,0.06217123824094958,0.05943990965662712,0.42346302793808366,-0.07684929724045272,0.1778547196135767,0,30,baseline
-0.021899214698331088,0.05867164147780309,0.06284883157785248,0.7117730881155482,-0.142082624122313,0.09828419472565084,0,30,baseline
-0.059291163707700566,0.07335034159192787,0.07136017535134263,0.42571643113957336,-0.20954252727772635,0.0909601998623252,0,30,baseline
0.11938632702335139,0.06444400154704052,0.062093917239782234,0.07451442188084711,-0.01262122599147017,0.251393880038173,0,30,baseline
-0.010395308081952874,0.06981030392981716,0.06311470335248717,0.8826935937101092,-0.15339523322268694,0.13260461705878118,0,30,baseline
0.010600730204646528,0.06169901034088,0.049034882536643884,0.8648198244017112,-0.1157839632193107,0.13698542362860375,0,30,baseline
-0.011455809383505069,0.07412793087443506,0.06329230268841574,0.8782917220215666,-0.16329999239320203,0.1403883736261919,0,30,baseline
-0.04516244091157528,0.09112345735331612,0.053409388211919755,0.6240315535539971,-0.23182038173918237,0.1414954999160318,0,30,baseline
-0.05709393309931705,0.048627305816788084,0.04863882703377879,0.25023989204841035,-0.15670245362068716,0.04251458742205307,0,30,baseline
0.044033784444830165,0.07203652459195242,0.06822810152836088,0.5459518306401736,-0.10352634699943392,0.19159391588909425,0,30,baseline
-0.10429717576112091,0.07301888695983919,0.07609870790791007,0.1642491873175269,-0.2538695852955951,0.045275233773353296,0,30,baseline
-0.008351109817555467,0.05870452607663349,0.059138200721433234,0.8878959776619842,-0.12860188028863664,0.11189966065352572,0,30,baseline
-0.027163234951808543,0.06350935514461131,0.05910077373711374,0.672137938695363,-0.1572562516008409,0.10292978169722379,0,30,baseline
0.026720138211637243,0.05270767765400875,0.05321010806534759,0.6161595508920379,-0.08124664512227588,0.13468692154555037,0,30,baseline
-0.06195590959979039,0.05803142348849547,0.06122894534146685,0.2948077120896726,-0.1808278919221688,0.056916072722588015,0,30,baseline
-0.05289267410047738,0.03867024658186318,0.02715593746897855,0.18225721337191753,-0.13210508337374904,0.02631973517279429,0,30,baseline
-0.005151581702853339,0.062497391139774754,0.05180380111512775,0.9348922229121889,-0.13317168405713875,0.12286852065143207,0,30,baseline
0.022012250941763175,0.05920633391355188,0.05244799452104189,0.7128489802574249,-0.09926642628627046,0.1432909281697968,0,30,baseline
-0.018556901379441236,0.0691353259579287,0.06624166073262738,0.790348251413668,-0.16017419682200454,0.12306039406312205,0,30,baseline
0.09884672351018171,0.05871664609078582,0.07024811849077862,0.10340616193614251,-0.021428873684447763,0.2191223207048112,0,30,baseline
0.028586892958363037,0.07811798025107708,0.0812446614025644,0.7171564468773539,-0.1314305356905631,0.18860432160728915,0,30,baseline
0.02759146132753943,0.06740964310314937,0.06615149520253447,0.6854262457907481,-0.11049093303082028,0.16567385568589912,0,30,baseline
-0.020839546830660728,0.06974596352539683,0.07236978424492341,0.7673050230120496,-0.16370767662747418,0.12202858296615274,0,30,baseline
-0.02330391746833338,0.0459217691125489,0.04335190789759405,0.6157992018284689,-0.1173703972823508,0.07076256234568404,0,30,baseline
0.021015912963888245,0.07320908373010593,0.044186271469593856,0.7761747496471479,-0.12894609699314674,0.17097792292092323,0,30,baseline
-0.012847338924183615,0.07117113138570287,0.06445842749488781,0.8580497757319119,-0.158634792744305,0.1329401148959378,0,30,baseline
-0.0034368633239768246,0.06546152179711134,0.05211354741485453,0.9585014597902383,-0.13752871208596476,0.1306549854380111,0,30,baseline
-0.028892454455737904,0.05283965238860583,0.05016240986142575,0.5888511915960428,-0.1371295757785362,0.0793446668670604,0,30,baseline
-0.030455110226376737,0.06461371822824521,0.05018623703571388,0.6410490418882896,-0.16281031210305977,0.10190009165030631,0,30,baseline
-0.10419807052796082,0.046213039858301455,0.05244808283203268,0.03215877527188082,-0.1988611914177738,-0.009534949638147841,1,30,baseline
0.15613851432958994,0.08929591883196557,0.07238043103990015,0.09132604538523909,-0.026775883538976752,0.33905291219815664,0,30,baseline
-0.09449928692249482,0.07112691974085483,0.06749935910355236,0.19470681308520804,-0.240196177293559,0.051197603448569357,0,30,baseline
-0.020223893874364185,0.06878550996077791,0.06735341916634092,0.7709158556387128,-0.16112462373004954,0.12067683598132117,0,30,baseline
-0.06252764620727316,0.06534574751091039,0.06454127827334251,0.3468203835743996,-0.1963823420945708,0.07132704968002448,0,30,baseline
0.008077259723243042,0.0773198858976201,0.04759271142608516,0.9175446789403421,-0.15030534675223534,0.16645986619872144,0,30,baseline
-0.02347711464562416,0.062225189356898816,0.056324863455158754,0.7088007049023273,-0.15093963692385712,0.1039854076326088,0,30,baseline
-0.06398954814591261,0.05958687384428771,0.05717933004395198,0.2920413862519464,-0.18604772608580378,0.05806862979397856,0,30,baseline
-0.007059115875101937,0.07159328235792076,0.04118195769589241,0.9221581727263164,-0.15371130676163028,0.1395930750114264,0,30,baseline
0.02407507644875233,0.06397566926983599,0.057291394952579296,0.7095184155918633,-0.10697314138471024,0.1551232942822149,0,30,baseline
0.05208426731529085,0.045709637353446,0.04594172538150754,0.2641661420198136,-0.04154768028837859,0.1457162149189603,0,30,baseline
-0.04930543957001859,0.06500912799146115,0.07183908649124689,0.4545254893380184,-0.18247060162960874,0.08385972248957155,0,30,baseline
0.05062432369504383,0.06165229383706117,0.05722536000981819,0.41851100691400833,-0.07566467530885118,0.17691332269893884,0,30,baseline
0.02525653036650794,0.04784062060959782,0.04128479869417867,0.6017066915100628,-0.07274053855810897,0.12325359929112487,0,30,baseline
-0.019165290653447128,0.07574006953562679,0.06816536261194253,0.8020856579882545,-0.17431179001029343,0.13598120870339916,0,30,baseline
0.03129858500072272,0.062457629170818894,0.039784733800568566,0.6202057101318328,-0.09664006865238167,0.1592372386538271,0,30,baseline
-0.007743471624815729,0.048199664815910044,0.04969717414874211,0.8735193656371049,-0.10647600926586281,0.09098906601623136,0,30,baseline
0.009925253952474794,0.06966633836767308,0.08505190380546732,0.8877302580836874,-0.1327797711025908,0.15263027900754036,0,30,baseline
-0.07656114311339877,0.07447232360507557,0.06635866614862741,0.31272667285740857,-0.2291107826521221,0.07598849642532456,0,30,baseline
-0.023530970365608125,0.08543483739915424,0.08331300153299995,0.7850114340503898,-0.19853630145215106,0.15147436072093484,0,30,baseline
0.03156787590279938,0.04756021365441525,0.050871156599551555,0.5122819091523252,-0.0658548054122125,0.12899055721781125,0,30,baseline
0.019335158332022023,0.07942192897112278,0.058881728240156264,0.8094327029935227,-0.1433532881875805,0.18202360485162453,0,30,baseline
-0.03220752900162473,0.04202490427246034,0.03822981870260875,0.44985686059139096,-0.11829164304659395,0.0538765850433445,0,30,baseline
0.03770657519787467,0.061048991196958544,0.0584656725520278,0.5418008827020082,-0.0873466143693702,0.16275976476511955,0,30,baseline
-0.10790222857891815,0.07154363787550379,0.06325238602389541,0.14270462583913485,-0.25445272735311286,0.03864827019527653,0,30,baseline
0.1355006275486047,0.0841329609081153,0.0857473100402993,0.11849458853039167,-0.03683793043595876,0.30783918553316814,0,30,baseline
-0.023318217744781853,0.06778325649166234,0.057710348431515075,0.7334078159987761,-0.16216592443644182,0.11552948894687812,0,30,baseline
0.043798005089642364,0.07233411027745236,0.07744857706054278,0.5497264266899357,-0.10437170299809582,0.19196771317738054,0,30,baseline
0.09437166655956858,0.0707391424325185,0.057360239783734265,0.19292753933531678,-0.0505308980036733,0.23927423112281046,0,30,baseline
-0.0806386472241863,0.06614393534102882,0.07634619028718914,0.23296276911102218,-0.2161283567631926,0.05485106231481997,0,30,baseline
-0.15980058121177557,0.05288954141842493,0.05191251212372064,0.0053273344751519755,-0.26813989557955253,-0.05146126684399857,1,30,baseline
0.04264510306016807,0.07289391284469922,0.054195459841062166,0.5632130721792159,-0.10667130860431388,0.19196151472465,0,30,baseline
0.09987072285413008,0.09960651485501651,0.08940059276906846,0.32461530125958193,-0.10416397354421982,0.30390541925248,0,30,baseline
-0.008669751798708887,0.061903066706976685,0.05426897770226064,0.8896202100583317,-0.13547243574030732,0.11813293214288956,0,30,baseline
-0.06321757604907537,0.07553545045767314,0.06049576965179559,0.4097207508018973,-0.21794493222529387,0.09150978012714313,0,30,baseline
-0.09853539035825563,0.06324667284384833,0.0496234746602293,0.13047656763462365,-0.22809032670638185,0.031019545989870598,0,30,baseline
-0.03322066863198126,0.059314302057457656,0.046363629734527685,0.5798796803391122,-0.15472050857707786,0.08827917131311533,0,30,baseline
-0.03674977569883833,0.05583924045960923,0.04836472246917434,0.5158263623600747,-0.15113127464872383,0.07763172325104717,0,30,baseline
-0.0917333365031639,0.0721761935507348,0.07483460168072048,0.21419954773249675,-0.2395795668400849,0.056112893833757116,0,30,baseline
-0.20359655189440315,0.05057367114220187,0.05161320633081548,0.00039216728950681616,-0.3071920210488935,-0.1000010827399128,1,30,baseline
-0.020656026547218355,0.08204885866106536,0.08269511687243401,0.8030708403499959,-0.1887254946046932,0.1474134415102565,0,30,baseline
0.09409278111530157,0.08116422405121132,0.087412209947208,0.256129635378646,-0.072164595089469,0.26035015732007216,0,30,baseline
-0.03720523001121439,0.055322214218738994,0.05634547992187176,0.5067659178891293,-0.15052764871680574,0.07611718869437697,0,30,baseline
9.634065274165098e-05,0.07462055076879824,0.07624123014615382,0.9989790269826055,-0.15275692846675926,0.15294960977224253,0,30,baseline
0.03713944142865167,0.0674104741540346,0.06258155803027829,0.586041288948554,-0.10094465526027652,0.17522353811757985,0,30,baseline
-0.02608186899873271,0.050128448754518155,0.04151141108088982,0.6069439425415393,-0.1287653414346046,0.07660160343713918,0,30,baseline
-0.0002175655940720696,0.052379825770910604,0.05121715161938003,0.9967153573384688,-0.10751277478919594,0.10707764360105179,0,30,baseline
0.059795536114841175,0.07709296669055501,0.05837089076846579,0.44447020167700724,-0.09812224743627457,0.21771331966595692,0,30,baseline
-0.08353385818056293,0.06335986999389598,0.06965448086536544,0.19805217429985797,-0.21332066837927766,0.046252952018151786,0,30,baseline
-0.09032724053986155,0.05382891297365927,0.04700982132464503,0.10446779349711278,-0.20059077031017986,0.019936289230456775,0,30,baseline
0.040099004524057354,0.06391051428370809,0.04892778371253689,0.5354647475755925,-0.09081574937049725,0.17101375841861194,0,30,baseline
0.06946614190606884,0.05586803621457415,0.05614636342523735,0.22403225145382064,-0.04497434247394019,0.18390662628607787,0,30,baseline
-0.01545380406390593,0.06005619255412474,0.04734497613334742,0.7988115617272242,-0.1384733378008054,0.10756572967299355,0,30,baseline
0.05125600132717868,0.07023985028202685,0.07846151858852145,0.47161750817434034,-0.0926238096291538,0.19513581228351118,0,30,baseline
-0.017956481241378663,0.07864957079361518,0.07210504283886965,0.8210644556955937,-0.17906282375415064,0.1431498612713933,0,30,baseline
-0.03732029372093514,0.08726984367792999,0.07958931407912932,0.672182531099499,-0.21608446477416146,0.14144387733229116,0,30,baseline
0.02781354332274661,0.053879055396391026,0.05012011410174587,0.6097525428327734,-0.08255269854440236,0.13817978518989557,0,30,baseline
0.05395998458429675,0.07277251226856739,0.08362486556203787,0.4645714967125557,-0.0951077492730187,0.20302771844161221,0,30,baseline
-0.0018275199383007805,0.07179071262952048,0.04747396491913376,0.979871633253409,-0.14888412840318055,0.145229088526579,0,30,baseline
-0.005983404578095946,0.08633113582141393,0.06638201648329214,0.9452373824926825,-0.18282471975397546,0.17085791059778355,0,30,baseline
0.018695228865487995,0.07597687316980573,0.06549736512830494,0.8074270206688766,-0.13693634074681352,0.1743267984777895,0,30,baseline
0.00848285341528706,0.05538582392028621,0.051023530128557835,0.8793711152338832,-0.10496986385724108,0.12193557068781519,0,30,baseline
-0.011444738378761272,0.05297031992297065,0.04963180259550677,0.8305077226658207,-0.11994952001215325,0.09706004325463072,0,30,baseline
-0.05467665629659256,0.05088820372838072,0.057659245692283485,0.29179483842786824,-0.15891641624693897,0.04956310365375387,0,30,baseline
-0.019171557701621558,0.05810153326787586,0.06185591478856848,0.7438813497998225,-0.13818715339679244,0.09984403799354931,0,30,baseline
-0.09412246394905831,0.054251819518445835,0.04654896006540776,0.0937520475613341,-0.2052522785060294,0.017007350607912766,0,30,baseline
0.028466139412969636,0.077642728648985,0.05544480228691225,0.7166512447560272,-0.13057778046008145,0.1875100592860207,0,30,baseline
0.06296453099330178,0.0726360798526026,0.06953390385506872,0.3933926997920981,-0.08582373372877904,0.21175279571538258,0,30,baseline
-0.027822285047938943,0.06816501525205022,0.0751261665029397,0.6862601626533158,-0.16745198911082035,0.11180741901494247,0,30,baseline
0.05227657544961038,0.05736560695491268,0.0737128311426862,0.36992298090438847,-0.06523154353025168,0.16978469442947244,0,30,baseline
0.027892257956687063,0.045823086102032146,0.04318914206698964,0.5476339083196162,-0.06597207887381397,0.1217565947871881,0,30,baseline
0.021843025890472836,0.07078739997738011,0.053672466153762956,0.7599311318553689,-0.12315838977230907,0.16684444155325473,0,30,baseline
0.07063020686783869,0.052765091646041325,0.05013186683656152,0.19147614213337572,-0.03745418369739292,0.1787145974330703,0,30,baseline
0.043660696624415025,0.06150870235323551,0.05097626825649895,0.4836798180605716,-0.08233416855851053,0.16965556180734057,0,30,baseline
-0.20545458121866744,0.07308911076149818,0.06692780390694907,0.008915212268628125,-0.3551708376899839,-0.05573832474735094,1,30,baseline
-0.08403117884891266,0.05846332341571885,0.0456987319133882,0.16170590567806697,-0.20378786806675628,0.03572551036893096,0,30,baseline
0.008171113796998052,0.05546065001188586,0.040314739385634374,0.8839259654254751,-0.10543487777595542,0.12177710536995154,0,30,baseline
0.11073986245703661,0.05184645276635712,0.04610355703624651,0.04156933793315623,0.004537218333680898,0.21694250658039232,1,30,baseline
-0.014041567013388365,0.075768391347757,0.07413350462797201,0.854312229812681,-0.1692460809724708,0.14116294694569403,0,30,baseline
-0.03073423520879281,0.06588548098479266,0.06644654901108994,0.6444813396265348,-0.16569452499865686,0.10422605458107123,0,30,baseline
-0.004625530692014296,0.06114403546307587,0.047874986091306554,0.9402356928248061,-0.1298734096127606,0.120622348228732,0,30,baseline
-0.015696338352457456,0.05437955375544126,0.05248004742053708,0.7749798926121192,-0.12708780463274172,0.0956951279278268,0,30,baseline
-0.11117012759437128,0.0778150417500966,0.0770015500123533,0.16416739046696371,-0.27056701485436424,0.04822675966562168,0,30,baseline
0.07988421530847753,0.04569865766072112,0.045822110146799246,0.09141172836977829,-0.013725241414199549,0.17349367203115462,0,30,baseline
0.06168825439036269,0.06146310564309389,0.05164441611387068,0.3241363350632389,-0.0642132101658664,0.18758971894659177,0,30,baseline
0.012113277171898328,0.05595647906430716,0.04219646102875083,0.8301856114860647,-0.10250837417314451,0.12673492851694118,0,30,baseline
-0.04252612589637067,0.06589932322616544,0.06294159221399782,0.5239732922134224,-0.17751477023232118,0.09246251843957984,0,30,baseline
0.072857520363644,0.055309060896560625,0.06675962394963579,0.19842334880386386,-0.04043795498285885,0.18615299571014685,0,30,baseline
0.006548844494284757,0.08962740973284603,0.07364599912345354,0.9422719326605515,-0.17704458170308562,0.19014227069165512,0,30,baseline
-0.08536856198387868,0.05896733433325344,0.0542242288461615,0.15879882383247165,-0.20615767076474295,0.03542054679698557,0,30,baseline
0.05490241281072685,0.06092750932405751,0.060017570063382535,0.3752155325346276,-0.06990193242046888,0.17970675804192257,0,30,baseline
-0.06935690019000126,0.059178340867409994,0.06167196316992458,0.25107389752582576,-0.19057823626239725,0.05186443588239473,0,30,baseline
-0.030651972014319212,0.04898873246244745,0.04313211885066131,0.5365826500537962,-0.1310008414578931,0.06969689742925465,0,30,baseline
0.0431828948141524,0.05413607423668008,0.0481708503650134,0.43177332100273136,-0.0677098262810206,0.1540756159093254,0,30,baseline
0.028682429018906355,0.059825292352816556,0.046290094532214936,0.6353517233347821,-0.09386412709659148,0.1512289851344042,0,30,baseline
0.03899165220111799,0.07955560006044708,0.06619476985665314,0.6278688096900258,-0.12397060713250796,0.20195391153474396,0,30,baseline
-0.15560970054266288,0.0747371621297724,0.08920328229955202,0.04659045553319648,-0.30870183720679767,-0.0025175638785280563,1,30,baseline
0.08993825845934397,0.10521189729800703,0.08988654311376829,0.3999007954717537,-0.12557854336772137,0.30545506028640934,0,30,baseline
-0.021649859465303834,0.055690075592996824,0.044272950456593956,0.7003971161725567,-0.13572580803711554,0.09242608910650787,0,30,baseline
0.01505815860479139,0.06331343308525932,0.05146634160125568,0.8137407919391666,-0.11463352989862909,0.14474984710821187,0,30,baseline
-0.011627346124691532,0.06702597293162192,0.046946494430170245,0.8635259471107268,-0.14892382776360058,0.12566913551421754,0,30,baseline
-6.304429572524372e-05,0.05914582241996089,0.055390263878722715,0.9991570828451277,-0.1212177693481264,0.12109168075667591,0,30,baseline
0.07191868456434591,0.06583910772101212,0.04848616463437312,0.2839936376500488,-0.0629466139008017,0.20678398302949352,0,30,baseline
0.07975408682916289,0.05731242691003242,0.06296898610889598,0.1750111838162858,-0.03764509776696544,0.1971532714252912,0,30,baseline
-0.0616444641318362,0.06542190598450433,0.04539410129770362,0.3541188311690684,-0.19565516358035187,0.07236623531667949,0,30,baseline
0.012386217019394283,0.060637739309599537,0.06318170124172545,0.8396232749522359,-0.11182456124470762,0.13659699528349617,0,30,baseline
-0.004427597215074562,0.06624596198684694,0.06950754053703365,0.9471874438349455,-0.1401262988640281,0.13127110443387896,0,30,baseline
-0.04910977593517709,0.06279179371296006,0.059992943751921594,0.4407170388895837,-0.1777329346229382,0.07951338275258402,0,30,baseline
0.019753797294908407,0.047916709265855714,0.04876807710987314,0.6832934852308037,-0.07839913217659679,0.1179067267664136,0,30,baseline
-0.054000243220590875,0.06777273738067606,0.06416800785821537,0.4322810555719091,-0.19282640249018124,0.08482591604899947,0,30,baseline
-0.05711882886952507,0.05918033672384089,0.04800165563609879,0.34272450910130303,-0.17834425326848813,0.06410659552943797,0,30,baseline
-0.12989096897725086,0.06886036516560547,0.07161874704968858,0.06966669193393153,-0.27094503276910553,0.011163094814603813,0,30,baseline
0.01630147052867764,0.04984353369291431,0.050716285583948036,0.7460604080628925,-0.0857983798601999,0.11840132091755519,0,30,baseline
0.08664319007533053,0.055804465317808166,0.0544106739567232,0.13174484175819678,-0.027667075225732723,0.20095345537639378,0,30,baseline
-0.002618725513104131,0.0575583383188403,0.061853529901610235,0.9640341910980047,-0.12052163679528347,0.1152841857690752,0,30,baseline
-0.026633177005652778,0.07807930638393829,0.07771700846904847,0.7355716144517714,-0.18657138582893096,0.13330503181762537,0,30,baseline
-0.009921573575594804,0.08685398584703526,0.08876059360860471,0.9098684549958821,-0.18783389847804488,0.16799075132685526,0,30,baseline
-0.05064415508658298,0.09980838446510946,0.05185310600011924,0.615838055278922,-0.2550923626359587,0.15380405246279275,0,30,baseline
0.015421676469217273,0.06590545604075487,0.05635640630507102,0.8166898424501551,-0.11957953036793753,0.15042288330637207,0,30,baseline
-0.015055922136456332,0.060706251715313575,0.05285424904044501,0.8059344411038066,-0.13940704170172447,0.10929519742881179,0,30,baseline
-0.047966692708766245,0.05738153151465957,0.04020841714736082,0.4102738188999373,-0.16550743167054377,0.06957404625301129,0,30,baseline
-0.02653088748913794,0.07281732754482134,0.059080517633751016,0.7183349587970747,-0.17569042127839352,0.12262864630011765,0,30,baseline
-0.05236691687318449,0.07780701141256055,0.04991148365743685,0.5064418067789762,-0.21174735473241757,0.1070135209860486,0,30,baseline
0.02391652184449921,0.04868820344345943,0.050177439458908124,0.6271006738431402,-0.07581674181026288,0.12364978549926131,0,30,baseline
0.03374926420330215,0.06682859899618059,0.05820888463735852,0.6175021700189611,-0.10314291525664462,0.17064144366324893,0,30,baseline
-0.027026314561573832,0.060500758571589174,0.05023933930759328,0.6585203036957057,-0.15095650050364692,0.09690387138049927,0,30,baseline
0.09465428103404987,0.07557808946780264,0.06395119447630337,0.22078288251871225,-0.060160417195036994,0.24946897926313671,0,30,baseline
-0.09141313796933406,0.07573714310143333,0.05881954689025164,0.2375384325888263,-0.2465536427974785,0.06372736685881036,0,30,baseline
-0.022172004062074393,0.09657318817727802,0.09149783989951689,0.8200811658901239,-0.21999321243034672,0.17564920430619793,0,30,baseline
-0.011353863228378159,0.05382918434666554,0.05066861250194551,0.8344741993002163,-0.1216179488811006,0.09891022242434429,0,30,baseline
0.06963076374016623,0.0563324787548605,0.05811988192835056,0.2267028283021336,-0.04576108805631887,0.18502261553665134,0,30,baseline
-0.03493379942989023,0.05605690878003785,0.04668052757068449,0.5382067342127248,-0.14976117172188427,0.07989357286210383,0,30,baseline
-0.074701758229389,0.0719349977330918,0.07289674562290091,0.3079401186276591,-0.22205392133087892,0.07265040487210093,0,30,baseline
0.03276046163116962,0.06105172911988034,0.06862657935946126,0.5957810250737492,-0.09229833631694194,0.15781925957928117,0,30,baseline
-0.05645350584933719,0.05610191221912418,0.05098663813061767,0.3229045166087383,-0.17137306350736103,0.05846605180868666,0,30,baseline
0.06341233914908546,0.058282468693535774,0.05611484235787057,0.2858644197134789,-0.05597388596421095,0.1827985642623819,0,30,baseline
-0.004353795813282711,0.05420534689094534,0.05466323475643242,0.9365537745083421,-0.11538841550818378,0.10668082388161836,0,30,baseline
-0.044429159396167955,0.08786320735957191,0.08183501193107358,0.6170511755712134,-0.2244087808525515,0.1355504620602156,0,30,baseline
0.0074111998913131884,0.06444622406262056,0.0586605809969586,0.9092672788040201,-0.12460090574029527,0.13942330552292165,0,30,baseline
0.03011949604759001,0.0769875531258767,0.06030542154582302,0.6985918684582701,-0.12758235760479658,0.1878213496999766,0,30,baseline
0.000657016347124225,0.05428567785175869,0.057710457503867954,0.9904293114363896,-0.11054215386161417,0.11185618655586263,0,30,baseline
0.03495716225529359,0.05761327918019785,0.06180231455068508,0.5489020106623348,-0.08305829027966694,0.15297261479025412,0,30,baseline
-0.06927849454029252,0.04194411574248496,0.0347307950278262,0.10977137063730276,-0.15519712078348502,0.016640131702900005,0,30,baseline
-0.07316046275505803,0.07333080126277011,0.06299587160494823,0.3269803482616517,-0.223371799775284,0.07705087426516796,0,30,baseline
0.060924080731704085,0.05756960923723315,0.048814869538509664,0.2989780367904211,-0.057001917980205756,0.17885007944361392,0,30,baseline
