beta_hat,se_classic,se_robust,p_value,ci_low,ci_high,reject,n,scenario
-0.1425175729609086,0.1085256987136321,0.13179207161177486,0.19977112948677886,-0.36482238927423155,0.07978724335241433,0,30,autocorrelated
-0.043115328240199466,0.057290557059285284,0.035056307016224614,0.45798727926840677,-0.1604697144778674,0.07423905799746845,0,30,autocorrelated
-0.12778470043559043,0.07132605046341677,0.06629317175457698,0.08401929943087352,-0.2738894916009013,0.018320090729720462,0,30,autocorrelated
-0.04006646430170149,0.060791268864374366,0.0419312685289275,0.5152269636761784,-0.1645917336022808,0.08445880499887781,0,30,autocorrelated
0.0026254199636042757,0.05561363564870345,0.03129012515930898,0.9626823998281115,-0.11129394848039845,0.11654478840760699,0,30,autocorrelated
0.09366415068586341,0.05239844069554849,0.056133740505710066,0.08468054761107495,-0.013669189453832678,0.2009974908255595,0,30,autocorrelated
-0.01316056916999233,0.056968160738359655,0.05377108047022501,0.818981981922021,-0.12985455648138766,0.10353341814140302,0,30,autocorrelated
0.07143190972947279,0.059090244673290084,0.06391723021273074,0.23682578250493486,-0.049608969469723,0.1924727889286686,0,30,autocorrelated
0.09036031909320101,0.058508482049251874,0.039822340658000485,0.13372054304932918,-0.029488873392085363,0.21020951157848738,0,30,autocorrelated
0.06007920218332081,0.05553532320388097,0.052984498376396356,0.28856209965677954,-0.05367975048941611,0.17383815485605772,0,30,autocorrelated
0.021769278559293025,0.07415309788401545,0.06238556769960236,0.7712499763629385,-0.130126456732566,0.17366501385115207,0,30,autocorrelated
0.04585897132587499,0.06233051254821491,0.060106530892372265,0.46800867959741277,-0.0818192957296465,0.17353723838139648,0,30,autocorrelated
0.012164425928822442,0.05513194337562306,0.04829036423691113,0.826972127683745,-0.10076824062285483,0.12509709248049972,0,30,autocorrelated
0.014067207792158164,0.067545999249567,0.07347751626147747,0.836532581479706,-0.12429449947035107,0.1524289150546674,0,30,autocorrelated
0.006932262624697337,0.09122253608558621,0.049359704742719494,0.9399651556570745,-0.17992863178569182,0.1937931570350865,0,30,autocorrelated
0.052399671795430786,0.05487366022138333,0.054286694249460386,0.34779293967416014,-0.06000392569849643,0.164803269289358,0,30,autocorrelated
0.028819561687938422,0.06374650334777072,0.05414598505391205,0.6546826035924198,-0.10175923103410955,0.1593983544099864,0,30,autocorrelated
0.07129705199940808,0.06831019765008664,0.06337157875155977,0.30554060563511465,-0.06863004472447409,0.21122414872329026,0,30,autocorrelated
-0.04537872049379654,0.05004785826176878,0.034990578957677376,0.3722992838987441,-0.14789711078875983,0.057139669801166734,0,30,autocorrelated
0.018329208187451006,0.06738732836467556,0.07330202993353788,0.7876193217754304,-0.11970747650125163,0.15636589287615366,0,30,autocorrelated
0.062182135397140154,0.050749162108330144,0.05383766900904504,0.23067567458584498,-0.041772810705687904,0.1661370814999682,0,30,autocorrelated
0.053919147836523976,0.06490370256459808,0.06342712073987095,0.41313953337983444,-0.07903006002575304,0.186868355698801,0,30,autocorrelated
-0.023792330720613687,0.08199868741999286,0.061457957824542254,0.7738357208707779,-0.1917590276495629,0.14417436620833554,0,30,autocorrelated
-0.07952175640379276,0.09232599847371295,0.07166142365133134,0.39638090207073806,-0.2686429910507232,0.10959947824313766,0,30,autocorrelated
0.0151426444365199,0.06166917943390424,0.060542085559259155,0.8078243074583876,-0.11118094314454195,0.14146623201758174,0,30,autocorrelated
-0.15719020613117052,0.10771206105033906,0.09654133336575943,0.15559605980699986,-0.3778283612441704,0.06344794898182937,0,30,autocorrelated
-0.150081562079528,0.06730024436132317,0.06941904370691082,0.03394032214708298,-0.2879398632738275,-0.012223260885228487,1,30,autocorrelated
0.10982628247293041,0.09459827111014378,0.07626821042008204,0.2554543973851531,-0.08394949167057081,0.30360205661643164,0,30,autocorrelated
-0.010277484679571881,0.0546716117323328,0.05407149841340046,0.8522435601439433,-0.12226720460553905,0.10171223524639528,0,30,autocorrelated
0.05305981390911134,0.06331338503233308,0.04985542437388408,0.40909951780230214,-0.07663177616235185,0.18275140398057454,0,30,autocorrelated
0.14029719472233118,0.09535707534049793,0.06919168410549972,0.15236526345353113,-0.05503291942585195,0.3356273088705143,0,30,autocorrelated
-0.032334726976120276,0.061695586318160446,0.042487410537562956,0.6043326275193932,-0.1587124066074851,0.09404295265524454,0,30,autocorrelated
0.16514937988452397,0.06781367457763905,0.046272459751405946,0.02150077251147833,0.026239364568309553,0.3040593952007384,1,30,autocorrelated
0.19191902596224228,0.09828112546000478,0.0942178005395562,0.06091051560551682,-0.009400733333705918,0.39323878525819045,0,30,autocorrelated
-0.07016548777270518,0.07142755519287176,0.06204199190982262,0.3343493579287936,-0.21647820195075768,0.07614722640534732,0,30,autocorrelated
-0.08165211136479363,0.06327043247913895,0.061838094824808565,0.20742365560332932,-0.2112557171195356,0.047951494389948376,0,30,autocorrelated
0.039349072555837694,0.06986140209015844,0.06880135553452943,0.5777512579893813,-0.10375552242147204,0.18245366753314743,0,30,autocorrelated
0.002259264386205006,0.08034028347708168,0.08533812017289791,0.9777649724853399,-0.16231034606210357,0.16682887483451356,0,30,autocorrelated
0.02553012101122754,0.07614570341112513,0.06782905644282991,0.7399130803630696,-0.13044728167314365,0.18150752369559872,0,30,autocorrelated
-0.02616333404923314,0.08834591066106634,0.07964789192741872,0.7693036114939916,-0.20713172839576602,0.15480506029729976,0,30,autocorrelated
0.036234023124659565,0.06175989078109289,0.06363983055883629,0.5621115178867495,-0.09027537822782536,0.1627434244771445,0,30,autocorrelated
0.07614488990143312,0.059369013304368785,0.05159751538725932,0.21015947368149826,-0.04546702095257277,0.197756800755439,0,30,autocorrelated
0.04676473376548124,0.06282501187079552,0.0634127532919773,0.46285761803901204,-0.0819264692340273,0.17545593676498977,0,30,autocorrelated
0.04866933898035006,0.08147815776868125,0.08620345264796443,0.5550874186133343,-0.11823110129333628,0.2155697792540364,0,30,autocorrelated
-0.07755104442966895,0.10352190687880634,0.0950783113491883,0.4600283641842964,-0.28960605781247806,0.13450396895314018,0,30,autocorrelated
0.023116731110364466,0.09321847954929326,0.07674733963220684,0.8059561094881919,-0.16783266814570175,0.21406613036643068,0,30,autocorrelated
0.0005993190059638172,0.06260010515766569,0.058792531383156627,0.9924292418670344,-0.12763118347613187,0.12882982148805952,0,30,autocorrelated
-0.01256261305070339,0.06315560334775287,0.05767861176734875,0.8437664036299997,-0.141931001992628,0.11680577589122124,0,30,autocorrelated
0.13819616361169262,0.0798230270165255,0.0589460176032779,0.09440821994399715,-0.025313895008672926,0.3017062222320582,0,30,autocorrelated
-0.07779428918199383,0.076068046149677,0.0737201689298195,0.31520799755576356,-0.2336126181774024,0.07802403981341474,0,30,autocorrelated
0.09834788182017089,0.08017405777695295,0.0669287813198041,0.23015859438487216,-0.06588123071684408,0.26257699435718584,0,30,autocorrelated
0.03581120013018704,0.041339812555104896,0.03968266740005244,0.39370789896687475,-0.04886956714816652,0.12049196740854061,0,30,autocorrelated
0.005977686299207703,0.07278187685807999,0.05117335191330496,0.9351264450909852,-0.14310923005014536,0.15506460264856076,0,30,autocorrelated
0.05995331788194294,0.07716205498942635,0.06969662269629961,0.44368603788174055,-0.09810598663399536,0.21801262239788124,0,30,autocorrelated
0.02154980299054833,0.09889139551360623,0.0750122971181019,0.8290765849700552,-0.18102003784162085,0.22411964382271748,0,30,autocorrelated
0.020116377326178242,0.05731690065186677,0.06562759063189165,0.72823967643407,-0.09729197131467414,0.13752472596703064,0,30,autocorrelated
0.11699809579567597,0.07628930087008262,0.06344461523321475,0.13634825195965133,-0.0392734529491674,0.27326964454051933,0,30,autocorrelated
-0.0015847645359462308,0.06418482924045471,0.040467228929519906,0.9804768491924443,-0.13306142714700187,0.12989189807510942,0,30,autocorrelated
-0.015577445831667803,0.07215578753195115,0.060528840244128565,0.830641387970164,-0.16338187633397677,0.13222698467064115,0,30,autocorrelated
0.003144740025665592,0.06911629670137412,0.052023726750075855,0.9640323244052669,-0.13843357575186824,0.1447230558031994,0,30,autocorrelated
0.07272593392096276,0.06239320116381932,0.062314746525395676,0.2536071374465855,-0.055080744942472074,0.2005326127843976,0,30,autocorrelated
-0.11937657495418057,0.06472755798612281,0.059460806534356266,0.07574566672321698,-0.25196496700392035,0.0132118170955592,0,30,autocorrelated
0.09633015522268261,0.06345926324651407,0.05532177046122862,0.1402295766583571,-0.033660252824541256,0.22632056326990646,0,30,autocorrelated
0.06306014153158905,0.07023818062991952,0.05573046729168557,0.3769453736389591,-0.08081624929744245,0.20693653236062054,0,30,autocorrelated
0.06422689040459122,0.0950919048859258,0.09712961628510337,0.5049497015635871,-0.13056004669065324,0.2590138274998357,0,30,autocorrelated
0.0499539823276669,0.04893413585364468,0.03848674845174138,0.31606943186568615,-0.05028305103251757,0.15019101568785137,0,30,autocorrelated
-0.06474530676413336,0.09215913283070398,0.06025830660252333,0.4881436200334287,-0.25352473263620395,0.12403411910793723,0,30,autocorrelated
0.10667016618514187,0.10585039743991677,0.11227342666790782,0.3222069719679751,-0.11015454389264866,0.3234948762629324,0,30,autocorrelated
-0.04832944542864849,0.05380429000762573,0.049990155240606925,0.37671438840060656,-0.15854253733949153,0.06188364648219455,0,30,autocorrelated
-0.023041800446226897,0.06560834660587189,0.0474618848843183,0.7280655790739138,-0.15743440619507262,0.11135080530261884,0,30,autocorrelated
0.003250355279241713,0.06060131186438936,0.04830204390311949,0.9576067753443456,-0.1208858047459343,0.12738651530441772,0,30,autocorrelated
0.041365993795960176,0.08247316186223094,0.07356427286889314,0.6198916661705797,-0.12757261996906885,0.2103046075609892,0,30,autocorrelated
-0.10844621010794891,0.08562328145221203,0.07832884516660811,0.21575131104805903,-0.2838375513386043,0.06694513112270645,0,30,autocorrelated
0.11141660295380647,0.061788079821028165,0.05281075914223975,0.08212822093042035,-0.015150541029402234,0.23798374693701518,0,30,autocorrelated
-0.05786723170800652,0.08636146120565791,0.06271333312614898,0.5083094383754725,-0.2347706656175491,0.11903620220153606,0,30,autocorrelated
0.10300884558362748,0.06738219519750684,0.059927099560761955,0.1375522822725937,-0.03501732428878672,0.24103501545604167,0,30,autocorrelated
0.020404981472027395,0.0739963548691509,0.08150213931739263,0.784760039494498,-0.1311696803087566,0.1719796432528114,0,30,autocorrelated
0.010342550926570989,0.06381807813136303,0.054307192595355075,0.8724200750677605,-0.12038285609335991,0.1410679579465019,0,30,autocorrelated
0.06727500706368161,0.0689921078943434,0.06464323163455515,0.3378546213030573,-0.07404891947459946,0.2085989336019627,0,30,autocorrelated
-0.01733754421758459,0.05179665064084487,0.047480072391442495,0.7403284286825025,-0.12343817331136442,0.08876308487619525,0,30,autocorrelated
-0.07423822435909291,0.07521214107440068,0.0634916667721862,0.33207084545188925,-0.22830331128560669,0.07982686256742086,0,30,autocorrelated
0.08029650786901482,0.0668324972746904,0.05059490603517936,0.23963747009944608,-0.05660365685247218,0.21719667259050182,0,30,autocorrelated
0.07349851379184956,0.04624927148281772,0.04626686741558217,0.12324862350684221,-0.021238824216381375,0.1682358518000805,0,30,autocorrelated
0.13022531882928765,0.09629842184699357,0.051666608134065255,0.18709803177532575,-0.06703305622570513,0.32748369388428045,0,30,autocorrelated
0.023096724520464653,0.06700085398514441,0.0533752887144142,0.7328787101953105,-0.11414830328908548,0.1603417523300148,0,30,autocorrelated
0.015602947425298734,0.06623684282352088,0.05082602637325619,0.8154862692524787,-0.1200770744643705,0.15128296931496799,0,30,autocorrelated
-0.027871841597640213,0.05586250555449562,0.04883331149738095,0.6217215695995129,-0.14230099693404555,0.08655731373876512,0,30,autocorrelated
-0.021963611588882027,0.06650819008024354,0.06018474917855667,0.7436774847942093,-0.1581994631371285,0.11427223995936445,0,30,autocorrelated
-0.021136860691548992,0.07505849245577645,0.07659075446563664,0.7803170749474037,-0.1748872126903459,0.13261349130724792,0,30,autocorrelated
0.013322815457483634,0.06320602841768792,0.06564487772433536,0.8345823894980525,-0.11614886455782146,0.14279449547278872,0,30,autocorrelated
0.04386818696811392,0.06143057075769501,0.07119461993632269,0.48107024875828863,-0.0819666328965066,0.16970300683273445,0,30,autocorrelated
0.0583190056015902,0.05405871359341131,0.04481362203067329,0.28987920180754295,-0.05241524939941716,0.16905326060259757,0,30,autocorrelated
-0.04870172294559245,0.07311441656891428,0.07082762735414327,0.5107965177483291,-0.19846981601354896,0.10106637012236408,0,30,autocorrelated
-0.00991881692885159,0.07959370832412424,0.09406496768255686,0.9017162743973685,-0.17295913750195524,0.1531215036442521,0,30,autocorrelated
0.06868662965367392,0.08306032847431231,0.056776493226968164,0.4152581515200746,-0.10145474039296629,0.23882799970031413,0,30,autocorrelated
0.02953591102619071,0.06735268024767116,0.06921865850671544,0.664369969973196,-0.10842980021219037,0.1675016222645718,0,30,autocorrelated
0.10708618606557187,0.06271335488268306,0.048850709477979266,0.09878674163720774,-0.02137629796205577,0.23554867009319952,0,30,autocorrelated
0.09199875309172703,0.0870330395518868,0.07159544655641785,0.2995213975891555,-0.08628034669850584,0.27027785288195993,0,30,autocorrelated
0.0745244650936796,0.051943254418224685,0.04840240615778259,0.16244049838063215,-0.03187646822469921,0.1809253984120584,0,30,autocorrelated
-0.009099995685388513,0.06016108309113567,0.05554869342096001,0.8808547632645563,-0.13233438794740793,0.1141343965766309,0,30,autocorrelated
0.12304849592256042,0.06911339043585384,0.07189345063322192,0.08586775074766291,-0.018523866639925696,0.2646208584850466,0,30,autocorrelated
0.09706601995039911,0.06604394928640753,0.05311996519522767,0.152785808890956,-0.03821887744024098,0.2323509173410392,0,30,autocorrelated
0.0676391833876989,0.07477375750358926,0.07376701687617841,0.3734033624351357,-0.08552791550151907,0.2208062822769169,0,30,autocorrelated
0.06516973229109449,0.06941687426511554,0.05546005691142558,0.355853355391445,-0.07702428871467068,0.20736375329685966,0,30,autocorrelated
-0.02491277196131974,0.06526025651522699,0.058143073330021985,0.7055324046736879,-0.1585923474825003,0.10876680355986082,0,30,autocorrelated
-0.008041875826460628,0.07317386604249565,0.05147449769356619,0.9132718634120559,-0.15793174562067722,0.14184799396775596,0,30,autocorrelated
-0.027127118577330453,0.06535312732720198,0.04533894855319749,0.6812430023933459,-0.16099693133302495,0.10674269417836403,0,30,autocorrelated
-0.016615118495134296,0.09349352062561332,0.10431553426098318,0.8602269342547625,-0.2081279138562216,0.17489767686595298,0,30,autocorrelated
-0.0007369481670961749,0.05184153038610682,0.05988937065398522,0.9887589407830133,-0.10692950925159253,0.10545561291740019,0,30,autocorrelated
-0.014599307528231496,0.08823735388488203,0.0831719521798556,0.8697747351019023,-0.19534533339913818,0.1661467183426752,0,30,autocorrelated
0.10399790716525595,0.08697432931407345,0.10606524024475125,0.2418301683250797,-0.07416093015454356,0.28215674448505546,0,30,autocorrelated
-0.012842248858376194,0.06719302739796003,0.06951816476316962,0.8498070222738848,-0.15048092605920102,0.12479642834244863,0,30,autocorrelated
-0.0863358374948631,0.09760337756438651,0.08009186756462608,0.38392817013771363,-0.2862672931610901,0.11359561817136393,0,30,autocorrelated
0.05214731979361184,0.07861813021391607,0.07359114963037833,0.5125635473441444,-0.10889461961116231,0.213189259198386,0,30,autocorrelated
-0.08802639665353235,0.08552742791290108,0.09442455312339168,0.31218630017737486,-0.2632213908096968,0.08716859750263212,0,30,autocorrelated
0.021518219882135134,0.052835750204765615,0.04869883124878629,0.686909333646436,-0.08671090817941628,0.12974734794368653,0,30,autocorrelated
-0.06734783952406036,0.07782622065797101,0.06611528501656949,0.39419440042841813,-0.22676762573878073,0.09207194669066003,0,30,autocorrelated
0.03365428976375391,0.08633040925676831,0.06408061287872988,0.6996109541227682,-0.14318553711191656,0.21049411663942436,0,30,autocorrelated
-0.055023191302615876,0.06131818567761858,0.057752825287842896,0.37718932357457835,-0.1806278007665766,0.07058141816134486,0,30,autocorrelated
0.04805899443522009,0.05901704507375017,0.05189925181596872,0.42233137929027287,-0.07283194218150159,0.16894993105194178,0,30,autocorrelated
-0.07422797581374352,0.09162025876234914,0.08770564739382405,0.4246749594146134,-0.2619035681956678,0.11344761656818075,0,30,autocorrelated
-0.004882470604179041,0.056687533349053236,0.05641145425404362,0.9319764128274445,-0.12100161876713576,0.11123667755877768,0,30,autocorrelated
0.024655749892689514,0.05018181509527011,0.04202431121502532,0.6270235994067612,-0.07813703853671017,0.1274485383220892,0,30,autocorrelated
-0.00503303149406706,0.064966527395815,0.06698653482718345,0.938799703412637,-0.13811093018929088,0.12804486720115676,0,30,autocorrelated
-0.01461268165261867,0.08085926046685397,0.076805678295838,0.8578910501920609,-0.1802453682732042,0.15102000496796686,0,30,autocorrelated
-0.032777496609492564,0.0750770562277272,0.07916575147290156,0.6657607804554171,-0.18656587477133207,0.12101088155234696,0,30,autocorrelated
0.015563173870688386,0.08177088548022247,0.09573227094254673,0.850426410700531,-0.15193689193792034,0.18306323967929714,0,30,autocorrelated
0.00927612428455716,0.06269008602401535,0.05605419701965524,0.883428486846913,-0.11913869564679411,0.1376909442159084,0,30,autocorrelated
-0.07804176472090354,0.06993253632018119,0.07155921689384072,0.27392614042902674,-0.221292071563018,0.06520854212121091,0,30,autocorrelated
-0.08634131277633661,0.0890133022231054,0.08488265426787928,0.34036032041602915,-0.2686767967649242,0.09599417121225096,0,30,autocorrelated
0.014377388166680287,0.08730378803779539,0.06851935205321848,0.8703771939172399,-0.16445631475571795,0.19321109108907855,0,30,autocorrelated
0.013237519506802055,0.07165003760088375,0.06974193616489258,0.8547548972045877,-0.133530929224746,0.1600059682383501,0,30,autocorrelated
0.05111945982487108,0.0795681639998722,0.06558171051497638,0.5257998162016406,-0.11186853557200237,0.2141074552217445,0,30,autocorrelated
0.1859164846461502,0.08187196057955098,0.07279454758000464,0.03104447394632524,0.01820937588221927,0.35362359341008115,1,30,autocorrelated
0.08319574751983295,0.08557375044811368,0.0831040495144852,0.3392699729667221,-0.09209413404828708,0.258485629087953,0,30,autocorrelated
0.05168136662771511,0.09489909663620834,0.10041918449081272,0.5903449679995194,-0.1427106206718111,0.2460733539272413,0,30,autocorrelated
-0.009284269236087765,0.05858260288579352,0.047863430307018236,0.8752147747591585,-0.12928529137230188,0.11071675290012636,0,30,autocorrelated
0.04486275926048809,0.05574882038514766,0.03641954587293365,0.42775593538673506,-0.06933352256310867,0.15905904108408486,0,30,autocorrelated
0.11393183821940099,0.07045749701995441,0.07098412472993419,0.11708430679173921,-0.030393801869290735,0.2582574783080927,0,30,autocorrelated
0.06146389968108744,0.07806864467266443,0.06749571823982427,0.4377168369781693,-0.09845246961667363,0.2213802689788485,0,30,autocorrelated
0.07114455609014217,0.08320187448099542,0.10269300184481724,0.3997626511320168,-0.09928675780748031,0.24157586998776465,0,30,autocorrelated
-0.015027821840941324,0.07471173317993575,0.05977190313506381,0.8420399939199166,-0.1680678696626224,0.13801222598073978,0,30,autocorrelated
0.01958061245453939,0.06088667881497978,0.057095570125382966,0.7501509973369345,-0.10514009527025837,0.14430132017933717,0,30,autocorrelated
0.1391203155931199,0.06858281894513865,0.069928530302841,0.0521169003393408,-0.0013652205385522864,0.27960585172479213,0,30,autocorrelated
0.07540165741041054,0.07409690950765382,0.08058374938792005,0.31757674554272863,-0.07637898121002347,0.22718229603084455,0,30,autocorrelated
0.016349880491579864,0.07793763584199344,0.06874002108334332,0.8353571146123419,-0.14329812938179648,0.17599789036495622,0,30,autocorrelated
0.09170553632541133,0.05982252473717454,0.04575155844325015,0.13650813963273783,-0.030835350586439658,0.2142464232372623,0,30,autocorrelated
0.03833829714115028,0.0743697606722889,0.08064869347865723,0.6102438290932923,-0.11400125175356937,0.19067784603586993,0,30,autocorrelated
0.027191423999125802,0.07944352953156696,0.06442508041651702,0.7347009722080675,-0.13554126926275734,0.18992411726100894,0,30,autocorrelated
-0.03399437131902685,0.07052090311014544,0.049831596289302886,0.6335195009345763,-0.17844989289569924,0.11046115025764552,0,30,autocorrelated
-0.0026224812712132943,0.061357508603856886,0.06616785851788552,0.96621133730004,-0.12830764009811688,0.1230626775556903,0,30,autocorrelated
-0.06366199096264775,0.04697591779461855,0.03403398088905721,0.18618508532928066,-0.1598877964655307,0.03256381454023517,0,30,autocorrelated
-0.06149803259918714,0.06457774825337455,0.06154958017078801,0.3490888635896314,-0.1937795533224549,0.07078348812408063,0,30,autocorrelated
0.10862448053620598,0.05254064806223338,0.05869493555296185,0.048047689195918016,0.000999841810976676,0.21624911926143528,1,30,autocorrelated
0.11937307887513698,0.07494913941213435,0.061618382691537694,0.12245068187103736,-0.03415327356808642,0.27289943131836036,0,30,autocorrelated
-0.03586484728956227,0.05884763149662101,0.06299274740848307,0.5471384715076983,-0.1564087559249755,0.08467906134585096,0,30,autocorrelated
0.012528491560965048,0.056121621198286384,0.05595586311574411,0.8249707581304112,-0.10243143811073213,0.12748842123266224,0,30,autocorrelated
0.12130913265505118,0.09521004989088673,0.06772257416809473,0.21309468725746472,-0.07371981351212269,0.31633807882222503,0,30,autocorrelated
0.010664390305502883,0.09366635725544438,0.08835389542793066,0.9101651477087334,-0.18120244484249415,0.20253122545349994,0,30,autocorrelated
0.08162706600345945,0.07587128149488588,0.07869097234649458,0.2911720419834759,-0.07378820886782214,0.23704234087474105,0,30,autocorrelated
0.09727883118103316,0.08387306045562583,0.09943147512836178,0.2559112406781058,-0.07452734486049505,0.26908500722256135,0,30,autocorrelated
0.0382663269500077,0.06161911381656371,0.042686951444814686,0.5396134535504187,-0.08795470586293541,0.1644873597629508,0,30,autocorrelated
-0.1188333017501466,0.10819878471478121,0.1131987673931131,0.2814341127507527,-0.3404684650934705,0.10280186159317732,0,30,autocorrelated
0.05976607494024857,0.08111324330025446,0.06294380576391766,0.46735958266713895,-0.10638687193016791,0.22591902181066506,0,30,autocorrelated
0.055534496175137955,0.06822729101927415,0.05806021016705991,0.42253466124181027,-0.08422277401408573,0.19529176636436163,0,30,autocorrelated
0.05188824960227968,0.065543456345631,0.0467746473481224,0.43521358340186744,-0.08237143447405566,0.18614793367861504,0,30,autocorrelated
0.006092283492705679,0.0660626530011032,0.04308741310406566,0.9271800760549949,-0.1292309267206951,0.14141549370610648,0,30,autocorrelated
-0.04324916429931352,0.06636449280295366,0.04784500181510566,0.5199141211878784,-0.1791906653185029,0.09269233671987584,0,30,autocorrelated
0.008947249363370081,0.08350985284424314,0.06109897447772671,0.915441880787283,-0.16211492961304746,0.1800094283397876,0,30,autocorrelated
-0.07046552940060558,0.08196124720333728,0.07338070193620738,0.39723276849793,-0.23835553352236713,0.09742447472115598,0,30,autocorrelated
0.1180557105961003,0.06611790530392755,0.053768115906283186,0.08501179525472714,-0.017380678829006554,0.25349210002120715,0,30,autocorrelated
-0.05268354329389744,0.08634648370746358,0.06696889068562739,0.5466888311291802,-0.2295562971891725,0.12418921060137764,0,30,autocorrelated
0.10933766565416327,0.07375011458270385,0.053253629523318115,0.14936475143829916,-0.04173259576526488,0.2604079270735914,0,30,autocorrelated
-0.03529871930467819,0.08890451452742401,0.05347318667598762,0.6943477001295763,-0.2174113618004926,0.14681392319113618,0,30,autocorrelated
-0.03645408830996743,0.060345107760108437,0.0436227538252412,0.5506451607164576,-0.16006543801817716,0.08715726139824229,0,30,autocorrelated
-0.09489001819916064,0.05420682045737286,0.04738335106646096,0.09098053545946426,-0.20592765635805574,0.01614761995973446,0,30,autocorrelated
0.044649118717322286,0.06355175293721325,0.05925058384886888,0.4881282854788981,-0.08553074587287222,0.17482898330751678,0,30,autocorrelated
0.13997184775398086,0.12207356629011983,0.10773550340117652,0.2612436157303399,-0.11008451725911572,0.39002821276707744,0,30,autocorrelated
0.05547051128908825,0.0816592130697003,0.07946127895996319,0.5025296200077864,-0.11180080395626538,0.22274182653444188,0,30,autocorrelated
0.1369637329316829,0.08536583337820565,0.0597681019631797,0.11984040291247675,-0.037900249825536386,0.3118277156889022,0,30,autocorrelated
-0.0795495577586731,0.06952021418017161,0.05416180325197953,0.262201765777768,-0.2219552609844716,0.06285614546712541,0,30,autocorrelated
0.13318657755667077,0.08053427125361086,0.08788251880693762,0.1093403496478791,-0.031780398838501145,0.2981535539518427,0,30,autocorrelated
-0.016412921036437,0.07885024066596985,0.05953108996897812,0.836616144693712,-0.1779303171488834,0.14510447507600943,0,30,autocorrelated
-0.09584315959002226,0.06191184176851654,0.054365717438166344,0.13283792658225554,-0.22266381843034863,0.030977499250304102,0,30,autocorrelated
-0.06162482736196542,0.09387076428160102,0.08755977383498274,0.5168710317489796,-0.25391037132217487,0.130660716598244,0,30,autocorrelated
0.10538791629745228,0.08851238917245355,0.06707004101421085,0.24378485705163427,-0.0759214938207616,0.28669732641566614,0,30,autocorrelated
0.057953637847475904,0.054425033415137075,0.04824750502085049,0.29604782563586485,-0.053530989292535684,0.16943826498748749,0,30,autocorrelated
0.007570767767449625,0.05677781480590159,0.0442330767916671,0.894878027747197,-0.10873331357648694,0.12387484911138619,0,30,autocorrelated
-0.062481313515575086,0.10414090872988055,0.07208287250207675,0.5533519127376814,-0.27580429471090906,0.1508416676797589,0,30,autocorrelated
-0.03985330401811941,0.06612041527376496,0.04090994347302539,0.5515337951627046,-0.1752948348833669,0.09558822684712809,0,30,autocorrelated
0.0043406158560529194,0.08750713704469648,0.08052578675102413,0.9607909143857084,-0.17490962862435852,0.18359086033646435,0,30,autocorrelated
0.008633535027100521,0.0755403122061331,0.06668903586721972,0.909823182040625,-0.14610377998938498,0.163370850043586,0,30,autocorrelated
0.07047467079697868,0.05430814230211239,0.06356039098339955,0.2049863079491828,-0.04077051575230074,0.18171985734625812,0,30,autocorrelated
-0.05277896793176118,0.06086067297534639,0.04313048318107706,0.39319855990686314,-0.17744640510892554,0.07188846924540318,0,30,autocorrelated
0.0628781579624974,0.0710056168820947,0.04991230407046995,0.3834087694009938,-0.08257025476636232,0.20832657069135713,0,30,autocorrelated
0.18609095157045555,0.08229938760141653,0.06871801834046369,0.031710290434816074,0.01750829824233896,0.35467360489857214,1,30,autocorrelated
-0.005112452961569136,0.0668264370950013,0.06668017089610487,0.9395626087303648,-0.14200020396770044,0.13177529804456214,0,30,autocorrelated
0.09558228227248577,0.08286872169177316,0.09770169412510167,0.2584900600115714,-0.07416659907238482,0.26533116361735637,0,30,autocorrelated
-0.0336304730065127,0.0646070309605759,0.06581652437711671,0.6067801412474365,-0.16597197663634283,0.09871103062331743,0,30,autocorrelated
0.07275525762475257,0.04597514498575486,0.04552479631642497,0.12476891763431014,-0.02142055770913949,0.16693107295864462,0,30,autocorrelated
0.05996182690810892,0.0432418076916658,0.04179356751567139,0.17648660627461632,-0.028615000791635828,0.14853865460785365,0,30,autocorrelated
-0.019592122101780504,0.05573519702713206,0.05446182618925229,0.7278287099189868,-0.13376049774152288,0.09457625353796187,0,30,autocorrelated
0.04023938544218647,0.07306004626956304,0.08515185497104696,0.5861584700107367,-0.10941733511627744,0.18989610600065038,0,30,autocorrelated
-0.055283246739426334,0.06436470100117332,0.04917228634047006,0.39768588586746645,-0.18712835994974528,0.07656186647089261,0,30,autocorrelated
0.02646251963475202,0.1025021426905763,0.07006899842341265,0.7981673494302683,-0.18350360150193964,0.23642864077144368,0,30,autocorrelated
0.12030492481170194,0.06358391955417994,0.046209968135775485,0.06886545392539267,-0.009940830106414528,0.25055067972981837,0,30,autocorrelated
-0.08841478297621837,0.0728027525662383,0.07796945873743392,0.23472198097255625,-0.23754446127525297,0.06071489532281622,0,30,autocorrelated
-0.0261473159616823,0.06923235594403211,0.06641744260682195,0.7085200450434999,-0.1679633683207481,0.11566873639738351,0,30,autocorrelated
-0.04775318015294254,0.06618586010464693,0.05348825249965773,0.4765832954356439,-0.18332876867716225,0.08782240837127715,0,30,autocorrelated
-0.010594595596742171,0.04865028328281525,0.04721720354781153,0.8291871966986003,-0.1102501833236227,0.08906099213013836,0,30,autocorrelated
0.052426683997157164,0.0595961503052737,0.05817050608729597,0.3865102189459587,-0.0696504959116683,0.17450386390598263,0,30,autocorrelated
0.026941611849411767,0.06305603386301017,0.06597778224731914,0.6724544635290777,-0.10222281824886104,0.15610604194768457,0,30,autocorrelated
0.28816010956456173,0.07723332192606992,0.09165717985791598,0.0008600895024779856,0.1299548213466289,0.44636539778249457,1,30,autocorrelated
0.0357692432609283,0.05951402643013534,0.050099974526356714,0.5526601579577993,-0.08613971351555184,0.15767820003740846,0,30,autocorrelated
0.023529265295309514,0.08800345501867597,0.059301623580754456,0.7911457825530307,-0.15673764046760286,0.2037961710582219,0,30,autocorrelated
-0.08229500707666901,0.06625873043822442,0.040721674434721404,0.2245302867829084,-0.21801986371261384,0.05342984955927582,0,30,autocorrelated
0.050125627842312774,0.054409847586972176,0.0463112509837917,0.364784652130546,-0.06132789253883176,0.16157914822345731,0,30,autocorrelated
0.06061940376363943,0.09952190632740224,0.08609652286140515,0.5473648807644054,-0.1432419799224886,0.26448078744976744,0,30,autocorrelated
-0.007685747740294176,0.07417695410798923,0.052808496024655094,0.918214514119041,-0.1596303502917174,0.14425885481112904,0,30,autocorrelated
0.0005179023453945799,0.07543355742313672,0.06425688096201933,0.9945707103724688,-0.1540007354111803,0.1550365401019695,0,30,autocorrelated
-0.06241603289225009,0.051191049182221615,0.04663109045956891,0.23291146220187783,-0.16727614363310445,0.04244407784860425,0,30,autocorrelated
-0.01657972657770598,0.061196604993627245,0.0647213158064711,0.788435544155314,-0.14193528930027452,0.10877583614486255,0,30,autocorrelated
-0.056995813352694644,0.08143576592702678,0.05820481103368807,0.4897725950319529,-0.2238094178751821,0.1098177911697928,0,30,autocorrelated
0.02889094231920647,0.07273528678318716,0.06567506851025837,0.6942267753699543,-0.12010053858799935,0.1778824232264123,0,30,autocorrelated
0.00822649788191844,0.0503808864319275,0.04733416950508701,0.8714660435876862,-0.09497406969521696,0.11142706545905384,0,30,autocorrelated
0.03530664481288488,0.06462638382693668,0.04731355177363696,0.5891736359043558,-0.09707450136661287,0.16768779099238262,0,30,autocorrelated
0.00464968247161578,0.05978941590632263,0.05768057709599798,0.9385659608829926,-0.11782338407466166,0.12712274901789322,0,30,autocorrelated
-0.0060879439639460915,0.09011520097847335,0.059485645995853174,0.9466181255915396,-0.19068056523256469,0.17850467730467248,0,30,autocorrelated
-0.12799200784208928,0.06039352793892388,0.05112362789766573,0.043065599500865984,-0.25170254179039153,-0.004281473893786997,1,30,autocorrelated
0.07676770056643625,0.05835027453938493,0.04249564612310125,0.19896770238303677,-0.042757418525753044,0.19629281965862555,0,30,autocorrelated
0.11810683434791756,0.07316296153490393,0.060865357153847256,0.11767737798772925,-0.03176069857507037,0.2679743672709055,0,30,autocorrelated
0.07290548563306347,0.0796892686645023,0.08416069715066557,0.3680707260507906,-0.09033058142374299,0.23614155268986992,0,30,autocorrelated
0.03044479302691167,0.08382411998824764,0.08660267608854424,0.7191843242890643,-0.14126113301171628,0.2021507190655396,0,30,autocorrelated
-0.016610647914202664,0.07532240552506901,0.07337729810941541,0.8270606159144408,-0.17090160132895157,0.13768030550054625,0,30,autocorrelated
0.046160728006080086,0.0758291462620591,0.058263372704372596,0.5475998826814836,-0.1091682367533579,0.2014896927655181,0,30,autocorrelated
-0.03661976502899354,0.0918682814675341,0.09774102106904232,0.6932029836836182,-0.22480340889154604,0.15156387883355898,0,30,autocorrelated
0.0010639663623133039,0.09101944850355069,0.06093218372552328,0.9907562815373856,-0.18538092199462436,0.187508854719251,0,30,autocorrelated
-0.08887512328183994,0.07578646018174579,0.06482175811938867,0.25079503756416516,-0.2441166495695089,0.06636640300582902,0,30,autocorrelated
-0.00614343144949615,0.0882469679004457,0.0737846347561655,0.9449938441680239,-0.18690915073854478,0.1746222878395525,0,30,autocorrelated
0.0183661449215681,0.05171076220125042,0.03914563308108363,0.7251233021623101,-0.08755854967914882,0.12429083952228502,0,30,autocorrelated
0.14378442511505526,0.09040188944507169,0.07782845407865611,0.12295042933871986,-0.04139545085601368,0.3289643010861242,0,30,autocorrelated
0.020892135620656702,0.06094077959430953,0.05660101787561213,0.7342892163946328,-0.10393939252689682,0.14572366376821022,0,30,autocorrelated
0.0636653007473747,0.05438184722248105,0.04062650490513876,0.2515834406998114,-0.04773086348717334,0.17506146498192274,0,30,autocorrelated
0.048721921229361365,0.067025635271284,0.06137051476379254,0.47331233840749154,-0.08857386874369999,0.18601771120242272,0,30,autocorrelated
-0.10828024805386843,0.06870716651844855,0.0652742698270937,0.1262660301948258,-0.2490204986427735,0.03246000253503664,0,30,autocorrelated
-0.11573359309820597,0.05866761119827591,0.04579936795655063,0.058477476965911865,-0.23590874686882096,0.004441560672409042,0,30,autocorrelated
0.029315067541359978,0.07487100216054161,0.05218009369111194,0.698361365008852,-0.1240512279976606,0.18268136308038058,0,30,autocorrelated
0.05829339056637204,0.05427263356906006,0.049185251216581544,0.291954282718912,-0.05287905964052688,0.16946584077327095,0,30,autocorrelated
0.04894248365278307,0.08516213658576888,0.08111764632541392,0.5700849412261761,-0.12550424514004793,0.2233892124456141,0,30,autocorrelated
0.01702078482028494,0.04575553982742985,0.04387997668254241,0.7126979107385978,-0.0767051897389191,0.11074675937948897,0,30,autocorrelated
-0.02592596832705655,0.05435205176886117,0.046845286949344145,0.637063612268332,-0.1372610993416166,0.08540916268750351,0,30,autocorrelated
0.02005625947466255,0.05370617731155175,0.05273437904886178,0.7116305055219603,-0.08995585768884176,0.13006837663816687,0,30,autocorrelated
0.05794566153396616,0.06157286033759144,0.05466216559814946,0.3547072203670105,-0.06818062532231728,0.1840719483902496,0,30,autocorrelated
-0.16799937752084085,0.053489548005475764,0.050575810158791965,0.003953696446864315,-0.277567749666657,-0.05843100537502474,1,30,autocorrelated
-0.004349264261367957,0.06475806872325249,0.04264254426390283,0.9469302393457988,-0.13700015472294558,0.12830162620020968,0,30,autocorrelated
0.0340871143279047,0.060890832446893965,0.06037741356517592,0.5800624048534908,-0.09064210172617049,0.15881633038197987,0,30,autocorrelated
-0.02066075964826286,0.08885517480128258,0.08844279931989364,0.8178240593552828,-0.2026723342966749,0.16135081500014917,0,30,autocorrelated
0.004826060066243329,0.08519458483125823,0.07587610601921292,0.9552283105449567,-0.1696871359443868,0.17933925607687348,0,30,autocorrelated
0.07314427396107742,0.09305742551330341,0.08049364169358188,0.4384619233723265,-0.11747522105745226,0.26376376897960707,0,30,autocorrelated
0.1825819545308962,0.094144684191535,0.09114230461216659,0.06259183880030102,-0.0102646889291019,0.37542859799089434,0,30,autocorrelated
0.002516940520487721,0.06384224230720162,0.05618411665145778,0.9688318109436637,-0.12825796456980654,0.133291845610782,0,30,autocorrelated
0.007882077111184299,0.07979027401931867,0.0848645923895708,0.9220128625844224,-0.15556089003578757,0.17132504425815617,0,30,autocorrelated
0.03814676874268091,0.047366062548687464,0.04460706681127744,0.42739808425505765,-0.05887821206077073,0.13517174954613254,0,30,autocorrelated
-0.07404083767398438,0.09039528434394256,0.07533154957117891,0.4196588453883725,-0.25920718370872814,0.11112550836075936,0,30,autocorrelated
0.043607175097591086,0.08781864676142195,0.09144212031376954,0.6233759283187166,-0.13628116811129942,0.22349551830648162,0,30,autocorrelated
0.009221524671094097,0.08724278838205186,0.06080490465179876,0.9165743442093103,-0.16948722612083209,0.1879302754630203,0,30,autocorrelated
0.062465112923198195,0.08166828701284647,0.04838569053717815,0.45075147685080386,-0.10482478945210028,0.22975501529849668,0,30,autocorrelated
0.10819647410652937,0.05917168575777554,0.046694311174822395,0.07814394820824282,-0.013011229591761972,0.2294041778048207,0,30,autocorrelated
-0.0076894129078869285,0.07356167533911151,0.06452772903134903,0.917493834575738,-0.15837367403494604,0.14299484821917216,0,30,autocorrelated
-0.0008286213787373486,0.0489670372823775,0.047024741590448726,0.9866188298094917,-0.1011330502605134,0.09947580750303871,0,30,autocorrelated
0.15229695163613893,0.08745777672426636,0.07635967984051861,0.0925960247695331,-0.02685218281138213,0.33144608608366,0,30,autocorrelated
-0.019237445636901628,0.055847584446992844,0.04390493314236273,0.7330717036000439,-0.13363603647013478,0.09516114519633151,0,30,autocorrelated
0.051235903353219425,0.06385898484905182,0.05689030558157059,0.4291204051026414,-0.07957329727937262,0.18204510398581147,0,30,autocorrelated
0.03939829252196639,0.07231458690214376,0.05476279033289245,0.5901920989452007,-0.10873142374435771,0.18752800878829048,0,30,autocorrelated
0.07282764373498513,0.07094525104555989,0.06613781919277628,0.313427418759568,-0.07249711518319626,0.21815240265316652,0,30,autocorrelated
-0.020003284627141432,0.06657693613522862,0.06080336642471236,0.7660507028527039,-0.1563799560853896,0.11637338683110673,0,30,autocorrelated
0.10219158368969819,0.07701212886148963,0.04693638707850911,0.19524396147309642,-0.055560611075032795,0.2599437784544292,0,30,autocorrelated
-0.023933840525686274,0.05971090337633071,0.05838117411885685,0.6915886220393099,-0.14624608144480786,0.09837840039343532,0,30,autocorrelated
0.08030067157269553,0.07090194670207199,0.0613449788560493,0.26700501114610414,-0.06493538241901449,0.22553672556440557,0,30,autocorrelated
-0.0672494119858685,0.10497839626910337,0.09085801626850842,0.5269894528906338,-0.282287908637711,0.14778908466597404,0,30,autocorrelated
-0.07461536136239537,0.09543624815564698,0.09020090397684202,0.44087336177860414,-0.27010765367056583,0.1208769309457751,0,30,autocorrelated
0.06036640376511742,0.06089855813202421,0.05287180431620706,0.33004731977203916,-0.0643786376375538,0.18511144516778866,0,30,autocorrelated
0.04479442862552987,0.06429850656184123,0.04758127351985951,0.4917569908894118,-0.08691509142251408,0.17650394867357383,0,30,autocorrelated
0.02882265657967325,0.06647937371846546,0.047570855307358675,0.6679316121682822,-0.10735416732730646,0.16499948048665297,0,30,autocorrelated
0.06743048996417389,0.072973295084415,0.07235749939719391,0.3633590508891704,-0.08204852884707356,0.21690950877542134,0,30,autocorrelated
-0.05613613796484096,0.07428933472165429,0.0696991409332291,0.4561741315219273,-0.208310941767895,0.09603866583821308,0,30,autocorrelated
0.0521627296886642,0.04627399272906262,0.045795125285458066,0.2692012526725377,-0.04262524749692888,0.14695070687425726,0,30,autocorrelated
-0.01027728198318266,0.04819314374109887,0.04375064475323015,0.8326755703784444,-0.10899646180801435,0.08844189784164903,0,30,autocorrelated
-0.018243194761709165,0.06275854177052419,0.06327442368057962,0.7734317499901742,-0.14679823993310603,0.11031185040968772,0,30,autocorrelated
-0.02687422348531838,0.07564513635220749,0.06599722443149639,0.7250518890759733,-0.18182626103125524,0.1280778140606185,0,30,autocorrelated
0.06792592471671972,0.08247088885188755,0.06536586712775012,0.41710743332271516,-0.10100803299768853,0.236859882431128,0,30,autocorrelated
0.088154700855199,0.05219152270874868,0.04974986058263104,0.10231512882781041,-0.018754787002570467,0.19506418871296846,0,30,autocorrelated
0.08066804234480306,0.04958318495090762,0.04707821808000407,0.1149564894501306,-0.020898507821590584,0.1822345925111967,0,30,autocorrelated
0.012832680658978699,0.047319768736647665,0.042512703944638824,0.7882337257360686,-0.08409747156926968,0.10976283288722709,0,30,autocorrelated
0.07160280348757965,0.07149494472420787,0.06407989413526213,0.3251580089630455,-0.07484795188774394,0.21805355886290323,0,30,autocorrelated
-0.007822702901771252,0.06403651211548587,0.05932046826972392,0.9036448332172011,-0.1389955516547902,0.12335014585124768,0,30,autocorrelated
-0.08647934069163596,0.06039200785506312,0.05043020674809352,0.16322278189491551,-0.21018676088930174,0.037228079506029826,0,30,autocorrelated
0.06553024870517365,0.08170231190760872,0.08266181489031245,0.42927266575296263,-0.10182935050755468,0.232889847917902,0,30,autocorrelated
0.07566000881187702,0.050425479201690486,0.0479534321677619,0.14469543754388425,-0.027631902913313314,0.17895192053706738,0,30,autocorrelated
-0.023271937329958556,0.08320158288053561,0.0660069334677213,0.7817593996998033,-0.19370265391111663,0.14715877925119952,0,30,autocorrelated
0.06863441179882052,0.07790481831468161,0.06954801786798445,0.3858160090142886,-0.09094637441723424,0.22821519801487528,0,30,autocorrelated
-0.17028656264582667,0.06599766062134606,0.05383262643048244,0.015411676943401037,-0.3054766420043707,-0.035096483287282654,1,30,autocorrelated
0.05808902433588298,0.09515222918177214,0.08966579067397688,0.5464642286221197,-0.1368214814777969,0.2529995301495629,0,30,autocorrelated
0.09459630468868789,0.1000803116983596,0.05921023598817764,0.3526405273192612,-0.11040892054732603,0.2996015299247018,0,30,autocorrelated
0.1359875597007702,0.08741127063152683,0.07438739666306943,0.1310063362789347,-0.04306631133424624,0.3150414307357866,0,30,autocorrelated
0.09522852675852274,0.08903872340041077,0.06278182644829998,0.2939700044196776,-0.08715903015121,0.27761608366825546,0,30,autocorrelated
-0.00894709581912493,0.07356957273206205,0.05865218928999237,0.9040732681503872,-0.15964753402230547,0.14175334238405563,0,30,autocorrelated
0.01746672318716075,0.06631525347724752,0.0796073704491776,0.7941792596104498,-0.11837391564559496,0.15330736201991646,0,30,autocorrelated
-0.02951307485450322,0.07435828511225288,0.06379026638781894,0.694447677929203,-0.181829117130089,0.12280296742108257,0,30,autocorrelated
0.006536435343485768,0.05530868926188238,0.05961822696830191,0.9067680061732546,-0.10675827874388802,0.11983114943085957,0,30,autocorrelated
0.022431262750323946,0.06033842922206168,0.042713900460664214,0.7128720256854327,-0.10116640659285404,0.14602893209350193,0,30,autocorrelated
0.2231404022399352,0.09783675665341511,0.11045040048442059,0.030374728742520483,0.022730891180996332,0.42354991329887404,1,30,autocorrelated
0.11782336478744633,0.05216608850056064,0.04938005901723221,0.03188628529259306,0.010965976543375153,0.22468075303151752,1,30,autocorrelated
-0.04434480918977002,0.06949190625551246,0.0707960348198515,0.5285745724734172,-0.18669252626052735,0.09800290788098731,0,30,autocorrelated
-0.0169130298171088,0.07144352438064322,0.0704144712108677,0.8145874370501963,-0.163258455393441,0.1294323957592234,0,30,autocorrelated
-0.03524212004033798,0.06295399684842393,0.05617533182946747,0.580062064555249,-0.16419753678920482,0.09371329670852888,0,30,autocorrelated
0.06645907865332376,0.048885649750616635,0.045261205604645416,0.1848430770495133,-0.03367863542714025,0.16659679273378777,0,30,autocorrelated
0.12675860700599445,0.062266995767843954,0.053517521555350195,0.05133948400446461,-0.0007895518229913412,0.25430676583498024,0,30,autocorrelated
0.05366459012237165,0.06411692574817343,0.058084652227692275,0.4096908121612671,-0.07767297849014218,0.18500215873488549,0,30,autocorrelated
-0.11106853275420199,0.06149316705628389,0.053913841174595606,0.08164908735985646,-0.23703157532390196,0.014894509815497961,0,30,autocorrelated
-0.033172973947962744,0.06807229699403648,0.04636727408957372,0.6298254112552966,-0.17261275326895398,0.1062668053730285,0,30,autocorrelated
0.14800984609770398,0.079030998047349,0.04588412097861637,0.07157108753637105,-0.013877814725691717,0.3098975069210997,0,30,autocorrelated
0.03879168482432349,0.07499076124717202,0.06398443599824069,0.6090190646702451,-0.1148199260830457,0.19240329573169268,0,30,autocorrelated
0.08765059432025372,0.06931832422658558,0.07500418487248471,0.2164875451501314,-0.05434155608276246,0.2296427447232699,0,30,autocorrelated
0.014819977893038606,0.10209493003406929,0.06878580298186601,0.8856253861507637,-0.1943120059298347,0.2239519617159119,0,30,autocorrelated
0.0332189151927927,0.07720617481474712,0.059872450786632524,0.6702984295119141,-0.12493076468842741,0.19136859507401283,0,30,autocorrelated
-0.05105899778481468,0.06545904556386146,0.0550599470675321,0.4419265400326954,-0.1851457742129288,0.08302777864329944,0,30,autocorrelated
0.11357613566732723,0.08202043386345521,0.08072095451769402,0.17707103022613435,-0.05443510683171891,0.28158737816637336,0,30,autocorrelated
0.11444410765665787,0.07503068460160942,0.0622447118329404,0.13840210527142302,-0.03924928253506531,0.26813749784838103,0,30,autocorrelated
-0.10202605316443239,0.05930345629150154,0.05323718215653497,0.09639395094945007,-0.22350367656508624,0.019451570236221474,0,30,autocorrelated
-0.030644180806320254,0.04611726530812779,0.04738788363550932,0.5118163606931343,-0.12511111642355527,0.06382275481091476,0,30,autocorrelated
-0.06694594984269783,0.061997988233610316,0.062453338288275054,0.28944138240550243,-0.19394307171736272,0.060051172031967054,0,30,autocorrelated
-0.03780235637101191,0.07721139386196466,0.06667767022494099,0.6282340420410881,-0.19596272698582579,0.12035801424380195,0,30,autocorrelated
0.1781145775139799,0.09101089485086349,0.06805617933244458,0.06037698918810854,-0.008312789479704846,0.36454194450766464,0,30,autocorrelated
-0.026009454739609833,0.06297681132810753,0.058248560511143715,0.6827519592006649,-0.15501160483159693,0.10299269535237726,0,30,autocorrelated
-0.07603914849398691,0.06416062257502152,0.05406404282043893,0.2459246586743031,-0.20746622599869013,0.05538792901071632,0,30,autocorrelated
-0.06850477670391303,0.07796168226292714,0.09066115644167726,0.3870436359662681,-0.2282020434376646,0.09119249002983854,0,30,autocorrelated
0.1809339284558277,0.07677018758948119,0.0629252268202426,0.02565879474984143,0.02367732792057381,0.3381905289910816,1,30,autocorrelated
0.050479255490962764,0.06658655558025166,0.06442163451617548,0.45472507663375317,-0.08591712050717068,0.18687563148909622,0,30,autocorrelated
0.1132426380946336,0.08253881454702353,0.06352984270125928,0.18095902032022856,-0.05583045909880256,0.28231573528806975,0,30,autocorrelated
0.012076351149670442,0.06113280297802264,0.06256479813588872,0.8448298096416835,-0.11314851906847272,0.1373012213678136,0,30,autocorrelated
-0.041791119274015104,0.07190471572342143,0.08840779737241383,0.5657543929490216,-0.18908125249062835,0.10549901394259814,0,30,autocorrelated
0.09140241072128694,0.05490183918159004,0.05840020482159793,0.10709842717865255,-0.02105890875597606,0.20386373019854992,0,30,autocorrelated
0.03838868200685644,0.0915320119109549,0.06287015082031197,0.6781229723664376,-0.14910614489443094,0.22588350890814382,0,30,autocorrelated
-0.04920360923624185,0.089166660121728,0.07768618418470084,0.5854519723986169,-0.23185323263961866,0.13344601416713497,0,30,autocorrelated
-0.05419441360211411,0.06688206333810275,0.056387529214285234,0.4246024732863203,-0.19119610980188564,0.08280728259765743,0,30,autocorrelated
-0.010076427778791232,0.08272337692263351,0.06574268427953675,0.9039205314230103,-0.17952758386053358,0.15937472830295113,0,30,autocorrelated
0.07600243044204563,0.0724565954255381,0.048182870757117906,0.30317699484546945,-0.07241817709779524,0.2244230379818865,0,30,autocorrelated
0.03255741497084789,0.05202676409864022,0.04776738638398686,0.5365259331642813,-0.07401458017330315,0.1391294101149989,0,30,autocorrelated
0.007437978607807094,0.07271794488501544,0.0525339772975004,0.9192592263989936,-0.14151797903133148,0.15639393624694567,0,30,autocorrelated
0.022574616153367852,0.06131414098862183,0.04946930398644986,0.7155082364244119,-0.10302170814076562,0.14817094044750134,0,30,autocorrelated
-0.06284516683418001,0.04957021944956337,0.051999144101518055,0.21531081767557708,-0.16438515837502313,0.038694824706663106,0,30,autocorrelated
-0.017030633902648494,0.05448332634895703,0.06560379450991422,0.7569127246949572,-0.12863466870461307,0.0945734008993161,0,30,autocorrelated
-0.07042715251512531,0.0805413242055855,0.08093496767617425,0.38932696243467235,-0.23540857622749284,0.0945542711972422,0,30,autocorrelated
-0.09995480535919612,0.11207555889843583,0.0831070338542503,0.38007286688023245,-0.3295311806274456,0.12962156990905335,0,30,autocorrelated
-0.08718854688089898,0.07252762131309291,0.05991146929751563,0.23937676999651272,-0.23575464435605947,0.06137755059426149,0,30,autocorrelated
-0.07176935004362103,0.07218469454222654,0.07613531019925289,0.3286181432309617,-0.21963299387222604,0.07609429378498397,0,30,autocorrelated
-0.01882367839225208,0.07414510046825853,0.05705370175373444,0.8014462245299943,-0.17070303172055876,0.1330556749360546,0,30,autocorrelated
0.028749011805887577,0.06364210900505975,0.0661669812214961,0.6549437644515148,-0.10161593879898823,0.15911396241076337,0,30,autocorrelated
-0.004892460232427592,0.0850701396337331,0.05100906003366794,0.9545466890490694,-0.1791507418116851,0.16936582134682993,0,30,autocorrelated
0.04027609041057583,0.0694638851043719,0.07217127137214066,0.566677199202354,-0.10201422793406384,0.18256640875521551,0,30,autocorrelated
0.023831017029417985,0.08695005479757416,0.08283768683617762,0.7860372646333785,-0.15427809619742075,0.2019401302562567,0,30,autocorrelated
0.07147293047867592,0.06421217232097248,0.06486162722205471,0.27514127578702247,-0.06005974189379101,0.20300560285114286,0,30,autocorrelated
-0.08529676992153319,0.07641975191828597,0.06982757575608513,0.27384055725526635,-0.24183553552517095,0.07124199568210458,0,30,autocorrelated
-0.017391246308106227,0.05891389464686475,0.057807451489649914,0.7700207708697199,-0.13807088885371657,0.10328839623750413,0,30,autocorrelated
0.04231334485205515,0.061797733419411915,0.054319686720493254,0.49915784428653653,-0.08427357363102683,0.16890026333513714,0,30,autocorrelated
-0.17106198464781372,0.07703110438816892,0.06542560684068066,0.03463696360630333,-0.3288530490169139,-0.013270920278713544,1,30,autocorrelated
-0.018068544662640795,0.0671527020339288,0.03831388613101048,0.7898512841194197,-0.15562461909978856,0.11948752977450697,0,30,autocorrelated
0.03700299540166592,0.05697956736015601,0.04760693921468387,0.5213666765611571,-0.07971435731528084,0.15372034811861268,0,30,autocorrelated
0.15384584793141645,0.08423530875548652,0.06436116811624104,0.07847359770248473,-0.01870236011464957,0.3263940559774825,0,30,autocorrelated
0.13105930187916925,0.07629055033378157,0.057417621784682994,0.09685714653252643,-0.02521480627603845,0.28733341003437696,0,30,autocorrelated
-1.4373323342848081e-05,0.05417316208710352,0.041788806579484715,0.9997901851323159,-0.11098306543619706,0.11095431878951136,0,30,autocorrelated
0.19552329890988468,0.07826053952718956,0.06957577502267868,0.018620724607817316,0.03521385082164058,0.3558327469981288,1,30,autocorrelated
0.03375112007168411,0.09425621850589866,0.09070286519487965,0.7229700817301156,-0.15932399107441175,0.22682623121777995,0,30,autocorrelated
-0.04349944240376857,0.06804578462936951,0.06230999943264995,0.5278448215703354,-0.18288491360763012,0.09588602880009298,0,30,autocorrelated
-0.06565140174743721,0.07568739479286607,0.07987287877641226,0.3930950102120392,-0.22069000178502024,0.08938719829014581,0,30,autocorrelated
0.11416994387309004,0.08033702908657568,0.07500153384902794,0.16631913224125303,-0.05039300025846383,0.2787328880046439,0,30,autocorrelated
0.13130593639897742,0.10647008193398302,0.08065138886864388,0.22773004303772315,-0.0867881398221182,0.34940001262007303,0,30,autocorrelated
0.030159194329440076,0.07388527626567024,0.07645213643236787,0.6862393116894396,-0.12118793324667347,0.18150632190555363,0,30,autocorrelated
-0.12309528468676521,0.06594118302566163,0.05972067868982009,0.07244182933529214,-0.2581696749349578,0.01197910556142738,0,30,autocorrelated
0.05710703167083167,0.06548907788941323,0.061138522364416276,0.39062003089196073,-0.0770412631874274,0.19125532652909075,0,30,autocorrelated
0.13967228505303497,0.07509592739555103,0.06452847155139148,0.07343284832222044,-0.01415474894374888,0.29349931904981885,0,30,autocorrelated
0.0454073715792248,0.07078630562582126,0.07150959496267545,0.5264332865795149,-0.09959180240600835,0.19040654556445796,0,30,autocorrelated
-0.031188659293213156,0.09539509452407662,0.09367952700447112,0.7461433950133685,-0.22659665220856406,0.16421933362213775,0,30,autocorrelated
0.03652359736996252,0.06041873272546199,0.05849597839342885,0.5503736415534914,-0.08723856624309187,0.1602857609830169,0,30,autocorrelated
-0.0029759451335273895,0.05763298463451954,0.04535936922612676,0.9591852423934226,-0.12103176246185278,0.115079872194798,0,30,autocorrelated
0.04564135995463925,0.07565372659457315,0.07238884577265182,0.5511699971864228,-0.10932827390510916,0.20061099381438766,0,30,autocorrelated
0.08959339171422885,0.05617531752341591,0.04124095925121711,0.121964022229611,-0.02547652989335182,0.20466331332180954,0,30,autocorrelated
-0.15219630627339184,0.06854707986409056,0.055796049914385665,0.034664762411260756,-0.2926086342162039,-0.011783978330579759,1,30,autocorrelated
0.11352516232098903,0.08811927341152856,0.07644229146105308,0.20818191066657898,-0.06697898666499383,0.29402931130697185,0,30,autocorrelated
0.13222289094264342,0.0952357295819032,0.059912051263019815,0.1759705372748386,-0.06285865768700769,0.3273044395722945,0,30,autocorrelated
-0.11574904826101988,0.07014116541933361,0.04954025641527729,0.11007071938127189,-0.25942671243982446,0.027928615917784713,0,30,autocorrelated
0.11485864710006326,0.07807054307529376,0.0582510938565814,0.15238307119682556,-0.04506161089920173,0.27477890509932823,0,30,autocorrelated
0.028773775454405022,0.0870582751581864,0.05405420106358586,0.7434738409859099,-0.14955701713199948,0.2071045680408095,0,30,autocorrelated
-0.05397684473162965,0.08688002413111318,0.08468455844456516,0.5394407322844715,-0.23194250664114502,0.12398881717788574,0,30,autocorrelated
-0.05298438746833139,0.05211872111735499,0.05349227871461617,0.3180436511943118,-0.15974474802635594,0.05377597308969317,0,30,autocorrelated
0.08407472322389133,0.07175760898306971,0.060542814283004696,0.25121180532075066,-0.06291407549517923,0.23106352194296187,0,30,autocorrelated
-0.13531117875338508,0.057143384020982985,0.07123561106111892,0.025029578319916184,-0.2523640946883149,-0.0182582628184553,1,30,autocorrelated
-0.019282150885841648,0.07876525619463338,0.061361512598682146,0.8083924268331921,-0.18062546420026077,0.14206116242857747,0,30,autocorrelated
-0.04885182154471217,0.08109931673279616,0.04981464953001666,0.5517751779399187,-0.2149762411348864,0.11727259804546204,0,30,autocorrelated
-0.08458157087740634,0.07359393941892019,0.0527493848154678,0.2601549409005125,-0.23533192197596897,0.0661687802211563,0,30,autocorrelated
0.045708928831068155,0.08615108091999923,0.08434788945554902,0.5999020230936076,-0.13076356059883826,0.2221814182609746,0,30,autocorrelated
0.02273536449399944,0.08183727365020838,0.07649249650086846,0.7831978741942316,-0.14490069131613914,0.190371420304138,0,30,autocorrelated
0.05490953761846515,0.07945902607463409,0.08125461922572713,0.4952287895950003,-0.10785489887290983,0.21767397410984013,0,30,autocorrelated
0.039073972159688795,0.06735906471196325,0.06075854455935725,0.5664966631629536,-0.09890481706094473,0.17705276138032233,0,30,autocorrelated
-0.07129302420148875,0.06411458573179434,0.04741470083755124,0.27561086801229717,-0.20262579950773973,0.06003975110476223,0,30,autocorrelated
-0.015439202652513149,0.04744642350342565,0.03366037092599899,0.7472953732172509,-0.11262879540957198,0.08175039010454567,0,30,autocorrelated
-0.06316565005292968,0.08582478660016984,0.07292165630638898,0.46786188695719233,-0.23896975586777036,0.112638455761911,0,30,autocorrelated
-0.0937320285787207,0.07905841026499393,0.0719217774650756,0.2457429145410448,-0.25567584078451266,0.06821178362707128,0,30,autocorrelated
0.030109625634571955,0.07942442243792493,0.05890015985436406,0.7074749459490579,-0.1325839285202359,0.1928031797893798,0,30,autocorrelated
0.10696956170272348,0.06592166746373149,0.050348302336288266,0.11586579432433611,-0.028064852729035278,0.24200397613448224,0,30,autocorrelated
0.021436854666061225,0.05593988166148897,0.059778111668599206,0.704456413081251,-0.09315079844051359,0.13602450777263603,0,30,autocorrelated
0.1548790034851359,0.10504789991339061,0.08596741167631604,0.15153892346305228,-0.06030186492804546,0.37005987189831724,0,30,autocorrelated
0.011508917825625051,0.06931636284650762,0.0691566581977034,0.8693227916024129,-0.13047921487243166,0.15349705052368176,0,30,autocorrelated
-0.026467038782392517,0.07502397709409446,0.0712837659253957,0.7268945018615451,-0.1801466892678184,0.12721261170303338,0,30,autocorrelated
0.1302276771008772,0.07917706741016135,0.06960927373423706,0.11120051908188969,-0.03195919324850077,0.2924145474502552,0,30,autocorrelated
0.08551468379105692,0.08787726750452667,0.09067153655756413,0.3388284830172741,-0.09449373856666662,0.2655231061487805,0,30,autocorrelated
-0.17530015828030043,0.07699397743341714,0.07574848636810834,0.030639000146190774,-0.33301517153013394,-0.017585145030466903,1,30,autocorrelated
0.024183818049429737,0.07131358716347862,0.06824805603605986,0.7370501095332355,-0.1218954432032775,0.17026307930213697,0,30,autocorrelated
0.1072160444640099,0.0916652013068934,0.05345909211490967,0.25200307152653456,-0.08055160854712928,0.2949836974751491,0,30,autocorrelated
-0.007795294659593563,0.10309624867268143,0.07814869920003964,0.9402655975779051,-0.21897838673301265,0.20338779741382554,0,30,autocorrelated
0.16453262995289158,0.08144871011343169,0.07946691027392264,0.0530363285080671,-0.002307489533472401,0.33137274943925554,0,30,autocorrelated
0.002028050354186889,0.06858202542022142,0.052906244379786624,0.976618835838295,-0.13845586031537765,0.1425119610237514,0,30,autocorrelated
0.0738133926122187,0.06146429919362568,0.04452172046550817,0.23984513217878128,-0.052090516821443805,0.1997173020458812,0,30,autocorrelated
-0.05473910201309494,0.04920134348018137,0.059720013346689804,0.27536145777423604,-0.15552348538381933,0.04604528135762945,0,30,autocorrelated
0.22207875423108195,0.08748530671341133,0.0775159726038433,0.016977771666853905,0.04287322715718278,0.4012842813049811,1,30,autocorrelated
-0.0202409259221817,0.06107990195570169,0.05967795088353066,0.7428216797609968,-0.14535743330839435,0.10487558146403093,0,30,autocorrelated
0.050582279326529415,0.06312283938124935,0.06052163747235029,0.4296882234990609,-0.07871899567241583,0.17988355432547468,0,30,autocorrelated
0.013366838737135227,0.05160652108485182,0.045457154809882,0.7975187881258732,-0.09234432761628208,0.11907800509055255,0,30,autocorrelated
0.01735898568213099,0.06836144429456449,0.07224554403772182,0.8014054974455185,-0.12267308503429267,0.15739105639855464,0,30,autocorrelated
-0.11179286362197169,0.07844678252676485,0.07742719420783371,0.16518674908893088,-0.2724838132006552,0.04889808595671177,0,30,autocorrelated
0.0035109312621196265,0.07116405861401494,0.07522269365111943,0.9610019908563461,-0.14226203464196394,0.1492838971662032,0,30,autocorrelated
-0.19836613263477715,0.07660215846510546,0.059208938688180605,0.01507880756862003,-0.35527854111163015,-0.041453724157924116,1,30,autocorrelated
-0.05461235199640854,0.0675515639953462,0.06043981134007895,0.4256451768554591,-0.19298545812391418,0.0837607541310971,0,30,autocorrelated
0.0025550495029628335,0.06403293232547626,0.05664292899664668,0.9684543240914202,-0.12861046638263426,0.13372056538855995,0,30,autocorrelated
-0.012143492004642972,0.07485666918870222,0.059115199627203005,0.8722950859569079,-0.16548042778178462,0.14119344377249865,0,30,autocorrelated
0.0869683434799659,0.05936164162213861,0.058626459645795284,0.1540441695563557,-0.03462846716751264,0.20856515412744445,0,30,autocorrelated
0.027239228289574053,0.07100751441716303,0.05970249156591607,0.7041645930840585,-0.11821307136367147,0.17269152794281958,0,30,autocorrelated
-0.00023467641574557302,0.08027638812204008,0.07922420262429823,0.9976882320572309,-0.16467340316245935,0.16420405033096822,0,30,autocorrelated
-0.09898576805417211,0.05851232783308723,0.05849026757673109,0.10180371406859638,-0.21884283827053264,0.020871302162188396,0,30,autocorrelated
-0.013698061312022194,0.08874141629104876,0.09868893734198593,0.878433710637391,-0.19547661221563128,0.1680804895915869,0,30,autocorrelated
0.008016340912019637,0.05600321706429136,0.041424459116433526,0.8872041980586878,-0.10670104888598406,0.12273373071002333,0,30,autocorrelated
0.28832318798716755,0.09740574666853964,0.0977646683944111,0.006199865597202375,0.08879656085943263,0.48784981511490244,1,30,autocorrelated
0.07645739232667298,0.06019180673352659,0.04663885620799886,0.21445726975012575,-0.04683993446384195,0.1997547191171879,0,30,autocorrelated
0.19007766722895475,0.06883818355194168,0.07947538460837165,0.010048950671379772,0.04906904041294549,0.33108629404496404,1,30,autocorrelated
0.0644547828454131,0.08665291822470453,0.08785446667331112,0.46317782645635386,-0.11304567370347092,0.24195523939429714,0,30,autocorrelated
-0.03369664837067886,0.06266991693652176,0.042584850931228546,0.5950429700681503,-0.16207015379916473,0.09467685705780703,0,30,autocorrelated
-0.02643820852316839,0.06545127564560271,0.04764420640192342,0.689327523346887,-0.1605090689952301,0.10763265194889332,0,30,autocorrelated
-0.005295512456532137,0.06399260434723203,0.0543145467270707,0.9346375420489887,-0.13637842022347962,0.12578739531041533,0,30,autocorrelated
-0.10107546924438046,0.06166935855254919,0.049060387075705224,0.11240491466281508,-0.22739942373335384,0.025248485244592916,0,30,autocorrelated
-0.03907224866819668,0.05598520860876702,0.03511227237346541,0.49099334890351254,-0.15375274981729162,0.07560825248089825,0,30,autocorrelated
0.16596817858300775,0.0645265794841659,0.05581796390467574,0.015704862144339953,0.03379147233202384,0.29814488483399165,1,30,autocorrelated
0.01663639659596976,0.07447465641188006,0.06618527449339673,0.8248589407048439,-0.13591802148087231,0.16919081467281186,0,30,autocorrelated
0.12574263754704348,0.07509523512131189,0.05544569835724557,0.10517946360162589,-0.028082978390244817,0.2795682534843318,0,30,autocorrelated
0.01201835120407382,0.08860495507573611,0.07763802575572173,0.8930765664872822,-0.16948067157151078,0.19351737397965843,0,30,autocorrelated
-0.05174929261392706,0.07484560586204922,0.0721056942767037,0.49499877875142373,-0.20506356619374067,0.10156498096588656,0,30,autocorrelated
0.12392948447460281,0.06909055672393775,0.060916627117334754,0.08366451335013159,-0.017596105349320712,0.26545507429852633,0,30,autocorrelated
0.031223122819954353,0.11119252999887749,0.06208271007785362,0.7809265206192733,-0.19654444974402824,0.25899069538393693,0,30,autocorrelated
0.06761229636049797,0.0647643611345798,0.06684025388722711,0.30542743377205456,-0.06505148352138164,0.2002760762423776,0,30,autocorrelated
-0.08417198963571633,0.08228750676766555,0.05481301686723429,0.3151114553411112,-0.25273030617912695,0.08438632690769428,0,30,autocorrelated
0.030681245414274125,0.07685619894330303,0.08040388744380535,0.6927720284828027,-0.1267515413924239,0.18811403222097217,0,30,autocorrelated
0.008708971696639964,0.05940315791969733,0.05979520494248406,0.8844920121649028,-0.11297288123125876,0.1303908246245387,0,30,autocorrelated
0.05538610461695552,0.07124207599885772,0.04632929051963461,0.443421408361104,-0.0905466726554242,0.20131888188933522,0,30,autocorrelated
0.1059726941250619,0.07184753586691867,0.0701880237670976,0.1513783230761496,-0.04120031146512425,0.25314569971524803,0,30,autocorrelated
0.045451507234624204,0.06554461767932664,0.04869048742441896,0.4937438662677628,-0.08881055572594729,0.1797135701951957,0,30,autocorrelated
0.17400572186515623,0.14407657481148092,0.12526094382414882,0.23725358186687123,-0.12112176294407806,0.4691332066743905,0,30,autocorrelated
0.024355133293158963,0.08497162811403045,0.0744629427207404,0.7765084783118129,-0.14970135658559053,0.19841162317190847,0,30,autocorrelated
-0.03960050097998327,0.07847969031472643,0.04241127521304278,0.6177911732016443,-0.20035885910654794,0.1211578571465814,0,30,autocorrelated
0.021074238489276302,0.09381967494408992,0.04946371958269617,0.823902247334739,-0.17110665370710582,0.21325513068565843,0,30,autocorrelated
-0.007200066343254565,0.05633847006839427,0.04794269051289219,0.8992205781852974,-0.12260419078917098,0.10820405810266184,0,30,autocorrelated
0.03794643443546859,0.0634462876332867,0.06671054873950731,0.5545888834503343,-0.09201739427295118,0.16791026314388835,0,30,autocorrelated
-0.02720542431133907,0.0687651412485662,0.07883995566254723,0.6953777862282362,-0.1680644307514608,0.11365358212878265,0,30,autocorrelated
0.0951557064790318,0.09783902204223896,0.09419909237014787,0.3390925724290492,-0.10525844501855279,0.2955698579766164,0,30,autocorrelated
0.08011639132369124,0.05969371673551392,0.05326266502467082,0.19033800274103232,-0.042160644357637764,0.20239342700502022,0,30,autocorrelated
-0.07332909029961608,0.08139434735949069,0.0632180217868716,0.3753195457570878,-0.2400578527325597,0.09339967213332752,0,30,autocorrelated
-0.024287887012945444,0.0570741963879983,0.049970899429179344,0.673689370362159,-0.1411990785063455,0.0926233044804546,0,30,autocorrelated
-0.09885264766793996,0.12557462626527102,0.11433928368719558,0.43777638367611205,-0.35608060893798976,0.15837531360210988,0,30,autocorrelated
0.024811188499018734,0.058688418970800814,0.06170537622881791,0.6756986532347866,-0.09540658806144114,0.1450289650594786,0,30,autocorrelated
0.06787676431547941,0.05174488609036198,0.053172542794790535,0.20025593487713841,-0.038117829903399444,0.17387135853435826,0,30,autocorrelated
0.04964064824215692,0.06918889706529809,0.05126894070054126,0.4790302433412963,-0.09208638263933569,0.19136767912364952,0,30,autocorrelated
-0.06253227875122334,0.05819982415578285,0.046842189438478475,0.2917972820462354,-0.1817492142031563,0.0566846567007096,0,30,autocorrelated
0.01499327558263135,0.05772141658884311,0.03965997148692896,0.7969552525181627,-0.10324368639249336,0.13323023755775606,0,30,autocorrelated
0.13625187660512633,0.09869180319444468,0.07327403579522705,0.1783306259831748,-0.06590911789502482,0.3384128711052775,0,30,autocorrelated
0.06281323665871136,0.11179209516292209,0.11945279269835984,0.5786712795531608,-0.1661824894692718,0.29180896278669455,0,30,autocorrelated
-0.05507318193507956,0.05868967370909608,0.05129452415159835,0.3560741096499018,-0.17529352871042453,0.06514716484026542,0,30,autocorrelated
0.012664015521096542,0.07842956339412226,0.07428942008198999,0.8728827883652774,-0.14799166226330634,0.1733196933054994,0,30,autocorrelated
0.0006687174219535963,0.0416420841477386,0.03190695323582266,0.9873014508743054,-0.08463122514551268,0.08596865998941987,0,30,autocorrelated
0.051943110740428566,0.06918489245727069,0.057011638003352315,0.4590445047666264,-0.08977571707338064,0.19366193855423777,0,30,autocorrelated
-0.02401345015022805,0.0822734925005136,0.049501105446297745,0.772535001907358,-0.19254305976871758,0.1445161594682615,0,30,autocorrelated
-0.1094959151421303,0.0553992849149014,0.044745237862308135,0.05802532921804285,-0.22297620601216386,0.00398437572790325,0,30,autocorrelated
-0.14496237910545157,0.07727092357858116,0.07162378692277821,0.07111239276559116,-0.30324469081693173,0.013319932606028595,0,30,autocorrelated
0.004627378521655049,0.0664938167281933,0.07652469126560513,0.9450137505400299,-0.13157903054960018,0.14083378759291026,0,30,autocorrelated
0.05088202412969277,0.05902434197534649,0.05804397998269882,0.39598232889929785,-0.07002385951237179,0.17178790777175734,0,30,autocorrelated
-0.1474540059630362,0.06400618960836647,0.06305782812211944,0.028871994875316283,-0.2785647418759146,-0.016343270050157788,1,30,autocorrelated
0.04302458486375778,0.07643640421539868,0.0834710667185293,0.5779957548156924,-0.11354829142421298,0.19959746115172855,0,30,autocorrelated
-0.03297025367931969,0.04262228385187845,0.050244417104288064,0.44568202764576437,-0.12027804432113161,0.05433753696249223,0,30,autocorrelated
0.011752858712131109,0.07001869509043122,0.055515992029956614,0.8679053247828907,-0.13167393637029182,0.15517965379455403,0,30,autocorrelated
0.08124920891663091,0.07661287721049662,0.048737509921073105,0.2979724364494415,-0.07568515591483245,0.2381835737480943,0,30,autocorrelated
-0.0687579527830823,0.09232960690925501,0.09650716362144361,0.46265758184696193,-0.2578865789751478,0.12037067340898316,0,30,autocorrelated
0.12218918180999934,0.06525610258827785,0.05547833308629148,0.07162131169651491,-0.011481884777552118,0.2558602483975508,0,30,autocorrelated
-0.11648265642139649,0.0711065767249784,0.05865503626266609,0.11258274233933781,-0.26213787601345373,0.029172563170660748,0,30,autocorrelated
0.01133279748924633,0.07928065133322793,0.06718059113755007,0.8873570982540675,-0.15106625490791636,0.17373184988640905,0,30,autocorrelated
0.020281542695310812,0.0482451150758964,0.03652872131446743,0.6774127391491016,-0.07854409558288877,0.11910718097351039,0,30,autocorrelated
0.12958042440660708,0.096957069841437,0.0745657274498784,0.19215462320485563,-0.06902712990413273,0.3281879787173469,0,30,autocorrelated
0.029588387605390055,0.05617694654103938,0.040406574297571246,0.6025500970282665,-0.08548487089352465,0.14466164610430476,0,30,autocorrelated
0.014931406711940352,0.07046888132634097,0.07435937821679238,0.8337303848977425,-0.129417553071258,0.1592803664951387,0,30,autocorrelated
0.0043883913020072015,0.07211567712748919,0.052698360243902356,0.9519092672893363,-0.1433338767613416,0.15211065936535598,0,30,autocorrelated
0.01580683065229297,0.07199947479994862,0.07248767409428433,0.8278213571613728,-0.13167740773342848,0.1632910690380144,0,30,autocorrelated
0.015827326698515106,0.07805334564837743,0.06296592744342847,0.8407766084812909,-0.14405770396863396,0.17571235736566418,0,30,autocorrelated
-0.049840214530287585,0.06473898031928976,0.05375402669716116,0.4478273257855999,-0.18245200416886248,0.08277157510828731,0,30,autocorrelated
0.11532927293544155,0.07328834284082344,0.06308191929669946,0.12680428345593708,-0.03479509195003953,0.2654536378209226,0,30,autocorrelated
-0.036773623167885905,0.07743224739346245,0.07679649636187506,0.6385321343162452,-0.19538639173391056,0.12183914539813875,0,30,autocorrelated
-0.07920790049706111,0.06299905946242608,0.05417186565876963,0.21903610696258044,-0.20825562382627794,0.04983982283215571,0,30,autocorrelated
0.021333201849756588,0.06471826193942998,0.048496493942044284,0.7441314814586688,-0.11123614811154708,0.15390255181106027,0,30,autocorrelated
0.006469101850173376,0.0593532921004473,0.04760932998302899,0.9139852962527761,-0.11511060557744211,0.12804880927778886,0,30,autocorrelated
-0.20687274734684052,0.0765197949059792,0.054538100852956684,0.011531771316735636,-0.36361644172095564,-0.05012905297272541,1,30,autocorrelated
0.01603453302830045,0.08321920600439538,0.0811003390264981,0.8486016766765707,-0.1544322828856327,0.18650134894223358,0,30,autocorrelated
0.07019707951270053,0.06380557653095187,0.06628104754448245,0.28062640463791133,-0.060502719139664304,0.20089687816506535,0,30,autocorrelated
-0.025917593638544335,0.04914199245938565,0.041426903066731635,0.6020687556700772,-0.12658040195439793,0.07474521467730927,0,30,autocorrelated
0.05339526901395499,0.06851041426041078,0.06182103065181596,0.4422971520949833,-0.08694195284442119,0.1937324908723312,0,30,autocorrelated
0.006112157966042866,0.05561822291189804,0.058242275337623384,0.9132766163108204,-0.10781660706064895,0.12004092299273468,0,30,autocorrelated
0.061844845230776685,0.08799457720560536,0.0958944946247241,0.4879671758092541,-0.11840387515643833,0.2420935656179917,0,30,autocorrelated
-0.04783771697666119,0.0670648253844193,0.06945008351165875,0.48156003978276074,-0.18521378425735666,0.08953835030403426,0,30,autocorrelated
0.019709163825013396,0.05044824400644562,0.043668185447583836,0.6989898888272139,-0.08362937948881893,0.12304770713884572,0,30,autocorrelated
-0.04521079003140962,0.07670827221812808,0.04966632443227652,0.5603282627714556,-0.2023405626777969,0.11191898261497765,0,30,autocorrelated
-0.056177311464215535,0.05165004883478234,0.037920202241987576,0.2860226858470041,-0.1619776403714568,0.04962301744302573,0,30,autocorrelated
-0.08024179138979187,0.07075054705581624,0.07489353816998288,0.2663483011908979,-0.22516771726484633,0.06468413448526258,0,30,autocorrelated
0.002667763831793903,0.07695927031600949,0.057733283479879216,0.9725931186757432,-0.15497615511087068,0.16031168277445848,0,30,autocorrelated
-0.0278724220860103,0.07495812120735239,0.052883367679401064,0.7128113271745278,-0.18141717290270445,0.12567232873068387,0,30,autocorrelated
0.04330721463786838,0.06555584089639702,0.06900851762152971,0.5142576456477979,-0.090977838040704,0.17759226731644076,0,30,autocorrelated
0.07310267378843296,0.06524478803844062,0.062125779028515224,0.27204620514907096,-0.06054521599442572,0.20675056357129165,0,30,autocorrelated
-0.06491816134981077,0.060333123398575314,0.06441959733283581,0.2911136441807215,-0.18850496220626617,0.05866863950664465,0,30,autocorrelated
0.02506946306055472,0.05577008714475055,0.0643194316396364,0.6565210592478105,-0.08917038174529543,0.13930930786640489,0,30,autocorrelated
0.133184897989571,0.0590358309958989,0.06002394628150692,0.032069651488821134,0.012255480155754658,0.25411431582338734,1,30,autocorrelated
0.004079499384291384,0.06661716537617948,0.04669288821270532,0.9516047288555105,-0.13237957793842953,0.1405385767070123,0,30,autocorrelated
0.1362165140672614,0.056420907341083223,0.04962970135175502,0.02255027928919113,0.020643524523218812,0.251789503611304,1,30,autocorrelated
0.07175901816855138,0.08152452323981958,0.08046152180175482,0.3862361527537004,-0.09523639746734741,0.23875443380445016,0,30,autocorrelated
0.04604826023494468,0.11253879095160899,0.09981162177410036,0.6855230859503008,-0.18447700287933316,0.2765735233492225,0,30,autocorrelated
0.09248326157586884,0.07381979224023658,0.059738962239716024,0.22063187370294293,-0.05872972805487289,0.24369625120661056,0,30,autocorrelated
0.016595314514029104,0.11904694479690096,0.12379564638599833,0.8901308109967381,-0.227261297416847,0.2604519264449052,0,30,autocorrelated
0.029443522179689912,0.08139592220716686,0.04707122195599736,0.7202677906989314,-0.1372884661824808,0.1961755105418606,0,30,autocorrelated
0.0364542939284467,0.07117133089568545,0.07277770634590264,0.6125244718743978,-0.10933356856934787,0.18224215642624128,0,30,autocorrelated
0.15414617552466192,0.06422798566583779,0.07669265019210596,0.02329019156698082,0.022581110983637243,0.2857112400656866,1,30,autocorrelated
0.1757057558499468,0.058280253148917986,0.05806200950467794,0.005414696115920836,0.056324069074068436,0.29508744262582515,1,30,autocorrelated
-0.13141129709906796,0.09032170327677627,0.07051481535078957,0.15681015638464496,-0.3164269191503274,0.053604324952191446,0,30,autocorrelated
0.09700993067148543,0.08658387914040123,0.09300144063724398,0.27205515116049767,-0.08034910572404873,0.2743689670670196,0,30,autocorrelated
0.2380389113414653,0.08090064124793683,0.08410202517531906,0.00647503979149727,0.07232146003337658,0.403756362649554,1,30,autocorrelated
0.046615251132145735,0.06652136854814376,0.07207601863581009,0.48923817454690643,-0.08964759528386548,0.18287809754815695,0,30,autocorrelated
-0.0016546706558736024,0.05785591208192406,0.040192572409400114,0.9773866054558951,-0.12016713415956459,0.11685779284781739,0,30,autocorrelated
0.00868423799787605,0.05775821440551458,0.047947758181994864,0.8815624260361875,-0.10962810088772096,0.12699657688347307,0,30,autocorrelated
0.04861885120725408,0.07872238023746056,0.07019614562758685,0.5418305699982318,-0.11263663469028092,0.2098743371047891,0,30,autocorrelated
-0.04459440033637267,0.05761233291985517,0.05932929402476869,0.44539247667198467,-0.16260791454488926,0.0734191138721439,0,30,autocorrelated
-0.06850617249978429,0.07172519266766089,0.05736845155191334,0.3476909587511331,-0.21542856940686073,0.07841622440729216,0,30,autocorrelated
0.13589350054282176,0.08654471310829802,0.07966117319869541,0.1275991253989514,-0.04138530787283637,0.3131723089584799,0,30,autocorrelated
0.0698487952641225,0.07424068719174096,0.06347156079940806,0.3548323080333964,-0.08222635859122636,0.2219239491194714,0,30,autocorrelated
-0.013105511233407263,0.10401343247249849,0.09605038596518235,0.9006336932169225,-0.22616736915271052,0.199956346685896,0,30,autocorrelated
0.054518811920633,0.08103238775800461,0.05961679463143293,0.5065879648998017,-0.11146850987958516,0.22050613372085115,0,30,autocorrelated
0.06662021840413468,0.06691340940070925,0.05480820354794906,0.3279624243430147,-0.07044568729414719,0.20368612410241654,0,30,autocorrelated
0.06535914746624691,0.048057967939714855,0.04230183985768112,0.18467844770756625,-0.03308313728163187,0.1638014322141257,0,30,autocorrelated
0.032748208839684496,0.08485730990196509,0.06828404529722548,0.7024720461804892,-0.14107411079703308,0.20657052847640206,0,30,autocorrelated
0.12239512520245631,0.05977869279658213,0.05200620656488101,0.05009785058053585,-5.597604924643951e-05,0.24484622645415904,0,30,autocorrelated
-0.04463047814681361,0.061982617725689346,0.07938536994948166,0.4774634177192293,-0.17159611496328017,0.08233515866965294,0,30,autocorrelated
-0.06910657520610118,0.08987514302106801,0.07788737400665342,0.44837996591934937,-0.2532074600403259,0.11499430962812353,0,30,autocorrelated
0.08712760438012453,0.0753568640182133,0.07176093512919982,0.2573695891440966,-0.06723393405807666,0.24148914281832573,0,30,autocorrelated
-0.0184538149442834,0.057960131242203144,0.050934375090733,0.7525533272606975,-0.13717976172020196,0.10027213183163518,0,30,autocorrelated
0.03634989602539121,0.07913079866947004,0.06444900946437881,0.6495189062040252,-0.1257421971051128,0.19844198915589523,0,30,autocorrelated
-0.05859661260334481,0.08792666504164953,0.06902772761720201,0.5105931245831733,-0.23870622122889792,0.1215129960222083,0,30,autocorrelated
-0.008873251359450433,0.09161084624119742,0.09005624267924918,0.9235290714134368,-0.19652956306582522,0.17878306034692434,0,30,autocorrelated
0.02328977319178062,0.05159896825834143,0.05157366605986903,0.6552058462364672,-0.08240592189787206,0.1289854682814333,0,30,autocorrelated
0.017785811221656764,0.07338042965675234,0.07897226175962677,0.8102537841941401,-0.13252718495523827,0.1680988073985518,0,30,autocorrelated
0.04442831391087193,0.053392711303356405,0.05168617085653849,0.41239086987461315,-0.06494169724273498,0.15379832506447882,0,30,autocorrelated
0.030502927676018796,0.09828171287142949,0.09536690799799552,0.7585840177729674,-0.17081803487768693,0.23182389022972455,0,30,autocorrelated
0.05305555775151044,0.05738045466274325,0.04712547969938957,0.363060214474179,-0.06448297537911105,0.17059409088213193,0,30,autocorrelated
-0.05847083602024933,0.07466348949218207,0.06419778220391358,0.44012772649802123,-0.21141206112738925,0.0944703890868906,0,30,autocorrelated
-0.020090916655753563,0.09211258452690012,0.08730940638282242,0.8289232079302151,-0.20877499264987387,0.16859315933836672,0,30,autocorrelated
0.11941237090959353,0.0730993456654389,0.055606805859223785,0.11354666906389523,-0.03032485081205072,0.2691495926312378,0,30,autocorrelated
0.05362460518203487,0.04329233548351368,0.03416697139644319,0.22575454034192008,-0.03505572400739022,0.14230493437145997,0,30,autocorrelated
-0.023247571784666063,0.07976844267923765,0.08406833017861197,0.7728643988540181,-0.186645819458701,0.14015067588936891,0,30,autocorrelated
-0.007426621747466052,0.06740274659170456,0.039454883685042456,0.9130503730093087,-0.14549488924252874,0.13064164574759662,0,30,autocorrelated
-0.04828878440897451,0.044960819538813764,0.03721185261549546,0.29198299766833546,-0.14038684825324776,0.04380927943529876,0,30,autocorrelated
0.00010200866065908885,0.037060155644072876,0.0347797888307325,0.997823330490299,-0.07581227883670312,0.07601629615802129,0,30,autocorrelated
0.01832563186200976,0.0606581162823899,0.04643253554913642,0.7647983443475284,-0.10592688673868408,0.1425781504627036,0,30,autocorrelated
0.0018250369890258633,0.05523294450440374,0.0618851847101837,0.973875084961726,-0.11131452099617514,0.11496459497422687,0,30,autocorrelated
0.04846780211773239,0.0937255278004819,0.06192577314295588,0.6091301973074119,-0.14352023839730343,0.2404558426327682,0,30,autocorrelated
0.007565628070590011,0.05915361553758355,0.048614034569495396,0.8991438846837428,-0.11360506045960625,0.12873631660078627,0,30,autocorrelated
0.09590212234041572,0.05420302366022597,0.04786648797687165,0.08773391161317619,-0.015127738432087742,0.20693198311291916,0,30,autocorrelated
-0.06004941607813373,0.05823416919291217,0.05921403063137628,0.31128570860695054,-0.1793367041494076,0.05923787199314014,0,30,autocorrelated
0.05015137440881802,0.08003350871704429,0.06842381947264488,0.5359780266819314,-0.11378983643010741,0.21409258524774344,0,30,autocorrelated
-0.025719482944591525,0.10040034817150964,0.10688042358650773,0.79969289502642,-0.23138027317784096,0.1799413072886579,0,30,autocorrelated
0.034941362733468394,0.062174903211171084,0.05725859695019242,0.578597669252738,-0.0924181530447225,0.1623008785116593,0,30,autocorrelated
0.07807139838642953,0.07619377781100069,0.07598167761703317,0.31430316195010716,-0.07800448024198427,0.23414727701484334,0,30,autocorrelated
-0.03388860590957544,0.07962163090184037,0.05868207058371527,0.6736380570035485,-0.19698612329029014,0.12920891147113928,0,30,autocorrelated
0.1637268928051856,0.09440636164633856,0.08042399212848388,0.0938672463513543,-0.029655772622078913,0.3571095582324501,0,30,autocorrelated
0.10433441808510058,0.08719341924090968,0.07045680570937954,0.24150198123817662,-0.07427320460552564,0.2829420407757268,0,30,autocorrelated
0.1482426277905704,0.0607587704612104,0.05506290587415647,0.02128155952982216,0.023783928451129102,0.2727013271300117,1,30,autocorrelated
-0.02953074082137702,0.07959338951832227,0.05086987563500043,0.7134151030912148,-0.1925704083503991,0.13350892670764505,0,30,autocorrelated
0.02671359417042834,0.03946342026391967,0.03788033014949661,0.5040109962771955,-0.05412355773785187,0.10755074607870854,0,30,autocorrelated
-0.0539639952192309,0.07219589284019833,0.05668922877570479,0.46101382978109695,-0.20185057772137727,0.09392258728291547,0,30,autocorrelated
-0.022911597895578072,0.056105114621296484,0.054099268091522386,0.6861089657585437,-0.13783771537708256,0.09201451958592641,0,30,autocorrelated
0.061447249643227744,0.06453454438049691,0.05857392018462291,0.34916327270841585,-0.07074577195828426,0.19364027124473976,0,30,autocorrelated
-0.010061720556980933,0.046303535569545466,0.03313414733022937,0.8295508797726127,-0.10491021350800797,0.08478677239404611,0,30,autocorrelated
0.12065577515116058,0.07793780642650991,0.08498003897854774,0.13282718398543475,-0.038992584148757586,0.2803041344510787,0,30,autocorrelated
0.039914614626848276,0.0795147942925394,0.07053125509486968,0.6196082567034424,-0.12296405788036913,0.2027932871340657,0,30,autocorrelated
0.0009903666654018303,0.050757995888422475,0.03645924544129113,0.9845714090909345,-0.10298267461565641,0.10496340794646006,0,30,autocorrelated
0.08294918927031592,0.0689133194862078,0.05204496681120415,0.23879344336260433,-0.0582133465300495,0.22411172507068133,0,30,autocorrelated
0.033921210674072465,0.07329411567811871,0.06914895528820766,0.6470777902843092,-0.11621497933255265,0.1840574006806976,0,30,autocorrelated
0.17484572959511882,0.07961860684860977,0.07861709782585737,0.0365368418449282,0.011754406706638826,0.33793705248359884,1,30,autocorrelated
0.008878174793907508,0.07594186187643708,0.07098819671304658,0.9077678752697964,-0.14668167743501417,0.1644380270228292,0,30,autocorrelated
0.17733526732795207,0.07161461939555391,0.07596801112631968,0.019588436670927953,0.03063936950115123,0.32403116515475294,1,30,autocorrelated
0.012042417546384111,0.0843803386892264,0.07319288863552918,0.8875365959587942,-0.16080287085172879,0.184887705944497,0,30,autocorrelated
-0.052053230471012485,0.04746309971358423,0.03361836291512759,0.28211139510106087,-0.14927698289605823,0.045170521954033246,0,30,autocorrelated
-0.05048179565152097,0.07710062554929031,0.06431106157213633,0.5179703228342014,-0.2084152676635681,0.10745167636052616,0,30,autocorrelated
0.02428700250467229,0.0914626377531141,0.08440107959114584,0.7925387528559331,-0.16306571787623797,0.21163972288558253,0,30,autocorrelated
-0.05042990726387765,0.05032576744951159,0.04272875639502887,0.32489191721706423,-0.1535175687237838,0.052657754196028514,0,30,autocorrelated
-0.08008841122478742,0.08270122435845965,0.06962628493078372,0.3411324650521108,-0.24949418983586696,0.08931736738629213,0,30,autocorrelated
0.05517210020401159,0.06706781543377617,0.061901754338302674,0.41766857226893317,-0.08221009191514081,0.19255429232316398,0,30,autocorrelated
-0.03910369969117264,0.07463953232879388,0.07070721396377401,0.6044702511939712,-0.19199585077373102,0.11378845139138574,0,30,autocorrelated
-0.06456233605499534,0.09450461162848253,0.07874883526945158,0.5001162645222925,-0.25814625744736486,0.12902158533737415,0,30,autocorrelated
-0.0898836917662489,0.0679384352697272,0.07079721511868396,0.19653322813238627,-0.229049267775152,0.049281884242654214,0,30,autocorrelated
0.056727028587487266,0.07780706201402196,0.05713037419371159,0.4720118919607622,-0.10265351292414077,0.2161075700991153,0,30,autocorrelated
0.08030362237526412,0.046180993485315666,0.045531049152724684,0.0930398799675386,-0.014293854495256136,0.17490109924578437,0,30,autocorrelated
0.10482832108324404,0.056083447289350864,0.04084242009786539,0.07209533967039972,-0.010053412880759394,0.21971005504724747,0,30,autocorrelated
0.09080129750096637,0.08544638574765631,0.09894616795941498,0.2970114562306517,-0.08422768930512418,0.2658302843070569,0,30,autocorrelated
0.14148381169451021,0.07605356745053472,0.06073052606680067,0.07337450113008663,-0.014304859030171424,0.29727248241919185,0,30,autocorrelated
0.0607701231094771,0.0727880269354617,0.05744237371140562,0.41084595009352864,-0.08832939110230723,0.20986963732126143,0,30,autocorrelated
0.05509059498411514,0.053815802941967854,0.03584146951364474,0.3147460673731899,-0.05514608010365732,0.1653272700718876,0,30,autocorrelated
-0.038957627157733,0.07742353271191597,0.058403030564689366,0.6187763315279946,-0.19755254450783938,0.11963729019237339,0,30,autocorrelated
0.15459489749117078,0.10544797220841846,0.10822402781436705,0.15376854224105668,-0.06140548186838002,0.3705952768507216,0,30,autocorrelated
0.004142911177444739,0.0503199440482395,0.046886594062172667,0.9349689391740461,-0.09893282158570614,0.10721864394059562,0,30,autocorrelated
-0.03589228076951235,0.043729558824324055,0.029750206430478543,0.41870586355492334,-0.125468221372813,0.05368365983378829,0,30,autocorrelated
-0.0022514120231118375,0.06662683219596978,0.07967102814794517,0.9732832592104628,-0.13873029092852962,0.13422746688230597,0,30,autocorrelated
0.020043826339533513,0.07639511856013445,0.057253719800265404,0.7949565658089747,-0.13644448011734028,0.17653213279640734,0,30,autocorrelated
0.08326748598774222,0.05205448413595763,0.049895815931574494,0.12090705249247254,-0.023361291078820623,0.18989626305430507,0,30,autocorrelated
0.02595926768905616,0.06466152459773754,0.06440279295346957,0.6911263240843262,-0.10649386109631825,0.15841239647443056,0,30,autocorrelated
0.023049406091071686,0.06814238322359868,0.05535699498292551,0.7376953444447764,-0.11653393836309629,0.16263275054523968,0,30,autocorrelated
-0.08102717882314474,0.06569151793854124,0.048537665317001,0.2276626248833843,-0.21559015332382298,0.05353579567753351,0,30,autocorrelated
-0.020311293059770287,0.09303689428967794,0.07795304741707283,0.8287675265629266,-0.21088873177319575,0.1702661456536552,0,30,autocorrelated
0.04852430374866441,0.08645881868251135,0.07154032699334763,0.579097268608022,-0.12857855791177192,0.22562716540910072,0,30,autocorrelated
0.10305088717620783,0.08720592744315628,0.0937352273616551,0.24726573813171013,-0.07558235740523137,0.28168413175764706,0,30,autocorrelated
-0.010165306478862976,0.10595987664098909,0.09222271014340623,0.9242552000347344,-0.2272142745340081,0.20688366157628213,0,30,autocorrelated
-0.0035641202193614115,0.06970855916852058,0.06826131649885538,0.9595858399310955,-0.14635563066441531,0.13922739022569247,0,30,autocorrelated
0.03260135739215541,0.04661101771761295,0.04066940436808436,0.49005070906985715,-0.06287698418694762,0.12807969897125843,0,30,autocorrelated
0.05765783776719005,0.08050292245413233,0.06406850760862687,0.47978662925874904,-0.10724492352324333,0.22256059905762343,0,30,autocorrelated
-0.04297661687788066,0.05822414574964107,0.0475452459696712,0.4665812163292674,-0.16224337285637264,0.0762901391006113,0,30,autocorrelated
-0.01567475381556014,0.06480263175788252,0.06316095741484394,0.810632461903525,-0.14841692751553398,0.11706741988441371,0,30,autocorrelated
0.018056906848078272,0.07109481820286292,0.07559917020668966,0.8013642188583748,-0.12757422650330064,0.1636880401994572,0,30,autocorrelated
0.11323759905730604,0.11455546550588735,0.08105535089204988,0.33137557042573096,-0.12141863461663235,0.3478938327312444,0,30,autocorrelated
-0.02874163083497869,0.0760322485447788,0.057656223145032395,0.7082672381202053,-0.18448663176085464,0.12700337009089727,0,30,autocorrelated
-0.05876878300484298,0.07425030329230199,0.060724711206427785,0.4353089666483918,-0.2108636345492573,0.09332606853957134,0,30,autocorrelated
0.07634403638233124,0.06577780670242647,0.0387757255381568,0.2555905637482919,-0.05839569263854623,0.21108376540320872,0,30,autocorrelated
-0.011846105023603119,0.08352523899310546,0.07670535858102616,0.8882324921582143,-0.18293980109723496,0.15924759105002873,0,30,autocorrelated
0.09079191047846846,0.06929148908551534,0.08245744321420559,0.20074543929364094,-0.05114527062992838,0.2327290915868653,0,30,autocorrelated
0.17591575848257365,0.08266806947597131,0.08306858651834251,0.04227852733169819,0.0065778945695685875,0.3452536223955787,1,30,autocorrelated
-0.03588018425263761,0.06049957480082514,0.06881020435897717,0.5578979605990175,-0.1598079453502234,0.08804757684494818,0,30,autocorrelated
-0.04222030422982756,0.07181668325426432,0.07526457162642909,0.561318182395864,-0.1893301111079095,0.10488950264825439,0,30,autocorrelated
-0.026040466476125398,0.07141351073758305,0.05612048936523713,0.7181172467385666,-0.17232441189166187,0.12024347893941106,0,30,autocorrelated
0.17145508579311192,0.06585522860125165,0.060551517949801036,0.01459563079209303,0.03655676520174961,0.3063534063844742,1,30,autocorrelated
0.01861079980131443,0.07983422607822818,0.05875628747996079,0.8173655330279989,-0.1449221990570243,0.18214379865965313,0,30,autocorrelated
-0.050981676653519506,0.059317476273182075,0.053975069280053016,0.3973794426654411,-0.1724880186847756,0.07052466537773659,0,30,autocorrelated
-0.019628476324242333,0.08805973136697183,0.07693390839618516,0.8252317633055823,-0.2000106589609181,0.16075370631243344,0,30,autocorrelated
0.33628696689227466,0.1015984547837096,0.09197984267187248,0.0025740435471485715,0.12817196651796273,0.5444019672665866,1,30,autocorrelated
-0.030553097824381002,0.061751698444445974,0.048365141062646604,0.6246202477392068,-0.1570457179359704,0.0959395222872084,0,30,autocorrelated
0.07667526707421515,0.06963892673546916,0.060984272554228926,0.28025463408474954,-0.06597360779767564,0.21932414194610594,0,30,autocorrelated
-0.0592204328831976,0.09868365729487563,0.09810500026935806,0.5532633522881681,-0.26136474126449516,0.14292387549809998,0,30,autocorrelated
0.08048871518031232,0.08236064557725227,0.06108685735545564,0.33680327873632787,-0.08821941942299812,0.24919684978362278,0,30,autocorrelated
0.04766024731041056,0.07653518501630159,0.07600712792700678,0.5385054558274417,-0.10911497227560198,0.2044354668964231,0,30,autocorrelated
0.10782857101722092,0.06046010756330969,0.050008547494340694,0.08535459211967229,-0.0160183451091713,0.23167548714361313,0,30,autocorrelated
0.11971703523524187,0.051464496667512516,0.04668340891525799,0.02747018171184127,0.014296792712611694,0.22513727775787204,1,30,autocorrelated
0.002019783868215455,0.05822938683173086,0.04137900251720084,0.972575687573003,-0.11725770798025997,0.12129727571669088,0,30,autocorrelated
0.17440658463168718,0.07937546574447865,0.075512500632855,0.03644265737866066,0.011813313717373347,0.336999855546001,1,30,autocorrelated
-0.05614165095848539,0.05675644478482824,0.0498847633387209,0.3310524966528857,-0.17240195779863499,0.06011865588166421,0,30,autocorrelated
0.03549292698702815,0.06726488879344865,0.05895576962020833,0.6018927606859648,-0.10229295160953493,0.1732788055835912,0,30,autocorrelated
-0.029975594443593476,0.05780094608828433,0.051389982314633695,0.6081139844182959,-0.14837546521335698,0.08842427632617002,0,30,autocorrelated
0.06466553426042235,0.13876111600918503,0.08019397272130878,0.6448058562361514,-0.21957372677627066,0.3489047952971154,0,30,autocorrelated
0.049253345376681294,0.07970613067175505,0.05991895912911795,0.5416109999279194,-0.1140172619362067,0.2125239526895693,0,30,autocorrelated
-0.02723190951514843,0.07110903974584484,0.06603953164470125,0.7046415038164504,-0.17289217437673887,0.11842835534644203,0,30,autocorrelated
0.037665282544031384,0.06149663795025165,0.062101936669824796,0.5451646515192361,-0.08830486982966053,0.1636354349177233,0,30,autocorrelated
0.008409411016719884,0.0654622952088909,0.05049345858680381,0.8987017167698776,-0.12568402200748083,0.1425028440409206,0,30,autocorrelated
0.059089518791660016,0.07403037674349087,0.06792502260789081,0.4314844026048611,-0.09255483363949923,0.21073387122281928,0,30,autocorrelated
0.008634907541536303,0.06404520266152329,0.04622198417631594,0.8937146102108818,-0.12255574298805179,0.1398255580711244,0,30,autocorrelated
-0.05412238780767192,0.06319055246851797,0.051539839436194834,0.3989951050557665,-0.18356236677817123,0.07531759116282738,0,30,autocorrelated
0.12518887947514953,0.05713097581765884,0.04175845896496788,0.03691597729472069,0.008161380592525788,0.24221637835777327,1,30,autocorrelated
0.002951568370555803,0.07020915041672747,0.047161432737836496,0.966765441686561,-0.1408653567624453,0.1467684935035569,0,30,autocorrelated
-0.008321859541600701,0.07131249140423632,0.06653589065285347,0.9079342200434589,-0.15439887623325033,0.13775515715004893,0,30,autocorrelated
-0.0050543935363787165,0.06780094093828266,0.06179672610938476,0.9411047658940324,-0.14393832517479446,0.13382953810203704,0,30,autocorrelated
-0.01925593175258472,0.07341995453438363,0.06439980134910199,0.7950324361583258,-0.16964989097109825,0.1311380274659288,0,30,autocorrelated
0.0170929079638707,0.08006611480874856,0.05505440775560772,0.8324956314569245,-0.14691509342616782,0.1811009093539092,0,30,autocorrelated
-0.03946638658696922,0.05993658538969715,0.045474606300135056,0.5156151301585091,-0.16224091615404534,0.08330814298010691,0,30,autocorrelated
0.051459377638872414,0.0657936591395984,0.050474567480071585,0.4407009805923088,-0.08331282362752289,0.1862315789052677,0,30,autocorrelated
-0.09717086246405243,0.0729670088507272,0.055252399458473524,0.19369573652350763,-0.2466370045093188,0.05229527958121394,0,30,autocorrelated
0.013802215197481114,0.060031258660512905,0.06732423097626253,0.8198275702512925,-0.10916624377367112,0.13677067416863334,0,30,autocorrelated
-0.09545848140053716,0.03860555380128262,0.048434101446872845,0.019749434051745625,-0.174538373520045,-0.01637858928102931,1,30,autocorrelated
0.05797546892111534,0.09590481232341057,0.09177456701559698,0.5503718763044556,-0.13847663357469142,0.25442757141692207,0,30,autocorrelated
-0.03870845349521103,0.04677266977361247,0.022520005551726962,0.41490249504735177,-0.13451792430030934,0.0571010173098873,0,30,autocorrelated
0.14590250536758143,0.10446807417241454,0.07574045425406033,0.1735002008206869,-0.06809064385678779,0.3598956545919506,0,30,autocorrelated
-0.08823050645435607,0.046202212951943204,0.0492384488934019,0.06647138630386977,-0.18287144943186123,0.006410436523149113,0,30,autocorrelated
0.17308927606871286,0.07309099261840515,0.06430177159767851,0.025017789182815907,0.023369164788268282,0.32280938734915743,1,30,autocorrelated
0.03929701486257665,0.07053932073782385,0.046290322323104476,0.5818896674934899,-0.1051962335141671,0.18379026323932038,0,30,autocorrelated
-0.05479394838599055,0.06753595453731695,0.06646026482566293,0.4240196463483388,-0.19313507998818952,0.08354718321620841,0,30,autocorrelated
-0.04497310656104715,0.05407794265088129,0.04578590769643412,0.4126514780412619,-0.15574675050070602,0.06580053737861172,0,30,autocorrelated
-0.15810044480278282,0.07050148765905674,0.0553518900148336,0.033029298140772774,-0.3025161956307839,-0.013684693974781725,1,30,autocorrelated
0.08620965266000905,0.12142704718559448,0.08453606912990211,0.4835936231626391,-0.16252237800207078,0.33494168332208885,0,30,autocorrelated
0.10195854337146384,0.09096418232375589,0.07433176984898306,0.2718671663302449,-0.08437313734808241,0.2882902240910101,0,30,autocorrelated
-0.03227906236428034,0.06429372935522454,0.05248479603910537,0.6195534361980111,-0.16397879674817284,0.09942067201961215,0,30,autocorrelated
0.05251983144732131,0.0713772958367575,0.06347747537864572,0.467968465939807,-0.09368993110672472,0.19872959400136733,0,30,autocorrelated
0.0471590389547403,0.07399192754904856,0.06813375321030633,0.5290719794788141,-0.10440655387192704,0.19872463178140765,0,30,autocorrelated
0.06461154592048082,0.05784103341364438,0.050710892359281654,0.2734653076365253,-0.053870440012845675,0.18309353185380733,0,30,autocorrelated
-0.09913537533618094,0.07424972065155212,0.07958714672678424,0.19257775287122678,-0.25122903339512215,0.052958282722760264,0,30,autocorrelated
0.028709235994639606,0.0920086428746669,0.08313070320383979,0.7573313331577544,-0.15976192517671617,0.21718039716599535,0,30,autocorrelated
-0.02853983258466873,0.08140592644810618,0.06727335399705059,0.7285223871587749,-0.19529231370542777,0.13821264853609033,0,30,autocorrelated
0.1445940163485338,0.061676461961834204,0.053306784999839214,0.02638059606861937,0.0182555111852499,0.2709325215118177,1,30,autocorrelated
0.0705060127797291,0.06064718231237374,0.04930872585654526,0.2548211372185337,-0.053724108598695475,0.19473613415815366,0,30,autocorrelated
-0.056209741636231284,0.07037207025206628,0.07554823199747092,0.43115842096247126,-0.2003603929234805,0.08794090965101793,0,30,autocorrelated
0.13701279834630598,0.07594117123776094,0.07556824981452268,0.08196901288611141,-0.018545639173419115,0.29257123586603107,0,30,autocorrelated
-0.07159504352678141,0.07845576217128497,0.06294603895136461,0.36926843271147414,-0.2323043870734307,0.08911430001986788,0,30,autocorrelated
0.09128942794800379,0.05958770295811305,0.05126090458080191,0.1367398497365962,-0.03077044835456856,0.21334930425057613,0,30,autocorrelated
0.008541695883327871,0.08227980093576434,0.09875532666307793,0.9180579377117253,-0.16000083597898282,0.17708422774563856,0,30,autocorrelated
0.09291920140455898,0.06876837708267425,0.0572325768117882,0.1874519137479274,-0.04794643334125934,0.2337848361503773,0,30,autocorrelated
0.0169207424060989,0.053604226735440894,0.03819763071177721,0.7546010044725129,-0.09288253846918978,0.1267240232813876,0,30,autocorrelated
0.11978097460433976,0.11641734953777998,0.08907689581081345,0.31233656811387084,-0.118689155617722,0.35825110482640155,0,30,autocorrelated
-0.05284246140773808,0.04496163807989018,0.04390994244606263,0.24978079716499102,-0.14494220195739813,0.03925727914192197,0,30,autocorrelated
-0.026439356554288806,0.054985631216569554,0.05150756397411294,0.6343654247952197,-0.1390723162344294,0.08619360312585178,0,30,autocorrelated
0.13654973608790746,0.062100540035109064,0.06578748574939466,0.036315727758338495,0.009342546370648575,0.26375692580516635,1,30,autocorrelated
0.11484748851600249,0.06430192918750383,0.07227724556048341,0.08492360419958687,-0.016869042462892392,0.24656401949489737,0,30,autocorrelated
0.0252780475299202,0.06200664262912024,0.05854490722798285,0.6866186554733091,-0.10173680207031514,0.15229289713015554,0,30,autocorrelated
0.12313721709193015,0.05901716363210896,0.05815123020714711,0.04616342006589034,0.0022460376194196052,0.2440283965644407,1,30,autocorrelated
-0.04540664522537151,0.06446499323044046,0.0614320096355049,0.4870253109794306,-0.17745719775438779,0.08664390730364478,0,30,autocorrelated
-0.055164448585359085,0.06289756276787035,0.049733280204421096,0.38792155562736264,-0.18400426536057934,0.07367536818986119,0,30,autocorrelated
0.21561921935136744,0.07976631382332394,0.0895265127865539,0.011542265705600244,0.05222533244098998,0.3790131062617449,1,30,autocorrelated
0.01265792210996786,0.06831746621042899,0.0582911560196388,0.8543443297262283,-0.12728406358483016,0.15259990780476587,0,30,autocorrelated
0.06193610522889771,0.05660843794105059,0.05141413285271065,0.28322818661954957,-0.05402102333542318,0.17789323379321859,0,30,autocorrelated
-0.021508397748212525,0.06270387500152792,0.05766418437596004,0.73414886944735,-0.1499514631195786,0.10693466762315354,0,30,autocorrelated
0.019815338982137245,0.06664578790026932,0.059480863913404416,0.7684145132339788,-0.11670236892334548,0.15633304688761998,0,30,autocorrelated
-0.07227611167194875,0.03925254151848514,0.035326041345061086,0.07619418224232058,-0.15268129805202804,0.00812907470813054,0,30,autocorrelated
-0.05308309051566239,0.09095803565989678,0.07380978312654811,0.5641615899977245,-0.23940218036506145,0.13323599933373664,0,30,autocorrelated
0.059945900397979965,0.08473976065850237,0.05827825340375794,0.4851574334057668,-0.11363563052891597,0.2335274313248759,0,30,autocorrelated
0.02740075525572339,0.041073170059192816,0.038669716204360584,0.5101560281962637,-0.05673381962969777,0.11153533014114454,0,30,autocorrelated
-0.04205768132404132,0.05096861653464635,0.04795611651596687,0.41625121343520544,-0.14646215944103408,0.06234679679295142,0,30,autocorrelated
0.0630963053345664,0.07711754111198975,0.08620629609518438,0.42016110297436293,-0.09487181663692176,0.22106442730605455,0,30,autocorrelated
-0.009669492219195268,0.07412368298846136,0.07610416872917672,0.8971425126203202,-0.16150497382892617,0.14216598939053562,0,30,autocorrelated
0.011213352024365367,0.08333730049951077,0.08412848892911076,0.8939272142577859,-0.15949536949676885,0.1819220735454996,0,30,autocorrelated
-0.0007838343774039247,0.05657724147241246,0.05420106110073616,0.9890445201538519,-0.11667705987256767,0.11510939111775982,0,30,autocorrelated
0.061586924778791664,0.10271559008081392,0.08671986399583596,0.5536029775756428,-0.14881642351646032,0.27199027307404366,0,30,autocorrelated
0.01922804235449699,0.07630243910702503,0.09415668282451208,0.8028833638191696,-0.1370704188487298,0.17552650355772378,0,30,autocorrelated
0.04828214892353272,0.05316453433225225,0.042023202072787175,0.37154189265995097,-0.06062046289287125,0.1571847607399367,0,30,autocorrelated
0.09184994148562138,0.060634061150850425,0.059445206974890384,0.14102523645509246,-0.03235330241183018,0.21605318538307294,0,30,autocorrelated
-0.05448159658970881,0.06498383857716188,0.06430732593418399,0.40891382095085205,-0.18759495563243647,0.07863176245301887,0,30,autocorrelated
0.0412782647024556,0.07922228927936038,0.08199582407122777,0.6064331120414487,-0.121001238446755,0.2035577678516662,0,30,autocorrelated
-0.0746475297497939,0.08440939715994694,0.08279109096112963,0.3840379199770607,-0.24755234172686041,0.0982572822272726,0,30,autocorrelated
0.02986792327863913,0.06392188335794148,0.056106135207671486,0.6439322478800197,-0.10107011910877076,0.16080596566604902,0,30,autocorrelated
0.22594942912814792,0.06721635568661859,0.04571709557503354,0.0022552325459293775,0.08826296609422904,0.3636358921620668,1,30,autocorrelated
-0.06787765258066847,0.058294297936441884,0.06177049042717918,0.2540890789203527,-0.18728810879961577,0.05153280363827885,0,30,autocorrelated
0.04191342290337262,0.07257740819172782,0.05941360898770774,0.5682172296864216,-0.1067546583695513,0.19058150417629655,0,30,autocorrelated
-0.04421097345010001,0.07226173677382466,0.04913453062467485,0.5455950044904945,-0.19223243113613048,0.10381048423593044,0,30,autocorrelated
0.03368060396287124,0.06973516472512346,0.07425656455332441,0.6328658465521003,-0.10916540549433945,0.1765266134200819,0,30,autocorrelated
-0.04685233564809621,0.08112048761319741,0.07071937086463342,0.5681738138206673,-0.21302012182088242,0.11931545052469,0,30,autocorrelated
0.002042071515969572,0.05805917267062876,0.05725226292783113,0.9721919441052049,-0.11688675242926963,0.12097089546120879,0,30,autocorrelated
-0.0015387334222859428,0.058397814494169434,0.05303369439251545,0.9791657436904769,-0.12116123369737643,0.11808376685280454,0,30,autocorrelated
-0.08279426084950861,0.09082432813185827,0.08498363502985581,0.3697682006810057,-0.2688394632435618,0.10325094154454456,0,30,autocorrelated
0.06517262283494027,0.07555092726957138,0.06596979481478231,0.3956686116329633,-0.0895864361533028,0.21993168182318334,0,30,autocorrelated
0.06056350566974998,0.062129133496604136,0.05028778620497049,0.33800628682883294,-0.06670225509824405,0.187829266437744,0,30,autocorrelated
0.00950024832410707,0.06705150680484016,0.05138090819385299,0.8883427018953541,-0.12784853708305993,0.14684903373127406,0,30,autocorrelated
0.02657971614040503,0.0900286784217277,0.06301248261954857,0.7699917418522064,-0.15783567170504936,0.2109951039858594,0,30,autocorrelated
0.07121789286663154,0.08009280978353847,0.05802331490149615,0.3814758300633153,-0.09284479070041667,0.23528057643367972,0,30,autocorrelated
0.05869030083081873,0.0839161242995143,0.0631585880965837,0.4900766449919173,-0.1132040874960838,0.23058468915772123,0,30,autocorrelated
0.03515572393024437,0.052865588155557676,0.04528130045676184,0.5114898509720943,-0.07313452440280604,0.14344597226329478,0,30,autocorrelated
0.05117634447783318,0.07117538507509287,0.03735215899425333,0.4780884145282315,-0.09461982263001367,0.19697251158568002,0,30,autocorrelated
0.04786242595492385,0.09786994287344597,0.07054064222178212,0.6286215758704501,-0.15261506399413544,0.24833991590398313,0,30,autocorrelated
0.04184125508315155,0.07307254921024027,0.06636624771835817,0.5714860546443383,-0.10784107658828905,0.19152358675459213,0,30,autocorrelated
0.0902711251814391,0.084553461455667,0.05981590806468309,0.2948099459218756,-0.08292878912785809,0.26347103949073625,0,30,autocorrelated
-0.1342306849231122,0.05680848550555507,0.06000353478363376,0.025314714090201612,-0.2505975923472628,-0.017863777498961578,1,30,autocorrelated
-0.032565052538094365,0.06861112431923164,0.056201032679920146,0.6387301635082753,-0.1731085696002098,0.10797846452402107,0,30,autocorrelated
-0.059955828555577816,0.10422178173837233,0.0947420436061122,0.5697021471938051,-0.27344447059908483,0.15353281348792922,0,30,autocorrelated
0.004999738912269909,0.06397981146649039,0.057421647753404435,0.9382680434514061,-0.12605696382640225,0.13605644165094205,0,30,autocorrelated
-0.048141381791065134,0.0648898706533041,0.06782663699398692,0.4643299030650081,-0.18106225626746286,0.08477949268533258,0,30,autocorrelated
-0.017432993783788882,0.08081854869150597,0.06204136327718441,0.8307810693466096,-0.18298228611299638,0.14811629854541863,0,30,autocorrelated
0.13423043115903538,0.07276075635221316,0.05188804487375903,0.07566677450379976,-0.014813221795261733,0.2832740841133325,0,30,autocorrelated
0.10469484424730338,0.06912668664234155,0.061041458014808064,0.1410980190270243,-0.03690475435951093,0.2462944428541177,0,30,autocorrelated
0.04022142007297977,0.08398702997291288,0.05857689580168857,0.6357283453783251,-0.1318182119417062,0.21226105208766574,0,30,autocorrelated
0.0351742308363885,0.04837510244030947,0.04025287642487164,0.47319197369966426,-0.06391767448741796,0.13426613616019495,0,30,autocorrelated
-0.07702579810795697,0.058732919529818316,0.044849574227369,0.20035560842078073,-0.19733472993132217,0.043283133715408234,0,30,autocorrelated
0.009258805812999649,0.12239856117443583,0.11202844688059461,0.9402396488630327,-0.2414632810421768,0.2599808926681761,0,30,autocorrelated
-0.011740573690453157,0.06312812437491683,0.061265252941749296,0.8538012001718043,-0.14105267450817122,0.11757152712726489,0,30,autocorrelated
0.027347201300350923,0.06837664188430485,0.07269126720084491,0.6922286368088415,-0.11271600026743495,0.1674104028681368,0,30,autocorrelated
-0.06792719526401539,0.07435412463280651,0.04842454728695441,0.3687463760550239,-0.22023471518378993,0.08438032465575915,0,30,autocorrelated
-0.0463410185156095,0.06919718697996717,0.06915577376097087,0.508537634972358,-0.18808503051751513,0.09540299348629612,0,30,autocorrelated
-0.013616523861802676,0.06444966183477288,0.0704045302232812,0.834203845977221,-0.14563567145043982,0.11840262372683447,0,30,autocorrelated
0.01750564550166565,0.06565491485337223,0.05666700511367026,0.7917070175573144,-0.11698235097794067,0.15199364198127197,0,30,autocorrelated
-0.002120511921686223,0.08553279075880893,0.09036950420849348,0.9803968774008974,-0.17732649136970868,0.17308546752633625,0,30,autocorrelated
-0.016471854247142703,0.07400010589314357,0.04416910280897123,0.825468587780299,-0.16805419965226231,0.1351104911579769,0,30,autocorrelated
0.051567775926999654,0.050886811135121134,0.05382498603766489,0.3195551223061302,-0.05266913142536822,0.15580468327936753,0,30,autocorrelated
-0.0006438560879477098,0.05341629729603774,0.04245224066397619,0.9904683653004949,-0.11006218095740938,0.10877446878151398,0,30,autocorrelated
-0.08126385287495776,0.07262861828782274,0.06551578833301387,0.27269202414861055,-0.2300368332744545,0.06750912752453901,0,30,autocorrelated
-0.05103054653705795,0.0497204480525688,0.039698463176031096,0.31351246815812417,-0.1528782674211993,0.05081717434708341,0,30,autocorrelated
0.025633742878551614,0.06543381005134641,0.04416721801296098,0.6982081475263984,-0.1084013409454998,0.15966882670260302,0,30,autocorrelated
0.059754816626387416,0.043749559465837515,0.04352553216773204,0.1828614242728255,-0.029862093433829867,0.1493717266866047,0,30,autocorrelated
0.07435233271314712,0.06374885753003348,0.049244917734480045,0.25331872343922096,-0.056231282332660976,0.2049359477589552,0,30,autocorrelated
0.047114567155788024,0.08458417209444256,0.11066068105368791,0.581943427184286,-0.1261482550453061,0.22037738935688214,0,30,autocorrelated
0.038699870565927275,0.08292123297286427,0.08879208530297676,0.6443210619618105,-0.13115657526215518,0.20855631639400973,0,30,autocorrelated
-0.001300139655106682,0.07145959825411849,0.06582342741816338,0.9856130784855572,-0.14767849106866193,0.1450782117584486,0,30,autocorrelated
0.18186168698793437,0.06026151916981733,0.05428198683713327,0.00537414847818693,0.05842156074504953,0.3053018132308192,1,30,autocorrelated
0.04796722001707751,0.06251572558355753,0.05183090732642208,0.44933560964001995,-0.0800904387427934,0.17602487877694842,0,30,autocorrelated
-0.02322302762708535,0.06259180282177092,0.042364833127402135,0.7134125636762909,-0.1514365235450406,0.1049904682908699,0,30,autocorrelated
0.04916539827217514,0.07133388068493896,0.05845769444114844,0.49635137647326344,-0.09695543237482362,0.1952862289191739,0,30,autocorrelated
0.017845680993417292,0.0639186321703694,0.04579447150710511,0.7821480627095391,-0.11308570163815063,0.14877706362498522,0,30,autocorrelated
0.029983347292981223,0.05918006096972189,0.05354428431892988,0.6163698186456924,-0.09124151224927507,0.15120820683523753,0,30,autocorrelated
-0.11133366451824242,0.08356128377616268,0.07514981921301063,0.19348488186310311,-0.2825011949829131,0.059833865946428255,0,30,autocorrelated
-0.03593978366929984,0.06037533404629016,0.05448123811053351,0.5564422548764374,-0.15961304911799418,0.08773348177939448,0,30,autocorrelated
0.048536937878183306,0.05398863330316378,0.049572393668292594,0.37630794628506004,-0.06205376415578194,0.15912763991214857,0,30,autocorrelated
-0.053995935542690554,0.07114053977603108,0.04312942466183207,0.4541928498847613,-0.19972072529108123,0.09172885420570012,0,30,autocorrelated
-0.014352714034125736,0.0759932326374643,0.08101967491338097,0.8515583485356243,-0.17001779449681503,0.14131236642856354,0,30,autocorrelated
-0.04621771865845918,0.056492597479989345,0.045918724886903295,0.42019684603270135,-0.16193755879503335,0.069502121478115,0,30,autocorrelated
0.04383501405600627,0.1057054173555727,0.08562885640285857,0.6815287425321327,-0.1726927177815958,0.26036274589360836,0,30,autocorrelated
0.09575166752914878,0.09138092808364501,0.06124356754900648,0.30367810754319113,-0.09143367818126726,0.2829370132395648,0,30,autocorrelated
0.03380739593029841,0.05265495198343833,0.047696411364711214,0.5260594194994129,-0.07405138376346232,0.14166617562405914,0,30,autocorrelated
0.08850558729781778,0.06043718822878592,0.06397025292079166,0.15421685182897202,-0.035294380700050754,0.21230555529568632,0,30,autocorrelated
-0.05371495089332392,0.06523676974527308,0.05980751334705508,0.41724749178983955,-0.1873464159471932,0.07991651416054535,0,30,autocorrelated
0.04426261270014571,0.07572177037223012,0.05259618527276654,0.5635359824623276,-0.11084640251970997,0.1993716279200014,0,30,autocorrelated
-0.02000918672574643,0.0658265887198739,0.052825491210751176,0.7633996534217473,-0.1548488411795544,0.11483046772806153,0,30,autocorrelated
-0.022618090784458134,0.05778731618012771,0.07681304776114536,0.6984626772373965,-0.1409900419530116,0.09575386038409534,0,30,autocorrelated
-0.0011719232781572195,0.06639668097244152,0.06831003502775403,0.9860429796647419,-0.1371793587736068,0.13483551221729237,0,30,autocorrelated
-0.005135058740106467,0.058014851231771886,0.05397576307250173,0.9300991397380951,-0.1239730943334566,0.11370297685324368,0,30,autocorrelated
-0.035951497963741544,0.07589822452169967,0.07514064148657244,0.6394004987047659,-0.19142196312357007,0.11951896719608697,0,30,autocorrelated
-0.09051531524505911,0.0770063656548759,0.05778420848989874,0.24972274841921593,-0.2482557046162029,0.06722507412608468,0,30,autocorrelated
-0.04046978856527387,0.051232574495492546,0.0515970258432525,0.4362117775107217,-0.14541496005439766,0.06447538292384994,0,30,autocorrelated
0.0447722118676086,0.05163422247390504,0.030564640909232693,0.3932557978504554,-0.060995698208982985,0.1505401219442002,0,30,autocorrelated
-0.002709103165906007,0.07011371535887395,0.06442024810670928,0.9694526241453105,-0.1463305384448223,0.1409123321130103,0,30,autocorrelated
-0.028312725853818325,0.07706921996491961,0.08116326175177893,0.7161071085236641,-0.18618186644254828,0.1295564147349116,0,30,autocorrelated
0.031948177845984804,0.0792579694149925,0.06320853140068432,0.6899427376234565,-0.13040441274787484,0.19430076843984445,0,30,autocorrelated
0.1327738066641942,0.07661079769278109,0.07551083078461478,0.09408051678079933,-0.0241562984683292,0.2897039117967176,0,30,autocorrelated
0.0034330568163618604,0.07290968877486775,0.058178056261945735,0.9627785902061909,-0.14591567037614578,0.1527817840088695,0,30,autocorrelated
0.03537064427780721,0.06877926668441557,0.0604160557983778,0.6111033414447808,-0.10551729680598934,0.17625858536160374,0,30,autocorrelated
0.0341212212386661,0.07349532028118372,0.06607335482514243,0.6460483388029692,-0.11642711771383948,0.18466956019117167,0,30,autocorrelated
-0.06203788422079426,0.0923660535058443,0.05122376426917716,0.5073091651499475,-0.25124116788160733,0.12716539944001884,0,30,autocorrelated
-0.05466486601541179,0.04886169958167529,0.04465478610497253,0.27274595026507903,-0.15475352039876916,0.04542378836794557,0,30,autocorrelated
0.1633127890388551,0.08952475204052045,0.10574191508888406,0.0788086025901838,-0.02007035240839533,0.34669593048610553,0,30,autocorrelated
-0.05875089552297391,0.08383800348181965,0.07164428795778119,0.48923151999169057,-0.23048526060898783,0.11298346956304,0,30,autocorrelated
-0.025830550541214532,0.07284076226000051,0.06895960104354355,0.7255337628374338,-0.17503808816840905,0.12337698708598,0,30,autocorrelated
-0.05465648320810456,0.07012574880716874,0.06215285127647085,0.44227845213454875,-0.19830256788844833,0.0889896014722392,0,30,autocorrelated
0.03615897456631336,0.05275856818756402,0.049310062639405274,0.49874782137057627,-0.07191205329998415,0.14423000243261086,0,30,autocorrelated
-0.05877721585728921,0.06676550008730839,0.0671089096485146,0.38616204742882887,-0.1955401430616627,0.07798571134708429,0,30,autocorrelated
-0.03641617549689649,0.04256821947633647,0.0334221892981123,0.3995480503851093,-0.12361322028573152,0.050780869291938535,0,30,autocorrelated
0.02030959226524816,0.07511079682478605,0.0635991100721957,0.7888394504107051,-0.13354790037657513,0.17416708490707147,0,30,autocorrelated
0.031531723994684166,0.062483322259610785,0.05977601132220878,0.6177587766076501,-0.09645955956499631,0.15952300755436466,0,30,autocorrelated
-0.013827615858729974,0.07508406382734698,0.07001800909020896,0.8552138264573981,-0.16763034843767746,0.13997511672021754,0,30,autocorrelated
0.13277586982245915,0.06442452563035783,0.06950111671440898,0.04870526138367992,0.0008082114144634112,0.2647435282304549,1,30,autocorrelated
-0.022875678737641528,0.0879162426174298,0.09288762851718523,0.7966145494978056,-0.20296393799498813,0.15721258051970505,0,30,autocorrelated
0.02574618925107271,0.07293574027750543,0.0583430125015181,0.7267334532444648,-0.12365590202549247,0.1751482805276379,0,30,autocorrelated
0.03714624971863581,0.0718934483190189,0.07003995895469212,0.6094334584080829,-0.11012080326632978,0.1844133027036014,0,30,autocorrelated
-0.0004192737112666909,0.047471722017796515,0.03682311091109455,0.9930157455326649,-0.09766068812583961,0.09682214070330622,0,30,autocorrelated
0.012401437201985055,0.08359483451819519,0.0634055592246386,0.8831284451747832,-0.15883481884227757,0.18363769324624768,0,30,autocorrelated
-0.01753955432465077,0.06918617451620854,0.05448790590159769,0.801724503347164,-0.15926100831714446,0.12418189966784293,0,30,autocorrelated
-0.02057937706655783,0.07548683325122628,0.04963120052483703,0.7871442585725962,-0.17520714540987645,0.1340483912767608,0,30,autocorrelated
-0.0711805530358687,0.05368675089981692,0.041226499329642424,0.19560506601310843,-0.18115287699883592,0.038791770927098526,0,30,autocorrelated
-0.059213606126084825,0.055566407073434125,0.04322890047749386,0.2956910744165211,-0.17303623121920905,0.0546090189670394,0,30,autocorrelated
-0.10771283337389734,0.05560299558700671,0.05627819411374102,0.06287205370861067,-0.22161040663953133,0.006184739891736651,0,30,autocorrelated
0.15286922913599707,0.10635893268356773,0.07433168288868855,0.16171602235718094,-0.06499716816674267,0.3707356264387368,0,30,autocorrelated
-0.06527773085928908,0.06408623332201983,0.06228588621546624,0.31711765319405527,-0.19655242888687086,0.06599696716829269,0,30,autocorrelated
-0.016065142556280804,0.07058044756818307,0.06373331490608512,0.8215997390019157,-0.16064263542605178,0.12851235031349018,0,30,autocorrelated
-0.036839657140413394,0.0700056939178886,0.06563451777951014,0.6028666857277629,-0.1802398205281483,0.1065605062473215,0,30,autocorrelated
-0.034070106798144095,0.07784905396725528,0.041221932218844376,0.6650023735783155,-0.19353666492667318,0.125396451330385,0,30,autocorrelated
0.04314643062964134,0.06939360905304648,0.06701017207608792,0.5391272883865805,-0.09899993374956619,0.18529279500884888,0,30,autocorrelated
-0.04061193144457617,0.061803627787523456,0.054739346140081,0.5164740581999778,-0.1672109239933942,0.08598706110424187,0,30,autocorrelated
0.10427573824902195,0.07575613335814452,0.058205377861270016,0.17958598203505832,-0.05090366635659421,0.2594551428546381,0,30,autocorrelated
0.032306374323621566,0.07059157424106383,0.06666183192118194,0.6507340962362373,-0.11229391050234275,0.1769066591495859,0,30,autocorrelated
0.04938873747716272,0.050223092186016026,0.04771191613478153,0.33383858811806655,-0.05348860323971342,0.15226607819403887,0,30,autocorrelated
-0.051673754510600814,0.07172718733242715,0.06189385992075937,0.47723770959246914,-0.19860023730322995,0.09525272828202834,0,30,autocorrelated
0.1335740801268036,0.06050839810699135,0.05610869672937536,0.03563987803243951,0.009628245305852698,0.2575199149477545,1,30,autocorrelated
0.05401572438198065,0.05118539120945556,0.045039592167614856,0.30031118327826456,-0.05083279652705163,0.15886424529101292,0,30,autocorrelated
-0.026432366737689512,0.08938269160448956,0.09650684348686876,0.769624978150657,-0.20952451057320773,0.15665977709782872,0,30,autocorrelated
0.052428589795303356,0.07108005420442794,0.04594779696613518,0.4668948930536828,-0.0931723008762399,0.1980294804668466,0,30,autocorrelated
0.0734433273489293,0.049748192365858104,0.04642471292169637,0.15102189580291614,-0.028461225184698083,0.17534787988255668,0,30,autocorrelated
0.035201977051305976,0.0737634588319054,0.0782373874359312,0.6369039009937145,-0.1158956188234885,0.18629957292610047,0,30,autocorrelated
-0.07602849247090344,0.07512236508295222,0.05762888952663997,0.3201746738087642,-0.22990968161537245,0.07785269667356558,0,30,autocorrelated
-0.0767380805777587,0.10416141828830883,0.1219830704686652,0.46741941884325533,-0.29010307369905225,0.13662691254353487,0,30,autocorrelated
0.0755209332198159,0.06059193330425056,0.074935302181012,0.2229499282420509,-0.048596015695792055,0.19963788213542386,0,30,autocorrelated
0.07520247981699925,0.08070887721275488,0.06078813455584774,0.35941826098356555,-0.09012216067188329,0.2405271203058818,0,30,autocorrelated
-0.010168168461905554,0.045200926240244806,0.04532649716012869,0.8236480708958751,-0.10275806858818307,0.08242173166437194,0,30,autocorrelated
0.09159475959680022,0.07122042884221436,0.06821521156945319,0.20895095079414133,-0.054293675485311665,0.2374831946789121,0,30,autocorrelated
-0.06974097494363411,0.06951482157692662,0.06391144407112206,0.3243305108951846,-0.21213563192243273,0.07265368203516452,0,30,autocorrelated
0.15384377778922342,0.1028880672782995,0.08758995814881225,0.14603471111918218,-0.05691287402915482,0.36460042960760164,0,30,autocorrelated
0.03807214579039919,0.07275171252359043,0.051092295030370084,0.6048715724854357,-0.11095298172075796,0.18709727330155634,0,30,autocorrelated
0.08674503294105332,0.07043603866323195,0.07079982405913178,0.22836337849549865,-0.057536651696476954,0.2310267175785836,0,30,autocorrelated
0.10642141198446856,0.09050410090860495,0.06272010703796832,0.24954677204671832,-0.07896783467847526,0.2918106586474124,0,30,autocorrelated
-0.07184970712969212,0.0734921225592091,0.07292127309341088,0.33661840915430985,-0.22239149584566742,0.07869208158628317,0,30,autocorrelated
-0.133805199777458,0.054176079760478175,0.04941773779657357,0.019878000367995925,-0.24477986847329025,-0.022830531081625735,1,30,autocorrelated
0.046892474036890154,0.07443054490518049,0.05680975315476262,0.5337918424662218,-0.10557158571459319,0.19935653378837348,0,30,autocorrelated
0.13436350751477874,0.10883556881496512,0.09602867676591725,0.227256997768882,-0.08857604892714355,0.35730306395670103,0,30,autocorrelated
0.05255256575388722,0.061532785691667875,0.05252452402946509,0.4003209997156205,-0.07349163191148145,0.1785967634192559,0,30,autocorrelated
0.006933880911217799,0.0703152783138504,0.06207961302113895,0.9221494830738757,-0.1371004373641936,0.1509681991866292,0,30,autocorrelated
-0.08443751802484058,0.06390769242563839,0.05093926810511107,0.197116537081262,-0.21534649160517205,0.04647145555549091,0,30,autocorrelated
-0.02555842293222211,0.062245935285132586,0.05583594233301154,0.6844883102664452,-0.15306344131801228,0.10194659545356807,0,30,autocorrelated
0.0066298689463266496,0.05253616779314633,0.04497393404801223,0.9004783818376717,-0.10098559236370758,0.11424533025636088,0,30,autocorrelated
0.038054579279129926,0.07960089723953923,0.072022177368205,0.6363138221924571,-0.12500046711965157,0.2011096256779114,0,30,autocorrelated
-0.136812713401253,0.0474179145589822,0.0352075918743876,0.007446156016410907,-0.23394390823290884,-0.03968151856959719,1,30,autocorrelated
0.038488147572286045,0.08934791682385969,0.07710002867375657,0.6699357014669263,-0.14453276335423557,0.22150905849880767,0,30,autocorrelated
0.11363168631913957,0.09393097708267485,0.09348405498895832,0.23649515630818335,-0.078777197972817,0.30604057061109613,0,30,autocorrelated
-0.02308397377294881,0.055963783609506254,0.053143163434584036,0.6831284957725123,-0.13772058780054502,0.09155264025464742,0,30,autocorrelated
0.01722097234987909,0.0699568892707728,0.06834049870468353,0.8073497944809405,-0.126079219250151,0.1605211639499092,0,30,autocorrelated
0.054023188716327934,0.08652990072341447,0.0794303586689941,0.5374653684926266,-0.12322527790434773,0.2312716553370036,0,30,autocorrelated
-0.01286774898541267,0.05560038727524599,0.03929450709232928,0.8186616004263012,-0.12675997936660796,0.10102448139578263,0,30,autocorrelated
0.02496636098877373,0.0551532865297979,0.04077684674077003,0.6542728425415898,-0.08801002503234373,0.13794274700989118,0,30,autocorrelated
0.11641349549228641,0.07513691768908565,0.04643953744775445,0.1325274273465346,-0.03749750331451804,0.2703244942990909,0,30,autocorrelated
0.022829906060457154,0.07003615364050442,0.05999454306356581,0.7468684587246055,-0.12063265124062109,0.1662924633615354,0,30,autocorrelated
-0.11854439325151975,0.07053101948758306,0.057899072716626615,0.10393720275342679,-0.2630206372879844,0.02593185078494492,0,30,autocorrelated
0.023046637830105965,0.0623170621877121,0.057296246646696976,0.714292726282149,-0.10460407741090186,0.1506973530711138,0,30,autocorrelated
0.08809422122825732,0.06181195021262572,0.04747372482907441,0.16515287881054241,-0.03852181903557726,0.21471026149209188,0,30,autocorrelated
-0.005992990927900614,0.06375657387344351,0.050974132233865724,0.9257801646992176,-0.13659241218665838,0.12460643033085714,0,30,autocorrelated
0.07280054706594924,0.08049255959495054,0.08747950194436048,0.3734795608740511,-0.09208098686972674,0.23768208100162522,0,30,autocorrelated
0.023753288470561462,0.07654460522241269,0.07225948497603497,0.7586160896319146,-0.13304122753292622,0.18054780447404914,0,30,autocorrelated
0.007225350170247061,0.08669348424770036,0.07529516936048912,0.9341713044711886,-0.17035820210985586,0.18480890245034998,0,30,autocorrelated
0.02523896905488933,0.050159782706228194,0.051509910175323956,0.618779184945528,-0.07750868807144608,0.12798662618122475,0,30,autocorrelated
0.027825959667555602,0.06938531821565756,0.07961424259020866,0.6914382416230931,-0.114303421701133,0.1699553410362442,0,30,autocorrelated
-0.0059399837102111115,0.08558223214570378,0.0527531904465755,0.9451591853109436,-0.18124723924824926,0.16936727182782702,0,30,autocorrelated
0.010924759038980592,0.1031243262017884,0.10870113386759189,0.9163870772165543,-0.20031584724558515,0.22216536532354636,0,30,autocorrelated
-0.01589286791166549,0.08679719082385054,0.0589840813716167,0.8560362531286803,-0.19368885348300557,0.16190311765967458,0,30,autocorrelated
-0.005817596685054114,0.06199937090974829,0.06198452359561615,0.925909933940639,-0.1328175508433948,0.12118235747328658,0,30,autocorrelated
-0.012238091180210717,0.06506837112687544,0.06476426494555913,0.8521700086723994,-0.1455246073014858,0.12104842494106438,0,30,autocorrelated
-0.022078543283628967,0.05200144716073216,0.05728477799522248,0.6743908662893496,-0.12859867903136074,0.08444159246410282,0,30,autocorrelated
0.01552614881854461,0.06533420144901635,0.07607203410626993,0.8138891345750202,-0.11830489603310965,0.14935719367019887,0,30,autocorrelated
-0.03725071703848345,0.06430634358642531,0.05688144354719212,0.5670388709338633,-0.16897629050365587,0.09447485642668896,0,30,autocorrelated
0.08149364379153815,0.08564041341727618,0.06988454862575424,0.34945294995134857,-0.09393279067870763,0.2569200782617839,0,30,autocorrelated
0.11768485381569284,0.09238312881460577,0.07184738650209738,0.21317953297621706,-0.07155340702953562,0.3069231146609213,0,30,autocorrelated
-0.009222204915009517,0.07973353445105145,0.08816682706207024,0.9087453151202072,-0.17254894632512047,0.15410453649510142,0,30,autocorrelated
0.05614042911683216,0.06479507536460567,0.06687530333605642,0.3936182947519141,-0.07658626601318717,0.18886712424685148,0,30,autocorrelated
0.053418585415134945,0.05613259193967762,0.040546585077229226,0.349417666329617,-0.06156381680157885,0.16840098763184874,0,30,autocorrelated
0.14671772363085894,0.08678384532991897,0.06937184806700662,0.10201544379599377,-0.031050924935400903,0.3244863721971188,0,30,autocorrelated
0.09930913800405257,0.05470044644514334,0.042822269629570885,0.08017042767535659,-0.012739647153567318,0.21135792316167246,0,30,autocorrelated
0.091352323641134,0.06191351685334828,0.05937494927669524,0.15124038140621596,-0.03547176645492482,0.21817641373719282,0,30,autocorrelated
-0.14919339215404326,0.07606964147215634,0.0725339637514506,0.0598607624671376,-0.305014989019412,0.006628204711325469,0,30,autocorrelated
-0.02270122412085688,0.057217812907608384,0.04822454946353086,0.6945589702069663,-0.139906600718706,0.09450415247699223,0,30,autocorrelated
0.06346967972941067,0.056751379333833826,0.033488763352548134,0.27290785463385225,-0.052780251004745565,0.1797196104635669,0,30,autocorrelated
0.17053642077211617,0.05742747468602228,0.06352117721428155,0.006055368461919191,0.05290157149000255,0.2881712700542298,1,30,autocorrelated
0.05864300718778503,0.08691357002417911,0.08459433751347765,0.5053822489181652,-0.11939137036866451,0.23667738474423458,0,30,autocorrelated
-0.03481736577939584,0.06554407674948032,0.05882803819014828,0.5994655041196386,-0.16907832069540693,0.09944358913661525,0,30,autocorrelated
-0.02762273407105662,0.0766162159145788,0.06580613033304612,0.7211537046739138,-0.18456393792780626,0.12931846978569303,0,30,autocorrelated
0.019631902578401687,0.06953508054187267,0.057931577329779105,0.779766293403934,-0.12280425300887779,0.16206805816568118,0,30,autocorrelated
-0.021156877966027696,0.09538285680597904,0.08554228903589439,0.826071574727361,-0.21653980305222825,0.17422604712017287,0,30,autocorrelated
0.09509078940458314,0.04445241519636824,0.04505435008294172,0.04128315927811559,0.004034144646294993,0.18614743416287127,1,30,autocorrelated
0.12533256994295444,0.0637978709883952,0.03877825793562076,0.059464166219330525,-0.005351444621005896,0.2560165845069148,0,30,autocorrelated
0.0722246502987216,0.05912249998014672,0.04316464924178107,0.23204096371692232,-0.048882300901400125,0.19333160149884332,0,30,autocorrelated
-0.00905968403109259,0.05989908475702398,0.049705200827543004,0.8808636565894594,-0.13175739703437916,0.11363802897219398,0,30,autocorrelated
0.08135296824438493,0.06999917681423293,0.08430477963985941,0.25496547343249776,-0.06203384546167787,0.22473978195044772,0,30,autocorrelated
0.08651554505036477,0.08383558748565874,0.06675639049128572,0.3109195134522325,-0.08521387109185857,0.2582449611925881,0,30,autocorrelated
-0.06314213646540968,0.061664811313476786,0.05842920238233533,0.31462108956151275,-0.18945677635739172,0.06317250342657234,0,30,autocorrelated
0.08711634290134129,0.0686592664778601,0.07100541256338605,0.21495181314983852,-0.05352578890233012,0.2277584747050127,0,30,autocorrelated
-0.04569447116832376,0.058593114451921474,0.06333421929115697,0.4420154987600339,-0.16571702527166582,0.07432808293501832,0,30,autocorrelated
-0.08284536677957309,0.05825071557017471,0.05108207303461781,0.16600730035827102,-0.20216654856820238,0.03647581500905621,0,30,autocorrelated
0.08225081851743869,0.060812642225905385,0.054566651965861496,0.18702907067954092,-0.04231823212954493,0.2068198691644223,0,30,autocorrelated
0.08426420260140477,0.061117688356508035,0.0400287258204195,0.17889712308243785,-0.040929706718082326,0.20945811192089187,0,30,autocorrelated
0.05941101731415942,0.09538380054012581,0.0799259992536543,0.5384151524934696,-0.13597384092380738,0.2547958755521262,0,30,autocorrelated
-0.12723584162658721,0.08488805126307143,0.07129735563487684,0.14509935341347138,-0.3011211320869435,0.04664944883376909,0,30,autocorrelated
0.2599863281366423,0.11857585612866917,0.08755754910879375,0.03681149273556279,0.017094697598191017,0.5028779586750936,1,30,autocorrelated
-0.040075418542672034,0.06434671885718045,0.0511347327159344,0.5384529673506894,-0.1718836970008112,0.0917328599154671,0,30,autocorrelated
0.024018745863359958,0.08283651346679348,0.06015999879837662,0.773988216064245,-0.14566415992343773,0.19370165165015762,0,30,autocorrelated
0.06423110615971428,0.07359285051346233,0.0598604812165113,0.390201109700938,-0.08651701441713175,0.2149792267365603,0,30,autocorrelated
0.05346434827774691,0.06668421008582334,0.06476091012723284,0.4294472706156244,-0.08313206390702807,0.19006076046252188,0,30,autocorrelated
0.07161061267291109,0.0663865414487598,0.05040817050495196,0.28993041758117133,-0.06437605294981448,0.20759727829563668,0,30,autocorrelated
0.12152553538855174,0.05531414883124136,0.06573794024836847,0.03646070540696464,0.00821963788031188,0.2348314328967916,1,30,autocorrelated
-0.037219599416897745,0.0765535373193456,0.04382882314134832,0.630615730626898,-0.19403241199153398,0.1195932131577385,0,30,autocorrelated
-0.004852301289386924,0.058429656523297284,0.056942335984699166,0.9344064778033444,-0.12454002700435216,0.11483542442557831,0,30,autocorrelated
-0.0028375622771112594,0.07081385188428015,0.07802708923947724,0.9683211008150301,-0.1478931622149013,0.14221803766067878,0,30,autocorrelated
-0.01740383639856529,0.055260515649025586,0.050629928313527944,0.7551410875016602,-0.13059987131331716,0.09579219851618656,0,30,autocorrelated
0.054911094991486345,0.04341558209271291,0.03333088500390671,0.21637674640687465,-0.03402169343242449,0.14384388341539717,0,30,autocorrelated
-0.05504519849148595,0.08175905693825929,0.07341898278778784,0.5063006978802509,-0.22252103463026027,0.11243063764728836,0,30,autocorrelated
-0.05604973807729145,0.06159551000691879,0.06076831260591353,0.3706082512496811,-0.18222242067798433,0.07012294452340141,0,30,autocorrelated
-0.07461426635993684,0.08047249092461714,0.06784760000980172,0.361745512657611,-0.23945469148797555,0.09022615876810186,0,30,autocorrelated
-0.015802438998850983,0.05299670805753247,0.04686275140595777,0.7677690204765839,-0.12436127427553806,0.09275639627783608,0,30,autocorrelated
0.17178134664019998,0.06090330374658299,0.05631638674148809,0.00871212102584498,0.04702658428677434,0.2965361089936256,1,30,autocorrelated
0.0164951262118084,0.0644484770130582,0.06105769195263846,0.7998659768307628,-0.11552159437956663,0.14851184680318344,0,30,autocorrelated
0.0009118950719160038,0.09922716304005197,0.07729926715760413,0.9927327313058336,-0.20234573435940753,0.20416952450323952,0,30,autocorrelated
0.030284943508165428,0.10174363143901316,0.09658904299859414,0.7681605759644887,-0.17812743776369225,0.23869732478002312,0,30,autocorrelated
-0.018117951122033647,0.09300874660346806,0.060136005261244484,0.8469573800457999,-0.20863773191400178,0.17240182966993448,0,30,autocorrelated
0.02190832165456117,0.06784651874711231,0.062247033086500994,0.7491624835324273,-0.11706897189296861,0.16088561520209094,0,30,autocorrelated
-0.038115533917336686,0.06986340820594668,0.06373181950196846,0.5896803860114749,-0.1812242382365543,0.10499317040188094,0,30,autocorrelated
-0.02519441103466237,0.06436999723441236,0.04781130981416836,0.6984644538255018,-0.15705037308697278,0.10666155101764803,0,30,autocorrelated
-0.018459560942518112,0.07948110995830558,0.06903626640623117,0.8180323193463845,-0.18126923421892435,0.14435011233388814,0,30,autocorrelated
0.014424204933367216,0.07812495636002471,0.053107670421678264,0.8548500874867586,-0.14560751362694918,0.1744559234936836,0,30,autocorrelated
0.019754645092114484,0.05276489969662233,0.04832656257124522,0.7109347530934573,-0.08832935228255641,0.1278386424667854,0,30,autocorrelated
0.026391594396567818,0.06969059578818033,0.0632774344677933,0.7077695247948723,-0.11636311973190633,0.16914630852504198,0,30,autocorrelated
-0.04286167966990624,0.06197569260352405,0.05210850861170271,0.4948907357565401,-0.16981313101667161,0.08408977167685912,0,30,autocorrelated
0.12425871586945236,0.08905998762463899,0.06512900757682112,0.1739169657329066,-0.0581723988290542,0.30668983056795895,0,30,autocorrelated
-0.039499787281679806,0.0762426678762658,0.0535822873618047,0.608472432827861,-0.1956758126689455,0.11667623810558589,0,30,autocorrelated
0.02805659216647813,0.09724094439474344,0.08462532489837238,0.775068962080476,-0.17113245280662856,0.22724563713958482,0,30,autocorrelated
-0.02425839862186408,0.0625953251285882,0.04890109499541786,0.7012844340582289,-0.15247910965825945,0.1039623124145313,0,30,autocorrelated
0.14105684276440503,0.060648452491539454,0.06509752904418757,0.02749430304136095,0.016824119541906046,0.265289565986904,1,30,autocorrelated
-0.023383448741505025,0.05348178360984883,0.04948364049430369,0.6653036267624584,-0.1329359162438672,0.08616901876085714,0,30,autocorrelated
-0.11721277065051429,0.0839559298361561,0.08997456518264704,0.17364926418497845,-0.28918869692295684,0.05476315562192828,0,30,autocorrelated
0.02914266370202431,0.07604511406067152,0.06574547362382543,0.7044445058752294,-0.12662869103848917,0.1849140184425378,0,30,autocorrelated
-0.014925919055219384,0.06366975973643703,0.05984053705568737,0.8163591860838351,-0.1453475096157243,0.11549567150528552,0,30,autocorrelated
0.1398937303072967,0.06175337912897563,0.05660686533744119,0.031418592560171675,0.013397667469513652,0.26638979314507977,1,30,autocorrelated
0.02120203094945982,0.05378881661674735,0.05076006501740268,0.6964403832561751,-0.08897936515700014,0.1313834270559198,0,30,autocorrelated
-0.004820115037620476,0.08354603100955016,0.07053756550595072,0.9544020451485609,-0.17595640162622994,0.166316171550989,0,30,autocorrelated
-0.013684612236129035,0.08051868563227155,0.059774280000938214,0.8662669891679895,-0.1786196629332402,0.1512504384609821,0,30,autocorrelated
0.08446945204229847,0.07477243510561091,0.060578676788198504,0.2681933564303507,-0.06869493803745633,0.23763384212205327,0,30,autocorrelated
0.027875936702619203,0.055503826621359935,0.05894748352966002,0.6194295907831606,-0.08581849814553948,0.1415703715507779,0,30,autocorrelated
-0.006321393500533998,0.06669443420552902,0.062444772096417175,0.9251634947163653,-0.14293874884513263,0.13029596184406467,0,30,autocorrelated
-0.03514569178046868,0.04147472213059145,0.031069751205370345,0.40395749042800777,-0.12010280879674548,0.049811425235808116,0,30,autocorrelated
-0.022776224953952207,0.08410359406794388,0.06765008442646177,0.7885223691092833,-0.19505462769337656,0.14950217778547215,0,30,autocorrelated
0.08559451895631,0.06920884140376966,0.059580189625301504,0.22645068610564356,-0.05617336605054617,0.22736240396316615,0,30,autocorrelated
